t,swing_joint_ref,swing_joint_fb,swing_joint_err,swing_joint_vel,boom_joint_ref,boom_joint_fb,boom_joint_err,boom_joint_vel,arm_joint_ref,arm_joint_fb,arm_joint_err,arm_joint_vel,bucket_joint_ref,bucket_joint_fb,bucket_joint_err,bucket_joint_vel,bucket_end_joint_ref,bucket_end_joint_fb,bucket_end_joint_err,bucket_end_joint_vel,ee_ref_x,ee_ref_y,ee_ref_z,ee_fb_x,ee_fb_y,ee_fb_z,ee_err_x,ee_err_y,ee_err_z,ee_rpy_ref_roll,ee_rpy_ref_pitch,ee_rpy_ref_yaw,ee_rpy_fb_roll,ee_rpy_fb_pitch,ee_rpy_fb_yaw,ee_rpy_err_roll,ee_rpy_err_pitch,ee_rpy_err_yaw,ee_quat_ref_x,ee_quat_ref_y,ee_quat_ref_z,ee_quat_ref_w,ee_quat_fb_x,ee_quat_fb_y,ee_quat_fb_z,ee_quat_fb_w
0.016199589,0.0024627864692309902,-2.7410655093262903e-05,0.002490197124324253,5.431473255157471e-06,-0.7994933964795327,-0.7999431490898132,0.0004497526102805738,-1.3927638065069914e-05,1.2008907159706994,1.200096607208252,0.0007941087624474541,-1.1743453796952963e-05,0.0015423794508499266,-7.555499178124592e-05,0.0016179344426311725,1.6370904631912708e-08,0.0011297825114238724,-1.575152230870458e-10,0.0011297826689390955,4.299351985537214e-10,8.36933076593089,-0.06673090512606406,4.265394542130867,8.370551879020121,-0.08730348554301437,4.274588812911083,-0.0012211130892314515,0.020572580416950315,-0.009194270780215952,0.0011297825114238724,1.097677956075096,0.0024627864692309902,-1.575152230981929e-10,1.0948161602597373,-2.7410655093262914e-05,0.0011297826689390955,0.0028617958153587253,0.002490197124324253,-0.00016048824935657236,0.5216971918464568,0.0007558371827144498,0.8531303786486543,7.133224075609328e-06,0.5204758003892707,-1.1702615032871116e-05,0.8538764202279591
0.035610199,0.003658744689230988,-2.7410655093262903e-05,0.003686155344324251,5.431473255157471e-06,-0.7993172280241567,-0.7999431490898132,0.0006259210656565095,-1.3927638065069914e-05,1.2012971359351439,1.200096607208252,0.001200528726891914,-1.1743453796952963e-05,0.002434997203722349,-7.555499178124592e-05,0.0025105521955035947,1.6370904631912708e-08,0.0016918816815334602,-1.575152230870458e-10,0.0016918818390486833,4.299351985537214e-10,8.3685136889266,-0.056853632153617314,4.261032419371475,8.370551879020121,-0.08730348554301437,4.274588812911083,-0.0020381900935220187,0.030449853389397055,-0.013556393539608358,0.00169188168153346,1.0991531622477888,0.0036587446892309876,-1.575152230981929e-10,1.0948161602597373,-2.7410655093262914e-05,0.001691881839048683,0.0043370019880515365,0.0036861553443242505,-0.0002341570701616215,0.522326465868625,0.0011181318056296262,0.8527448375715468,7.133224075609328e-06,0.5204758003892707,-1.1702615032871116e-05,0.8538764202279591
0.055298328,0.004858807809230986,-2.7430729460320435e-05,0.004886238538691306,5.358830094337463e-06,-0.7991404549039351,-0.7999436855316162,0.0008032306276810619,-1.263621379621327e-05,1.2017049508591147,1.2000961303710938,0.0016088204880209123,-1.0334915714338422e-05,0.003330678697913231,-7.555440970463678e-05,0.0034062331076178676,2.357774064876139e-08,0.0022559101505473045,-2.471504667589386e-10,0.0022559103976977713,6.138236585684353e-10,8.367677767470685,-0.046944488669363446,4.256656928309507,8.370551461345,-0.08730365139969534,4.274595077363258,-0.002873693874315464,0.040359162730331896,-0.017938149053750685,0.0022559101505473023,1.1006334317861721,0.004858807809230985,-2.471504667625876e-10,1.0948151475628523,-2.7430729460320446e-05,0.002255910397697769,0.0058182842233198695,0.004886238538691305,-0.00030905268514600697,0.5229576705369,0.0014808503987079056,0.8523573114575563,7.138403988034824e-06,0.5204753680301375,-1.171116583535233e-05,0.8538766837698432
0.075742245,0.006058507389230984,-2.3528955352958292e-05,0.006082036344583942,0.00010147318243980408,-0.7989637353343136,-0.7998636960983276,0.0008999607640139962,0.001999008934944868,1.2021126422420525,1.2002570629119873,0.0018555793300651935,0.0040224576368927956,0.004226088859667534,0.0002686039370018989,0.003957484922665635,0.008604003116488457,0.0028197677561238783,-1.2479159372524862e-10,0.002819767880915472,1.5331806935137138e-09,8.36682604500172,-0.03704041015432003,4.252284373808463,8.370248247126558,-0.08727140514353049,4.2727975422974245,-0.003422202124838236,0.05023099498921046,-0.020513168488961675,0.002819767756123882,1.1021132529004856,0.006058507389230986,-1.2479159373078512e-10,1.095400227883741,-2.3528955352958305e-05,0.002819767880915476,0.006713025016744645,0.006082036344583945,-0.00038490074310373044,0.5235884529171428,0.0018426378153434053,0.8519692415276107,6.126006004704535e-06,0.5207251389905111,-1.0043589005757547e-05,0.8537243873082877
0.087320328,0.006669678729230982,-2.3528955352958292e-05,0.00669320768458394,0.00010147318243980408,-0.7988737078491246,-0.7998636960983276,0.0009899882492030443,0.001999008934944868,1.2023203353120264,1.2002570629119873,0.002063272400039118,0.0040224576368927956,0.004682243915093155,0.0002686039370018989,0.004413639978091256,0.008604003116488457,0.00310701767611587,-1.2479159372524862e-10,0.0031070178009074637,1.5331806935137138e-09,8.366385976373573,-0.03199570876263358,4.250057453823709,8.370248247126558,-0.08727140514353049,4.2727975422974245,-0.003862270752984287,0.05527569638089691,-0.022740088473715225,0.003107017676115871,1.102867128511074,0.006669678729230984,-1.2479159373078512e-10,1.095400227883741,-2.3528955352958305e-05,0.0031070178009074646,0.007466900627333128,0.006693207684583942,-0.00042391540088682837,0.5239097074573237,0.0020266297477410143,0.8517712906053948,6.126006004704535e-06,0.5207251389905111,-1.0043589005757547e-05,0.8537243873082877
0.106022358,0.00785813064923098,0.00018189195543527603,0.007676238693795703,0.005859903991222382,-0.798698645095649,-0.799724280834198,0.001025635738548969,0.0036978330463171005,1.2027242044263424,1.2005606889724731,0.0021635154538692802,0.00810198299586773,0.005569259250986173,0.0008635271224193275,0.004705732128566845,0.015768811106681824,0.0036655888927150135,-2.3904686563547273e-10,0.003665589131761879,1.7123511497629806e-09,8.365518322845297,-0.022187614446746495,4.245728304636473,8.369691303831893,-0.08557424202405506,4.269577440220734,-0.004172980986595576,0.06338662757730856,-0.023849135584260495,0.003665588892715015,1.1043330757147591,0.007858130649230981,-2.390468656752727e-10,1.0964381923937738,0.00018189195543527606,0.003665589131761881,0.007894883320985313,0.007676238693795705,-0.0005005056359567178,0.5245342286751937,0.0023837998352776077,0.8513858760518485,-4.739824768875265e-05,0.5211681345323048,7.761827295280787e-05,0.853454021770902
0.115844011,0.008458395429230978,0.00018189195543527603,0.008276503473795702,0.005859903991222382,-0.7986102241814894,-0.799724280834198,0.0011140566527085838,0.0036978330463171005,1.2029281911429897,1.2005606889724731,0.002367502170516511,0.00810198299586773,0.0060172740646241086,0.0008635271224193275,0.005153746942204781,0.015768811106681824,0.003947712740389236,-2.3904686563547273e-10,0.003947712979436102,1.7123511497629806e-09,8.365074105241357,-0.017234524842443436,4.2435423379312365,8.369691303831893,-0.08557424202405506,4.269577440220734,-0.004617198590535665,0.06833971718161162,-0.026035102289497125,0.003947712740389231,1.1050734981592032,0.008458395429230974,-2.390468656752727e-10,1.0964381923937738,0.00018189195543527606,0.003947712979436096,0.008635305765429369,0.008276503473795698,-0.0005395535638864656,0.5248495750856093,0.0025638928196905345,0.8511909649826037,-4.739824768875265e-05,0.5211681345323048,7.761827295280787e-05,0.853454021770902
0.128112316,0.009074911329230977,0.00018189195543527603,0.008893019373795701,0.005859903991222382,-0.7985194094255879,-0.799724280834198,0.001204871408610142,0.0036978330463171005,1.2031377004435382,1.2005606889724731,0.0025770114710650383,0.00810198299586773,0.006477418096468398,0.0008635271224193275,0.00561389097404907,0.015768811106681824,0.004237474598248589,-2.3904686563547273e-10,0.004237474837295455,1.7123511497629806e-09,8.364613682790054,-0.012147899467772335,4.241297613857951,8.369691303831893,-0.08557424202405506,4.269577440220734,-0.005077621041838398,0.07342634255628272,-0.028279826362783034,0.004237474598248583,1.1058339662474979,0.00907491132923097,-2.390468656752727e-10,1.0964381923937738,0.00018189195543527606,0.004237474837295449,0.009395773853724032,0.008893019373795694,-0.0005799127008348769,0.5251733975096361,0.0027486469388541923,0.8509906058173914,-4.739824768875265e-05,0.5211681345323048,7.761827295280787e-05,0.853454021770902
0.148180485,0.010331159529230976,0.00018189195543527603,0.0101492675737957,0.005859903991222382,-0.7983343600641121,-0.799724280834198,0.0013899207700859284,0.0036978330463171005,1.2035646086249774,1.2005606889724731,0.003003919652504239,0.00810198299586773,0.0074150339985807855,0.0008635271224193275,0.006551506876161458,0.015768811106681824,0.0048279099988026855,-2.3904686563547273e-10,0.004827910237849551,1.7123511497629806e-09,8.363662398683534,-0.0017848736683025376,4.236724967409954,8.369691303831893,-0.08557424202405506,4.269577440220734,-0.006028905148358632,0.08378936835575251,-0.032852472810779965,0.004827909998802686,1.1073835396925256,0.010331159529230976,-2.390468656752727e-10,1.0964381923937738,0.00018189195543527606,0.004827910237849552,0.01094534729875174,0.0101492675737957,-0.000662947534129503,0.5258330431084063,0.003124439211285919,0.8505818062688238,-4.739824768875265e-05,0.5211681345323048,7.761827295280787e-05,0.853454021770902
0.166300297,0.011465698509230973,0.00018189195543527603,0.011283806553795697,0.005859903991222382,-0.7981672388584312,-0.799724280834198,0.001557041975766782,0.0036978330463171005,1.2039501566183786,1.2005606889724731,0.0033894676459054196,0.00810198299586773,0.008261810765476345,0.0008635271224193275,0.007398283643057018,0.015768811106681824,0.005361142187394506,-2.3904686563547273e-10,0.005361142426441372,1.7123511497629806e-09,8.362788178461333,0.0075720816188046755,4.232596873166779,8.369691303831893,-0.08557424202405506,4.269577440220734,-0.006903125370559593,0.09314632364285974,-0.036980567053954694,0.005361142187394506,1.1087829856585034,0.011465698509230977,-2.390468656752727e-10,1.0964381923937738,0.00018189195543527606,0.005361142426441372,0.012344793264729592,0.0112838065537957,-0.0007388562407723512,0.5264285557913776,0.0034630466978081685,0.8502119953555284,-4.739824768875265e-05,0.5211681345323048,7.761827295280787e-05,0.853454021770902
0.186205626,0.012656483049230971,0.0008852315950207412,0.01177125145421023,0.01066580880433321,-0.7979918325025994,-0.7994307279586792,0.0014388954560797806,0.003919633571058512,1.204354818422039,1.2012228965759277,0.0031319218461112186,0.00889994390308857,0.009150567080266356,0.00213266140781343,0.007017905672452926,0.01703035458922386,0.0059208097330662336,1.64700572624632e-10,0.005920809568365661,2.8206841307110153e-09,8.361855210068374,0.017390775011228436,4.228265702873346,8.368473029901969,-0.07976447197245015,4.2626824029268,-0.006617819833595107,0.09715524698367858,-0.03441670005345454,0.005920809733066236,1.110251810132785,0.012656483049230975,1.6470057269498614e-10,1.0986630871581409,0.0008852315950207412,0.0059208095683656635,0.011588722974644083,0.011771251454210234,-0.0008194658136890927,0.5270533608459737,0.0038176471479959197,0.8498232221274007,-0.000231097259338096,0.5221171855614897,0.0003774953287324742,0.8528736416566538
0.195889473,0.013259248809230968,0.0008852315950207412,0.012374017214210227,0.01066580880433321,-0.7979030431861192,-0.7994307279586792,0.001527684772560045,0.003919633571058512,1.204559655041455,1.2012228965759277,0.0033367584655272786,0.00889994390308857,0.009600448530305335,0.00213266140781343,0.0074677871224919055,0.01703035458922386,0.006204109038845054,1.64700572624632e-10,0.0062041088741444815,2.8206841307110153e-09,8.361376934926986,0.022360076085857352,4.2260739159002,8.368473029901969,-0.07976447197245015,4.2626824029268,-0.0070960949749832025,0.10212454805830751,-0.03660848702660058,0.006204109038845052,1.1109953175187202,0.013259248809230966,1.6470057269498614e-10,1.0986630871581409,0.0008852315950207412,0.00620410887414448,0.012332230360579288,0.012374017214210225,-0.0008606358142533062,0.5273695417386123,0.003996832985262297,0.84962618314085,-0.000231097259338096,0.5221171855614897,0.0003774953287324742,0.8528736416566538
0.216453791,0.014458523949230967,0.0008852315950207412,0.013573292354210226,0.01066580880433321,-0.7977263861378616,-0.7994307279586792,0.0017043418208175787,0.003919633571058512,1.2049672021878413,1.2012228965759277,0.003744305611913523,0.00889994390308857,0.010495541906178081,0.00213266140781343,0.008362880498364651,0.01703035458922386,0.006767767158045121,1.64700572624632e-10,0.006767766993344549,2.8206841307110153e-09,8.360413330861368,0.03224539376731764,4.221714328816668,8.368473029901969,-0.07976447197245015,4.2626824029268,-0.008059699040600776,0.11200986573976779,-0.04096807411013259,0.006767767158045125,1.1124746150892373,0.014458523949230974,1.6470057269498614e-10,1.0986630871581409,0.0008852315950207412,0.006767766993344552,0.013811527931096412,0.013573292354210233,-0.0009432802478621446,0.5279984398302898,0.00435272442360479,0.8492336613378241,-0.000231097259338096,0.5221171855614897,0.0003774953287324742,0.8528736416566538
0.225749254,0.015071398209230966,0.0013831064570695162,0.01368829175216145,0.014245128259062767,-0.7976361078071321,-0.7992528676986694,0.0016167598915373116,0.004974323324859142,1.205175473957534,1.2016295194625854,0.0035459544949485444,0.011434553191065788,0.010952967956357786,0.0029029434081166983,0.008050024548241087,0.021483780816197395,0.007055817448737992,2.5308527495937483e-10,0.007055817195652717,4.858975444221869e-10,8.359914718851138,0.037296275078396154,4.219487054655751,8.367720833278428,-0.07565279017310168,4.258482578547754,-0.007806114427289401,0.11294906525149784,-0.03899552389200256,0.0070558174487379876,1.1132305912398388,0.01507139820923096,2.5308527532867773e-10,1.1000178523051118,0.0013831064570695164,0.007055817195652713,0.013212738934726964,0.013688291752161444,-0.0009858906689450089,0.5283197362866123,0.004534279200615869,0.8490328171406358,-0.00036147116653119474,0.5226947136855341,0.0005895627459749593,0.8525196525826028
0.246072054,0.016258591389230963,0.0013831064570695162,0.014875484932161447,0.014245128259062767,-0.7974612304700681,-0.7992528676986694,0.0017916372286013171,0.004974323324859142,1.2055789153168857,1.2016295194625854,0.003949395854300208,0.011434553191065788,0.011839043816563892,0.0029029434081166983,0.008936100408447193,0.021483780816197395,0.007613797058793067,2.5308527495937483e-10,0.007613796805707792,4.858975444221869e-10,8.35893698531505,0.04707857221768988,4.215173851330189,8.367720833278428,-0.07565279017310168,4.258482578547754,-0.008783847963377056,0.12273136239079156,-0.04330872721756496,0.007613797058793066,1.1146949857964603,0.016258591389230963,2.5308527532867773e-10,1.1000178523051118,0.0013831064570695164,0.007613796805707791,0.01467713349134847,0.014875484932161447,-0.0010691544580903412,0.5289419351105196,0.004885353060716172,0.8486432816653625,-0.00036147116653119474,0.5226947136855341,0.0005895627459749593,0.8525196525826028
0.267043829,0.01745747052923096,0.0013831064570695162,0.016074364072161444,0.014245128259062767,-0.797284631753872,-0.7992528676986694,0.0019682359447974473,0.004974323324859142,1.2059863278914251,1.2016295194625854,0.004356808428839676,0.011434553191065788,0.012733841633089975,0.0029029434081166983,0.009830898224973277,0.021483780816197395,0.00817726905838825,2.5308527495937483e-10,0.008177268805302975,4.858975444221869e-10,8.35793373488244,0.05695483438696157,4.21081984142618,8.367720833278428,-0.07565279017310168,4.258482578547754,-0.00978709839598757,0.13260762456006325,-0.04766273712157343,0.008177269058388241,1.1161737949037225,0.017457470529230957,2.5308527532867773e-10,1.1000178523051118,0.0013831064570695164,0.008177268805302966,0.01615594259861064,0.01607436407216144,-0.0011542063047123784,0.5295700140233679,0.00523905984165543,0.8482492677904719,-0.00036147116653119474,0.5226947136855341,0.0005895627459749593,0.8525196525826028
0.278449059,0.018065805729230958,0.0013831064570695162,0.01668269927216144,0.014245128259062767,-0.7971950220411391,-0.7992528676986694,0.0020578456575303106,0.004974323324859142,1.2061930571619128,1.2016295194625854,0.00456353769932738,0.011434553191065788,0.013187879901431152,0.0029029434081166983,0.010284936493314453,0.021483780816197395,0.008463185995410055,2.5308527495937483e-10,0.00846318574232478,4.858975444221869e-10,8.35741855977598,0.06196534389608721,4.208611165609009,8.367720833278428,-0.07565279017310168,4.258482578547754,-0.0103022735024485,0.13761813406918888,-0.049871412938744974,0.008463185995410053,1.1169241721552843,0.018065805729230958,2.5308527532867773e-10,1.1000178523051118,0.0013831064570695164,0.008463185742324778,0.016906319850172435,0.01668269927216144,-0.0011977354901365985,0.5298886193577257,0.005418221269095265,0.8480490901965158,-0.00036147116653119474,0.5226947136855341,0.0005895627459749593,0.8525196525826028
0.296124220,0.019151092389230958,0.0019474329892545938,0.017203659399976364,0.01411959808319807,-0.7970351558590811,-0.7990753650665283,0.0020402092074471856,0.004436905961483717,1.2065618678430832,1.202034592628479,0.004527275214604165,0.010127638466656208,0.013997896608930863,0.0036863870918750763,0.010311509517055787,0.019586097449064255,0.00897326964274433,-3.700714734655719e-11,0.008973269679751478,3.3110154618043453e-09,8.356489268396919,0.07090270546582952,4.204671892918739,8.366959139479514,-0.07099305709221533,4.2542744750577635,-0.010469871082595006,0.14189576255804487,-0.04960258213902424,0.008973269642744338,1.118262865726012,0.019151092389230965,-3.700714776945804e-11,1.1013838717869049,0.0019474329892545936,0.008973269679751485,0.01687899393910719,0.01720365939997637,-0.0012760149644694947,0.5304568613021224,0.00573732072931684,0.847691555481214,-0.0005095233775906601,0.5232767480099063,0.0008297647088713844,0.8521622479719649
0.312037468,0.019994715369230958,0.00259822653606534,0.017396488833165618,0.016282157972455025,-0.7969108875068754,-0.7988723516464233,0.001961464139547897,0.005073972046375275,1.2068485544645742,1.2025009393692017,0.0043476150953725146,0.011658594012260437,0.014627544732156387,0.004577426705509424,0.010050118026646963,0.022276023402810097,0.009369771601603209,-3.80348808004527e-11,0.00936977163963809,3.1013769330456853e-09,8.355757872899558,0.0778485994880993,4.201610733938358,8.366078118202115,-0.0656204343837686,4.249457976254705,-0.01032024530255704,0.1434690338718679,-0.047847242316347405,0.009369771601603212,1.1193034688229344,0.019994715369230965,-3.803488083349737e-11,1.1029442715613669,0.0025982265360653405,0.009369771639638093,0.016359197261567537,0.017396488833165625,-0.0013374145721819712,0.5308984301693597,0.005984896463413539,0.8474132694148079,-0.0006806594310273137,0.5239412518237234,0.0011065247926710013,0.8517534132265111
0.325901747,0.021059023509230952,0.00259822653606534,0.018460796973165612,0.016282157972455025,-0.7967541115276379,-0.7988723516464233,0.002118240118785475,0.005073972046375275,1.2072102360594519,1.2025009393692017,0.00470929669025022,0.011658594012260437,0.015421903869794678,0.004577426705509424,0.010844477164285254,0.022276023402810097,0.009869995365469206,-3.80348808004527e-11,0.009869995403504087,3.1013769330456853e-09,8.354823883337207,0.08660976909911716,4.1977499824467674,8.366078118202115,-0.0656204343837686,4.249457976254705,-0.011254234864907176,0.15223020348288577,-0.05170799380793767,0.009869995365469206,1.1206162855346875,0.02105902350923095,-3.803488083349737e-11,1.1029442715613669,0.0025982265360653405,0.009869995403504087,0.017672013973320633,0.01846079697316561,-0.0014155631664046107,0.5314553329637719,0.006296650411240639,0.847061731775723,-0.0006806594310273137,0.5239412518237234,0.0011065247926710013,0.8517534132265111
0.345889807,0.02226154128923095,0.0033982209861278534,0.018863320303103098,0.020013224333524704,-0.7965769768281793,-0.7986438870429993,0.0020669102148199725,0.005711475852876902,1.2076188851453635,1.203028917312622,0.0045899678327414595,0.013199743814766407,0.016319417428899387,0.00558660551905632,0.010732811909843067,0.02522946149110794,0.010435177522233866,3.044808294383472e-10,0.010435177217753036,2.306478563696146e-09,8.35375348827243,0.09650632544714624,4.193389470754868,8.365068787933987,-0.059017410508730724,4.244017698363235,-0.011315299661557532,0.15552373595587696,-0.05062822760836738,0.010435177522233871,1.1220995828791636,0.022261541289230958,3.044808276668875e-10,1.104709892921758,0.003398220986127851,0.010435177217753043,0.01738968995740553,0.018863320303103108,-0.00150478264504242,0.5320843154879722,0.006648101558334959,0.8466639354469738,-0.000891511549453939,0.524692669941001,0.0014464371346373502,0.8512900299762453
0.366137028,0.02345830494923095,0.0033982209861278534,0.020060083963103097,0.020013224333524704,-0.7964006897289257,-0.7986438870429993,0.0022431973140735195,0.005711475852876902,1.2080255788207879,1.203028917312622,0.004996661508165801,0.013199743814766407,0.017212636331570233,0.00558660551905632,0.011626030812513913,0.02522946149110794,0.01099765524833981,3.044808294383472e-10,0.010997654943858981,2.306478563696146e-09,8.352672295927688,0.10635304703967333,4.189051506134774,8.365068787933987,-0.059017410508730724,4.244017698363235,-0.012396492006299553,0.16537045754840404,-0.054966192228461,0.0109976552483398,1.1235757825565116,0.023458304949230947,3.044808276668875e-10,1.104709892921758,0.003398220986127851,0.010997654943858973,0.018865889634753552,0.020060083963103097,-0.001594546985352206,0.5327100351071702,0.00699704158198983,0.8462674029673652,-0.000891511549453939,0.524692669941001,0.0014464371346373502,0.8512900299762453
0.385871649,0.024658500129230945,0.0033982209861278534,0.021260279143103092,0.020013224333524704,-0.7962238971558456,-0.7986438870429993,0.0024199898871536396,0.005711475852876902,1.2084334386224305,1.203028917312622,0.005404521309808397,0.013199743814766407,0.018108416390325052,0.00558660551905632,0.012521810871268732,0.02522946149110794,0.011561745785421889,3.044808294383472e-10,0.01156174548094106,2.306478563696146e-09,8.35157206092598,0.11622548964851209,4.184702793228603,8.365068787933987,-0.059017410508730724,4.244017698363235,-0.013496727008007525,0.1752429001572428,-0.05931490513463178,0.011561745785421886,1.125056214989989,0.024658500129230942,3.044808276668875e-10,1.104709892921758,0.003398220986127851,0.011561745480941058,0.02034632206823095,0.021260279143103092,-0.0016855422628915023,0.5333372936366323,0.007346150458564671,0.8458690940311466,-0.000891511549453939,0.524692669941001,0.0014464371346373502,0.8512900299762453
0.395740271,0.025259656449230942,0.0033982209861278534,0.02186143546310309,0.020013224333524704,-0.796135344915004,-0.7986438870429993,0.002508542127995228,0.005711475852876902,1.208637728309239,1.203028917312622,0.005608810996617031,0.013199743814766407,0.01855709661552845,0.00558660551905632,0.01297049109647213,0.02522946149110794,0.01184428865600656,3.044808294383472e-10,0.01184428835152573,2.306478563696146e-09,8.351014973946524,0.12116946479127699,4.1825252384432865,8.365068787933987,-0.059017410508730724,4.244017698363235,-0.01405381398746286,0.1801868753000077,-0.06149245991994867,0.011844288656006561,1.1257977371428434,0.025259656449230956,3.044808276668875e-10,1.104709892921758,0.003398220986127851,0.011844288351525734,0.02108784422108534,0.021861435463103106,-0.0017314866135498402,0.5336513796573022,0.007520699580817285,0.8456693479261148,-0.000891511549453939,0.524692669941001,0.0014464371346373502,0.8512900299762453
0.415877342,0.02645853828923094,0.004255267325788736,0.022203270963442205,0.02286645397543907,-0.7959587458010894,-0.7984086871147156,0.0024499413136261916,0.006048443727195263,1.2090451418013142,1.2035735845565796,0.005471557244734582,0.014028696343302727,0.019451896447231897,0.006632896140217781,0.012819000307014116,0.027085023000836372,0.01240776192459905,6.452502421261386e-10,0.012407761279348808,4.3655745685100555e-10,8.349892028741698,0.13102727863661234,4.178183830441126,8.364011729357056,-0.05194517563038917,4.238404392995401,-0.01411970061535861,0.1829724542670015,-0.06022056255427444,0.012407761924599045,1.127276549580536,0.02645853828923093,6.452502428667437e-10,1.1065360507151611,0.004255267325788737,0.012407761279348803,0.020740498865374768,0.022203270963442195,-0.0018238433225508431,0.5342775657816735,0.007868176933962356,0.8452705176981392,-0.0011180076164111726,0.5254693152273955,0.0018102143284366916,0.8508098917722494
0.442876339,0.02778481500923094,0.00516000809147954,0.0226248069177514,0.022631635889410973,-0.7957633810155508,-0.7981852889060974,0.0024219078905466374,0.005585816223174334,1.209495847627297,1.2040899991989136,0.005405848428383431,0.012912838719785213,0.020441778974644442,0.007647938560694456,0.012793840413949986,0.025376074016094208,0.013031110659680838,3.053539088249124e-10,0.01303111035432693,5.371475708670914e-09,8.348631218796328,0.14192958701187766,4.173383081014561,8.362985233959407,-0.044480863145678166,4.233048484147741,-0.01435401516307877,0.18641045015755583,-0.05966540313318003,0.01303111065968083,1.1289125027194706,0.027784815009230936,3.0535390688462903e-10,1.1082909059865902,0.00516000809147954,0.013031110354326922,0.020621596732880443,0.022624806917751396,-0.0019271471251201796,0.5349699895603623,0.00825160749272357,0.8448285668391725,-0.001357639909212623,0.5262150766551172,0.0021939050295319337,0.8503475975713977
0.457265854,0.028858436349230937,0.00516000809147954,0.023698428257751397,0.022631635889410973,-0.7956052331722872,-0.7981852889060974,0.0025800557338102603,0.005585816223174334,1.2098606941073267,1.2040899991989136,0.005770694908413088,0.012912838719785213,0.02124308913073558,0.007647938560694456,0.013595150570041122,0.025376074016094208,0.01353571161825441,3.053539088249124e-10,0.013535711312900501,5.371475708670914e-09,8.3475963362724,0.15075266623437242,4.1694984031482765,8.362985233959407,-0.044480863145678166,4.233048484147741,-0.01538889768700713,0.1952335293800506,-0.06355008099946424,0.013535711618254408,1.1302368071988547,0.028858436349230944,3.0535390688462903e-10,1.1082909059865902,0.00516000809147954,0.013535711312900501,0.021945901212264474,0.023698428257751404,-0.0020116432816742586,0.535530273213406,0.008561247572681898,0.8444702391459876,-0.001357639909212623,0.5262150766551172,0.0021939050295319337,0.8503475975713977
0.469362259,0.02947763544923094,0.00516000809147954,0.0243176273577514,0.022631635889410973,-0.7955140231724787,-0.7981852889060974,0.002671265733618755,0.005585816223174334,1.2100711152340833,1.2040899991989136,0.005981116035169709,0.012912838719785213,0.021705235801062095,0.007647938560694456,0.014057297240367639,0.025376074016094208,0.01382673457743655,3.053539088249124e-10,0.013826734272082641,5.371475708670914e-09,8.346993681742426,0.15584031683788432,4.167258582637782,8.362985233959407,-0.044480863145678166,4.233048484147741,-0.01599155221698112,0.2003211799835625,-0.06578990150995878,0.013826734577436564,1.1310005849957467,0.02947763544923096,3.0535390688462903e-10,1.1082909059865902,0.00516000809147954,0.013826734272082657,0.022709679009156547,0.02431762735775142,-0.002060730091310531,0.5358533150436868,0.00873952490391252,0.8442633468608217,-0.001357639909212623,0.5262150766551172,0.0021939050295319337,0.8503475975713977
0.487754822,0.03208883453198988,0.0061222705990076065,0.025966563932982273,0.024069413542747498,-0.795129385229952,-0.797944962978363,0.0028155777484110134,0.006008901633322239,1.2109584735218772,1.204647183418274,0.0063112901036033175,0.013929587788879871,0.023654135535665553,0.008734437637031078,0.014919697898634475,0.027162518352270126,0.01505399554095894,-3.2314328990423746e-10,0.01505399586410223,5.002220859751105e-11,8.344405621693724,0.17728739911584662,4.157818167172975,8.361867172945425,-0.03654415350481083,4.227290475874087,-0.017461551251701124,0.21383155262065745,-0.06947230870111198,0.015053995540958945,1.134221480960671,0.03208883453198991,-3.2314329067424035e-10,1.110174915210022,0.00612227059900761,0.015053995864102235,0.024046565750649007,0.025966563932982297,-0.002270585331256062,0.5372148274395385,0.009488881143291624,0.8433890174504344,-0.001613269883665325,0.527015159224127,0.0026015151780033547,0.8498503700222937
0.505771399,0.03525752767394097,0.007216325029730797,0.028041202644210173,0.027362266555428505,-0.7946626266366813,-0.7976790070533752,0.0030163804166939423,0.006649787537753582,1.2120352838422976,1.2052656412124634,0.0067696426298342605,0.015460649505257607,0.026019127643759965,0.009937345050275326,0.01608178259348464,0.03007270209491253,0.016543278156051174,-2.0741919293243427e-10,0.016543278363470366,-1.6189005691558123e-09,8.341163845347758,0.203296109714093,4.146373212055585,8.360609007563966,-0.027522893335587828,4.22091325621268,-0.019445162216207734,0.23081900304968084,-0.0745400441570947,0.016543278156051174,1.1381300419824556,0.035257527673940976,-2.0741919234468264e-10,1.1122622363424433,0.007216325029730802,0.016543278363470366,0.025867805640012342,0.028041202644210173,-0.002531438973376222,0.5388653259509066,0.010392899173052089,0.842324011263674,-0.0019047604644687561,0.527900864390431,0.003064419762558563,0.8492983330932233
0.525403261,0.03872298342513691,0.007216325029730797,0.03150665839540611,0.027362266555428505,-0.79415215396577,-0.7976790070533752,0.003526853087605253,0.006649787537753582,1.2132129423755407,1.2052656412124634,0.007947301163077292,0.015460649505257607,0.0286056120824148,0.009937345050275326,0.018668267032139474,0.03007270209491253,0.01817203890138786,-2.0741919293243427e-10,0.018172039108807055,-1.6189005691558123e-09,8.337491625087736,0.23171828603304573,4.1338702980442115,8.360609007563966,-0.027522893335587828,4.22091325621268,-0.02311738247622941,0.25924117936863356,-0.08704295816846841,0.018172038901387855,1.1424046576252647,0.03872298342513691,-2.0741919234468264e-10,1.1122622363424433,0.007216325029730802,0.018172039108807048,0.030142421282821408,0.031506658395406104,-0.0028244961731356314,0.5406682369970824,0.01137488233404389,0.8411542615809072,-0.0019047604644687561,0.527900864390431,0.003064419762558563,0.8492983330932233
0.536057234,0.040457615789584886,0.007216325029730797,0.03324129075985409,0.027362266555428505,-0.7938966370930403,-0.7976790070533752,0.003782369960334986,0.006649787537753582,1.2138024188405991,1.2052656412124634,0.008536777628135761,0.015460649505257607,0.02990027573982361,0.009937345050275326,0.019962930689548283,0.03007270209491253,0.018987314381915466,-2.0741919293243427e-10,0.01898731458933466,-1.6189005691558123e-09,8.335603787518739,0.24593600793068054,4.127617466132923,8.360609007563966,-0.027522893335587828,4.22091325621268,-0.02500522004522665,0.2734589012662684,-0.09329579007975664,0.018987314381915466,1.144544314620462,0.040457615789584886,-2.0741919234468264e-10,1.1122622363424433,0.007216325029730802,0.01898731458933466,0.032282078278018655,0.03324129075985408,-0.0029742349855823576,0.5415698227612149,0.011863779865728988,0.840566791949298,-0.0019047604644687561,0.527900864390431,0.003064419762558563,0.8492983330932233
0.555827141,0.043923753083457334,0.008457208052277565,0.03546654503117977,0.0328826867043972,-0.7933860640287218,-0.7973144054412842,0.003928341412562375,0.011170638725161552,1.2149803089810554,1.2061145305633545,0.008865778417700865,0.025995219126343727,0.03248726885602439,0.011625823564827442,0.020861445291196948,0.05242834985256195,0.020616395451630097,-1.6827454707435407e-10,0.020616395619904644,-2.508386387489736e-09,8.331732289901147,0.27432742677657185,4.115134136840689,8.358831927725834,-0.01729712208025199,4.212115716803228,-0.02709963782468705,0.2916245488568238,-0.09698157996253887,0.020616395451630125,1.1488197709414374,0.04392375308345736,-1.6827454709794798e-10,1.1151642058199769,0.008457208052277567,0.020616395619904672,0.03365556512146051,0.0354665450311798,-0.0032795346458697376,0.5433696252669472,0.012835420146509941,0.8393890319627881,-0.002237500325680439,0.529131340774282,0.0035881162695571866,0.8485294003299705
0.576488972,0.047391125370099416,0.008457208052277565,0.03893391731782185,0.0328826867043972,-0.7928753090460343,-0.7973144054412842,0.004439096395249864,0.011170638725161552,1.2161586188065048,1.2061145305633545,0.010044088243150284,0.025995219126343727,0.03507518372388204,0.011625823564827442,0.0234493601590546,0.05242834985256195,0.022246056966714212,-1.6827454707435407e-10,0.02224605713498876,-2.508386387489736e-09,8.327727238023584,0.30270385757393825,4.102661213837319,8.358831927725834,-0.01729712208025199,4.212115716803228,-0.03110468970225,0.3200009796541902,-0.1094545029659093,0.022246056966714244,1.153096750617432,0.04739112537009946,-1.6827454709794798e-10,1.1151642058199769,0.008457208052277567,0.02224605713498879,0.037932544797455225,0.03893391731782189,-0.003593065377552314,0.5451677121991408,0.013800360697201737,0.8382057059584924,-0.002237500325680439,0.529131340774282,0.0035881162695571866,0.8485294003299705
0.585929632,0.04912522837764656,0.008457208052277565,0.040668020325368995,0.0328826867043972,-0.7926198701492623,-0.7973144054412842,0.004694535292021906,0.011170638725161552,1.2167479153813219,1.2061145305633545,0.010633384817967384,0.025995219126343727,0.03636945228942277,0.011625823564827442,0.024743628724595325,0.05242834985256195,0.023061083650026605,-1.6827454707435407e-10,0.023061083818301152,-2.508386387489736e-09,8.325674700373403,0.3168858498813013,4.096428864293361,8.358831927725834,-0.01729712208025199,4.212115716803228,-0.03315722735243121,0.3341829719615533,-0.11568685250986732,0.023061083650026612,1.155235754654562,0.049125228377646574,-1.6827454709794798e-10,1.1151642058199769,0.008457208052277567,0.02306108381830116,0.04007154883458508,0.04066802032536901,-0.0037529149205966505,0.5460660757218018,0.014280298535815745,0.8376119803638904,-0.002237500325680439,0.529131340774282,0.0035881162695571866,0.8485294003299705
0.606002092,0.0525929891020145,0.009772214107215405,0.042820774994799096,0.032884564250707626,-0.7921090579484605,-0.7968676090240479,0.004758551075587314,0.011170659214258194,1.2179263572087462,1.2071542739868164,0.010772083221929796,0.02599523961544037,0.03895765707243313,0.013722957111895084,0.025234699960538044,0.052428338676691055,0.024690927730454303,-7.184853406672076e-12,0.024690927737639156,2.026354195550084e-09,8.321471219457653,0.3452264933754626,4.0839770647498375,8.356603371060423,-0.0064685654090599,4.201306012391369,-0.03513215160277028,0.35169505878452245,-0.11732894764153112,0.024690927730454327,1.159513213465798,0.05259298910201453,-7.1848515151773325e-12,1.1187478792077428,0.009772214107215405,0.024690927737639177,0.040765334258055175,0.042820774994799124,-0.004078663711378467,0.5478607562198909,0.015234744639941305,0.8364208622770324,-0.0025928300543050977,0.5306493265502508,0.00414138678355795,0.847577381941958
0.625781059,0.0560525616076544,0.009772214107215405,0.046280347500438995,0.032884564250707626,-0.79159945189836,-0.7968676090240479,0.0052681571256878446,0.011170659214258194,1.219102016451036,1.2071542739868164,0.01194774246421959,0.02599523961544037,0.04153975048024758,0.013722957111895084,0.027816793368352494,0.052428338676691055,0.026316923356249772,-7.184853406672076e-12,0.026316923363434625,2.026354195550084e-09,8.31714639164548,0.3734734747830286,4.071569780211156,8.356603371060423,-0.0064685654090599,4.201306012391369,-0.039456979414943305,0.3799420401920885,-0.12973623218021224,0.02631692335624978,1.163780572166003,0.05605256160765441,-7.1848515151773325e-12,1.1187478792077428,0.009772214107215405,0.02631692336343463,0.04503269295826029,0.046280347500439,-0.004411732614538903,0.5496487550826771,0.016179874508419328,0.8352275105097371,-0.0025928300543050977,0.5306493265502508,0.00414138678355795,0.847577381941958
0.636049747,0.057796462224507274,0.009772214107215405,0.04802424811729187,0.032884564250707626,-0.7913425697825281,-0.7968676090240479,0.0055250392415197025,0.011170659214258194,1.2196946425267998,1.2071542739868164,0.012540368539983415,0.02599523961544037,0.04284133160893287,0.013722957111895084,0.02911837449703779,0.052428338676691055,0.027136554906160106,-7.184853406672076e-12,0.02713655491334496,2.026354195550084e-09,8.314916692019517,0.3877018653904538,4.06532127969857,8.356603371060423,-0.0064685654090599,4.201306012391369,-0.041686679040905616,0.3941704307995137,-0.13598473269279854,0.02713655490616014,1.165931661486284,0.05779646222450731,-7.1848515151773325e-12,1.1187478792077428,0.009772214107215405,0.02713655491334499,0.04718378227854125,0.048024248117291904,-0.00458268780888755,0.5505491118754718,0.01665361640645758,0.8346240659399667,-0.0025928300543050977,0.5306493265502508,0.00414138678355795,0.847577381941958
0.655943155,0.06124998127225432,0.011367294937372208,0.04988268633488211,0.039885859936475754,-0.7908338554260578,-0.7963534593582153,0.005519603932157557,0.012854105792939663,1.2208682446352361,1.20835542678833,0.012512817846906055,0.030030351132154465,0.045418906945889105,0.016114361584186554,0.02930454536170255,0.05978505313396454,0.028759705412785885,-3.23106930100181e-10,0.028759705735892815,-2.408341970294714e-09,8.310403060548182,0.41585805694828154,4.052958585155935,8.353992862753925,0.006659738342838815,4.188891216071217,-0.0435898022057426,0.4091983186054427,-0.13593263091528218,0.028759705412785885,1.1701915532881464,0.061249981272254304,-3.23106927684576e-10,1.1228545861473802,0.011367294937372206,0.028759705735892812,0.047336967140766184,0.0498826863348821,-0.004927291888371326,0.5523302483301922,0.017586478696844144,0.8334253021964239,-0.0030259289857622607,0.5323863386245382,0.004811159541308411,0.8464824173859724
0.665755272,0.06299010515121843,0.013328727334737778,0.049661377816480654,0.05137479305267334,-0.7905775296357472,-0.7957970499992371,0.005219520363489827,0.014292691834270954,1.2214595872701133,1.209659457206726,0.011800130063387204,0.03351164236664772,0.04671766926098117,0.01867724396288395,0.02804042529809722,0.0658574104309082,0.029577561899656813,-5.623403964705176e-10,0.02957756246199721,-3.710738383233547e-10,8.308079454653894,0.430034424608895,4.0467352034316235,8.351102980488443,0.022796623333734483,4.175489664748244,-0.04302352583454905,0.4072378012751605,-0.12875446131662027,0.029577561899656803,1.1723379840284267,0.06299010515121842,-5.623403941116465e-10,1.1272779083034525,0.013328727334737785,0.029577562461997196,0.04506007572497417,0.04966137781648063,-0.005103974976606129,0.5532267542682942,0.018053843183520008,0.832819408123701,-0.0035605154454379884,0.5342539323140798,0.005633455308753787,0.8452977716272473
0.685642481,0.06645650556355043,0.013328727334737778,0.05312777822881265,0.05137479305267334,-0.7900669178132416,-0.7957970499992371,0.005730132185995496,0.014292691834270954,1.2226375668255616,1.209659457206726,0.012978109618835498,0.03351164236664772,0.04930485875879811,0.01867724396288395,0.03062761479591416,0.0658574104309082,0.031206766634784895,-5.623403964705176e-10,0.03120676719712529,-3.710738383233547e-10,8.303352367844303,0.45825258145834213,4.034349635111596,8.351102980488443,0.022796623333734483,4.175489664748244,-0.04775061264414049,0.43545595812460763,-0.14114002963664785,0.031206766634784864,1.1766137649041974,0.06645650556355041,-5.623403941116465e-10,1.1272779083034525,0.013328727334737785,0.031206767197125257,0.04933585660074491,0.05312777822881263,-0.00546201866466464,0.5550107014328378,0.018979498525396588,0.8316087218655542,-0.0035605154454379884,0.5342539323140798,0.005633455308753787,0.8452977716272473
0.695512295,0.06819206906921363,0.013328727334737778,0.05486334173447585,0.05137479305267334,-0.7898112637804448,-0.7957970499992371,0.0059857862187923105,0.014292691834270954,1.2232273597183794,1.209659457206726,0.013567902511653296,0.03351164236664772,0.05060021738461404,0.01867724396288395,0.03192297342173009,0.0658574104309082,0.0320224797507546,-5.623403964705176e-10,0.03202248031309499,-3.710738383233547e-10,8.300936448824826,0.4723698382849982,4.028154275837876,8.351102980488443,0.022796623333734483,4.175489664748244,-0.050166531663617064,0.4495732149512637,-0.1473353889103679,0.032022479750754576,1.1787545704556277,0.06819206906921361,-5.623403941116465e-10,1.1272779083034525,0.013328727334737785,0.03202248031309497,0.05147666215217517,0.05486334173447583,-0.0056443268790319035,0.5559029159873496,0.019440275029907406,0.831000701129431,-0.0035605154454379884,0.5342539323140798,0.005633455308753787,0.8452977716272473
0.705832958,0.0699259658113017,0.015508158132433891,0.05441780767886781,0.05761659890413284,-0.7895558552672318,-0.7951885461807251,0.005632690913493277,0.016132256016135216,1.2238165861984398,1.2110882997512817,0.012728286447158066,0.03793228045105934,0.05189433200145699,0.02146688848733902,0.03042744351411797,0.07362484186887741,0.03283740948950703,-1.1767949947838474e-09,0.032837410666302025,1.433363649994135e-09,8.298490135155989,0.4864660544578242,4.021968797194997,8.347863927384426,0.040714027188036975,4.160858847286744,-0.04937379222843674,0.44575202726978724,-0.1388900500917467,0.032837409489506995,1.180893320065744,0.06992596581130167,-1.1767949988981497e-09,1.1321048991909755,0.015508158132433895,0.032837410666302,0.048788420874768645,0.05441780767886778,-0.005828486449206376,0.5567936175330273,0.019898819358836903,0.8303920358531389,-0.004158505593746807,0.536288283477985,0.0065445684828868604,0.843999260935006
0.726252317,0.07338979795866983,0.015508158132433891,0.05788163982623594,0.05761659890413284,-0.7890456217583361,-0.7951885461807251,0.006142924422388951,0.016132256016135216,1.2249936929858116,1.2110882997512817,0.013905393234529884,0.03793228045105934,0.05447960464393358,0.02146688848733902,0.03301271615659456,0.07362484186887741,0.03446540714266463,-1.1767949947838474e-09,0.03446540831945962,1.433363649994135e-09,8.293505296264268,0.5146035470578184,4.00962379652869,8.347863927384426,0.040714027188036975,4.160858847286744,-0.0543586311201576,0.47388951986978145,-0.15123505075805443,0.034465407142664585,1.185165933004488,0.07338979795866979,-1.1767949988981497e-09,1.1321048991909755,0.015508158132433895,0.03446540831945959,0.05306103381351246,0.0578816398262359,-0.006202447639685183,0.558571002967871,0.020809496939255132,0.8291724363025333,-0.004158505593746807,0.536288283477985,0.0065445684828868604,0.843999260935006
0.745964050,0.07685997441556132,0.017932245507836342,0.05892772890772498,0.06165057420730591,-0.7885344537124387,-0.7945853471755981,0.006050893463159457,0.015384647063910961,1.2261729557465342,1.2125006914138794,0.013672264332654782,0.03604446351528168,0.05706961243786912,0.02426973171532154,0.03279988072254758,0.07135899364948273,0.03609638661496806,-7.451124162116685e-10,0.03609638736008047,9.626091923564672e-09,8.28838080426428,0.5427616250362612,3.997272089851812,8.344527419495291,0.06063211036830462,4.146337319993603,-0.056146615231011054,0.4821295146679566,-0.14906523014179118,0.03609638661496809,1.1894463716050439,0.07685997441556135,-7.451124179229355e-10,1.1369233330866821,0.017932245507836342,0.03609638736008051,0.05252303851836171,0.058927728907725005,-0.006585193110834175,0.5603489623420268,0.02171466225417126,0.8279457404184734,-0.004826724868008482,0.5383146476459375,0.007555920600074471,0.8426962388196378
0.765678883,0.08032348468481391,0.017932245507836342,0.06239123917697757,0.06165057420730591,-0.7880242676172148,-0.7945853471755981,0.006561079558383365,0.015384647063910961,1.2273499531507437,1.2125006914138794,0.014849261736864294,0.03604446351528168,0.05965464484275599,0.02426973171532154,0.03538491312743445,0.07135899364948273,0.03772423298573251,-7.451124162116685e-10,0.03772423373084493,9.626091923564672e-09,8.283136116841991,0.5708340454926617,3.984960104989969,8.344527419495291,0.06063211036830462,4.146337319993603,-0.06139130265330017,0.5102019351243571,-0.1613772150036339,0.03772423298573254,1.1937185875093648,0.08032348468481394,-7.451124179229355e-10,1.1369233330866821,0.017932245507836342,0.03772423373084496,0.05679525442268263,0.0623912391769776,-0.0069752823751031805,0.5621207922075853,0.02261090836265689,0.8267165821650851,-0.004826724868008482,0.5383146476459375,0.007555920600074471,0.8426962388196378
0.775382519,0.08205890623130822,0.017932245507836342,0.06412666072347188,0.06165057420730591,-0.7877686344954558,-0.7945853471755981,0.006816712680142389,0.015384647063910961,1.2279396978018757,1.2125006914138794,0.015439006387996335,0.03604446351528168,0.06094989751564462,0.02426973171532154,0.03668016580032308,0.07135899364948273,0.038539879381034474,-7.451124162116685e-10,0.03853988012614689,9.626091923564672e-09,8.28045943772935,0.5848879021220796,3.978797126025052,8.344527419495291,0.06063211036830462,4.146337319993603,-0.06406798176594108,0.524255791753775,-0.16754019396855124,0.038539879381034446,1.1958592179551433,0.08205890623130821,-7.451124179229355e-10,1.1369233330866821,0.017932245507836342,0.03853988012614686,0.05893588486846113,0.06412666072347187,-0.007173773813446801,0.5630075512526728,0.023057278088985122,0.8260989021472367,-0.004826724868008482,0.5383146476459375,0.007555920600074471,0.8426962388196378
0.787539721,0.08382368819257617,0.020667700096964836,0.06315598809561133,0.06944246590137482,-0.7875086764910768,-0.7939326763153076,0.006423999824230808,0.01662275567650795,1.2285394199409576,1.2140295505523682,0.014509869388589447,0.03895733878016472,0.06226706368602872,0.027304954826831818,0.0349621088591969,0.07717415690422058,0.03936932514198512,-6.041043221216569e-10,0.039369325746089444,1.1423253454267979e-09,8.277704114516995,0.5991711463408581,3.9725340403798626,8.340796424686166,0.08309161221068546,4.130639928913198,-0.06309231016917138,0.5160795341301726,-0.15810588853333574,0.039369325141985115,1.1980360642689891,0.08382368819257618,-6.041043182355655e-10,1.1421400861969715,0.020667700096964836,0.03936932574608943,0.05589597807201763,0.06315598809561135,-0.007377699712674655,0.5639086000318051,0.023509347265398592,0.8254695457424667,-0.005585683776018925,0.5405037488854835,0.008693951808717477,0.8412781423402371
0.805732012,0.08725852808301525,0.020667700096964836,0.06659082798605041,0.06944246590137482,-0.7870027136339778,-0.7939326763153076,0.006929962681329838,0.01662275567650795,1.229706674350685,1.2140295505523682,0.015677123798316872,0.03895733878016472,0.0648306976100301,0.027304954826831818,0.037525742783198285,0.07717415690422058,0.04098369646331366,-6.041043221216569e-10,0.04098369706741798,1.1423253454267979e-09,8.272245024557366,0.6269464242802028,3.9603561269230276,8.340796424686166,0.08309161221068546,4.130639928913198,-0.06855140012880057,0.5438548120695172,-0.17028380199017068,0.04098369646331362,1.2022729154598164,0.08725852808301521,-6.041043182355655e-10,1.1421400861969715,0.020667700096964836,0.04098369706741793,0.06013282926284491,0.06659082798605037,-0.007780606767846002,0.5656602546213995,0.024383858304707417,0.8242410848496656,-0.005585683776018925,0.5405037488854835,0.008693951808717477,0.8412781423402371
0.825769186,0.09072435528536983,0.020667700096964836,0.070056655188405,0.06944246590137482,-0.7864921862471277,-0.7939326763153076,0.007440490068179928,0.01662275567650795,1.2308844591133936,1.2140295505523682,0.01685490856102545,0.03895733878016472,0.06741745928570958,0.027304954826831818,0.04011250445887776,0.07717415690422058,0.04261263179032428,-6.041043221216569e-10,0.042612632394428605,1.1423253454267979e-09,8.266607880392081,0.6549388273056702,3.9480846388093314,8.340796424686166,0.08309161221068546,4.130639928913198,-0.07418854429408483,0.5718472150949847,-0.18255529010386695,0.0426126317903243,1.2065479892850548,0.09072435528536983,-6.041043182355655e-10,1.1421400861969715,0.020667700096964836,0.04261263239442861,0.06440790308808331,0.070056655188405,-0.008195180504916931,0.5674248956275834,0.025259066051768104,0.8229968447209931,-0.005585683776018925,0.5405037488854835,0.008693951808717477,0.8412781423402371
0.846050978,0.09419736243235549,0.020667700096964836,0.07352966233539066,0.06944246590137482,-0.7859806012315625,-0.7939326763153076,0.00795207508374507,0.01662275567650795,1.2320646838215723,1.2140295505523682,0.01803513326920414,0.03895733878016472,0.07000957979912702,0.027304954826831818,0.0427046249722952,0.07717415690422058,0.04424494168414758,-6.041043221216569e-10,0.044244942288251904,1.1423253454267979e-09,8.260829514897774,0.6829548471875411,3.9358042603837613,8.340796424686166,0.08309161221068546,4.130639928913198,-0.07996690978839283,0.5998632349768556,-0.194835668529437,0.04424494168414761,1.2108319195222161,0.09419736243235555,-6.041043182355655e-10,1.1421400861969715,0.020667700096964836,0.044244942288251925,0.06869183332524464,0.07352966233539071,-0.00861870105033154,0.5691903169608683,0.026128825854913704,0.8217453288760667,-0.005585683776018925,0.5405037488854835,0.008693951808717477,0.8412781423402371
0.865980387,0.09764924140970446,0.026624567806720734,0.07102467360298373,0.07577665150165558,-0.785472128462686,-0.7925444841384888,0.007072355675802777,0.017199305817484856,1.2332377285883376,1.2172825336456299,0.015955194942707696,0.040263622999191284,0.07258593104988292,0.03376220539212227,0.038823725657760655,0.08036312460899353,0.045867321359322685,-9.887114460482849e-10,0.04586732234803413,1.3649696484208107e-08,8.254958051034034,0.7107656713276708,3.923615106974939,8.332456473728987,0.13193210548131462,4.097319978922834,-0.0774984226949531,0.5788335658463561,-0.17370487194789508,0.045867321359322664,1.2150897883086131,0.09764924140970446,-9.887114392635673e-10,1.1532385120323423,0.02662456780672074,0.045867322348034104,0.06185127627627085,0.07102467360298373,-0.009047662489934624,0.5709421085621497,0.026986078689357797,0.8204968007439435,-0.007257549306658413,0.545144636315108,0.01115949929217159,0.8382363145619963
0.875699282,0.09939296349426924,0.026624567806720734,0.0727683956875485,0.07577665150165558,-0.7852152726452288,-0.7925444841384888,0.007329211493259935,0.017199305817484856,1.23383029399385,1.2172825336456299,0.01654776034822003,0.040263622999191284,0.073887378928855,0.03376220539212227,0.04012517353673273,0.08036312460899353,0.04668686899923574,-9.887114460482849e-10,0.04668686998794719,1.3649696484208107e-08,8.251943542528029,0.7248009695301423,3.9174640344246394,8.332456473728987,0.13193210548131462,4.097319978922834,-0.0805129312009587,0.5928688640488277,-0.17985594449819464,0.04668686899923574,1.2172406574105554,0.09939296349426924,-9.887114392635673e-10,1.1532385120323423,0.02662456780672074,0.04668686998794718,0.06400214537821314,0.0727683956875485,-0.009267389975423005,0.5718259217377332,0.027416382315533908,0.819864362374999,-0.007257549306658413,0.545144636315108,0.01115949929217159,0.8382363145619963
0.897070169,0.10285667465567902,0.026624567806720734,0.07623210684895829,0.07577665150165558,-0.7847050569579502,-0.7925444841384888,0.007839427180538538,0.017199305817484856,1.2350073596668183,1.2172825336456299,0.01772482602118841,0.040263622999191284,0.07647256127201138,0.03376220539212227,0.04271035587988911,0.08036312460899353,0.048314809789113636,-9.887114460482849e-10,0.04831481077782508,1.3649696484208107e-08,8.245859095306328,0.7526534776063538,3.9052582207498006,8.332456473728987,0.13193210548131462,4.097319978922834,-0.08659737842265969,0.6207213721250392,-0.1920617581730335,0.04831480978911373,1.221513121113959,0.10285667465567912,-9.887114392635673e-10,1.1532385120323423,0.02662456780672074,0.04831481077782517,0.06827460908161664,0.07623210684895837,-0.009709897160214385,0.5735792911426788,0.028265671582573173,0.8186046460162477,-0.007257549306658413,0.545144636315108,0.01115949929217159,0.8382363145619963
0.915718555,0.10632256443100059,0.02990368753671646,0.07641887689428413,0.08822683990001678,-0.7841945203539027,-0.7917831540107727,0.007588633656870014,0.020866665989160538,1.2361851656935663,1.2190693616867065,0.017115804006859747,0.04907680302858353,0.07905936964977484,0.0372864305973053,0.04177293905246954,0.09584809839725494,0.04994377452535632,-2.378326702245914e-10,0.04994377476318899,1.2376403901726007e-08,8.239642594653093,0.7804869197408804,3.8930616222633696,8.327663364709363,0.1587748207845564,4.07910256885538,-0.08802077005626963,0.621712098956324,-0.18604094659201076,0.04994377452535639,1.2257882721225182,0.10632256443100065,-2.3783266349667536e-10,1.159310895406319,0.02990368753671647,0.04994377476318905,0.06647737671619924,0.07641887689428417,-0.010160724256969888,0.5753307655054102,0.029108212162029936,0.8173395756540013,-0.008189353559347261,0.5476744750318109,0.012509015339762045,0.8365579050024811
0.936127424,0.10979082261912275,0.02990368753671646,0.07988713508240629,0.08822683990001678,-0.7836836348751054,-0.7917831540107727,0.00809951913566731,0.020866665989160538,1.237363776573051,1.2190693616867065,0.018294414886344423,0.04907680302858353,0.08164794572082101,0.0372864305973053,0.044361515123515716,0.09584809839725494,0.05157385241325215,-2.378326702245914e-10,0.05157385265108482,1.2376403901726007e-08,8.23329370801458,0.8083020864715944,3.8808737228546564,8.327663364709363,0.1587748207845564,4.07910256885538,-0.09436965669478248,0.649527265687038,-0.198228846000724,0.051573852413252186,1.2300663445518458,0.10979082261912282,-2.3783266349667536e-10,1.159310895406319,0.02990368753671647,0.05157385265108485,0.0707554491455269,0.07988713508240634,-0.010619905938636064,0.5770803970414898,0.029944022970068675,0.8160691076352903,-0.008189353559347261,0.5476744750318109,0.012509015339762045,0.8365579050024811
0.955541611,0.11325667218134643,0.03343268111348152,0.0798239910678649,0.08813789486885071,-0.7831731041945753,-0.7909484505653381,0.007775346370762826,0.02086525410413742,1.2385415689342665,1.2210325002670288,0.01750906866723767,0.04907531291246414,0.08423472408505682,0.04112035781145096,0.04311436627360586,0.09584812074899673,0.05320279824937894,-3.2941704919409176e-11,0.05320279828232064,1.0477378964424133e-08,8.22682144633911,0.8360600075566983,3.8687114275597185,8.322254380469156,0.1876247521428757,4.059190566592067,-0.09543293413004506,0.6484352554138226,-0.19047913903234814,0.053202798249378895,1.2343414459578275,0.11325667218134643,-3.2941702802353496e-11,1.1659426646462203,0.03343268111348153,0.0532027982823206,0.06839878131160715,0.07982399106786489,-0.011086803590385746,0.5788257381688436,0.030771940207215097,0.8147950265651633,-0.009202032630932652,0.5504300084972275,0.01395466267513717,0.8347139604264592
0.975446224,0.11672007030458892,0.03343268111348152,0.0832873891911074,0.08813789486885071,-0.7826629346188159,-0.7909484505653381,0.00828551594652227,0.02086525410413742,1.2397185282281333,1.2210325002670288,0.018686027961104523,0.04907531291246414,0.08681967278842481,0.04112035781145096,0.045699314976973854,0.09584812074899673,0.05483059191163055,-3.2941704919409176e-11,0.05483059194457225,1.0477378964424133e-08,8.220226425683324,0.8637597634880055,3.8565749683193724,8.322254380469156,0.1876247521428757,4.059190566592067,-0.10202795478583226,0.6761350113451299,-0.20261559827269426,0.05483059191163053,1.2386135235308209,0.11672007030458886,-3.2941702802353496e-11,1.1659426646462203,0.03343268111348153,0.05483059194457224,0.07267085888460056,0.08328738919110734,-0.011561388369727598,0.5805667361090222,0.031591956495138324,0.8135173922587582,-0.009202032630932652,0.5504300084972275,0.01395466267513717,0.8347139604264592
0.985563517,0.11872310458153142,0.03343268111348152,0.0852904234680499,0.08813789486885071,-0.7823678812894161,-0.7909484505653381,0.00858056927592199,0.02086525410413742,1.2403992151501366,1.2210325002670288,0.019366714883107816,0.04907531291246414,0.08831466143042842,0.04112035781145096,0.04719430361897746,0.09584812074899673,0.055772016023227386,-3.2941704919409176e-11,0.05577201605616909,1.0477378964424133e-08,8.216354245998598,0.8797619044846539,3.8495638331659956,8.322254380469156,0.1876247521428757,4.059190566592067,-0.10590013447055746,0.6921371523417782,-0.20962673342607108,0.05577201602322734,1.2410842524242274,0.11872310458153132,-3.2941702802353496e-11,1.1659426646462203,0.03343268111348153,0.05577201605616904,0.07514158777800706,0.0852904234680498,-0.011839516908581593,0.5815721980888676,0.0320628652099823,0.812776461841742,-0.009202032630932652,0.5504300084972275,0.01395466267513717,0.8347139604264592
1.007411718,0.12272684178153144,0.03705358877778053,0.08567325300375091,0.09377378225326538,-0.7817781180464702,-0.7901681661605835,0.008390048114113258,0.01975681446492672,1.2417597967350595,1.2228589057922363,0.018900890942823212,0.046223241835832596,0.09130289868051877,0.044777993112802505,0.04652490556771627,0.09283022582530975,0.05765376851242129,-5.093713784098952e-10,0.057653769021792665,1.2470991350710392e-08,8.208487270716187,0.9117077888911674,3.8355672013326982,8.31691358445121,0.21720055844297537,4.040543805485925,-0.10842631373502343,0.6945072304481921,-0.20497660415322638,0.05765376851242128,1.2460228345021873,0.12272684178153144,-5.093713829590164e-10,1.1722069898775342,0.03705358877778053,0.057653769021792665,0.07381584462465307,0.08567325300375091,-0.01240347322261908,0.5835787697176302,0.032996781891429905,0.8112910610697509,-0.010246936774290982,0.5530241188413098,0.015433830887014745,0.8329592553844921
1.026668549,0.12672092558153147,0.040971096605062485,0.08574982897646899,0.09785626083612442,-0.7811897767800939,-0.7893286943435669,0.008138917563472958,0.02098398655653,1.2431170978253807,1.2248258590698242,0.018291238755556494,0.04917411133646965,0.09428393099980846,0.04869869723916054,0.04558523376064792,0.0980176255106926,0.05953098391324705,-8.193271616718789e-10,0.05953098473257421,1.151056494563818e-08,8.200470767726431,0.9435229873280366,3.821627681941158,8.310965834311968,0.24915668844361788,4.020532387003889,-0.11049506658553732,0.6943662988844188,-0.1989047050627306,0.059530983913247,1.250949509178175,0.12672092558153145,-8.19327179497886e-10,1.1789341190984979,0.04097109660506249,0.059530984732574184,0.07201539007967717,0.08574982897646896,-0.012976717793913661,0.5855762285247069,0.03391866514889957,0.8098034388273455,-0.01138749095804256,0.5558014584425687,0.01702715635495866,0.8310626569574993
1.035555840,0.12872377318153147,0.040971096605062485,0.08775267657646899,0.09785626083612442,-0.7808947509488026,-0.7893286943435669,0.008433943394764332,0.02098398655653,1.2437977213093514,1.2248258590698242,0.018971862239527182,0.04917411133646965,0.09577878031323844,0.04869869723916054,0.047080083074077905,0.0980176255106926,0.06047232028686718,-8.193271616718789e-10,0.06047232110619434,1.151056494563818e-08,8.196387644629937,0.9594563432169723,3.8146465016146385,8.310965834311968,0.24915668844361788,4.020532387003889,-0.1145781896820317,0.7102996547733544,-0.20588588538925023,0.06047232028686709,1.253420007806867,0.1287237731815314,-8.19327179497886e-10,1.1789341190984979,0.04097109660506249,0.06047232110619427,0.07448588870836903,0.0877526765764689,-0.013268173706926099,0.5865762359558664,0.03437726315874977,0.8090553001841375,-0.01138749095804256,0.5558014584425687,0.01702715635495866,0.8310626569574993
1.049108982,0.1307738807815315,0.040971096605062485,0.089802784176469,0.09785626083612442,-0.7805927635689704,-0.7893286943435669,0.008735930774596445,0.02098398655653,1.2444944050596412,1.2248258590698242,0.019668545989816932,0.04917411133646965,0.09730890269415128,0.04869869723916054,0.04861020545499074,0.0980176255106926,0.06143586881333274,-8.193271616718789e-10,0.0614358696326599,1.151056494563818e-08,8.192164516777899,0.975751321501268,3.807506738173883,8.310965834311968,0.24915668844361788,4.020532387003889,-0.11880131753406964,0.72659463305765,-0.21302564883000574,0.06143586881333272,1.2559488013179012,0.13077388078153152,-8.19327179497886e-10,1.1789341190984979,0.04097109660506249,0.0614358696326599,0.07701468221940333,0.08980278417646903,-0.013569272464786508,0.587598705442163,0.03484413098402698,0.8082880196708587,-0.01138749095804256,0.5558014584425687,0.01702715635495866,0.8310626569574993
1.056095600,0.1327766195815315,0.040971096605062485,0.09180552297646902,0.09785626083612442,-0.7802977537642656,-0.7893286943435669,0.009030940579301316,0.02098398655653,1.245174991570337,1.2248258590698242,0.020349132500512734,0.04917411133646965,0.09880367080339714,0.04869869723916054,0.0501049735642366,0.0980176255106926,0.06237715405106143,-8.193271616718789e-10,0.06237715487038859,1.151056494563818e-08,8.187996375229666,0.9916556530412273,3.8005379710014813,8.310965834311968,0.24915668844361788,4.020532387003889,-0.12296945908230228,0.7424989645976094,-0.21999441600240743,0.062377154051061576,1.258419165742549,0.13277661958153167,-8.19327179497886e-10,1.1789341190984979,0.04097109660506249,0.06237715487038876,0.0794850466440511,0.09180552297646918,-0.013866114344321051,0.5885964345561021,0.03529771686097183,0.807537020380637,-0.01138749095804256,0.5558014584425687,0.01702715635495866,0.8310626569574993
1.077765226,0.13672306878153154,0.04507340490818024,0.0916496638733513,0.10280656814575195,-0.7797164292262032,-0.7884408831596375,0.00872445393343424,0.022076785564422607,1.2465161050948095,1.2269017696380615,0.019614335456747956,0.051600635051727295,0.10174915046800381,0.052886929363012314,0.0488622211049915,0.10433822870254517,0.06423198123741554,-3.618149391204639e-10,0.06423198159923048,6.05359673500061e-09,8.179659964534396,1.0229541608490584,3.7868233575196637,8.304437497327688,0.28256694466085314,3.999371511283953,-0.12477753279329207,0.7403872161882052,-0.21254815376428926,0.06423198123741568,1.2632870834696897,0.1367230687815317,-3.618149490089031e-10,1.186086072974516,0.04507340490818025,0.06423198159923063,0.0772010104951737,0.09164966387335145,-0.014458853942338224,0.5905592304338461,0.03618429491674788,0.8060529968267816,-0.012594404571207325,0.5587451016633204,0.018686839109599073,0.8290332287579519
1.085729122,0.13872669598153153,0.04507340490818024,0.0936532910733513,0.10280656814575195,-0.7794212885573484,-0.7884408831596375,0.009019594602289072,0.022076785564422607,1.2471969935086071,1.2269017696380615,0.02029522387054561,0.051600635051727295,0.10324458164523848,0.052886929363012314,0.05035765228222616,0.10433822870254517,0.0651736840222578,-3.618149391204639e-10,0.06517368438407274,6.05359673500061e-09,8.175365202395056,1.038823268744796,3.779869338954052,8.304437497327688,0.28256694466085314,3.999371511283953,-0.12907229493263195,0.7562563240839428,-0.21950217232990088,0.06517368402225783,1.2657585437295764,0.1387266959815315,-3.618149490089031e-10,1.186086072974516,0.04507340490818025,0.06517368438407278,0.07967247075506045,0.09365329107335126,-0.014763750463567187,0.5915540820141267,0.036630741017758296,0.8052974534525508,-0.012594404571207325,0.5587451016633204,0.018686839109599073,0.8290332287579519
1.105383396,0.14271456458153156,0.049093302339315414,0.09362126224221615,0.10039673745632172,-0.7788338628097299,-0.7876200079917908,0.00878614518206089,0.02052062377333641,1.2485521825005952,1.2288134098052979,0.019738772695297335,0.04778720438480377,0.10622097517550956,0.05682448670268059,0.04939648847282897,0.09843894094228745,0.0670479782852849,-6.429579091360438e-10,0.06704797892824281,-2.6193447411060333e-09,8.166692582781508,1.0703647205761722,3.7660466170245264,8.29808227695581,0.31526724458132854,3.979787940203747,-0.13138969417430246,0.7550974759948437,-0.21374132317922045,0.06704797828528493,1.270677551999454,0.14271456458153162,-6.429578948671746e-10,1.1927561456492672,0.04909330233931546,0.06704797892824282,0.07792140635018674,0.09362126224221615,-0.01537852371400756,0.5935307823092006,0.03751194174815028,0.8037895033440592,-0.013785229454942052,0.5614802717433621,0.02030725337220186,0.8271260407896441
1.115655899,0.14472312218153158,0.049093302339315414,0.09562981984221616,0.10039673745632172,-0.7785379958772499,-0.7876200079917908,0.00908201211454085,0.02052062377333641,1.2492347464018465,1.2288134098052979,0.020421336596548656,0.04778720438480377,0.10772008621588255,0.05682448670268059,0.05089559951320197,0.09843894094228745,0.06799199835320777,-6.429579091360438e-10,0.06799199899616568,-2.6193447411060333e-09,8.162261753365238,1.0862290717615997,3.7590937033269824,8.29808227695581,0.31526724458132854,3.979787940203747,-0.1358205235905725,0.7709618271802712,-0.22069423687676437,0.06799199835320763,1.273155093873558,0.14472312218153144,-6.429578948671746e-10,1.1927561456492672,0.04909330233931546,0.06799199899616552,0.08039894822429083,0.09562981984221597,-0.01569215918992038,0.5945246639761448,0.037952053069319654,0.8030279084389496,-0.013785229454942052,0.5614802717433621,0.02030725337220186,0.8271260407896441
1.136144638,0.1487229339815316,0.05354419723153114,0.09517873675000046,0.11237398535013199,-0.7779488108582279,-0.7866901159286499,0.008741305070422034,0.023123640567064285,1.2505939940263502,1.2309863567352295,0.019607637291120694,0.05401086062192917,0.11070539369663103,0.061227746307849884,0.049477647388781146,0.10970219224691391,0.06987190590831832,2.1191493004835138e-11,0.06987190588712683,7.275957614183426e-09,8.153313412845907,1.1177765232592802,3.745266111392505,8.290693287763562,0.35140915600355616,3.9577002294703054,-0.13737987491765402,0.7663673672557241,-0.21243411807780044,0.06987190590831835,1.278088833997833,0.1487229339815317,2.1191495429004375e-11,1.2002622442475095,0.05354419723153116,0.06987190588712686,0.07782658975032342,0.09517873675000053,-0.01632469117272988,0.5965004031912231,0.038821050221844663,0.8015071425199506,-0.015117755030819831,0.5645483091972606,0.02209134494995409,0.8249658371979076
1.156047344,0.15271598858153163,0.05354419723153114,0.09917179135000048,0.11237398535013199,-0.77736062119629,-0.7866901159286499,0.009329494732359889,0.023123640567064285,1.2519509453658018,1.2309863567352295,0.020964588630572267,0.05401086062192917,0.1136856578601642,0.061227746307849884,0.052457911552314315,0.10970219224691391,0.07174863758617099,2.1191493004835138e-11,0.0717486375649795,7.275957614183426e-09,8.144214771549091,1.149210660129511,3.731486378949302,8.290693287763562,0.35140915600355616,3.9577002294703054,-0.1464785162144704,0.7978015041259547,-0.2262138505210034,0.07174863758617102,1.283014239162755,0.15271598858153168,2.1191495429004375e-11,1.2002622442475095,0.05354419723153116,0.07174863756497953,0.08275199491524554,0.09917179135000052,-0.016966719505236816,0.5984681590320848,0.039678692808229,0.799983496324148,-0.015117755030819831,0.5645483091972606,0.02209134494995409,0.8249658371979076
1.165411711,0.15472298778153165,0.05354419723153114,0.10117879055000051,0.11237398535013199,-0.7770649838210942,-0.7866901159286499,0.009625132107555667,0.023123640567064285,1.2526329796792615,1.2309863567352295,0.021646622944031968,0.05401086062192917,0.1151836057700174,0.061227746307849884,0.05395585946216752,0.10970219224691391,0.07269192520764878,2.1191493004835138e-11,0.07269192518645728,7.275957614183426e-09,8.13957932536759,1.1649872144345559,3.724569674059633,8.290693287763562,0.35140915600355616,3.9577002294703054,-0.1511139623959714,0.8135780584309997,-0.23313055541067262,0.07269192520764882,1.2854898587612638,0.15472298778153173,2.1191495429004375e-11,1.2002622442475095,0.05354419723153116,0.07269192518645733,0.08522761451375427,0.10117879055000058,-0.01729339971362263,0.5994554265584866,0.04010602790008952,0.7992156382491555,-0.015117755030819831,0.5645483091972606,0.02209134494995409,0.8249658371979076
1.185674191,0.15872242378153167,0.058086033910512924,0.10063638987101875,0.10103357583284378,-0.7764758541586092,-0.7857608795166016,0.00928502535799236,0.02404213882982731,1.2539920995964424,1.2331558465957642,0.020836253000678262,0.05652549862861633,0.11816863276793135,0.06564632803201675,0.0525223047359146,0.11494159698486328,0.07457165613713429,1.5594223135018126e-10,0.07457165598119206,-6.810296326875687e-09,8.130218159731275,1.1963794599905755,3.710805110908595,8.282995094527747,0.3882292149724855,3.9356617130590017,-0.15277693479647247,0.80815024501809,-0.22485660215040681,0.0745716561371343,1.2904231353388433,0.15872242378153167,1.5594222269928847e-10,1.2077795522442583,0.05808603391051292,0.07457165598119209,0.08264358309458508,0.10063638987101875,-0.017952325973948993,0.6014192294760948,0.04095013570995614,0.7976814594773038,-0.01648971702237318,0.5676090920532184,0.023902906235897553,0.8227859131782221
1.205747128,0.16271769658153168,0.058086033910512924,0.10463166267101875,0.10103357583284378,-0.7758873377487455,-0.7857608795166016,0.009873541767856042,0.02404213882982731,1.2553498047421308,1.2331558465957642,0.0221939581463666,0.05652549862861633,0.12115055251162302,0.06564632803201675,0.05550422447960626,0.11494159698486328,0.0764494303667737,1.5594223135018126e-10,0.07644943021083146,-6.810296326875687e-09,8.120702392064839,1.2276765394873794,3.6970798333047843,8.282995094527747,0.3882292149724855,3.9356617130590017,-0.16229270246290817,0.8394473245148939,-0.2385818797542174,0.07644943036677374,1.2953512766380884,0.16271769658153176,1.5594222269928847e-10,1.2077795522442583,0.05808603391051292,0.07644943021083152,0.0875717243938301,0.10463166267101884,-0.018621107727352915,0.6033761952027284,0.04178343023666654,0.7961435588933337,-0.01648971702237318,0.5676090920532184,0.023902906235897553,0.8227859131782221
1.215492249,0.1647267943815317,0.058086033910512924,0.10664076047101878,0.10103357583284378,-0.7755913912430848,-0.7857608795166016,0.010169488273516714,0.02404213882982731,1.256032552218411,1.2331558465957642,0.022876705622646876,0.05652549862861633,0.12265006673674113,0.06564632803201675,0.057003738704724374,0.11494159698486328,0.07739370432815756,1.5594223135018126e-10,0.07739370417221533,-6.810296326875687e-09,8.115855294814207,1.2433909590669698,3.6901873010179487,8.282995094527747,0.3882292149724855,3.9356617130590017,-0.16713979971354043,0.8551617440944843,-0.24547441204105303,0.0773937043281577,1.2978294848451468,0.16472679438153182,1.5594222269928847e-10,1.2077795522442583,0.05808603391051292,0.07739370417221549,0.09004993260088856,0.10664076047101889,-0.018961394232977113,0.6043584638242782,0.04219871101179564,0.7953682049979388,-0.01648971702237318,0.5676090920532184,0.023902906235897553,0.8227859131782221
1.235581875,0.16872328858153174,0.06279811263084412,0.10592517595068762,0.0993887186050415,-0.7750026949171106,-0.7848286628723145,0.009825967955203851,0.02335960790514946,1.2573906724298902,1.2353299856185913,0.022060686811298913,0.054886553436517715,0.12563289808696312,0.07010003179311752,0.0555328662938456,0.11282981187105179,0.07927205261457831,-4.045975221522724e-10,0.07927205301917584,-2.5174813345074654e-09,8.106090580951749,1.2746018992954213,3.6764956585915565,8.274917033163758,0.4263691615558642,3.913585388112711,-0.16882645221200931,0.8482327377395571,-0.2370897295211547,0.07927205261457829,1.3027591327328223,0.16872328858153177,-4.0459752056003823e-10,1.215339611672474,0.06279811263084414,0.07927205301917581,0.08741952106034834,0.10592517595068762,-0.019646195947665313,0.6063087175760795,0.04301730231304027,0.7938219433082865,-0.017924533103361413,0.5706745376858586,0.02577378328704194,0.8205760143004003
1.255842447,0.17272200738153176,0.06279811263084412,0.10992389475068765,0.0993887186050415,-0.7744136709004701,-0.7848286628723145,0.010414991971844367,0.02335960790514946,1.2587495486225049,1.2353299856185913,0.02341956300391357,0.054886553436517715,0.12861738979406034,0.07010003179311752,0.05851735800094282,0.11282981187105179,0.08115144646077942,-4.045975221522724e-10,0.08115144686537694,-2.5174813345074654e-09,8.096157175998425,1.3057652666925286,3.6628218111786404,8.274917033163758,0.4263691615558642,3.913585388112711,-0.1787598571653337,0.8793961051366643,-0.2507635769340708,0.08115144646077947,1.3076915246491747,0.17272200738153182,-4.0459752056003823e-10,1.215339611672474,0.06279811263084414,0.081151446865377,0.09235191297670076,0.10992389475068767,-0.020341896208152528,0.6082551159092947,0.043826366933277294,0.7922696326316294,-0.017924533103361413,0.5706745376858586,0.02577378328704194,0.8205760143004003
1.265895844,0.17472250938153178,0.06777217239141464,0.10695033699011713,0.10485731065273285,-0.7741189905835303,-0.7838515639305115,0.009732573346981188,0.024470502510666847,1.259429375006165,1.2376070022583008,0.02182237274786414,0.05744262784719467,0.13011048844081474,0.07475544512271881,0.05535504331809593,0.11787452548742294,0.08209168040473991,-5.905709810072324e-10,0.08209168099531089,1.206353772431612e-08,8.091126509191767,1.3213311769951064,3.6559905755349313,8.26614178697151,0.46655343397174975,3.890527415563579,-0.17501527777974246,0.8547777430233566,-0.23453684002864783,0.08209168040473995,1.3101591299965292,0.17472250938153183,-5.905709652084e-10,1.2232491405835875,0.0677721723914147,0.08209168099531092,0.0869099894129417,0.10695033699011713,-0.020693888860503547,0.6092269985102757,0.04422737848712201,0.7914911030720096,-0.019453609141982374,0.5738686444851413,0.027737781265307872,0.8182462657773731
1.276242971,0.1767246097815318,0.06777217239141464,0.10895243739011715,0.10485731065273285,-0.773824074817179,-0.7838515639305115,0.01002748911333251,0.024470502510666847,1.2601097445707325,1.2376070022583008,0.022502742312431767,0.05744262784719467,0.1316047800725684,0.07475544512271881,0.05684933494984959,0.11787452548742294,0.08303266559510558,-5.905709810072324e-10,0.08303266618567656,1.206353772431612e-08,8.086051093442853,1.336892887677802,3.6491603175890273,8.26614178697151,0.46655343397174975,3.890527415563579,-0.1800906935286566,0.8703394537060521,-0.24136709797455191,0.08303266559510573,1.3126287069592022,0.17672460978153207,-5.905709652084e-10,1.2232491405835875,0.0677721723914147,0.0830326661856767,0.08937956637561473,0.10895243739011737,-0.021048793683270145,0.6101983976080891,0.04462620274614577,0.7907106714022896,-0.019453609141982374,0.5738686444851413,0.027737781265307872,0.8182462657773731
1.287185907,0.1787259213815318,0.06777217239141464,0.11095374899011715,0.10485731065273285,-0.7735292752435803,-0.7838515639305115,0.010322288686931191,0.024470502510666847,1.2607898460790565,1.2376070022583008,0.02318284382075575,0.05744262784719467,0.13309848297398708,0.07475544512271881,0.058343037851268265,0.11787452548742294,0.0839732800502583,-5.905709810072324e-10,0.08397328064082928,1.206353772431612e-08,8.080937020403391,1.3524317149240013,3.642339206933757,8.26614178697151,0.46655343397174975,3.890527415563579,-0.18520476656811802,0.8858782809522515,-0.24818820862982216,0.08397328005025848,1.315097310942544,0.17872592138153207,-5.905709652084e-10,1.2232491405835875,0.0677721723914147,0.08397328064082944,0.09184817035895643,0.11095374899011737,-0.021406187292369424,0.6111681470133042,0.045022360831899984,0.7899292742056409,-0.019453609141982374,0.5738686444851413,0.027737781265307872,0.8182462657773731
1.305713654,0.18272118818153182,0.07285607606172562,0.10986511211980621,0.1082138642668724,-0.7729407597175357,-0.7828594446182251,0.009918684900689367,0.025196131318807602,1.2621475491857774,1.2399177551269531,0.022229794058824304,0.059129513800144196,0.13608039823950682,0.07948960363864899,0.056590794600857836,0.12133960425853729,0.0858510514599037,-9.270112455439516e-10,0.08585105238691494,-1.7171259969472885e-09,8.070606358755754,1.3834016869018264,3.6287414503464195,8.256890278522617,0.507540962957417,3.867170582733485,-0.1862839197668631,0.8758607239444094,-0.2384291323870653,0.08585105145990368,1.3200254448408284,0.18272118818153185,-9.270112169524588e-10,1.2312861712804561,0.07285607606172562,0.0858510523869149,0.08873927356037226,0.10986511211980624,-0.02212751365615224,0.6131002641020729,0.045805711044078684,0.788365572645782,-0.0210319447499067,0.5771005396049514,0.029733355216186343,0.8158606204954978
1.316015720,0.18472379038153183,0.07285607606172562,0.11186771431980622,0.1082138642668724,-0.7726457700344459,-0.7828594446182251,0.010213674583779198,0.025196131318807602,1.2628280892759827,1.2399177551269531,0.022910334149029543,0.059129513800144196,0.1375750643957053,0.07948960363864899,0.05808546075705631,0.12133960425853729,0.08679227249576868,-9.270112455439516e-10,0.08679227342277993,-1.7171259969472885e-09,8.065367490280172,1.398899602639207,3.6219354260568903,8.256890278522617,0.507540962957417,3.867170582733485,-0.19152278824244462,0.8913586396817901,-0.24523515667659446,0.08679227249576878,1.322495640770321,0.18472379038153186,-9.270112169524588e-10,1.2312861712804561,0.07285607606172562,0.08679227342278,0.09120946948986486,0.11186771431980624,-0.0224930072584214,0.6140667975206509,0.04619459180568161,0.7875798959439676,-0.0210319447499067,0.5771005396049514,0.029733355216186343,0.8158606204954978
1.335977793,0.18872338518153187,0.07285607606172562,0.11586730911980625,0.1082138642668724,-0.7720566169802151,-0.7828594446182251,0.010802827638009993,0.025196131318807602,1.2641872631578335,1.2399177551269531,0.02426950803088035,0.059129513800144196,0.1405602099159027,0.07948960363864899,0.06107060627725372,0.12133960425853729,0.08867207806109573,-9.270112455439516e-10,0.08867207898810697,-1.7171259969472885e-09,8.054783461917351,1.4298002962600886,3.608362066525925,8.256890278522617,0.507540962957417,3.867170582733485,-0.20210681660526575,0.9222593333026716,-0.25880851620755996,0.0886720780610957,1.3274291132266,0.18872338518153184,-9.270112169524588e-10,1.2312861712804561,0.07285607606172562,0.08867207898810692,0.09614294194614392,0.11586730911980622,-0.023230822550705254,0.6159932677305688,0.046963723280243196,0.7860070175831066,-0.0210319447499067,0.5771005396049514,0.029733355216186343,0.8158606204954978
1.355911970,0.1927220611815319,0.07285607606172562,0.11986598511980628,0.1082138642668724,-0.771467599268151,-0.7828594446182251,0.011391845350074092,0.025196131318807602,1.265546124805814,1.2399177551269531,0.02562836967886084,0.059129513800144196,0.14354466967870688,0.07948960363864899,0.0640550660400579,0.12133960425853729,0.09055145179133954,-9.270112455439516e-10,0.09055145271835079,-1.7171259969472885e-09,8.044041152520848,1.4606242002512113,3.594818112216908,8.256890278522617,0.507540962957417,3.867170582733485,-0.2128491260017693,0.9530832372937943,-0.27235247051657696,0.0905514517913394,1.3323614523494494,0.19272206118153176,-9.270112169524588e-10,1.2312861712804561,0.07285607606172562,0.09055145271835062,0.10107528106899322,0.11986598511980615,-0.023978916273640755,0.6179140663726841,0.04772262052887043,0.7844295823354531,-0.0210319447499067,0.5771005396049514,0.029733355216186343,0.8158606204954978
1.366244555,0.1947233813815319,0.07285607606172562,0.12186730531980627,0.1082138642668724,-0.7711727984277449,-0.7828594446182251,0.01168664619048021,0.025196131318807602,1.266226229236658,1.2399177551269531,0.026308474109704827,0.059129513800144196,0.14503837899883865,0.07948960363864899,0.06554877536018966,0.12133960425853729,0.09149207028848366,-9.270112455439516e-10,0.09149207121549491,-1.7171259969472885e-09,8.038604501305956,1.4760249748891279,3.5880493440939,8.256890278522617,0.507540962957417,3.867170582733485,-0.21828577721666065,0.9684840119317109,-0.27912123863958493,0.09149207028848362,1.3348300669408308,0.1947233813815318,-9.270112169524588e-10,1.2312861712804561,0.07285607606172562,0.09149207121549484,0.1035438956603747,0.12186730531980619,-0.024357251812194516,0.6188734367590197,0.048098665013879514,0.7836382532662118,-0.0210319447499067,0.5771005396049514,0.029733355216186343,0.8158606204954978
1.375703573,0.1967260589815319,0.07285607606172562,0.12386998291980628,0.1082138642668724,-0.7708777976379949,-0.7828594446182251,0.011981646980230187,0.025196131318807602,1.2669067949498865,1.2399177551269531,0.026989039822933325,0.059129513800144196,0.14653310143073092,0.07948960363864899,0.06704349779208194,0.12133960425853729,0.09243332676227342,-9.270112455439516e-10,0.09243332768928467,-1.7171259969472885e-09,8.033124071874806,1.4914183721477166,3.5812826399173776,8.256890278522617,0.507540962957417,3.867170582733485,-0.22376620664781122,0.9838774091902995,-0.2858879428161072,0.09243332676227344,1.337300355875702,0.1967260589815319,-9.270112169524588e-10,1.2312861712804561,0.07285607606172562,0.09243332768928465,0.10601418459524581,0.12386998291980628,-0.024738457595883816,0.6198321253542775,0.0484724378868272,0.7828451748972358,-0.0210319447499067,0.5771005396049514,0.029733355216186343,0.8158606204954978
1.395919085,0.20072295578153193,0.08331000059843063,0.1174129551831013,0.10996752977371216,-0.7702890420077583,-0.7808846831321716,0.010595641124413357,0.02434699609875679,1.2682650519760763,1.2445117235183716,0.023753328457704725,0.0570017546415329,0.1495162332662887,0.08897969126701355,0.06053654199927516,0.11876808851957321,0.09431186427029245,-9.412721713175642e-10,0.09431186521156462,-8.614733815193176e-09,8.022066743627356,1.522086390481061,3.567797797109738,8.23725936387129,0.591569968799588,3.8207963537869922,-0.21519262024393448,0.9305164216814731,-0.25299855667725435,0.09431186427029233,1.3422305003676862,0.20072295578153193,-9.412722172239438e-10,1.2473449887862929,0.08331000059843058,0.09431186521156454,0.09488551158139336,0.11741295518310135,-0.025507067110761106,0.6217414402466832,0.04921084259058757,0.7812587688972916,-0.024320327356047357,0.583513594734408,0.033803216227593864,0.8110349863045948
1.416044950,0.20472469698153195,0.08331000059843063,0.12141469638310132,0.10996752977371216,-0.7696995727819703,-0.7808846831321716,0.01118511035020131,0.02434699609875679,1.269624955264521,1.2445117235183716,0.025113231746149323,0.0570017546415329,0.15250298077785396,0.08897969126701355,0.06352328951084041,0.11876808851957321,0.0961926786414779,-9.412721713175642e-10,0.09619267958275007,-8.614733815193176e-09,8.010836808393279,1.5527190491331964,3.5543234291440875,8.23725936387129,0.591569968799588,3.8207963537869922,-0.2264225554780115,0.9611490803336084,-0.26647292464290473,0.0961926786414781,1.3471666203934842,0.2047246969815322,-9.412722172239438e-10,1.2473449887862929,0.08331000059843058,0.09619267958275031,0.09982163160719137,0.12141469638310162,-0.026287016901197145,0.6236476648918923,0.04994003720678882,0.7796656818798111,-0.024320327356047357,0.583513594734408,0.033803216227593864,0.8110349863045948
1.435825825,0.208716638581532,0.0890146791934967,0.1197019593880353,0.12201428413391113,-0.7691115470684777,-0.7797711491584778,0.010659602090000053,0.027888240292668343,1.2709815283755252,1.247111201286316,0.02387032708920933,0.06550135463476181,0.15548241424049614,0.09426775574684143,0.061214658493654706,0.13369670510292053,0.0980688872104411,-1.451753384174026e-09,0.09806888866219449,1.5978002920746803e-08,7.9994762124824215,1.5832034703812226,3.540908962796145,8.225762570387781,0.6372394555186716,3.794805714794114,-0.22628635790535956,0.945964014862551,-0.2538967519979689,0.0980688872104412,1.3520906526806227,0.2087166385815321,-1.451753401436638e-09,1.256346065007759,0.0890146791934967,0.0980688886621946,0.09574458767286376,0.1197019593880354,-0.027075417039560352,0.6255437769751182,0.05065735960265484,0.7780718069676633,-0.026146884757635595,0.5870855753202825,0.035999112622887526,0.808301262870898
1.455826044,0.212722284781532,0.0890146791934967,0.12370760558803529,0.12201428413391113,-0.768521502623751,-0.7797711491584778,0.01124964653472682,0.027888240292668343,1.2723427586918998,1.247111201286316,0.025231557405583915,0.06550135463476181,0.15847207629561877,0.09426775574684143,0.06420432054877734,0.13369670510292053,0.09995153692773025,-1.451753384174026e-09,0.09995153837948363,1.5978002920746803e-08,7.987918397930068,1.6137181216098815,3.5274756229422173,8.225762570387781,0.6372394555186716,3.794805714794114,-0.23784417245771294,0.9764786660912099,-0.2673300918518966,0.09995153692773033,1.3570315894968465,0.21272228478153193,-1.451753401436638e-09,1.256346065007759,0.0890146791934967,0.09995153837948373,0.10068552448908763,0.12370760558803523,-0.027876907935046102,0.6274408757511943,0.05136700626884982,0.7764678075152447,-0.026146884757635595,0.5870855753202825,0.035999112622887526,0.808301262870898
1.466062784,0.214727315381532,0.0890146791934967,0.1257126361880353,0.12201428413391113,-0.7682261552296059,-0.7797711491584778,0.011544993928871872,0.027888240292668343,1.2730241240201654,1.247111201286316,0.025912922733849486,0.06550135463476181,0.1599685549172653,0.09426775574684143,0.06570079917042387,0.13369670510292053,0.10089389930917225,-1.451753384174026e-09,0.10089390076092564,1.5978002920746803e-08,7.982073779429654,1.6289639798690052,3.520761827331195,8.225762570387781,0.6372394555186716,3.794805714794114,-0.24368879095812712,0.9917245243503336,-0.27404388746291897,0.10089389930917238,1.3595047808409062,0.21472731538153228,-1.451753401436638e-09,1.256346065007759,0.0890146791934967,0.10089390076092578,0.10315871583314729,0.12571263618803558,-0.02828199617375036,0.6283883751599398,0.051718402940787576,0.7756631907300574,-0.026146884757635595,0.5870855753202825,0.035999112622887526,0.808301262870898
1.486155987,0.21872349578153205,0.09475623816251755,0.1239672576190145,0.1211581900715828,-0.7676375051273712,-0.7786641716957092,0.011026666568338062,0.026853684335947037,1.2743821375936513,1.2496933937072754,0.024688743886375875,0.0629313588142395,0.16295115205909594,0.09954465925693512,0.06340649280216082,0.13014864921569824,0.10277210010990609,-1.8338865981348818e-09,0.10277210194379269,9.051291272044182e-09,7.970307277127343,1.6592933003471029,3.507401271591302,8.213870712837297,0.6830864401013963,3.7690292568018466,-0.24356343570995342,0.9762068602457066,-0.26162798521054453,0.10277210010990608,1.3644340416584548,0.21872349578153208,-1.833886612452051e-09,1.2653121384015806,0.09475623816251758,0.10277210194379269,0.0991219032568742,0.1239672576190145,-0.029097120319407876,0.6302726091652586,0.05241115918522713,0.7740561130292789,-0.028003675166997956,0.590625349413551,0.038194258619403815,0.8055548953459201
1.505797386,0.2227234039815321,0.10063814371824265,0.12208526026328945,0.12611769139766693,-0.767048305908322,-0.7775605320930481,0.010512226184726137,0.027012763544917107,1.2757414179775641,1.252264380455017,0.02347703752254704,0.06323348730802536,0.16593653148913992,0.10483808070421219,0.06109845078492773,0.13152377307415009,0.10465205297292046,-1.923526227187722e-09,0.10465205489644669,6.9267116487026215e-09,7.9583732732678465,1.6895743450895395,3.4940558061337357,8.201472439121467,0.7299407670186441,3.7433818376975267,-0.24309916585362057,0.9596335780708954,-0.24932603156379107,0.10465205297292017,1.369367900691461,0.2227234039815318,-1.923526295454514e-09,1.274280186199261,0.10063814371824267,0.10465205489644647,0.09508771449219999,0.12208526026328911,-0.029923328787271313,0.6321529452718143,0.05309441050987115,0.772443028158756,-0.029922139562379373,0.5941460969952529,0.04042942427656131,0.8027829984759163
1.525666475,0.2267236805815321,0.10063814371824265,0.12608553686328947,0.12611769139766693,-0.7664590524227793,-0.7775605320930481,0.011101479670268755,0.027012763544917107,1.2771008235540735,1.252264380455017,0.024836443099056416,0.06323348730802536,0.16892218587893973,0.10483808070421219,0.06408410517472754,0.13152377307415009,0.10653217898356723,-1.923526227187722e-09,0.10653218090709346,6.9267116487026215e-09,7.946282134789636,1.7197806671464493,3.4807368480240175,8.201472439121467,0.7299407670186441,3.7433818376975267,-0.25519030433183065,0.9898399001278052,-0.26264498967350924,0.10653217898356694,1.3743022141433128,0.22672368058153175,-1.923526295454514e-09,1.274280186199261,0.10063814371824267,0.10653218090709324,0.1000220279440518,0.12608553686328908,-0.030759925653800167,0.6340277389843894,0.05376755631051254,0.7708253388806776,-0.029922139562379373,0.5941460969952529,0.04042942427656131,0.8027829984759163
1.545638084,0.23072277638153216,0.10063814371824265,0.1300846326632895,0.12611769139766693,-0.7658699728728381,-0.7775605320930481,0.011690559220210006,0.027012763544917107,1.2784598278618047,1.252264380455017,0.026195447406787586,0.06323348730802536,0.17190695896450586,0.10483808070421219,0.06706887826029367,0.13152377307415009,0.10841175001939218,-1.923526227187722e-09,0.10841175194291841,6.9267116487026215e-09,7.934039181937942,1.7498996997322098,3.4674497125520376,8.201472439121467,0.7299407670186441,3.7433818376975267,-0.26743325718352473,1.0199589327135659,-0.27593212514548915,0.10841175001939221,1.3792350710865526,0.23072277638153224,-1.923526295454514e-09,1.274280186199261,0.10063814371824267,0.10841175194291851,0.10495488488729166,0.13008463266328957,-0.031606565607487536,0.635896209500795,0.05443032812796717,0.7692037279764722,-0.029922139562379373,0.5941460969952529,0.04042942427656131,0.8027829984759163
1.565746784,0.2347241205815322,0.10063814371824265,0.13408597686328955,0.12611769139766693,-0.7652805621264147,-0.7775605320930481,0.012279969966633386,0.027012763544917107,1.2798195962385748,1.252264380455017,0.027555215783557685,0.06323348730802536,0.17489341017036247,0.10483808070421219,0.07005532946615028,0.13152377307415009,0.11029237780097376,-1.923526227187722e-09,0.11029237972449998,6.9267116487026215e-09,7.921634450627396,1.7799563501238194,3.4541831824471987,8.201472439121467,0.7299407670186441,3.7433818376975267,-0.27983798849407115,1.0500155831051754,-0.28919865525032806,0.11029237780097391,1.3841707014156008,0.2347241205815323,-1.923526295454514e-09,1.274280186199261,0.10063814371824267,0.1102923797245002,0.10989051521633986,0.13408597686328963,-0.032463960260907566,0.6377599002570808,0.05508327963551392,0.7675768581795911,-0.029922139562379373,0.5941460969952529,0.04042942427656131,0.8027829984759163
1.585835218,0.23871562678153221,0.11258455365896225,0.12613107312256996,0.1308659315109253,-0.764692600548729,-0.7754033207893372,0.010710720240608151,0.0275441724807024,1.2811760213885137,1.2572778463363647,0.023898175052148973,0.06439770013093948,0.17787251866699572,0.11529042571783066,0.06258209294916506,0.13470327854156494,0.11216838173237137,-1.908974311959355e-09,0.11216838364134568,-1.862645149230957e-09,7.9091064504290065,1.8098591754319209,3.4409774144792067,8.17559231163623,0.8247448788830076,3.6933970009796937,-0.2664858612072232,0.9851142965489132,-0.252419586500487,0.1121683817323713,1.3890941966398593,0.2387156267815321,-1.9089743277021228e-09,1.2919032083979387,0.11258455365896228,0.11216838364134563,0.09719098824192063,0.12613107312256983,-0.03332947183516578,0.6396131422491447,0.0557244572848016,0.7659497107706736,-0.03386772710614065,0.6010050953269045,0.044927184057157225,0.7972624414736073
1.595484734,0.24072340318153224,0.11258455365896225,0.12813884952257,0.1308659315109253,-0.7643968486894975,-0.7754033207893372,0.011006472099839626,0.0275441724807024,1.2818583198162135,1.2572778463363647,0.024580473479848708,0.06439770013093948,0.17937104664938486,0.11529042571783066,0.0640806209315542,0.13470327854156494,0.1131120346370737,-1.908974311959355e-09,0.11311203654604801,-1.862645149230957e-09,7.9027468482244,1.8248702103419114,3.4343454290751443,8.17559231163623,0.8247448788830076,3.6933970009796937,-0.27284546341183,1.0001253314589038,-0.2590515719045494,0.11311203463707396,1.39157077490918,0.2407234031815325,-1.9089743277021228e-09,1.2919032083979387,0.11258455365896228,0.11311203654604829,0.0996675665112412,0.12813884952257024,-0.033768689210963786,0.6405431130376784,0.05604313522059906,0.7651296380115065,-0.03386772710614065,0.6010050953269045,0.044927184057157225,0.7972624414736073
1.615792274,0.24472360198153226,0.11258455365896225,0.13213904832257,0.1308659315109253,-0.7638076066641427,-0.7754033207893372,0.011595714125194445,0.0275441724807024,1.2832176989541126,1.2572778463363647,0.025939852617747894,0.06439770013093948,0.18235664297222212,0.11529042571783066,0.06706621725439146,0.13470327854156494,0.11499212408179811,-1.908974311959355e-09,0.11499212599077242,-1.862645149230957e-09,7.889961205741354,1.8547161811782873,3.421153580836064,8.17559231163623,0.8247448788830076,3.6933970009796937,-0.2856311058948755,1.0299713022952797,-0.2722434201436297,0.11499212408179807,1.3965049923952717,0.2447236019815323,-1.9089743277021228e-09,1.2919032083979387,0.11258455365896228,0.1149921259907724,0.104601783997333,0.13213904832257004,-0.03465144366217085,0.6423914531658029,0.05667038175359921,0.7634926104315332,-0.03386772710614065,0.6010050953269045,0.044927184057157225,0.7972624414736073
1.628839254,0.24674680718153227,0.11887580901384354,0.12787099816768874,0.13812221586704254,-0.7635095820935248,-0.7742472290992737,0.010737647005748863,0.02967180497944355,1.2839052405184392,1.2599692344665527,0.023936006051886505,0.06949958205223083,0.18386668642442885,0.12085770070552826,0.0630089857189006,0.14366042613983154,0.11594302850710606,-2.220967409982677e-09,0.11594303072807347,-3.637978807091713e-09,7.883436339602426,1.8697802533258066,3.4144923544480124,8.161161647776261,0.8744246317896648,3.6667681857720003,-0.2777253081738351,0.9953556215361418,-0.2522758313239879,0.11594302850710625,1.3990006019824224,0.2467468071815324,-2.2209675315789993e-09,1.3013179632058867,0.11887580901384348,0.11594303072807378,0.09768263877653571,0.12787099816768893,-0.03510180842039908,0.6433240086103007,0.05698373522809581,0.7626630559497724,-0.035980991529791825,0.6046412465529661,0.04726599676009122,0.7942797094007145
1.636803150,0.24886352538153228,0.11887580901384354,0.12998771636768874,0.13812221586704254,-0.7631977827601334,-0.7742472290992737,0.01104944633914029,0.02967180497944355,1.2846245604087134,1.2599692344665527,0.02465532594216069,0.06949958205223083,0.1854465244250809,0.12085770070552826,0.06458882371955263,0.14366042613983154,0.1169378839491096,-2.220967409982677e-09,0.11693788617007701,-3.637978807091713e-09,7.87656816275897,1.8855179160350484,3.4075311099046752,8.161161647776261,0.8744246317896648,3.6667681857720003,-0.2845934850172913,1.0110932842453835,-0.25923707586732503,0.11693788394910978,1.4016115592067406,0.2488635253815324,-2.2209675315789993e-09,1.3013179632058867,0.11887580901384348,0.11693788617007732,0.10029359600085397,0.1299877163676889,-0.03557578166176185,0.6442980092071847,0.05730877097692755,0.7617940298137859,-0.035980991529791825,0.6046412465529661,0.04726599676009122,0.7942797094007145
1.655809164,0.25271887558153233,0.11887580901384354,0.1338430665676888,0.13812221586704254,-0.762629877394955,-0.7742472290992737,0.011617351704318657,0.02967180497944355,1.2859347159517769,1.2599692344665527,0.02596548148522415,0.06949958205223083,0.18832401125907772,0.12085770070552826,0.06746631055354946,0.14366042613983154,0.11874989469635949,-2.220967409982677e-09,0.1187498969173269,-3.637978807091713e-09,7.863949252360179,1.914122205675919,3.3948727748866983,8.161161647776261,0.8744246317896648,3.6667681857720003,-0.29721239541608213,1.0396975738862544,-0.271895410885302,0.11874989469635942,1.4063671069489792,0.25271887558153233,-2.2209675315789993e-09,1.3013179632058867,0.11887580901384348,0.11874989691732696,0.10504914374309249,0.13384306656768885,-0.036446395114659316,0.6460676527792664,0.05789342108122366,0.7602082610120385,-0.035980991529791825,0.6046412465529661,0.04726599676009122,0.7942797094007145
1.675817966,0.2567219219815324,0.12521639466285706,0.13150552731867532,0.13337655365467072,-0.7620402159090495,-0.7730978727340698,0.011057656825020357,0.027221113443374634,1.28729506278359,1.2626432180404663,0.024651844743123652,0.06353140622377396,0.1913117329223078,0.12641210854053497,0.06489962438177282,0.1340600550174713,0.12063132251024265,-2.190117198708208e-09,0.12063132470035985,-2.8638169169425964e-08,7.850698038862592,1.9437396445026291,3.381757979323847,8.146261853623251,0.9243387425671173,3.6403689567643847,-0.2955638147606594,1.0194009019355117,-0.25861097744053785,0.12063132251024251,1.4113048369299268,0.25672192198153215,-2.1901171960115276e-09,1.3106957109800115,0.12521639466285717,0.12063132470035971,0.10060912594991533,0.131505527318675,-0.037360356253362814,0.647899056872793,0.0584904005833739,0.7585577690087707,-0.038130710046755285,0.6082410349511143,0.049605610141330685,0.791282614364447
1.685640574,0.25872376278153236,0.12521639466285706,0.1335073681186753,0.13337655365467072,-0.761745338382605,-0.7730978727340698,0.011352534351464771,0.027221113443374634,1.287975344128836,1.2626432180404663,0.025332126088369655,0.06353140622377396,0.19280583079848973,0.12641210854053497,0.06639372225795476,0.1340600550174713,0.12157218568886734,-2.190117198708208e-09,0.12157218787898454,-2.8638169169425964e-08,7.844014684491073,1.958518861038373,3.375210471065486,8.146261853623251,0.9243387425671173,3.6403689567643847,-0.302247169132178,1.0341801184712556,-0.26515848569889844,0.12157218568886753,1.4137740936778,0.25872376278153253,-2.1901171960115276e-09,1.3106957109800115,0.12521639466285717,0.12157218787898473,0.10307838269778857,0.13350736811867536,-0.03782122241016513,0.6488125813992155,0.05878508767563593,0.7577308907656167,-0.038130710046755285,0.6082410349511143,0.049605610141330685,0.791282614364447
1.695957422,0.26072526358153236,0.12521639466285706,0.1355088689186753,0.13337655365467072,-0.7614505109392438,-0.7730978727340698,0.011647361794826061,0.027221113443374634,1.2886555099325976,1.2626432180404663,0.02601229189213128,0.06353140622377396,0.19429967491159628,0.12641210854053497,0.0678875663710613,0.1340600550174713,0.12251288906783127,-2.190117198708208e-09,0.12251289125794847,-2.8638169169425964e-08,7.837294779627261,1.9732741930276603,3.3686713873236744,8.146261853623251,0.9243387425671173,3.6403689567643847,-0.30896707399598977,1.0489354504605428,-0.2716975694407102,0.1225128890678312,1.4162429310380298,0.26072526358153225,-2.1901171960115276e-09,1.3106957109800115,0.12521639466285717,0.1225128912579484,0.10554722005801831,0.13550886891867508,-0.03828454851415262,0.6497243931229957,0.05907715700873035,0.7569031614716564,-0.038130710046755285,0.6082410349511143,0.049605610141330685,0.791282614364447
1.716683865,0.2647230239815324,0.12521639466285706,0.13950662931867536,0.13337655365467072,-0.7608616280979761,-0.7730978727340698,0.01223624463609374,0.027221113443374634,1.2900140604341577,1.2626432180404663,0.027370842393691364,0.06353140622377396,0.19728345130536562,0.12641210854053497,0.07087134276483065,0.1340600550174713,0.12439183246698865,-2.190117198708208e-09,0.12439183465710585,-2.8638169169425964e-08,7.823760086102007,2.0026818162307314,3.3556323110843054,8.146261853623251,0.9243387425671173,3.6403689567643847,-0.3225017675212438,1.0783430736636141,-0.2847366456800793,0.12439183246698857,1.4211741407746274,0.2647230239815326,-2.1901171960115276e-09,1.3106957109800115,0.12521639466285717,0.12439183465710577,0.11047842979461597,0.1395066293186754,-0.03921757442671576,0.6515409386483686,0.05965284107844957,0.7552469302635776,-0.038130710046755285,0.6082410349511143,0.049605610141330685,0.791282614364447
1.735837221,0.26872269558153244,0.13150683045387268,0.13721586512765976,0.1330508440732956,-0.7602724637308607,-0.7720040678977966,0.011731604166935972,0.026195520535111427,1.2913732604147905,1.2651811838150024,0.02619207659978806,0.06100047379732132,0.20026865414616357,0.13175903260707855,0.06850962153908502,0.13030000030994415,0.1262716741282391,-1.8379607835683487e-09,0.12627167596619987,9.19681042432785e-09,7.810069442292388,2.0320169013692557,3.342616432934146,8.131354884296243,0.9737313371892071,3.6152815507757827,-0.32128544200385534,1.0582855641800486,-0.27266511784163683,0.1262716741282389,1.4261077079631732,0.26872269558153233,-1.8379607729036526e-09,1.3196744056573626,0.13150683045387257,0.12627167596619968,0.1064333023058106,0.13721586512765976,-0.04016114763700063,0.653352050833615,0.060218537811684805,0.7535860319802983,-0.04027703301029565,0.611663581789654,0.05191382297496469,0.788384663922544
1.755586386,0.2727158527815325,0.1377224177122116,0.13499343506932088,0.132380872964859,-0.759684258955616,-0.7709529995918274,0.011268740636211416,0.025999538600444794,1.2927302466205841,1.2676136493682861,0.02511659725229798,0.06048203632235527,0.20324899488643658,0.13695289194583893,0.06629610294059765,0.12984617054462433,0.12814845402798938,-1.8787060795943944e-09,0.12814845590669546,2.907472662627697e-08,7.796252593206431,2.0612169640183704,3.3296512796727065,8.116396504861603,1.022398860486056,3.5912100784687584,-0.32014391165517253,1.0388181035323143,-0.26155879879605193,0.12814845402798916,1.4310332396844816,0.27271585278153226,-1.878706189813802e-09,1.3283517988553772,0.13772241771221155,0.12814845590669535,0.10268144082910435,0.1349934350693207,-0.04111324172772542,0.6551538698813936,0.060773065540572734,0.7519240271722089,-0.04241322953899237,0.614949534214419,0.05418019757770451,0.7855588421754177
1.775907993,0.2767216531815325,0.1377224177122116,0.13899923546932091,0.132380872964859,-0.759094191796738,-0.7709529995918274,0.01185880779508941,0.025999538600444794,1.29409152933842,1.2676136493682861,0.026477879970133955,0.06048203632235527,0.20623877203057753,0.13695289194583893,0.0692858800847386,0.12984617054462433,0.1300311762191247,-1.8787060795943944e-09,0.13003117809783077,2.907472662627697e-08,7.782243563925074,2.090421057606033,3.3166748763944316,8.116396504861603,1.022398860486056,3.5912100784687584,-0.33415294093652914,1.0680221971199768,-0.2745352020743268,0.13003117621912472,1.435974366705339,0.2767216531815326,-1.878706189813802e-09,1.3283517988553772,0.13772241771221155,0.1300311780978309,0.10762256784996183,0.13899923546932103,-0.04207842596639886,0.656954970003653,0.06131905363028848,0.7502529887428477,-0.04241322953899237,0.614949534214419,0.05418019757770451,0.7855588421754177
1.785909653,0.27872310198153255,0.1377224177122116,0.14100068426932094,0.132380872964859,-0.7587993720131422,-0.7709529995918274,0.012153627578685211,0.025999538600444794,1.2947716774711313,1.2676136493682861,0.027158028102845178,0.06048203632235527,0.20773257733286077,0.13695289194583893,0.07077968538702184,0.12984617054462433,0.1309718551581405,-1.8787060795943944e-09,0.13097185703684658,2.907472662627697e-08,7.775188634891182,2.104979084158091,3.310202607931543,8.116396504861603,1.022398860486056,3.5912100784687584,-0.34120786997042085,1.0825802236720348,-0.2810074705372152,0.1309718551581408,1.4384431399239286,0.2787231019815328,-1.878706189813802e-09,1.3283517988553772,0.13772241771221155,0.130971857036847,0.11009134106855134,0.14100068426932122,-0.04256444218456319,0.6578524396920691,0.061587984469100535,0.7494166771708135,-0.04241322953899237,0.614949534214419,0.05418019757770451,0.7855588421754177
1.805881739,0.28272249558153256,0.14413022994995117,0.1385922656315814,0.14195480942726135,-0.7582102485963123,-0.7698453664779663,0.011635117881654056,0.02883305214345455,1.2961307829796094,1.2701820135116577,0.02594876946795166,0.06728224456310272,0.21071757268502647,0.14238561689853668,0.06833195578648979,0.14178943634033203,0.1328515661596683,-8.624003733359586e-10,0.13285156702206868,2.6193447411060333e-10,7.760980778058194,2.134002385664606,3.2972919201031785,8.100358662689436,1.0723728666191674,3.5659638454191236,-0.33937788463124186,1.0616295190454388,-0.2686719253159451,0.13285156615966903,1.4433763642014055,0.2827224955815335,-8.62400456817946e-10,1.3374605210653079,0.14413022994995117,0.1328515670220695,0.10591584313609759,0.13859226563158233,-0.04354314283545541,0.6596409270635456,0.062117655250652236,0.7477427625600388,-0.04464100503270776,0.6183810113145473,0.05649404701398275,0.7825730177863593
1.815941095,0.2847238087815326,0.14413022994995117,0.1405935788315814,0.14195480942726135,-0.7579154487870284,-0.7698453664779663,0.011929917690937875,0.02883305214345455,1.296810885031658,1.2701820135116577,0.026628871520000263,0.06728224456310272,0.21221127678062435,0.14238561689853668,0.06982565988208767,0.14178943634033203,0.13379218136681942,-8.624003733359586e-10,0.1337921822292198,2.6193447411060333e-10,7.75381605602652,2.1484919022280478,3.290842665266009,8.100358662689436,1.0723728666191674,3.5659638454191236,-0.3465426066629158,1.0761190356088803,-0.2751211801531146,0.13379218136681922,1.4458449701583347,0.2847238087815324,-8.62400456817946e-10,1.3374605210653079,0.14413022994995117,0.13379218222921968,0.1083844490930268,0.14059357883158125,-0.0440366456109396,0.660533437445296,0.06237883997627388,0.7469037636692242,-0.04464100503270776,0.6183810113145473,0.05649404701398275,0.7825730177863593
1.835955620,0.28872133918153264,0.15071649849414825,0.1380048406873844,0.14165133237838745,-0.7573265998254936,-0.7686929702758789,0.011366370450385355,0.028542203828692436,1.2981693573728021,1.2728568315505981,0.025312525822204,0.06655032187700272,0.21519488151113678,0.14801816642284393,0.06717671508829284,0.14081373810768127,0.1356710166662063,-1.4695061834046896e-09,0.13567101813571247,2.0023435354232788e-08,7.739395346470973,2.177365908349614,3.277983253569015,8.083297881125008,1.1235314332084911,3.5398090283091297,-0.34390253465403475,1.053834475141123,-0.2618257747401147,0.1356710166662061,1.4507758961915251,0.28872133918153275,-1.4695062131275131e-09,1.3469202848306434,0.15071649849414828,0.1356710181357123,0.10385561136088173,0.13800484068738447,-0.04502988231346687,0.662311246607127,0.06289282310316929,0.7452252110058155,-0.04695604622377037,0.6219242983179494,0.05884941680092597,0.7794498335537371
1.855867386,0.2927225873815327,0.15071649849414825,0.14200608888738442,0.14165133237838745,-0.756737203220176,-0.7686929702758789,0.011955767055702893,0.028542203828692436,1.2995290931260943,1.2728568315505981,0.02667226157549618,0.06655032187700272,0.2181812610662427,0.14801816642284393,0.07016309464339876,0.14081373810768127,0.13755159932788363,-1.4695061834046896e-09,0.13755160079738982,2.0023435354232788e-08,7.724815634627219,2.206175159598117,3.2651422763369675,8.083297881125008,1.1235314332084911,3.5398090283091297,-0.3584822464977888,1.0826437263896258,-0.27466675197216217,0.13755159932788397,1.4557114081052374,0.2927225873815327,-1.4695062131275131e-09,1.3469202848306434,0.15071649849414828,0.13755160079739018,0.10879112327459395,0.1420060888873844,-0.04603401705673928,0.6640840715399342,0.06339697408861666,0.7435415515470338,-0.04695604622377037,0.6219242983179494,0.05884941680092597,0.7794498335537371
1.875984192,0.29672173658153267,0.1574746072292328,0.13924712935229988,0.1433594822883606,-0.7561481158042446,-0.7675206065177917,0.011372490713547179,0.02778875268995762,1.300888115580635,1.2755788564682007,0.025309259112434423,0.06468942016363144,0.2211660740075389,0.1537499725818634,0.0674161014256755,0.13816040754318237,0.13943119546165528,-2.1639237068882267e-09,0.13943119762557898,1.4086253941059113e-08,7.710098707400402,2.2348769109582234,3.2523385748286673,8.065377169130828,1.1758291718023943,3.5132984383851205,-0.35527846173042654,1.059047739155829,-0.2609598635564532,0.1394311954616556,1.460644330917009,0.29672173658153306,-2.1639237733090187e-09,1.3565464796653508,0.15747460722923265,0.13943119762557937,0.10409785125165816,0.1392471293523004,-0.04704757299860688,0.6658492759636373,0.06389054784845842,0.7418552860695034,-0.049352644151448626,0.6255054541472475,0.061246050647672766,0.7762449127867884
1.885921240,0.2987245629815327,0.1574746072292328,0.14124995575229993,0.1433594822883606,-0.7558530930957806,-0.7675206065177917,0.011667513422011111,0.02778875268995762,1.3015687318602545,1.2755788564682007,0.025989875392053774,0.06468942016363144,0.22266090749809475,0.1537499725818634,0.06891093491623135,0.13816040754318237,0.1403725218712966,-2.1639237068882267e-09,0.1403725240352203,1.4086253941059113e-08,7.7026740640890985,2.2492161618985986,3.245937835707589,8.065377169130828,1.1758291718023943,3.5132984383851205,-0.36270310504172976,1.0733869900962043,-0.2673606026775315,0.14037252187129645,1.463114803395649,0.2987245629815329,-2.1639237733090187e-09,1.3565464796653508,0.15747460722923265,0.14037252403522021,0.10656832373029812,0.14124995575230023,-0.04755890537982868,0.6667307825750037,0.06413385963707119,0.7410094885587148,-0.049352644151448626,0.6255054541472475,0.061246050647672766,0.7762449127867884
1.908901215,0.30279610878153274,0.1574746072292328,0.14532150155229995,0.1433594822883606,-0.7552533414300592,-0.7675206065177917,0.01226726508773257,0.02778875268995762,1.3029523566989802,1.2755788564682007,0.027373500230779557,0.06468942016363144,0.22569975450958418,0.1537499725818634,0.07194978192772078,0.13816040754318237,0.14228614433483314,-2.1639237068882267e-09,0.14228614649875684,1.4086253941059113e-08,7.687469414753125,2.278293973773789,3.2329495800205326,8.065377169130828,1.1758291718023943,3.5132984383851205,-0.37790775437770296,1.1024648019713945,-0.2803488583645879,0.14228614433483266,1.4681370269115839,0.30279610878153224,-2.1639237733090187e-09,1.3565464796653508,0.15747460722923265,0.14228614649875643,0.11159054724623307,0.1453215015522996,-0.048606052350882265,0.6685175545973673,0.064620509228982,0.7392874411600716,-0.049352644151448626,0.6255054541472475,0.061246050647672766,0.7762449127867884
1.916170120,0.30479903598153274,0.1574746072292328,0.14732442875229995,0.1433594822883606,-0.7549583038734342,-0.7675206065177917,0.012562302644357537,0.02778875268995762,1.3036330072332514,1.2755788564682007,0.02805415076505069,0.06468942016363144,0.2271946632334283,0.1537499725818634,0.07344469065156489,0.13816040754318237,0.14322751812037385,-2.1639237068882267e-09,0.14322752028429755,1.4086253941059113e-08,7.679935274674826,2.292562459940157,3.226571981084116,8.065377169130828,1.1758291718023943,3.5132984383851205,-0.38544189445600185,1.1167332881377625,-0.28672645730100443,0.1432275181203745,1.4706076237263264,0.30479903598153374,-2.1639237733090187e-09,1.3565464796653508,0.15747460722923265,0.14322752028429825,0.11406114406097556,0.1473244287523011,-0.049124940207345466,0.6693939333296435,0.06485598166485841,0.7384390319541494,-0.049352644151448626,0.6255054541472475,0.061246050647672766,0.7762449127867884
1.935520411,0.3087223591815328,0.17084430158138275,0.13787805760015004,0.14364880323410034,-0.7543803858688366,-0.765291154384613,0.010910768515776437,0.027371209114789963,1.3049662618978235,1.2807412147521973,0.024225047145626233,0.06360813230276108,0.23012288253073473,0.16477572917938232,0.06534715335135241,0.13705456256866455,0.14507147610980237,-1.6330700125521957e-09,0.14507147774287238,-2.8230715543031693e-09,7.6650737642198665,2.32044251646999,3.2141021227652478,8.029158735963076,1.278772589444068,3.4630740319223876,-0.36408497174320953,1.0416699270259218,-0.24897190915713985,0.145071476109802,1.4754470156928012,0.30872235918153235,-1.633069928970706e-09,1.3749640466800455,0.17084430158138278,0.14507147774287193,0.10048296901275577,0.13787805760014957,-0.05014850927670671,0.6711055907370979,0.06530971731040597,0.7367747647168501,-0.054142413743099096,0.6322792989822545,0.06593793909220037,0.7700283600627013
1.945713758,0.31072322838153277,0.17084430158138275,0.13987892680015002,0.14364880323410034,-0.7540856514621671,-0.765291154384613,0.011205502922445931,0.027371209114789963,1.3056462130662867,1.2807412147521973,0.024904998314089433,0.06360813230276108,0.23161625524161059,0.16477572917938232,0.06684052606222826,0.13705456256866455,0.1460118826373965,-1.6330700125521957e-09,0.14601188427046652,-2.8230715543031693e-09,7.657441806254005,2.3346258042816275,3.207754109561855,8.029158735963076,1.278772589444068,3.4630740319223876,-0.3717169297090708,1.0558532148375595,-0.25531992236053247,0.14601188263739623,1.4779150739788143,0.3107232283815331,-1.633069928970706e-09,1.3749640466800455,0.17084430158138278,0.14601188427046616,0.10295102729876882,0.13987892680015032,-0.050674174426674226,0.6719759681918233,0.06553729142560581,0.7359247853221362,-0.054142413743099096,0.6322792989822545,0.06593793909220037,0.7700283600627013
1.965799093,0.31472212618153284,0.17084430158138275,0.14387782460015008,0.14364880323410034,-0.7534966010782566,-0.765291154384613,0.011794553306356481,0.027371209114789963,1.3070051500880944,1.2807412147521973,0.026263935335897104,0.06360813230276108,0.2346008805475034,0.16477572917938232,0.06982515136812106,0.13705456256866455,0.147891360613419,-1.6330700125521957e-09,0.14789136224648902,-2.8230715543031693e-09,7.642082523850455,2.362900190122412,3.1950905334837825,8.029158735963076,1.278772589444068,3.4630740319223876,-0.3870762121126212,1.0841276006783438,-0.26798349843860514,0.14789136061341882,1.4828476866904194,0.31472212618153284,-1.633069928970706e-09,1.3749640466800455,0.17084430158138278,0.14789136224648874,0.10788364001037398,0.14387782460015006,-0.05173213436526015,0.6737102788002004,0.06598436541947646,0.7342236103757219,-0.054142413743099096,0.6322792989822545,0.06593793909220037,0.7700283600627013
1.985937119,0.3187232221815329,0.17760638892650604,0.14111683325502683,0.14756284654140472,-0.7529072268924838,-0.7641704082489014,0.011263181356417573,0.028155507519841194,1.308364834119581,1.2833353281021118,0.025029506017469227,0.06546048074960709,0.23758714650631493,0.17032895982265472,0.06725818668366021,0.14060655236244202,0.1497718717412482,-1.7803354346312972e-09,0.14977187352158364,9.866198524832726e-09,7.626573703665301,2.3910933419437894,3.1824513918410697,8.010173533229926,1.3305250831979758,3.437964572097556,-0.38359982956462524,1.0605682587458136,-0.2555131802564863,0.14977187174124887,1.487783010866492,0.31872322218153376,-1.780335190252051e-09,1.384232136808944,0.1776063889265062,0.14977187352158405,0.10355087405754793,0.14111683325502755,-0.05280049551863866,0.6754385484505411,0.06642134069263292,0.7325183140649834,-0.05659688110459991,0.6356531204939436,0.06827951838605723,0.7668636194425393
2.005909443,0.3227223945815329,0.17760638892650604,0.14511600565502686,0.14756284654140472,-0.7523181360591185,-0.7641704082489014,0.011852272189782909,0.028155507519841194,1.3097238644581288,1.2833353281021118,0.02638853635601701,0.06546048074960709,0.24057197676320924,0.17032895982265472,0.07024301694055451,0.14060655236244202,0.15165147877899673,-1.7803354346312972e-09,0.15165148055933217,9.866198524832726e-09,7.610932020098993,2.4191754338881624,3.169849859261009,8.010173533229926,1.3305250831979758,3.437964572097556,-0.39924151313093326,1.0886503506901866,-0.26811471283654686,0.15165147877899743,1.4927159622952992,0.3227223945815335,-1.780335190252051e-09,1.384232136808944,0.1776063889265062,0.1516514805593326,0.10848382548635516,0.1451160056550273,-0.05387813324382356,0.6771589416971106,0.06684776204821262,0.7308107081501718,-0.05659688110459991,0.6356531204939436,0.06827951838605723,0.7668636194425393
2.026101351,0.32672417278153293,0.17760638892650604,0.1491177838550269,0.14756284654140472,-0.7517286613831127,-0.7641704082489014,0.012441746865788694,0.028155507519841194,1.3110837803202056,1.2833353281021118,0.027748452218093744,0.06546048074960709,0.243558751890168,0.17032895982265472,0.07322979206751329,0.14060655236244202,0.15353231054014527,-1.7803354346312972e-09,0.1535323123204807,9.866198524832726e-09,7.595140439423986,2.447177479025455,3.157271821940263,8.010173533229926,1.3305250831979758,3.437964572097556,-0.4150330938059401,1.116652395827479,-0.2806927501572929,0.15353231054014677,1.4976521279603425,0.32672417278153476,-1.780335190252051e-09,1.384232136808944,0.1776063889265062,0.15353231232048195,0.11341999115139845,0.14911778385502855,-0.054966245180457306,0.6788733509701229,0.06726410611851268,0.729098913221955,-0.05659688110459991,0.6356531204939436,0.06827951838605723,0.7668636194425393
2.046623230,0.330746533981533,0.18452736735343933,0.14621916662809364,0.15151065587997437,-0.7511361547656424,-0.7630136609077454,0.011877506142102923,0.029180146753787994,1.3124506908598454,1.2860153913497925,0.026435299510052968,0.0679078996181488,0.2465608893858953,0.17604242265224457,0.07051846673365073,0.14506679773330688,0.15542281629075672,-1.3926724218293884e-09,0.15542281768342914,1.2048985809087753e-08,7.579127534104259,2.475223645551453,3.1446612028291567,7.990171466358342,1.3832486327459061,3.4121656677098575,-0.4110439322540831,1.0919750128055468,-0.2675044648807008,0.1554228162907581,1.5026136826131793,0.330746533981534,-1.3926725070831036e-09,1.3937824102273717,0.18452736735343936,0.1554228176834306,0.10883127238580759,0.14621916662809462,-0.05606977862150914,0.6805893613726562,0.06767214966458016,0.727375268531636,-0.05913425078416228,0.6391069317818309,0.0706512598646,0.7635796419576382
2.065851212,0.334732753781533,0.18452736735343933,0.15020538642809367,0.15151065587997437,-0.7505489718915159,-0.7630136609077454,0.012464689016229435,0.029180146753787994,1.3138053195436001,1.2860153913497925,0.027789928193807656,0.0679078996181488,0.249536052314523,0.17604242265224457,0.07349362966227843,0.14506679773330688,0.15729633561942893,-1.3926724218293884e-09,0.15729633701210136,1.2048985809087753e-08,7.563120658964815,2.502918243238728,3.1321958030073964,7.990171466358342,1.3832486327459061,3.4121656677098575,-0.4270508073935275,1.1196696104928219,-0.2799698647024611,0.1572963356194281,1.5075306570996845,0.33473275378153167,-1.3926725070831036e-09,1.3937824102273717,0.18452736735343936,0.1572963370121006,0.11374824687231277,0.1502053864280923,-0.05717308845532179,0.6822827611521596,0.06806619572949157,0.7256641542683362,-0.05913425078416228,0.6391069317818309,0.0706512598646,0.7635796419576382
2.085845232,0.338721815981533,0.19152867794036865,0.14719313804116435,0.15138141810894012,-0.7499613703228153,-0.7618364691734314,0.011875098850616106,0.029183439910411835,1.3151609141541636,1.288744330406189,0.02641658374797462,0.0679091364145279,0.2525133367024612,0.18184511363506317,0.070668223067398,0.14506694674491882,0.1591711908732651,-1.729112741877259e-09,0.15917119260237783,-1.3329554349184036e-08,7.546965724411311,2.530532616314729,3.119753463343412,7.969373039916732,1.4363288496413846,3.386029752771153,-0.42240731550542154,1.0942037666733444,-0.2662762894277413,0.15917119087326706,1.512451137666897,0.33872181598153583,-1.7291126263876183e-09,1.4034912320009005,0.19152867794036899,0.1591711926023797,0.10895990566599645,0.14719313804116685,-0.05828681728484819,0.6839701476135029,0.06845022446859668,0.7239489283606716,-0.06172639665637946,0.6425939711408858,0.07302506704624442,0.7602171925128354
2.105939865,0.3427230445815331,0.19152867794036865,0.15119436664116442,0.15138141810894012,-0.7493719766046402,-0.7618364691734314,0.01246449256879123,0.029183439910411835,1.316520643246829,1.288744330406189,0.027776312840640083,0.0679091364145279,0.2554997016288722,0.18184511363506317,0.07365458799380903,0.14506694674491882,0.161051764322962,-1.729112741877259e-09,0.16105176605207475,-1.3329554349184036e-08,7.530624931660348,2.5581300038546693,3.1073054288676807,7.969373039916732,1.4363288496413846,3.386029752771153,-0.4387481082563838,1.1218011542132846,-0.27872432390347246,0.16105176432296114,1.5173866254041428,0.34272304458153263,-1.7291126263876183e-09,1.4034912320009005,0.19152867794036899,0.16105176605207377,0.11389539340324228,0.15119436664116365,-0.059413596295643994,0.685655370449107,0.06882507284722579,0.7222256204934094,-0.06172639665637946,0.6425939711408858,0.07302506704624442,0.7602171925128354
2.125914812,0.3467292003815331,0.19152867794036865,0.15520052244116445,0.15138141810894012,-0.7487818570942101,-0.7618364691734314,0.013054612079221317,0.029183439910411835,1.317882046739499,1.288744330406189,0.02913771633330997,0.0679091364145279,0.25848974403006314,0.18184511363506317,0.07664463039499997,0.14506694674491882,0.16293465355174272,-1.729112741877259e-09,0.16293465528085546,-1.3329554349184036e-08,7.5141277110565134,2.5856590867079112,3.094874575169153,7.969373039916732,1.4363288496413846,3.386029752771153,-0.45524532886021873,1.1493302370665266,-0.29115517760200005,0.16293465355174297,1.5223281908084325,0.3467292003815336,-1.7291126263876183e-09,1.4034912320009005,0.19152867794036899,0.1629346552808556,0.11883695880753198,0.1552005224411646,-0.060551421902523855,0.6873352800523439,0.06918999409050892,0.7204973857126089,-0.06172639665637946,0.6425939711408858,0.07302506704624442,0.7602171925128354
2.145911694,0.3507269205815331,0.19152867794036865,0.15919824264116444,0.15138141810894012,-0.7481929801745306,-0.7618364691734314,0.013643488998900777,0.029183439910411835,1.3192405835799776,1.288744330406189,0.03049625317378868,0.0679091364145279,0.2614734904200806,0.18184511363506317,0.07962837678501744,0.14506694674491882,0.1648135780569402,-1.729112741877259e-09,0.16481357978605293,-1.3329554349184036e-08,7.497530014204827,2.6130274416905035,3.082502469715503,7.969373039916732,1.4363288496413846,3.386029752771153,-0.4718430257119053,1.1766985920491189,-0.30352728305565035,0.16481357805693866,1.527259350958603,0.35072692058153104,-1.7291126263876183e-09,1.4034912320009005,0.19152867794036899,0.1648135797860513,0.12376811895770246,0.15919824264116206,-0.061696459004673125,0.6890042291548767,0.06954378273455719,0.7187700476758526,-0.06172639665637946,0.6425939711408858,0.07302506704624442,0.7602171925128354
2.165738583,0.35472357198153315,0.20558619499206543,0.14913737698946772,0.15152081847190857,-0.7476042606924955,-0.7595344185829163,0.011930157890420734,0.028322691097855568,1.320598757212402,1.2940738201141357,0.02652493709826631,0.06578757613897324,0.2644564390984069,0.19326190650463104,0.07119453259377584,0.14187806844711304,0.1666920002272041,-8.146703867062399e-10,0.16669200104187448,-1.949956640601158e-08,7.480802485800986,2.640285142966529,3.070166342934484,7.926603819078718,1.5422472598346169,3.335191276558887,-0.44580133327773197,1.098037883131912,-0.26502493362440305,0.16669200022720262,1.5321891927513884,0.3547235719815313,-8.146700152722026e-10,1.422539565168931,0.20558619499206607,0.16669200104187265,0.10964962758245744,0.14913737698946525,-0.06285075600738249,0.6906652663783509,0.06988712608404007,0.7170404883237316,-0.06698483316294407,0.6493503760120872,0.07773216243870298,0.7535348911773739
2.185724258,0.3587221351815332,0.21291498839855194,0.14580714678298123,0.15995988249778748,-0.7470152595962307,-0.7583073377609253,0.011292078164694574,0.03044263832271099,1.321957580527796,1.2969204187393188,0.025037161788477258,0.07084202021360397,0.267440814671579,0.1993005871772766,0.06814022749430237,0.15113474428653717,0.16857132094156044,-4.374847706323237e-10,0.1685713213790452,-8.17817635834217e-09,7.463933360862412,2.6674517666794815,3.057857149723622,7.903291088454075,1.5970095672410225,3.3083056985826262,-0.4393577275916627,1.070442199438459,-0.250448548859004,0.1685713209415585,1.5371213927362257,0.35872213518153184,-4.3748468864425814e-10,1.4326519252887506,0.21291498839855208,0.16857132137904318,0.1044694674474751,0.14580714678297976,-0.06401514912912938,0.6923195749528187,0.07022027563401612,0.7153074721467731,-0.06976995348831974,0.6529007868862963,0.08014114147957138,0.7499534075633261
2.205823421,0.3627167179815332,0.21291498839855194,0.14980172958298127,0.15995988249778748,-0.746426844825565,-0.7583073377609253,0.01188049293536031,0.03044263832271099,1.3233150511922367,1.2969204187393188,0.026394632452917843,0.07084202021360397,0.2704222194255,0.1993005871772766,0.07112163224822338,0.15113474428653717,0.1704487708718883,-4.374847706323237e-10,0.17044877130937308,-8.17817635834217e-09,7.4469483566731025,2.694486649178153,3.045593146782103,7.903291088454075,1.5970095672410225,3.3083056985826262,-0.45634273178097207,1.0974770819371304,-0.2627125518005231,0.17044877087188814,1.542048682925248,0.36271671798153354,-4.3748468864425814e-10,1.4326519252887506,0.21291498839855208,0.17044877130937283,0.10939675763649737,0.14980172958298146,-0.06518788724033182,0.6939646700016716,0.07054274751014336,0.7135736100223529,-0.06976995348831974,0.6529007868862963,0.08014114147957138,0.7499534075633261
2.215428829,0.36472262318153326,0.22021837532520294,0.14450424785633031,0.15736883878707886,-0.7461313686000539,-0.7571024298667908,0.010971061266736859,0.029335390776395798,1.3239967137339794,1.2997123003005981,0.02428441343338128,0.06813886016607285,0.2719193508153399,0.20526032149791718,0.06665902931742274,0.14685240387916565,0.1713915443144577,-5.451689100155477e-10,0.1713915448596266,-7.828930392861366e-09,7.438369453970247,2.7080226972692425,3.039447160814338,7.879667151223956,1.6513238118918887,3.2820060537264215,-0.4412976972537086,1.0566988853773538,-0.24255889291208366,0.17139154431446144,1.5445229530823497,0.3647226231815378,-5.451686534646776e-10,1.4426084490648061,0.22021837532520336,0.1713915448596301,0.10191450401754354,0.14450424785633445,-0.06578035906986206,0.694787895909356,0.07070077843308753,0.7127019882022538,-0.0725653751477614,0.6563655358453971,0.08251897563760101,0.746397460033038
2.235588551,0.3687230737815333,0.22021837532520294,0.14850469845633035,0.15736883878707886,-0.7455420894837571,-0.7571024298667908,0.011560340383033663,0.029335390776395798,1.3253561784405425,1.2997123003005981,0.025643878139944398,0.06813886016607285,0.2749051350721254,0.20526032149791718,0.06964481357420821,0.14685240387916565,0.17327175210493084,-5.451689100155477e-10,0.17327175265009975,-7.828930392861366e-09,7.421161346944415,2.734938462454011,3.0272149602576315,7.879667151223956,1.6513238118918887,3.2820060537264215,-0.45850580427954046,1.0836146505621225,-0.25479109346879003,0.1732717521049283,1.5494574811619901,0.3687230737815305,-5.451686534646776e-10,1.4426084490648061,0.22021837532520336,0.17327175265009695,0.106849032097184,0.14850469845632716,-0.066969064188944,0.696423925099992,0.07100815874113309,0.710961814995835,-0.0725653751477614,0.6563655358453971,0.08251897563760101,0.746397460033038
2.255666971,0.3727220369815333,0.22021837532520294,0.15250366165633034,0.15736883878707886,-0.7449530294662181,-0.7571024298667908,0.012149400400572663,0.029335390776395798,1.3267151376870947,1.2997123003005981,0.02700283738649656,0.06813886016607285,0.2778898091900921,0.20526032149791718,0.07262948769217492,0.14685240387916565,0.1751512608188881,-5.451689100155477e-10,0.175151261364057,-7.828930392861366e-09,7.403828629920761,2.761737565478871,3.015020663616126,7.879667151223956,1.6513238118918887,3.2820060537264215,-0.4758385213031948,1.1104137535869822,-0.26698539011029565,0.17515126081889112,1.5543901745440474,0.3727220369815358,-5.451686534646776e-10,1.4426084490648061,0.22021837532520336,0.17515126136405978,0.11178172547924126,0.15250366165633242,-0.06816677810077756,0.6980516328223068,0.07130505808165577,0.7092198509414711,-0.0725653751477614,0.6563655358453971,0.08251897563760101,0.746397460033038
2.275701284,0.3767222897815333,0.22744038701057434,0.14928190277095899,0.1556195169687271,-0.7443637794864912,-0.7559447288513184,0.01158094936482712,0.028088456019759178,1.3280745351757002,1.30238938331604,0.025685151859660138,0.0651048868894577,0.28087544581647667,0.21103478968143463,0.06984065613504203,0.14187085628509521,0.17703137564355864,-4.386488949847944e-10,0.17703137608220754,-2.3952452465891838e-08,7.386360048974887,2.78843793095952,3.0028559418522174,7.856074929450656,1.7048114764867424,3.2568179085941367,-0.46971488047576937,1.0836264544727778,-0.2539619667419193,0.17703137564355692,1.5593244586387707,0.37672228978153427,-4.3864912629221676e-10,1.4522177012792337,0.2274403870105735,0.17703137608220604,0.10710675735953701,0.14928190277096076,-0.06937430284172116,0.6996720973211801,0.07159168344881381,0.7074749417444912,-0.07534359000695053,0.6596763421997465,0.08485266033817125,0.7429337070158832
2.285759687,0.37872430338153334,0.22744038701057434,0.151283916370959,0.1556195169687271,-0.7440688765060565,-0.7559447288513184,0.011875852345261895,0.028088456019759178,1.3287548752432066,1.30238938331604,0.02636549192716653,0.0651048868894577,0.28236967266400986,0.21103478968143463,0.07133488298257523,0.14187085628509521,0.1779723200380109,-4.386488949847944e-10,0.17797232047665978,-2.3952452465891838e-08,7.3775688380654945,2.8017601701666965,2.9967804692059605,7.856074929450656,1.7048114764867424,3.2568179085941367,-0.478506091385162,1.0969486936799542,-0.26003743938817614,0.17797232003801053,1.5617939285342457,0.37872430338153107,-4.3864912629221676e-10,1.4522177012792337,0.2274403870105735,0.17797232047665965,0.10957622725501204,0.15128391637095756,-0.06998216497154378,0.7004801604279104,0.07173123728491412,0.7066007861801173,-0.07534359000695053,0.6596763421997465,0.08485266033817125,0.7429337070158832
2.305488348,0.3827140159815334,0.23452019691467285,0.14819381906686052,0.1539597064256668,-0.743481179131364,-0.754848062992096,0.011366883860731924,0.027544502168893814,1.3301106908778328,1.3049184083938599,0.025192282483972983,0.06377005577087402,0.2853474424857841,0.21656599640846252,0.06878144607732156,0.1397736668586731,0.17984748097919812,-5.131546854109104e-10,0.1798474814923528,-2.2904714569449425e-08,7.359952919293966,2.8282283202791043,2.9846981713094443,7.832782664328896,1.7570463940246648,3.233020670423176,-0.4728297450349297,1.0711819262544395,-0.2483224991137316,0.17984748097920464,1.5667152113653624,0.3827140159815404,-5.131550178591134e-10,1.4613745989433036,0.234520196914672,0.17984748149235966,0.10534061242205883,0.14819381906686843,-0.07120054718575045,0.7020846402828644,0.07200160081917767,0.7048570134706801,-0.07807802112720225,0.6627986646967385,0.08712547613298219,0.7396018551232018
2.315601110,0.38472273438153337,0.23452019691467285,0.15020253746686052,0.1539597064256668,-0.743185288512532,-0.754848062992096,0.011662774479563986,0.027544502168893814,1.3307933094234097,1.3049184083938599,0.025874901029549813,0.06377005577087402,0.28684667354116455,0.21656599640846252,0.07028067713270203,0.1397736668586731,0.18079157662296055,-5.131546854109104e-10,0.18079157713611524,-2.2904714569449425e-08,7.351035384074148,2.841513323788002,2.9786277833235593,7.832782664328896,1.7570463940246648,3.233020670423176,-0.4817472802547478,1.0844669297633374,-0.2543928870996166,0.18079157662303907,1.5691929515853311,0.38472273438165994,-5.131550178591134e-10,1.4613745989433036,0.234520196914672,0.1807915771361941,0.10781835264202755,0.15020253746698795,-0.0718174944535783,0.7028894837692562,0.07213381771677277,0.7039782194348079,-0.07807802112720225,0.6627986646967385,0.08712547613298219,0.7396018551232018
2.326086283,0.38672492098153344,0.23452019691467285,0.15220472406686059,0.1539597064256668,-0.7428903600486461,-0.754848062992096,0.011957702943449888,0.027544502168893814,1.3314737082811419,1.3049184083938599,0.026555299887282002,0.06377005577087402,0.28834102950932144,0.21656599640846252,0.07177503310085892,0.1397736668586731,0.1817326023272402,-5.131546854109104e-10,0.18173260284039489,-2.2904714569449425e-08,7.34211473977202,2.854727666677563,2.972585649174862,7.832782664328896,1.7570463940246648,3.233020670423176,-0.4906679245568757,1.0976812726528982,-0.26043502124831397,-2.959860051262544,1.5699300187150858,-2.7548677326083126,-5.131550178591134e-10,1.4613745989433036,0.234520196914672,-2.959860050749389,0.10855541977178218,-2.9893879295229846,-0.07243477856347158,0.7036897211648635,0.0722630027302089,0.7031017263652476,-0.07807802112720225,0.6627986646967385,0.08712547613298219,0.7396018551232018
2.345641375,0.39072157938153346,0.23452019691467285,0.1562013824668606,0.1539597064256668,-0.7423016395354887,-0.754848062992096,0.01254642345660728,0.027544502168893814,1.3328318842923614,1.3049184083938599,0.027913475898501572,0.06377005577087402,0.29132398341218163,0.21656599640846252,0.0747579870037191,0.1397736668586731,0.18361102778749713,-5.131546854109104e-10,0.18361102830065182,-2.2904714569449425e-08,7.324212364296608,2.881023113983417,2.960550152091993,7.832782664328896,1.7570463940246648,3.233020670423176,-0.5085703000322876,1.123976719958752,-0.2724705183311831,-2.9579816258022964,1.5650001682876553,-2.7508710742082525,-5.131550178591134e-10,1.4613745989433036,0.234520196914672,-2.9579816252891415,0.10362556934435174,-2.9853912711229245,-0.073673948216029,0.7052811483776978,0.07251310744444503,0.7013504832436119,-0.07807802112720225,0.6627986646967385,0.08712547613298219,0.7396018551232018
2.365828276,0.3947164585815335,0.24173355102539062,0.15298290755614286,0.15747937560081482,-0.7417131811041588,-0.7537111639976501,0.011997982893491299,0.028556492179632187,1.3341894556817904,1.3075437545776367,0.026645701104153652,0.06618553400039673,0.2943056093877954,0.22227223217487335,0.07203337721292202,0.1441500335931778,0.18548861702552927,-2.6751834081295556e-10,0.1854886172930476,1.0972144082188606e-08,7.306191503041752,2.9071966849130852,2.948554069454815,7.808384161710788,1.8099416801404689,3.208480820326627,-0.5021926586690357,1.0972550047726164,-0.25992675087181194,-2.9561040365642723,1.560072512491305,-2.746876195008272,-2.675180805034809e-10,1.47084307988794,0.24173355102539107,-2.9561040362967543,0.08922943260336513,-2.988609746033663,-0.0749218354378116,0.7068638821766864,0.07275275884993859,0.6995978893110356,-0.08089220426839946,0.6660052573222608,0.08941044890264599,0.7361380442109592
2.375481367,0.3967217435815335,0.24173355102539062,0.15498819255614288,0.15747937560081482,-0.7414177962360834,-0.7537111639976501,0.012293367761566754,0.028556492179632187,1.3348709074622724,1.3075437545776367,0.02732715288463572,0.06618553400039673,0.2958022778839313,0.22227223217487335,0.07353004570905797,0.1441500335931778,0.18643109897471744,-2.6751834081295556e-10,0.18643109924223578,1.0972144082188606e-08,7.29709827194063,2.920293143586208,2.9425453478704298,7.808384161710788,1.8099416801404689,3.208480820326627,-0.511285889770158,1.110351463445739,-0.2659354724561971,-2.9551615546150733,1.5575990073465942,-2.744870910008256,-2.675180805034809e-10,1.47084307988794,0.24173355102539107,-2.9551615543475553,0.08675592745865424,-2.986604461033647,-0.07555171356639162,0.7076553317039942,0.07286915800875676,0.6987173648186988,-0.08089220426839946,0.6660052573222608,0.08941044890264599,0.7361380442109592
2.385914326,0.3987237351815335,0.24884679913520813,0.14987693604632535,0.15377509593963623,-0.7411228964963186,-0.7526046633720398,0.011481766875721222,0.027447901666164398,1.335551240053565,1.3100965023040771,0.02545473774948781,0.06352245807647705,0.29729648831150085,0.2278507500886917,0.06944573822280914,0.13946256041526794,0.18737203302919167,-6.495567972386596e-11,0.18737203309414735,-2.3370375856757164e-08,7.287988497212245,2.9333401606763325,2.9365551045471974,7.783965082012752,1.8618480855596733,3.1846882519473922,-0.4959765848005073,1.0714920751166592,-0.24813314740019488,-2.9542206205605996,1.5551295645879661,-2.7428689184082584,-6.495579848687362e-11,1.4800808461538084,0.24884679913520785,-2.954220620495644,0.07504871843415772,-2.991715717543466,-0.07618287496750978,0.7084434553320684,0.07298276780461965,0.6978377718083346,-0.08368459502172768,0.6691048744703453,0.09164249365237145,0.7327326994704467
2.395766020,0.40072483558153354,0.24884679913520813,0.15187803644632542,0.15377509593963623,-0.7408281280331527,-0.7526046633720398,0.011776535338887117,0.027447901666164398,1.3362312697902374,1.3100965023040771,0.026134767486160282,0.06352245807647705,0.298790033581268,0.2278507500886917,0.07093928349257628,0.13946256041526794,0.1883125482205551,-6.495567972386596e-11,0.18831254828551078,-2.3370375856757164e-08,7.2788514468624,2.9463533971815976,2.930576141898303,7.783965082012752,1.8618480855596733,3.1846882519473922,-0.5051136351503525,1.0845053116219243,-0.25411211004908907,-2.9532801053692403,1.5526612211183772,-2.7408678180082653,-6.495579848687362e-11,1.4800808461538084,0.24884679913520785,-2.9532801053042848,0.07258037496456882,-2.989714617143473,-0.07681606583634057,0.709229198601927,0.07309373295777556,0.6969580633597642,-0.08368459502172768,0.6691048744703453,0.09164249365237145,0.7327326994704467
2.415626764,0.40472235718153354,0.24884679913520813,0.1558755580463254,0.15377509593963623,-0.7402392803678857,-0.7526046633720398,0.012365383004154129,0.027447901666164398,1.3375897391408962,1.3100965023040771,0.027493236836819035,0.06352245807647705,0.3017736317437949,0.2278507500886917,0.07392288165510319,0.13946256041526794,0.19019137938395073,-6.495567972386596e-11,0.1901913794489064,-2.3370375856757164e-08,7.260505323368415,2.972265381589862,2.91865805145577,7.783965082012752,1.8618480855596733,3.1846882519473922,-0.5234597586443375,1.1104172960301888,-0.2660302004916222,-2.9514012742058426,1.5477303059399088,-2.7368702964082607,-6.495579848687362e-11,1.4800808461538084,0.24884679913520785,-2.951401274140887,0.06764945978610037,-2.9857170955434684,-0.07808786770231958,0.7107927466867996,0.07330763958822654,0.6951992132857623,-0.08368459502172768,0.6691048744703453,0.09164249365237145,0.7327326994704467
2.435478926,0.4087224411815336,0.24884679913520813,0.15987564204632548,0.15377509593963623,-0.7396500552529366,-0.7526046633720398,0.012954608119103206,0.027447901666164398,1.338949079266553,1.3100965023040771,0.028852576962475895,0.06352245807647705,0.30475914238427615,0.2278507500886917,0.07690839229558444,0.13946256041526794,0.1920714148727897,-6.495567972386596e-11,0.19207141493774538,-2.3370375856757164e-08,7.242023521836199,2.9980812960554286,2.9067669263909326,7.783965082012752,1.8618480855596733,3.1846882519473922,-0.5419415601765536,1.1362332104957553,-0.27792132555645965,-2.9495212387169985,1.5427962300588152,-2.7328702124082516,-6.495579848687362e-11,1.4800808461538084,0.24884679913520785,-2.949521238652043,0.06271538390500675,-2.9817170115434593,-0.0793696649414622,0.7123491145870093,0.07351132718774225,0.6934372934947185,-0.08368459502172768,0.6691048744703453,0.09164249365237145,0.7327326994704467
2.456924438,0.41271666298153364,0.25612321496009827,0.15659344802143538,0.16208109259605408,-0.7390616936587208,-0.751457691192627,0.012395997533906189,0.02947412244975567,1.3403064272531238,1.3127464056015015,0.027560021651622302,0.06838081032037735,0.30774027770151996,0.23360170423984528,0.07413857346167468,0.1480845808982849,0.19394869513347776,-5.49243428515922e-10,0.1939486956827212,6.51925802230835e-09,7.223445925877474,3.023746272753072,2.894927902394641,7.758363844814944,1.9146138528092211,3.1601627301091098,-0.5349179189374702,1.109132419943851,-0.26523482771446893,-2.9476439584563154,1.5378693851607887,-2.7288759906082585,-5.492432618980539e-10,1.4896286757818025,0.25612321496009954,-2.947643957907072,0.04824070937898628,-2.984999205568358,-0.08065871513980594,0.7138949833068238,0.0737043822803583,0.6916760719542178,-0.08656761258894656,0.6722847392112156,0.09389552043655143,0.7291933276685322
2.466973543,0.4147227075815336,0.26331737637519836,0.15140533120633526,0.15595947206020355,-0.7387661968991457,-0.7503393888473511,0.011573191948205386,0.027751481160521507,1.3409881371668748,1.315327525138855,0.025660612028019836,0.06423488259315491,0.3092375131342209,0.23923583328723907,0.0700016798469818,0.14085347950458527,0.19489153409390803,-3.1990526894176696e-10,0.1948915344138133,9.953510016202927e-09,7.2140695093910185,3.036593330578468,2.8889950236053186,7.7327025498077955,1.9665171641251762,3.136344365037116,-0.5186330404167769,1.0700761664532918,-0.24734934143179732,-2.946701119495884,1.535394943054767,-2.726869946008258,-3.199053672315147e-10,1.498962226711821,0.2633173763751975,-2.9467011191759784,0.03643271634294609,-2.9901873223834556,-0.08130955565199152,0.7146682611871783,0.07379744702420958,0.6907908289953478,-0.08943476632578433,0.675363053513242,0.09610155052703048,0.7257070073437507
2.475782394,0.4167239433815336,0.26331737637519836,0.15340656700633526,0.15595947206020355,-0.7384714084911284,-0.7503393888473511,0.011867980356222718,0.027751481160521507,1.3416682129162443,1.315327525138855,0.026340687777389293,0.06423488259315491,0.31073115946140095,0.23923583328723907,0.07149532617416188,0.14085347950458527,0.19583211292313638,-3.1990526894176696e-10,0.19583211324304164,9.953510016202927e-09,7.204685013646805,3.0493809488222796,2.883085125737501,7.7327025498077955,1.9665171641251762,3.136344365037116,-0.5280175361609905,1.0828637846971034,-0.2532592392996147,-2.9457605406666563,1.5329264325701937,-2.7248687102082565,-3.199053672315147e-10,1.498962226711821,0.2633173763751975,-2.945760540346751,0.033964205858372676,-2.988186086583454,-0.08196111738620664,0.7154376021159357,0.07388769443468542,0.6899072555978311,-0.08943476632578433,0.675363053513242,0.09610155052703048,0.7257070073437507
2.487224102,0.4187159609815337,0.26331737637519836,0.15539858460633532,0.15595947206020355,-0.7381779779533345,-0.7503393888473511,0.012161410894016567,0.027751481160521507,1.342345156064112,1.315327525138855,0.027017630925256997,0.06423488259315491,0.31221792567451695,0.23923583328723907,0.07298209238727787,0.14085347950458527,0.19676835920756236,-3.1990526894176696e-10,0.19676835952746763,9.953510016202927e-09,7.1953135379329245,3.0620811750751162,2.877211154942106,7.7327025498077955,1.9665171641251762,3.136344365037116,-0.537389011874871,1.09556401094994,-0.25913321009500967,-2.944824294382231,1.5304692926714176,-2.7228766926082595,-3.199053672315147e-10,1.498962226711821,0.2633173763751975,-2.9448242940623257,0.031507065959596625,-2.986194068983457,-0.08261193679283757,0.716201326491089,0.07397495330759712,0.6890273101371813,-0.08943476632578433,0.675363053513242,0.09610155052703048,0.7257070073437507
2.505803585,0.42272474438153373,0.26331737637519836,0.15940736800633537,0.15595947206020355,-0.7375874713890546,-0.7503393888473511,0.012751917458296513,0.027751481160521507,1.3437074524885588,1.315327525138855,0.02837992734970385,0.06423488259315491,0.3152099292164637,0.23923583328723907,0.0759740959292246,0.14085347950458527,0.1986524834057213,-3.1990526894176696e-10,0.19865248372562658,9.953510016202927e-09,7.176363217292148,3.0875529458547653,2.8654166274001573,7.7327025498077955,1.9665171641251762,3.136344365037116,-0.5563393325156474,1.121035781729589,-0.27092773763695854,-2.9429401701840727,1.525524486140749,-2.71886790920826,-3.199053672315147e-10,1.498962226711821,0.2633173763751975,-2.9429401698641673,0.026562259428928092,-2.9821852855834576,-0.08392847628577313,0.7177319696126198,0.07414277630063368,0.6872551777809842,-0.08943476632578433,0.675363053513242,0.09610155052703048,0.7257070073437507
2.525850058,0.42672267858153373,0.2706727683544159,0.15604991022711784,0.1640586107969284,-0.7369985629464934,-0.7491852641105652,0.012186701164071834,0.0295447688549757,1.3450660620522068,1.317994475364685,0.027071586687521743,0.06852996349334717,0.31819383532794626,0.2450231909751892,0.07317064435275705,0.14851464331150055,0.20053150849070525,-9.121682298385281e-10,0.20053150940287348,-1.7636921256780624e-08,7.157343855483281,3.1128402119729053,2.8536892469995463,7.705881504023043,2.0192446462879183,3.111901147667902,-0.548537648539762,1.093595565684987,-0.25821190066835564,-2.941061145099087,1.5205930620230526,-2.714869975008258,-9.121682164283055e-10,1.5085706593623898,0.27067276835441695,-2.9410611441869188,0.01202240266066279,-2.9855427433626747,-0.08525049422494266,0.7192500528277095,0.07429979724384186,0.6854861449156096,-0.09239138513464634,0.6785065015703131,0.09832709278015206,0.7220973217684162
2.545954704,0.4307225589815338,0.2781892716884613,0.15253328729307247,0.1641550362110138,-0.7364093678224728,-0.7479953169822693,0.011585949159796494,0.02954900451004505,1.3464253329889044,1.3207472562789917,0.025678076709912734,0.06853345036506653,0.321179194009127,0.2509637773036957,0.0702154167054313,0.14851465821266174,0.20241144828774735,-1.0396430383252664e-09,0.20241144932739039,-1.5366822481155396e-08,7.138195807067596,3.1380236816882423,2.8419914941314675,7.677870156283471,2.0727662313797617,3.0868448204687366,-0.5396743492158746,1.0652574503084806,-0.2448533263372692,-2.939181205302048,1.5156592372811597,-2.7108700946082616,-1.039643037703787e-09,1.5184539737335045,0.27818927168846275,-2.939181204262405,-0.002794736452344848,-2.989059366296724,-0.08658215872699927,0.7207604121586745,0.07444655727037286,0.6837146101741718,-0.09543886972864773,0.6817126918785666,0.10056981919121487,0.7183626795320337
2.565787315,0.4347228121815338,0.2781892716884613,0.1565335404930725,0.1641550362110138,-0.7358201177838247,-0.7479953169822693,0.012175199198444564,0.02954900451004505,1.347784730613441,1.3207472562789917,0.027037474334449252,0.06853345036506653,0.32416483093405635,0.2509637773036957,0.07320105363036067,0.14851465821266174,0.20429156330041748,-1.0396430383252664e-09,0.20429156434006052,-1.5366822481155396e-08,7.118927327705814,3.1630927447552226,2.8303281317141247,7.677870156283471,2.0727662313797617,3.0868448204687366,-0.5589428285776572,1.090326513375461,-0.256516688754612,-2.937301090289375,1.51072495269304,-2.7068698414082584,-1.039643037703787e-09,1.5184539737335045,0.27818927168846275,-2.9373010892497318,-0.007729021040464579,-2.985059113096721,-0.08792292071705111,0.7222623955834958,0.07458299398268153,0.6819413236834619,-0.09543886972864773,0.6817126918785666,0.10056981919121487,0.7183626795320337
2.586259842,0.43871684618153384,0.2855836749076843,0.1531331712738495,0.16097567975521088,-0.735231783853147,-0.7468543648719788,0.011622581018831735,0.028328154236078262,1.349142014780333,1.323382019996643,0.025759994783689955,0.06558507680892944,0.3271458260845191,0.2567041218280792,0.07044170425643986,0.14350846409797668,0.20616875529529294,-3.487181099437464e-10,0.20616875564401105,1.4668330550193787e-08,7.099571258443865,3.1880057507133612,2.81871843163922,7.650086104312901,2.1251613950278507,3.06291266272164,-0.5505148458690368,1.0628443556855105,-0.2441942310824201,-2.9354238982945007,1.505798339445011,-2.702875807408261,-3.4871840792272636e-10,1.5279700340858209,0.2855836749076847,-2.9354238979457823,-0.022171694640809925,-2.9884594823159456,-0.08927051782833205,0.7237534963965724,0.0747089098005211,0.6801692656220332,-0.09844867795907057,0.684763650075274,0.10275780034653297,0.7147359203311675
2.596207380,0.44072317978153386,0.2855836749076843,0.15513950487384953,0.16097567975521088,-0.7349362445229514,-0.7468543648719788,0.011918120349027395,0.028328154236078262,1.3498238229043458,1.323382019996643,0.026441802907702705,0.06558507680892944,0.3286432772158341,0.2567041218280792,0.07193915538775486,0.14350846409797668,0.20711173008543485,-3.487181099437464e-10,0.20711173043415296,1.4668330550193787e-08,7.08980401469943,3.20047603629762,2.8128999370481296,7.650086104312901,2.1251613950278507,3.06291266272164,-0.5602820896134713,1.0753146412697694,-0.2500127256735105,-2.934480923504357,1.503323540859484,-2.7008694738082575,-3.4871840792272636e-10,1.5279700340858209,0.2855836749076847,-2.934480923155639,-0.02464649322633683,-2.9864531487159423,-0.08995081235800485,0.7244992864773802,0.07476827611208813,0.6792785438515841,-0.09844867795907057,0.684763650075274,0.10275780034653297,0.7147359203311675
2.618052006,0.4448543389815339,0.2855836749076843,0.1592706640738496,0.16097567975521088,-0.7343277116135192,-0.7468543648719788,0.012526653258459586,0.028328154236078262,1.3512277060393092,1.323382019996643,0.02784568604266613,0.06558507680892944,0.3317266174029706,0.2567041218280792,0.07502249557489138,0.14350846409797668,0.20905337078749098,-3.487181099437464e-10,0.2090533711362091,1.4668330550193787e-08,7.06960045113634,3.226059333657274,2.800947698557028,7.650086104312901,2.1251613950278507,3.06291266272164,-0.5804856531765612,1.1008979386294233,-0.261964964164612,-2.932539282802303,1.4982277846279561,-2.696738314608261,-3.4871840792272636e-10,1.5279700340858209,0.2855836749076847,-2.9325392824535848,-0.029742249457864744,-2.982321989515946,-0.0913586170836534,0.7260280580385329,0.07488233536805707,0.6774433539973547,-0.09844867795907057,0.684763650075274,0.10275780034653297,0.7147359203311675
2.629217386,0.4471798107815339,0.29309701919555664,0.15408279158597726,0.16631929576396942,-0.7339851622098902,-0.7456862926483154,0.011701130438425245,0.02971704863011837,1.352017966226051,1.3260810375213623,0.025936928704688667,0.06889937818050385,0.33346226115521155,0.26256605982780457,0.07089620132740698,0.14953942596912384,0.2101463402132066,-2.937118881440881e-10,0.2101463405069185,2.2118911147117615e-09,7.058173317693072,3.2404047210605054,2.794236512576782,7.621272506987133,2.1780322139663375,3.0385480065044037,-0.5630991892940616,1.0623725070941679,-0.24431149392762164,-2.9314463133765876,1.495359331285344,-2.694412842808261,-2.9371175042740283e-10,1.5376990618339315,0.2930970191955579,-2.931446313082876,-0.04233973054858753,-2.987509862003819,-0.09215524137179569,0.7268845437371263,0.07494169853391344,0.6764096490919005,-0.10153213701274777,0.6878558088845188,0.10494943663873879,0.7110071920076901
2.645852327,0.45072282378153394,0.29309701919555664,0.1576258045859773,0.16631929576396942,-0.7334632651091815,-0.7456862926483154,0.012223027539133957,0.02971704863011837,1.3532219808758994,1.3260810375213623,0.027140943354537095,0.06889937818050385,0.3361066313761527,0.26256605982780457,0.07354057154834814,0.14953942596912384,0.21181155278809696,-2.937118881440881e-10,0.21181155308180885,2.2118911147117615e-09,7.040688515408587,3.262183424126912,2.784034973016797,7.621272506987133,2.1780322139663375,3.0385480065044037,-0.5805839915785462,1.0841512101605746,-0.2545130334876067,-2.9297811008016956,1.4909890493138456,-2.6908698298082596,-2.9371175042740283e-10,1.5376990618339315,0.2930970191955579,-2.929781100507984,-0.046710012520085886,-2.9839668490038176,-0.09337468959340522,0.7281837867902134,0.07502544027656313,0.6748338486698101,-0.10153213701274777,0.6878558088845188,0.10494943663873879,0.7110071920076901
2.655992270,0.45272463318153394,0.29309701919555664,0.1596276139859773,0.16631929576396942,-0.7331683922080571,-0.7456862926483154,0.012517900440258356,0.02971704863011837,1.3539022515505494,1.3260810375213623,0.027821214029187136,0.06889937818050385,0.3376007058165683,0.26256605982780457,0.07503464598876375,0.14953942596912384,0.212752401208753,-2.937118881440881e-10,0.21275240150246488,2.2118911147117615e-09,7.030769830999665,3.274446952887203,2.778283606008948,7.621272506987133,2.1780322139663375,3.0385480065044037,-0.5905026759874685,1.0964147389208656,-0.26026440049545574,-2.92884025238104,1.488519831297655,-2.688868020408259,-2.9371175042740283e-10,1.5376990618339315,0.2930970191955579,-2.9288402520873285,-0.049179230536276375,-2.981965039603817,-0.09406673530132216,0.7289148231757292,0.07506917802367295,0.6739430601878,-0.10153213701274777,0.6878558088845188,0.10494943663873879,0.7110071920076901
2.675908089,0.456716707581534,0.3004472851753235,0.1562694224062105,0.1599639356136322,-0.7325803469327015,-0.7445614337921143,0.011981086859412793,0.027932021766901016,1.3552588697906984,1.3286759853363037,0.026582884454394717,0.06459976732730865,0.3405802383960823,0.26824751496315,0.07233272343293229,0.14203618466854095,0.21462867219358367,-2.5791419000498195e-10,0.21462867245149786,1.0419171303510666e-08,7.010904504799551,3.2988135265228307,2.7668411117554443,7.592760727163666,2.229464757203116,3.015183609840932,-0.5818562223641157,1.0693487693197148,-0.24834249808548758,-2.9269639813962103,1.4835956352026363,-2.68487594600826,-2.57914582568052e-10,1.5471003236404253,0.30044728517532693,-2.9269639811382957,-0.063504688437789,-2.985323231183587,-0.09545340096145269,0.7303661003103409,0.07514869483617648,0.6721656651650518,-0.10456386387364713,0.6908107595717106,0.10707143657764324,0.7073772687194363
2.695994377,0.460726083181534,0.3004472851753235,0.16027879800621053,0.1599639356136322,-0.7319897531354752,-0.7445614337921143,0.01257168065663905,0.027932021766901016,1.3566213674612246,1.3286759853363037,0.027945382124920926,0.06459976732730865,0.34357268393359747,0.26824751496315,0.07532516897044744,0.14203618466854095,0.21651307472515174,-2.5791419000498195e-10,0.21651307498306593,1.0419171303510666e-08,6.990839620436411,3.323164890344565,2.7553854276463694,7.592760727163666,2.229464757203116,3.015183609840932,-0.6019211067272554,1.093700133141449,-0.2597981821945625,-2.9250795788646418,1.4786500981973665,-2.6808665704082597,-2.57914582568052e-10,1.5471003236404253,0.30044728517532693,-2.925079578606727,-0.06845022544305879,-2.9813138555835867,-0.09685484929087601,0.7318148041410495,0.0752182292940467,0.670379331864212,-0.10456386387364713,0.6908107595717106,0.10707143657764324,0.7073772687194363
2.715520382,0.46472384018153406,0.3079281449317932,0.15679569524974085,0.18915028870105743,-0.7314008707950385,-0.743415117263794,0.012014246468755485,0.029283897951245308,1.3579799168073698,1.3313223123550415,0.026657604452328343,0.06766556203365326,0.34655645778973604,0.2740228474140167,0.07253361037571932,0.14702771604061127,0.21839201652631252,-7.919694344771244e-10,0.21839201731828195,-6.708432920277119e-09,6.97072051737371,3.347324585442421,2.743999386362347,7.56325224329107,2.281461914166309,2.991506472403751,-0.5925317259173601,1.0658626712761121,-0.24750708604140392,-2.92320063706348,1.4737188926546474,-2.6768688134082583,-7.919702936588245e-10,1.5566682996383518,0.30792814493179727,-2.9232006362715097,-0.08294940698370445,-2.9847969583400555,-0.09826095508149983,0.7332504169231924,0.075277264400705,0.6685969968918365,-0.10767071044736459,0.6937890454083854,0.10920273287078498,0.7036608143961359
2.735640049,0.46872144118153414,0.3079281449317932,0.16079329624974092,0.18915028870105743,-0.7308120114338985,-0.743415117263794,0.012603105829895433,0.029283897951245308,1.3593384131403634,1.3313223123550415,0.028016100785321907,0.06766556203365326,0.3495401152134047,0.2740228474140167,0.075517267799388,0.14702771604061127,0.22027088500762892,-7.919694344771244e-10,0.22027088579959836,-6.708432920277119e-09,6.950490858957005,3.3713618710921365,2.7326503043006527,7.56325224329107,2.281461914166309,2.991506472403751,-0.6127613843340649,1.0898999569258274,-0.2588561681030983,-2.9213217685821644,1.4687878795368443,-2.6728712124082596,-7.919702936588245e-10,1.5566682996383518,0.30792814493179727,-2.921321767790194,-0.08788042010150754,-2.980799357340057,-0.09967567612069488,0.7346770450748416,0.07532602168817755,0.6668136092542006,-0.10767071044736459,0.6937890454083854,0.10920273287078498,0.7036608143961359
2.755457401,0.4727181467815341,0.3079281449317932,0.1647900018497409,0.18915028870105743,-0.7302232839680309,-0.743415117263794,0.013191833295763011,0.029283897951245308,1.3606966051914595,1.3313223123550415,0.029374292836418014,0.06766556203365326,0.35252310434455064,0.2740228474140167,0.07850025693053392,0.14702771604061127,0.22214933265183873,-7.919694344771244e-10,0.22214933344380816,-6.708432920277119e-09,6.930155286349239,3.395271809025654,2.721340389280463,7.56325224329107,2.281461914166309,2.991506472403751,-0.6330969569418317,1.1138098948593451,-0.27016608312328794,-2.9194433209379542,1.4638579708887351,-2.6688745068082587,-7.919702936588245e-10,1.5566682996383518,0.30792814493179727,-2.9194433201459837,-0.0928103287496167,-2.976802651740056,-0.10109871171965915,0.7360943793639662,0.07536450326082272,0.6650295533325209,-0.10767071044736459,0.6937890454083854,0.10920273287078498,0.7036608143961359
2.775560856,0.4767159349815342,0.3079281449317932,0.16878779004974098,0.18915028870105743,-0.7296343970317347,-0.743415117263794,0.01378072023205923,0.029283897951245308,1.362055165140235,1.3313223123550415,0.030732852785193554,0.06766556203365326,0.3555069014871832,0.2740228474140167,0.0814840540731665,0.14702771604061127,0.22402828911696837,-7.919694344771244e-10,0.2240282899089378,-6.708432920277119e-09,6.909704586225221,3.419065690069876,2.7100641688456375,7.56325224329107,2.281461914166309,2.991506472403751,-0.6535476570658494,1.137603775903567,-0.2814423035581135,-2.9175643644728244,1.4589267268610304,-2.6648767186082583,-7.919702936588245e-10,1.5566682996383518,0.30792814493179727,-2.917564363680854,-0.09774157277732143,-2.9728048635400555,-0.10253073087640444,0.737503071882545,0.07539273480116182,0.663244000145468,-0.10767071044736459,0.6937890454083854,0.10920273287078498,0.7036608143961359
2.795614719,0.4807222355815342,0.32303914427757263,0.15768309130396158,0.18815402686595917,-0.7290442561918035,-0.7410656809806824,0.01202142478887891,0.02886945568025112,1.3634166178399842,1.3367525339126587,0.026664083927325555,0.06670397520065308,0.3584970519615898,0.28581976890563965,0.07267728305595017,0.14551615715026855,0.2259112464016046,-3.108831525544531e-10,0.22591124671248775,9.851646609604359e-09,6.88910122145187,3.442786763790783,2.6988009408601092,7.501827340860965,2.385287682458439,2.943393501313129,-0.6127261194090945,1.057499081332344,-0.2445925604530199,-2.91568140718819,1.4539849828469449,-2.660870418008261,3.1415926532789076,1.5653477746191085,-2.818553509312231,-6.057274060467098,-0.11136279177216357,0.15768309130397018,-0.10397438964984411,0.7389056593847605,0.07541073948758599,0.661453681822129,-0.1140249997866377,0.69980180196427,0.11340541501432913,0.6959992451408591
2.805752277,0.48272344158153424,0.32303914427757263,0.1596842973039616,0.18815402686595917,-0.7287494721734211,-0.7410656809806824,0.012316208807261253,0.02886945568025112,1.3640966834624824,1.3367525339126587,0.02734414954982367,0.06670397520065308,0.3599906760471827,0.28581976890563965,0.07417090714154306,0.14551615715026855,0.22685181122486264,-3.108831525544531e-10,0.2268518115357458,9.851646609604359e-09,6.87876889891605,3.454589333982042,2.693188703735527,7.501827340860965,2.385287682458439,2.943393501313129,-0.6230584419449148,1.069301651523603,-0.2502047975776023,-2.9147408423649286,1.4515165091204678,-2.6588692120082564,3.1415926532789076,1.5653477746191085,-2.818553509312231,-6.056333495643836,-0.11383126549864064,0.1596842973039747,-0.10469872766833871,0.7396028438534206,0.07541587885289365,0.6605590473268905,-0.1140249997866377,0.69980180196427,0.11340541501432913,0.6959992451408591
2.826024532,0.48673697378153424,0.32303914427757263,0.1636978295039616,0.18815402686595917,-0.7281582660957745,-0.7410656809806824,0.012907414884907875,0.02886945568025112,1.3654605936616373,1.3367525339126587,0.02870805974897861,0.06670397520065308,0.362986223912931,0.28581976890563965,0.07716645500729136,0.14551615715026855,0.2287381673542834,-3.108831525544531e-10,0.22873816766516655,9.851646609604359e-09,6.857965784200566,3.4781664533785923,2.681961051815914,7.501827340860965,2.385287682458439,2.943393501313129,-0.6438615566603989,1.0928787709201533,-0.2614324494972151,-2.912854486235511,1.4465658449779208,-2.65485567980826,3.1415926532789076,1.5653477746191085,-2.818553509312231,-6.054447139514418,-0.11878192964118761,0.16369782950397127,-0.10615784964993534,0.7409941719040111,0.07541845208291545,0.6587641499409388,-0.1140249997866377,0.69980180196427,0.11340541501432913,0.6959992451408591
2.846081018,0.4907228739815343,0.3310454785823822,0.1596773953991521,0.20242498815059662,-0.727571130299746,-0.7397695779800415,0.012198447680295543,0.033108215779066086,1.3668151137363966,1.3397603034973145,0.027054810239082183,0.07689081877470016,0.36596114830426785,0.2922371029853821,0.07372404531888577,0.1634170114994049,0.23061153647127453,9.551334168023118e-10,0.2306115355161411,1.05355866253376e-08,6.8371995561580805,3.501457192210442,2.6708477919448845,7.467993368247187,2.4395189000819295,2.9171295041606067,-0.6307938120891068,1.0619382921285125,-0.24628171221572215,-2.9109811171185194,1.4416492647157966,-2.65086977960826,-3.141592652634659,1.5546265679540527,-2.810547175007411,0.23061153551613955,-0.11297730323825617,0.15967739539915105,-0.10761537627490797,0.7423667476607069,0.07541079932136821,0.6569807867073335,-0.11744667253113382,0.7030581812501794,0.1155627781604331,0.6917808303157851
2.865967989,0.49472261498153436,0.33914709091186523,0.15557552406966912,0.20253998041152954,-0.7269819557097894,-0.7384451627731323,0.011463207063342917,0.03310905769467354,1.3681743373010855,1.3428359031677246,0.0253384341333609,0.07689203321933746,0.3689464029425877,0.29877376556396484,0.07017263737862284,0.16341708600521088,0.2324914107504557,1.623357337443565e-09,0.23249140912709837,-1.58033799380064e-08,6.816255567518406,3.5247040276112864,2.659733218251736,7.433073897083431,2.493902599961359,2.890473849024225,-0.6168183295650254,1.0308014276499273,-0.2307406307724893,-2.9091012428393372,1.43671561192283,-2.6468700386082586,-3.1415926519664357,1.5436898904981555,-2.802445562677927,0.23249140912709843,-0.1069742785753256,0.15557552406966835,-0.10908639199329281,0.7437348522788986,0.07539290257242709,0.6551904599650967,-0.12093910651453077,0.7063464383715873,0.11770451930748052,0.6874547895315265
2.876111031,0.49672474658153437,0.33914709091186523,0.15757765566966914,0.20253998041152954,-0.7266870353475787,-0.7384451627731323,0.0117581274255536,0.03310905769467354,1.3688547174682832,1.3428359031677246,0.026018814300558635,0.07689203321933746,0.3704407178608353,0.29877376556396484,0.07166695229687048,0.16341708600521088,0.23343241060479025,1.623357337443565e-09,0.23343240898143292,-1.58033799380064e-08,6.80573225906207,3.536293487059358,2.654183709129626,7.433073897083431,2.493902599961359,2.890473849024225,-0.6273416380213606,1.0423908870979988,-0.23629013989459935,-2.9081602429850038,1.4342459964751753,-2.6448679070082597,-3.1415926519664357,1.5436898904981555,-2.802445562677927,0.23343240898143192,-0.10944389402298027,0.1575776556696673,-0.10982589047291776,0.7444161877977692,0.07538010290881694,0.6542940112915014,-0.12093910651453077,0.7063464383715873,0.11770451930748052,0.6874547895315265
2.896202087,0.5007238211815344,0.33914709091186523,0.16157673026966912,0.20253998041152954,-0.7260979589204649,-0.7384451627731323,0.01234720385266741,0.03310905769467354,1.3702137145716629,1.3428359031677246,0.027377811403938246,0.07689203321933746,0.3734254751235273,0.29877376556396484,0.07465170955956246,0.16341708600521088,0.23531197167663634,1.623357337443565e-09,0.235311970053279,-1.58033799380064e-08,6.784634624428473,3.5593479956968834,2.6431272284135527,7.433073897083431,2.493902599961359,2.890473849024225,-0.6484392726549579,1.0654453957355243,-0.24734662061067247,-2.906280681913157,1.4293131656819884,-2.6408688324082585,-3.1415926519664357,1.5436898904981555,-2.802445562677927,0.23531197005327886,-0.11437672481616712,0.16157673026966846,-0.1113092566739605,0.7457700927335736,0.07534687094401732,0.6525029250522889,-0.12093910651453077,0.7063464383715873,0.11770451930748052,0.6874547895315265
2.916214705,0.5047262395815344,0.33914709091186523,0.16557914866966916,0.20253998041152954,-0.7255083899409598,-0.7384451627731323,0.012936772832172538,0.03310905769467354,1.371573847991558,1.3428359031677246,0.028737944823833406,0.07689203321933746,0.3764127280714299,0.29877376556396484,0.07763896250746505,0.16341708600521088,0.2371931043311461,1.623357337443565e-09,0.23719310270778876,-1.58033799380064e-08,6.763415611196504,3.582295436838045,2.632099172248337,7.433073897083431,2.493902599961359,2.890473849024225,-0.6696582858869267,1.088392836876686,-0.2583746767758881,-2.904399549258647,1.4243762103346858,-2.6368664140082587,-3.1415926519664357,1.5436898904981555,-2.802445562677927,0.23719310270778848,-0.11931368016346977,0.16557914866966827,-0.11280221940423214,0.7471157485240457,0.07530338957087966,0.65070970265086,-0.12093910651453077,0.7063464383715873,0.11770451930748052,0.6874547895315265
2.935863018,0.5087228063815344,0.3545696437358856,0.15415316264564882,0.18909698724746704,-0.7249196829207742,-0.7361176013946533,0.011197918473879076,0.027489714324474335,1.3729319928745425,1.348209261894226,0.02472273098031641,0.06326165795326233,0.3793956136075321,0.31052926182746887,0.06886635178006323,0.1405048966407776,0.2390714867394944,5.203221187244367e-10,0.2390714862191723,-4.030880518257618e-09,6.742124947022926,3.6050827273325847,2.621124957776048,7.367024673636381,2.5968754914812604,2.843898319212559,-0.6248997266134548,1.0082072358513243,-0.22277336143651105,-2.902521166850299,1.4194464728954144,-2.6328698472082595,-3.1415926530694724,1.524233474129675,-2.78702300985391,0.2390714862191734,-0.10478700123426066,0.1541531626456507,-0.11430130276137453,0.748450025052347,0.0752497779429482,0.6489185180789117,-0.12757288094638283,0.7120380429099975,0.12176684737026638,0.6796321213549629
2.955872059,0.5127225255815345,0.3545696437358856,0.1581528818456489,0.18909698724746704,-0.7243305115420272,-0.7361176013946533,0.01178708985262611,0.027489714324474335,1.3742912090309831,1.348209261894226,0.026081947136757044,0.06326165795326233,0.38238085197516064,0.31052926182746887,0.07185159014769177,0.1405048966407776,0.24095135077269736,5.203221187244367e-10,0.24095135025237524,-4.030880518257618e-09,6.720715652638144,3.6277608591614987,2.6101799378566106,7.367024673636381,2.5968754914812604,2.843898319212559,-0.6463090209982374,1.0308853676802383,-0.23371838135594825,-2.9006413028170956,1.414512846992597,-2.6288701280082587,-3.1415926530694724,1.524233474129675,-2.78702300985391,0.2409513502523768,-0.10972062713707809,0.15815288184565146,-0.11580983736037563,0.7497758907117157,0.07518593554612639,0.6471253899933693,-0.12757288094638283,0.7120380429099975,0.12176684737026638,0.6796321213549629
2.965749502,0.5147275759815345,0.3545696437358856,0.1601579322456489,0.18909698724746704,-0.724035161231279,-0.7361176013946533,0.012082440163374342,0.027489714324474335,1.374972581087841,1.348209261894226,0.026763319193614965,0.06326165795326233,0.3838773453747745,0.31052926182746887,0.07334808354730565,0.1405048966407776,0.2418937224601196,5.203221187244367e-10,0.24189372193979747,-4.030880518257618e-09,6.709945162327513,3.639081350759513,2.6047075082911597,7.367024673636381,2.5968754914812604,2.843898319212559,-0.6570795113088685,1.0422058592782526,-0.23919081092139916,-2.8996989311296733,1.4120396312253778,-2.6268650776082585,-3.1415926530694724,1.524233474129675,-2.78702300985391,0.2418937219397992,-0.11219384290429724,0.16015793224565167,-0.11656916309521546,0.7504369670488188,0.07515009926810177,0.6462263158382252,-0.12757288094638283,0.7120380429099975,0.12176684737026638,0.6796321213549629
2.985990524,0.5187150161815345,0.3545696437358856,0.16414537244564886,0.18909698724746704,-0.7234477985883451,-0.7361176013946533,0.01266980280630825,0.027489714324474335,1.3763276244975589,1.348209261894226,0.02811836260333278,0.06326165795326233,0.3868534191635706,0.31052926182746887,0.0763241573361017,0.1405048966407776,0.24376781537557415,5.203221187244367e-10,0.24376781485525204,-4.030880518257618e-09,6.688450927454499,3.661498830739715,2.593852918019488,7.367024673636381,2.5968754914812604,2.843898319212559,-0.6785737461818817,1.0646233392584548,-0.25004540119307084,-2.8978248382142198,1.4071211513839303,-2.62287763740826,-3.1415926530694724,1.524233474129675,-2.78702300985391,0.24376781485525267,-0.11711232274574468,0.1641453724456503,-0.11808536242221902,0.7517445198435841,0.07507123266329152,0.644437998641581,-0.12757288094638283,0.7120380429099975,0.12176684737026638,0.6796321213549629
2.995467901,0.5207230557815345,0.3621954619884491,0.15852759379308545,0.18485978245735168,-0.7231520079589152,-0.7349799871444702,0.011827979185555004,0.027268223464488983,1.3770100123679605,1.350831389427185,0.026178622940775442,0.06274618953466415,0.38835214358843456,0.3163081705570221,0.07204397303141247,0.139486163854599,0.24471159198401385,1.7078510827772675e-10,0.24471159181322874,7.275957614183426e-10,6.677589066104737,3.672739812362851,2.58840099041146,7.333780510167997,2.6472415635222792,2.8213161119958134,-0.6561914440632597,1.025498248840572,-0.23291512158435346,-2.8968810616057796,1.4046442484592343,-2.620869597808259,-3.141592653419008,1.514694823616976,-2.779397191601344,0.24471159181322832,-0.11005057515774164,0.15852759379308523,-0.11885198554792002,0.7523993884696204,0.075027690082812,0.6435372650303134,-0.13087850002935994,0.7147774882751645,0.12373453908374529,0.6757615883748092
3.015800238,0.5247221237815346,0.3621954619884491,0.1625266617930855,0.18485978245735168,-0.7225629325040024,-0.7349799871444702,0.012417054640467828,0.027268223464488983,1.378369007228476,1.350831389427185,0.027537617801290937,0.06274618953466415,0.3913368959251375,0.3163081705570221,0.07502872536811539,0.139486163854599,0.24659114995386655,1.7078510827772675e-10,0.24659114978308144,7.275957614183426e-10,6.655882980696928,3.6950299605320205,2.577572021762481,7.333780510167997,2.6472415635222792,2.8213161119958134,-0.6778975294710685,1.0477883970097412,-0.24374409023333232,-2.895001503635926,1.3997114258071028,-2.6168705298082586,-3.141592653419008,1.514694823616976,-2.779397191601344,0.24659114978308194,-0.1149833978098731,0.1625266617930854,-0.12038485575422603,0.7536963586627156,0.07493334611266514,0.6417431566319636,-0.13087850002935994,0.7147774882751645,0.12373453908374529,0.6757615883748092
3.035825253,0.5287234829815346,0.36959484219551086,0.15912864078602373,0.1657741367816925,-0.7219735195480312,-0.7338892221450806,0.011915702597049327,0.02713894471526146,1.3797287807026646,1.3533412218093872,0.026387558893277374,0.06254170835018158,0.3943233583264239,0.32188764214515686,0.07243571618126704,0.13948622345924377,0.24847178478543314,3.9488459724346114e-10,0.24847178439054854,-1.6676494851708412e-08,6.63406608691716,3.7172037962128943,2.566775187977151,7.301200267184109,2.6957766338323585,2.7997672412241466,-0.6671341802669488,1.0214271623805358,-0.23299205324699557,-2.8931208688043597,1.3947757769756561,-2.612869170608258,-3.1415926531949085,1.5055147546472545,-2.771997811394285,0.24847178439054884,-0.11073897767159835,0.15912864078602684,-0.12192672468615173,0.7549844128139054,0.0748287927914258,0.6399477025388306,-0.13410006230030222,0.7173804988896,0.1256195964914497,0.6720134746277707
3.055589199,0.5327219497815346,0.36959484219551086,0.16312710758602378,0.1657741367816925,-0.7213845326517935,-0.7338892221450806,0.012504689493287091,0.02713894471526146,1.3810875712586497,1.3533412218093872,0.027746349449262464,0.06254170835018158,0.3973076619503005,0.32188764214515686,0.07542001980514362,0.13948622345924377,0.2503510601918857,3.9488459724346114e-10,0.2503510597970011,-1.6676494851708412e-08,6.612167564254199,3.7392321823425068,2.556024578439613,7.301200267184109,2.6957766338323585,2.7997672412241466,-0.6890327029299099,1.0434555485101482,-0.2437426627845336,-2.8912415933979076,1.3898436958995577,-2.6088707038082584,-3.1415926531949085,1.5055147546472545,-2.771997811394285,0.2503510597970009,-0.11567105874769679,0.16312710758602655,-0.12347555347732862,0.7562618382369052,0.07471417920779416,0.6381532818573529,-0.13410006230030222,0.7173804988896,0.1256195964914497,0.6720134746277707
3.075972795,0.5367231801815346,0.36959484219551086,0.16712833798602378,0.1657741367816925,-0.7207951386684727,-0.7338892221450806,0.013094083476607898,0.02713894471526146,1.3824473009630054,1.3533412218093872,0.02910607915361818,0.06254170835018158,0.400294028220163,0.32188764214515686,0.07840638607500616,0.13948622345924377,0.2522316344875808,3.9488459724346114e-10,0.2522316340926962,-1.6676494851708412e-08,6.590157338269877,3.7611458508327265,2.5453050945276345,7.301200267184109,2.6957766338323585,2.7997672412241466,-0.7110429289142326,1.065369217000368,-0.254462146696512,-2.8893610191022123,1.384908205942018,-2.604869473408258,-3.1415926531949085,1.5055147546472545,-2.771997811394285,0.2522316340926962,-0.12060654870523657,0.1671283379860271,-0.12503349272395778,0.7575303962858237,0.07458935537225032,0.6363574093741998,-0.13410006230030222,0.7173804988896,0.1256195964914497,0.6720134746277707
3.096209288,0.5407235055815347,0.3773868978023529,0.1633366077791818,0.17095376551151276,-0.7202058779945346,-0.7326825857162476,0.012476707721712943,0.029386011883616447,1.3838067231231161,1.3561296463012695,0.027677076821846613,0.06795411556959152,0.4032797190324278,0.32795608043670654,0.07532363859572128,0.1490209400653839,0.2541117834341789,-1.094847892901818e-10,0.2541117835436637,-8.41100700199604e-09,6.5680564213227735,3.7829241916117065,2.534626701042847,7.265845820923218,2.7462487720765854,2.776128458633206,-0.6977893996004445,1.036675419535121,-0.24150175759035886,-2.887480870155614,1.3799738322957056,-2.600869148008258,3.141592653480309,1.4954512554349875,-2.7642057557874398,-6.0290735236359225,-0.11547742313928189,0.1633366077791818,-0.12659907945429755,0.7587888711783212,0.07445444059855127,0.6345617844878546,-0.1375374918877722,0.7202224242401825,0.12754638317773564,0.6679034496730003
3.115317583,0.5447133155815347,0.38507315516471863,0.15964016041681606,0.17096491158008575,-0.719618166272512,-0.7315059304237366,0.011887764151224611,0.029622405767440796,1.3851625718569796,1.358845829963684,0.02631674189329547,0.06851692497730255,0.40625756154985954,0.3338889181613922,0.07236864338846732,0.14981265366077423,0.2559869901532689,5.104268119282551e-10,0.2559869896428421,-1.9354047253727913e-09,6.545919214893547,3.8045150232971707,2.52401499461145,7.230654537913503,2.7956687064472145,2.7532176810332007,-0.6847353230199564,1.0088463168499562,-0.2292026864217509,-2.885605663436525,1.3750524293223874,-2.5968793380082595,-3.1415926530793663,1.4856255787553747,-2.7565194984250745,0.2559869896428415,-0.11057314943298735,0.15964016041681495,-0.1281684780585219,0.7600342359864741,0.07430981444774161,0.6327707743230254,-0.1409419014429825,0.722958703517287,0.1294214134938704,0.6638645879661671
3.128483295,0.5467982541815347,0.38507315516471863,0.1617250990168161,0.17096491158008575,-0.7193110481754302,-0.7315059304237366,0.012194882248306338,0.029622405767440796,1.3858710921526811,1.358845829963684,0.027025262188997035,0.06851692497730255,0.4078136804651248,0.3338889181613922,0.07392476230373257,0.14981265366077423,0.25696690921498117,5.104268119282551e-10,0.25696690870455435,-1.9354047253727913e-09,6.53431386713832,3.8157457650024984,2.5184850573080952,7.230654537913503,2.7956687064472145,2.7532176810332007,-0.6963406707751831,1.0200770585552839,-0.2347326237251055,-2.8846257443748122,1.3724806720143385,-2.5947943994082583,-3.1415926530793663,1.4856255787553747,-2.7565194984250745,0.2569669087045541,-0.11314490674103617,0.1617250990168162,-0.12899172819991367,0.7606811117203819,0.07423024269296911,0.6318348292058505,-0.1409419014429825,0.722958703517287,0.1294214134938704,0.6638645879661671
3.145613432,0.5507224965815348,0.3930044174194336,0.15771807916210123,0.17368945479393005,-0.7187329947697447,-0.7302688956260681,0.011535900856323389,0.029815636575222015,1.3872046591870544,1.3617067337036133,0.025497925483441097,0.06896276772022247,0.41074258581836925,0.3400782644748688,0.07066432134350048,0.15069755911827087,0.2588112992274926,9.382530308243986e-10,0.25881129828923954,2.043088898062706e-08,6.51240173894204,3.8367872464807604,2.5081053849134505,7.193640880939292,2.8461249039172487,2.7293117429127713,-0.6812391419972528,0.9906623425635117,-0.22120635799932087,-2.8827813543623013,1.3676401462210361,-2.5908701570082595,-3.1415926526515396,1.4753382939043012,-2.748588236170359,0.2588112982892383,-0.10769814768326502,0.15771807916209957,-0.13054705184519227,0.7618913455276538,0.07407304334824998,0.6300731934574891,-0.14448510130341682,0.7257965407888873,0.13131159149161487,0.6596216361067652
3.155603409,0.5527233031815348,0.3930044174194336,0.15971888576210125,0.17368945479393005,-0.7184382695842546,-0.7302688956260681,0.011830626041813508,0.029815636575222015,1.3878845890822913,1.3617067337036133,0.026177855378678005,0.06896276772022247,0.41223591180698477,0.3400782644748688,0.07215764733211599,0.15069755911827087,0.25975167633314916,9.382530308243986e-10,0.25975167539489613,2.043088898062706e-08,6.501195348801052,3.8474666199850294,2.5028276790437776,7.193640880939292,2.8461249039172487,2.7293117429127713,-0.6924455321382403,1.0013417160677807,-0.22648406386899378,-2.881840977256644,1.3651721651516926,-2.5888693504082587,-3.1415926526515396,1.4753382939043012,-2.748588236170359,0.25975167539489563,-0.11016612875260856,0.15971888576210036,-0.13134295864839785,0.7625047085926172,0.07398916172906256,0.629175015821674,-0.14448510130341682,0.7257965407888873,0.13131159149161487,0.6596216361067652
3.175809622,0.5567237751815348,0.3930044174194336,0.16371935776210123,0.17368945479393005,-0.7178489873156696,-0.7302688956260681,0.01241990831039852,0.029815636575222015,1.3892440610611714,1.3617067337036133,0.027537327357558095,0.06896276772022247,0.41522171203591673,0.3400782644748688,0.07514344756104796,0.15069755911827087,0.26163189418160093,9.382530308243986e-10,0.2616318932433479,2.043088898062706e-08,6.478720029781019,3.868720210504313,2.492304614317331,7.193640880939292,2.8461249039172487,2.7293117429127713,-0.7149208511582739,1.022595306587064,-0.23700712859544026,-2.879960759408192,1.3602376106752954,-2.5848688784082583,-3.1415926526515396,1.4753382939043012,-2.748588236170359,0.2616318932433477,-0.1151006832290058,0.16371935776210078,-0.13294019100594665,0.7637235954768935,0.07381389605528564,0.6273792187156729,-0.14448510130341682,0.7257965407888873,0.13131159149161487,0.6596216361067652
3.195792913,0.5607244309815349,0.3930044174194336,0.1677200135621013,0.17368945479393005,-0.717259677972759,-0.7302688956260681,0.01300921765330909,0.029815636575222015,1.3906035955004186,1.3617067337036133,0.028896861796805284,0.06896276772022247,0.41820764944618183,0.3400782644748688,0.07812938497131305,0.15069755911827087,0.26351219841586937,9.382530308243986e-10,0.26351219747761634,2.043088898062706e-08,6.456152530514284,3.8898423666665716,2.481820268539108,7.193640880939292,2.8461249039172487,2.7293117429127713,-0.737488350425008,1.0437174627493229,-0.24749147437366315,-2.8780804551739245,1.3553028294828735,-2.5808682226082587,-3.1415926526515396,1.4753382939043012,-2.748588236170359,0.2635121974776151,-0.12003546442142765,0.16772001356210042,-0.13454529228334886,0.7649325153562962,0.07362856668470558,0.6255834440288792,-0.14448510130341682,0.7257965407888873,0.13131159149161487,0.6596216361067652
3.215850592,0.5647221817815349,0.4006693363189697,0.16405284546256516,0.1715792417526245,-0.7166707965456021,-0.729128360748291,0.012457564202688953,0.029093550518155098,1.391962142739631,1.364335536956787,0.027626605782843816,0.0672212764620781,0.4211914186748761,0.34586602449417114,0.07532539418070494,0.14774149656295776,0.2653911373030363,6.31498686676224e-10,0.26539113667153763,-1.7971615307033062e-08,6.433511276777516,3.910816529510339,2.4713828008352383,7.157985847254275,2.8946887985402765,2.7073698057843654,-0.724474570476759,1.0161277309700627,-0.23598700494912705,-2.8762015162867574,1.3503716315878105,-2.5768704718082587,-3.141592652958294,1.4657811957540476,-2.7409233172708225,0.26539113667153647,-0.11540956416623716,0.16405284546256382,-0.13615697365973034,0.766130500440077,0.07343334054331799,0.6237891304887494,-0.14790348981926277,0.7283787929103381,0.13313335287188566,0.6556404518414434
3.225640059,0.5667271453815349,0.4083839952945709,0.15834315008696398,0.1717521995306015,-0.7163754590207704,-0.7279813289642334,0.01160586994346302,0.02889120578765869,1.3926434852994274,1.3669792413711548,0.0256642439282726,0.06671671569347382,0.42268784729026954,0.35168692469596863,0.07100092259430091,0.14701545238494873,0.2663334681945452,1.0663099292429479e-09,0.26633346712823525,-1.0753865353763103e-08,6.422122527004107,3.9212855033355583,2.466162983107249,7.121670325932147,2.943144498870795,2.685442188796677,-0.6995477989280401,0.9781410044647632,-0.21927920568942794,-2.8752591853952487,1.347898522887788,-2.574865508208259,-3.1415926525234834,1.456169559353826,-2.733208658295223,0.2663334671282347,-0.10827103646603797,0.1583431500869641,-0.136968171012069,0.7667275181368215,0.07333165882817813,0.622889316712742,-0.15136220037947914,0.730942843772757,0.13493551905084847,0.6516167962323837
3.245648623,0.570713839381535,0.4083839952945709,0.16232984408696405,0.1717521995306015,-0.7157882062954734,-0.7279813289642334,0.012193122668760048,0.02889120578765869,1.3939982751295699,1.3669792413711548,0.02701903375841508,0.06671671569347382,0.4256633641437513,0.35168692469596863,0.07397643944778265,0.14701545238494873,0.2682072103967443,1.0663099292429479e-09,0.26820720933043435,-1.0753865353763103e-08,6.3994107938483245,3.942002570170755,2.455813295035507,7.121670325932147,2.943144498870795,2.685442188796677,-0.7222595320838225,0.99885807129996,-0.2296288937611699,-2.8733854431930492,1.342980963478867,-2.5708788142082586,-3.1415926525234834,1.456169559353826,-2.733208658295223,0.2682072093304342,-0.113188595874959,0.1623298440869645,-0.13858689972925348,0.7679070672560502,0.07312199726366002,0.6211002985008294,-0.15136220037947914,0.730942843772757,0.13493551905084847,0.6516167962323837
3.255751848,0.5727233465815349,0.4083839952945709,0.16433935128696397,0.1717521995306015,-0.7154921994838886,-0.7279813289642334,0.012489129480344752,0.02889120578765869,1.3946811617313903,1.3669792413711548,0.027701920360235555,0.06671671569347382,0.42716318392946667,0.35168692469596863,0.07547625923349804,0.14701545238494873,0.26915167677571966,1.0663099292429479e-09,0.26915167570940973,-1.0753865353763103e-08,6.387929697917238,3.952394762526428,2.4506113850593927,7.121670325932147,2.943144498870795,2.685442188796677,-0.7337406280149086,1.009250263655633,-0.23483080373728438,-2.8724409768140737,1.340502250279746,-2.5688693070082587,-3.1415926525234834,1.456169559353826,-2.733208658295223,0.2691516757094097,-0.11566730907408007,0.16433935128696442,-0.13940570750214482,0.7684977944355825,0.07301254883023967,0.6201986426757023,-0.15136220037947914,0.730942843772757,0.13493551905084847,0.6516167962323837
3.276039600,0.576723992781535,0.41638675332069397,0.160337239460841,0.17916609346866608,-0.7149028915550887,-0.7267494201660156,0.011846528610926943,0.031016889959573746,1.3960406929082898,1.3698269128799438,0.026213780028345957,0.0718199759721756,0.43014911417465673,0.357866108417511,0.07228300575714575,0.15597368776798248,0.2710319764979977,3.8236991350970584e-10,0.2710319761156278,-4.4674379751086235e-09,6.365006839793419,3.9729835179246886,2.4402848842701537,7.083103202290462,2.9927591039845436,2.6620832496605944,-0.7180963624970431,0.980224413940145,-0.22179836539044073,-2.8705606770917953,1.3355674809288567,-2.564868660808258,-3.1415926532074234,1.445910795325277,-2.7252059002691005,0.2710319761156281,-0.11034331439642031,0.16033723946084244,-0.14104156273268798,0.7696661814325952,0.07278714288619346,0.6184038151332457,-0.15498923208522833,0.7336613091321897,0.13674860135627906,0.6473169559398043
3.295621872,0.580726937181535,0.41638675332069397,0.16434018386084104,0.17916609346866608,-0.7143132450941081,-0.7267494201660156,0.01243617507190753,0.031016889959573746,1.3974010050776575,1.3698269128799438,0.027574092197713673,0.0718199759721756,0.43313675970896415,0.357866108417511,0.07527065129145316,0.15597368776798248,0.2729133563719826,3.8236991350970584e-10,0.2729133559896127,-4.4674379751086235e-09,6.341984155996811,3.9934497071081685,2.4299922030096974,7.083103202290462,2.9927591039845436,2.6620832496605944,-0.741119046293651,1.000690603123625,-0.23209104665089697,-2.8686792972178115,1.3306298767642002,-2.560865716408259,-3.1415926532074234,1.445910795325277,-2.7252059002691005,0.27291335598961197,-0.1152809185610768,0.16434018386084137,-0.14268594911192103,0.770824986186979,0.07255161376791004,0.6166083229535148,-0.15498923208522833,0.7336613091321897,0.13674860135627906,0.6473169559398043
3.315563440,0.584721824581535,0.41638675332069397,0.16833507126084102,0.17916609346866608,-0.713724785454892,-0.7267494201660156,0.013024634711123584,0.031016889959573746,1.3987585792536752,1.3698269128799438,0.028931666373731346,0.0718199759721756,0.4361183918047462,0.357866108417511,0.07825228338723522,0.15597368776798248,0.27479094946400656,3.8236991350970584e-10,0.27479094908163665,-4.4674379751086235e-09,6.318922306548556,4.013740324439944,2.4197599817332667,7.083103202290462,2.9927591039845436,2.6620832496605944,-0.7641808957419061,1.0209812204554,-0.24232326792732772,-2.8668017041257867,1.3257022108531857,-2.5568708290082585,-3.1415926532074234,1.445910795325277,-2.7252059002691005,0.2747909490816367,-0.12020858447209126,0.16833507126084202,-0.14433455360272435,0.7719711895362875,0.07230660726024507,0.614816861926171,-0.15498923208522833,0.7336613091321897,0.13674860135627906,0.6473169559398043
3.325649500,0.586723753181535,0.41638675332069397,0.17033699986084105,0.17916609346866608,-0.713429894995228,-0.7267494201660156,0.013319525170787605,0.031016889959573746,1.3994388904358104,1.3698269128799438,0.02961197755586653,0.0718199759721756,0.4376125552115106,0.357866108417511,0.07974644679399961,0.15597368776798248,0.27573185390854366,3.8236991350970584e-10,0.27573185352617374,-4.4674379751086235e-09,6.3073336503617625,4.023857812513658,2.414647348184981,7.083103202290462,2.9927591039845436,2.6620832496605944,-0.7757695519286996,1.0310987085291141,-0.24743590147561356,-2.8658607996812493,1.3232328458046205,-2.554868900408258,-3.1415926532074234,1.445910795325277,-2.7252059002691005,0.27573185352617413,-0.12267794952065647,0.1703369998608424,-0.14516352175703778,0.772541705902591,0.07218009449791728,0.6139192931896507,-0.15498923208522833,0.7336613091321897,0.13674860135627906,0.6473169559398043
3.345579624,0.5907272079815351,0.4317317008972168,0.1589955070843183,0.17051763832569122,-0.7128401733507016,-0.7244917750358582,0.011651601685156554,0.027991700917482376,1.4007993760533357,1.3750276565551758,0.02577171949815993,0.06454700976610184,0.440600581688976,0.3693525493144989,0.07124803237447708,0.14322566986083984,0.2776134736700193,8.401731532714507e-10,0.27761347282984616,2.5029294192790985e-09,6.284095476956344,4.0439892075133095,2.4044531391302333,7.008957016694925,3.0870505030561772,2.61961832001788,-0.7248615397385807,0.9569387044571322,-0.2151651808876469,-2.8639791799197734,1.3182946120651038,-2.5508654456082573,-3.14159265274962,1.4269659656228972,-2.7098609526925763,0.2776134728298465,-0.10867135355779345,0.15899550708431898,-0.1468269019740856,0.7736748423704313,0.071919625255304,0.6121247149420754,-0.16194873221156605,0.7385391603969694,0.1401833162800591,0.6392817489432424
3.365781307,0.5947228221815352,0.4317317008972168,0.16299112128431836,0.17051763832569122,-0.7122516066515304,-0.7244917750358582,0.012240168384327732,0.027991700917482376,1.4021571972162674,1.3750276565551758,0.027129540661091633,0.06454700976610184,0.44358275624064986,0.3693525493144989,0.07423020692615095,0.14322566986083984,0.2794914083573181,8.401731532714507e-10,0.27949140751714496,2.5029294192790985e-09,6.260819577296772,4.063945903283502,2.394318898199825,7.008957016694925,3.0870505030561772,2.61961832001788,-0.7481374393981532,0.9768954002273245,-0.2252994218180553,-2.8621012452324748,1.3133660496513277,-2.546869831408258,-3.14159265274962,1.4269659656228972,-2.7098609526925763,0.2794914075171451,-0.11359991597156949,0.16299112128431847,-0.14849444680993135,0.7747953791299201,0.07164974989064367,0.6103341978671555,-0.16194873221156605,0.7385391603969694,0.1401833162800591,0.6392817489432424
3.385780334,0.5987242335815351,0.4395315647125244,0.15919266886901073,0.1759510338306427,-0.711662186006333,-0.7233300805091858,0.011667894502852771,0.029838860034942627,1.4035169884294723,1.3777068853378296,0.025810103091642667,0.0689835250377655,0.446569257602032,0.375237375497818,0.07133188210421398,0.15101544559001923,0.28137206772283263,3.7538494535027667e-10,0.2813720673474477,-5.459878593683243e-08,6.237427491998551,4.0837957915607355,2.384210101841958,6.970487187880283,3.1342400517283857,2.597994699054399,-0.7330596958817326,0.9495557398323498,-0.21378459721244125,-2.8602205858669607,1.3084303364315437,-2.5428684200082587,-3.1415926532144085,1.4172402161302535,-2.7020610888772696,0.2813720673474478,-0.10880987969870981,0.15919266886901084,-0.15017179849334425,0.7759071058548682,0.0713695707952711,0.6085416817159658,-0.16551960690091783,0.7409992844159905,0.14187217888297543,0.6351343205065783
3.405674934,0.6027233337815352,0.4395315647125244,0.16319176906901078,0.1759510338306427,-0.7110731058082577,-0.7233300805091858,0.012256974700928125,0.029838860034942627,1.404875994232446,1.3777068853378296,0.027169108894616434,0.0689835250377655,0.4495540339715908,0.375237375497818,0.07431665847377283,0.15101544559001923,0.2832516408266532,3.7538494535027667e-10,0.28325164045126827,-5.459878593683243e-08,6.21396743729485,4.103498150368162,2.3741473831785456,6.970487187880283,3.1342400517283857,2.597994699054399,-0.7565197505854329,0.9692580986397759,-0.2238473158758536,-2.8583410127631397,1.3034974740609349,-2.5388693198082577,-3.1415926532144085,1.4172402161302535,-2.7020610888772696,0.2832516404512688,-0.11374274206931867,0.1631917690690119,-0.15185552377299705,0.7770077134602321,0.07107965894832059,0.6067508510144184,-0.16551960690091783,0.7409992844159905,0.14187217888297543,0.6351343205065783
3.425645828,0.6067274111815352,0.44725966453552246,0.1594677466460127,0.174164816737175,-0.7104832924527681,-0.7221714854240417,0.011688192971273659,0.029548510909080505,1.4062366914268187,1.380379319190979,0.025857372235839726,0.06829991936683655,0.452542525134029,0.38110488653182983,0.07143763860219915,0.14966973662376404,0.2851335532095077,7.199743023988958e-10,0.28513355248953337,-1.8568243831396103e-08,6.190397501275274,4.123088436478739,2.3641125387478965,6.931866737529535,3.180498454859392,2.57657591066144,-0.741469236254261,0.9425899816193466,-0.21246337191354359,-2.856459100380286,1.298558472348635,-2.5348652424082587,-3.1415926528698193,1.4075416761579482,-2.6943329890542715,0.2851335524895333,-0.10898320380931326,0.15946774664601282,-0.15354865431490325,0.7780991547937728,0.07077949257457482,0.6049584940292885,-0.16907951205779173,0.7434227176528364,0.14350708254555378,0.6309837547348061
3.446767569,0.6107242733815352,0.44725966453552246,0.16346460884601277,0.174164816737175,-0.7098945419192216,-0.7221714854240417,0.012276943504820115,0.029548510909080505,1.4075949366949634,1.380379319190979,0.02721561750398438,0.06829991936683655,0.4555256311454621,0.38110488653182983,0.07442074461363224,0.14966973662376404,0.2870120744555612,7.199743023988958e-10,0.2870120737355869,-1.8568243831396103e-08,6.166790446467373,4.142506804818672,2.354136185345044,6.931866737529535,3.180498454859392,2.57657591066144,-0.7650762910621616,0.9620083499592802,-0.2224397253163959,-2.854580579134232,1.29362837053551,-2.530868380208258,-3.1415926528698193,1.4075416761579482,-2.6943329890542715,0.28701207373558724,-0.11391330562243818,0.16346460884601344,-0.15524598400407527,0.7791780730333012,0.0704700106889967,0.6031701190777031,-0.16907951205779173,0.7434227176528364,0.14350708254555378,0.6309837547348061
3.466153622,0.6147229129815353,0.44725966453552246,0.1674632484460128,0.174164816737175,-0.7093055295689934,-0.7221714854240417,0.01286595585504835,0.029548510909080505,1.4089537859732089,1.380379319190979,0.028574466782229857,0.06829991936683655,0.4585100637406899,0.38110488653182983,0.07740517720886009,0.14966973662376404,0.2888914310778413,7.199743023988958e-10,0.288891430357867,-1.8568243831396103e-08,6.143094246692429,4.161796923595291,2.3441958882647373,6.931866737529535,3.180498454859392,2.57657591066144,-0.7887724908371059,0.9812984687358988,-0.23238002239670275,-2.8527012225119517,1.2886960763118083,-2.5268697406082574,-3.1415926528698193,1.4075416761579482,-2.6943329890542715,0.2888914303578676,-0.11884559984613996,0.16746324844601412,-0.15695127225730013,0.780246875206595,0.07015055407686398,0.6013817519927487,-0.16907951205779173,0.7434227176528364,0.14350708254555378,0.6309837547348061
3.485884428,0.6187231503815352,0.44725966453552246,0.1714634858460128,0.174164816737175,-0.7087162818577356,-0.7221714854240417,0.01345520356630614,0.029548510909080505,1.4103131782284648,1.380379319190979,0.0299338590374858,0.06829991936683655,0.4614956888730999,0.38110488653182983,0.08039080234127005,0.14966973662376404,0.29077153866452726,7.199743023988958e-10,0.29077153794455296,-1.8568243831396103e-08,6.119310793358424,4.180957459548344,2.3342922381265656,6.931866737529535,3.180498454859392,2.57657591066144,-0.8125559441711108,1.0004590046889517,-0.24228367253487448,-2.8508211149252665,1.2837618112128861,-2.5228695032082586,-3.1415926528698193,1.4075416761579482,-2.6943329890542715,0.2907715379445528,-0.1237798649450621,0.1714634858460129,-0.1586644067092483,0.7813054581031806,0.06982114188671307,0.5995935250879693,-0.16907951205779173,0.7434227176528364,0.14350708254555378,0.6309837547348061
3.495716333,0.6207238373815354,0.44725966453552246,0.1734641728460129,0.174164816737175,-0.7084215742897065,-0.7221714854240417,0.013749911134335213,0.029548510909080505,1.4109930674802855,1.380379319190979,0.03061374828930652,0.06829991936683655,0.46298892559682175,0.38110488653182983,0.08188403906499192,0.14966973662376404,0.29171185955830314,7.199743023988958e-10,0.29171185883832884,-1.8568243831396103e-08,6.107386791732599,4.190488845810583,2.3293542758071553,6.931866737529535,3.180498454859392,2.57657591066144,-0.8244799457969361,1.0099903909511907,-0.24722163485428483,-2.8498807940314896,1.2812939776693133,-2.5208688162082575,-3.1415926528698193,1.4075416761579482,-2.6943329890542715,0.2917118588383296,-0.12624769848863493,0.173464172846014,-0.15952389155915114,0.7818308922381173,0.06965270685839758,0.5986994942300117,-0.16907951205779173,0.7434227176528364,0.14350708254555378,0.6309837547348061
3.515810251,0.6247231725815353,0.4625096321105957,0.1622135404709396,0.16805288195610046,-0.7078324594753825,-0.7199385166168213,0.012106057141438753,0.027210725471377373,1.4123521531428145,1.3855217695236206,0.026830383619193876,0.06267499923706055,0.46597387736144746,0.39248645305633545,0.07348742430511201,0.13980302214622498,0.29359154311188923,1.5904698669189088e-09,0.29359154152141936,-1.6516423784196377e-08,6.083493765809418,4.209438589955046,2.3195139596069283,6.855051588066356,3.270725731168974,2.535681178449239,-0.7715578222569377,0.9387128587860722,-0.2161672188423105,-2.8480011104779037,1.2763608254278347,-2.516869481008258,-3.1415926519993236,1.3887846904935803,-2.6790830214791983,0.29359154152141986,-0.11242386506574564,0.1622135404709404,-0.16124730203845392,0.7828731890670361,0.06930866011575443,0.5969130481554974,-0.17612638545537337,0.7479864097139262,0.14666877906676243,0.6228836941811539
3.535425425,0.6287158843815354,0.4625096321105957,0.16620625227093966,0.16805288195610046,-0.7072443203089767,-0.7199385166168213,0.01269419630784463,0.027210725471377373,1.4137089879892637,1.3855217695236206,0.028187218465643094,0.06267499923706055,0.4689538856720917,0.39248645305633545,0.07646743261575623,0.13980302214622498,0.29546811367408393,1.5904698669189088e-09,0.29546811208361407,-1.6516423784196377e-08,6.059565051818599,4.228219333631558,2.3097306758585976,6.855051588066356,3.270725731168974,2.535681178449239,-0.7954865362477568,0.9574936024625842,-0.2259505025906412,-2.8461245399157096,1.2714358431043358,-2.5128767692082583,-3.1415926519993236,1.3887846904935803,-2.6790830214791983,0.295468112083614,-0.11734884738924456,0.16620625227094,-0.1629748905779423,0.7839030392502392,0.06895542628855117,0.595130539697561,-0.17612638545537337,0.7479864097139262,0.14666877906676243,0.6228836941811539
3.545624733,0.6307170339815353,0.4706440567970276,0.16007297718450775,0.1829272359609604,-0.706949544598494,-0.7186758518218994,0.011726307223405397,0.0314558669924736,1.4143890344454686,1.3884443044662476,0.025944729979221037,0.07287182658910751,0.47044746766286855,0.3987947404384613,0.07165272722440724,0.1577071249485016,0.2964086519893983,6.160736365501407e-10,0.29640865137332467,-1.658918336033821e-08,6.047543967294471,4.2375804405649,2.304842628236658,6.81269053032571,3.3177395310654463,2.512854662601149,-0.7651465630312391,0.9198409094994533,-0.2080120343644909,-2.8451840016003946,1.268967438946871,-2.5108756196082576,-3.1415926529737193,1.378291203373905,-2.6709485967927655,0.2964086513733246,-0.10932376442703395,0.16007297718450797,-0.16384338809409268,0.784415158266241,0.0687747234423595,0.5942375291711418,-0.17994748967609972,0.7505185352560139,0.14825886623497236,0.6183527616006563
3.565994978,0.6347155879815354,0.4706440567970276,0.1640715311845078,0.1829272359609604,-0.7063605448574185,-0.7186758518218994,0.01231530696448091,0.0314558669924736,1.415747854634446,1.3884443044662476,0.02730355016819841,0.07287182658910751,0.47343183636951036,0.3987947404384613,0.07463709593104906,0.1577071249485016,0.29828796837976385,6.160736365501407e-10,0.2982879677636902,-1.658918336033821e-08,6.023468877898475,4.256181339340987,2.2951064183037424,6.81269053032571,3.3177395310654463,2.512854662601149,-0.7892216524272353,0.9384418082755408,-0.21774824429740658,-2.843304685210029,1.2640352503101762,-2.5068770656082573,-3.1415926529737193,1.378291203373905,-2.6709485967927655,0.29828796776369026,-0.11425595306372882,0.16407153118450823,-0.16558398742096478,0.7854303269923754,0.06840634347314782,0.5924539785696926,-0.17994748967609972,0.7505185352560139,0.14825886623497236,0.6183527616006563
3.575880289,0.6367233283815354,0.4706440567970276,0.16607927158450786,0.1829272359609604,-0.7060647983011017,-0.7186758518218994,0.012611053520797721,0.0314558669924736,1.4164301408283415,1.3884443044662476,0.027985836362093952,0.07287182658910751,0.474930337482868,0.3987947404384613,0.0761355970444067,0.1577071249485016,0.2992316043645021,6.160736365501407e-10,0.29923160374842844,-1.658918336033821e-08,6.011352752687158,4.265468919782476,2.2902331784061394,6.81269053032571,3.3177395310654463,2.512854662601149,-0.801337777638552,0.9477293887170299,-0.2226214841950096,-2.8423610492252904,1.2615587164466069,-2.504869325208257,-3.1415926529737193,1.378291203373905,-2.6709485967927655,0.29923160374842883,-0.1167324869272981,0.16607927158450853,-0.1664605884856585,0.7859359727745882,0.06821770270083552,0.591558842566055,-0.17994748967609972,0.7505185352560139,0.14825886623497236,0.6183527616006563
3.595927954,0.6407233103815354,0.4787488579750061,0.1619744524065293,0.17690788209438324,-0.7054755882110775,-0.717411994934082,0.011936406723004556,0.030105242505669594,1.417789446291553,1.3913702964782715,0.02641914981328153,0.06964636594057083,0.4779157719944266,0.4051055908203125,0.07281018117411409,0.15185385942459106,0.3011115919134428,1.065145749379326e-09,0.30111159084829703,4.496541805565357e-09,5.987159570751681,4.283868124666785,2.280555206360823,6.769985707520425,3.364020076720976,2.4901835094861138,-0.7828261367687439,0.9198480479458095,-0.20962830312529057,-2.8404810616763507,1.2566247663818126,-2.5008693432082585,-3.141592652524648,1.367790504092213,-2.662843795614788,0.3011115908482971,-0.11116573771040028,0.1619744524065294,-0.16821221019416846,0.7869351906394377,0.0678345736012815,0.5897763378596985,-0.1837764405188281,0.7530161934063082,0.14980063352669754,0.6138017616243076
3.607522249,0.6429414059815355,0.4787488579750061,0.16419254800652938,0.17690788209438324,-0.7051488556637414,-0.717411994934082,0.012263139270340617,0.030105242505669594,1.418543217050273,1.3913702964782715,0.02717292057200149,0.06964636594057083,0.4795712742327307,0.4051055908203125,0.07446568341241822,0.15185385942459106,0.3021540946322951,1.065145749379326e-09,0.30215409356714934,4.496541805565357e-09,5.973712829899363,4.294011056512552,2.2752062694842015,6.769985707520425,3.364020076720976,2.4901835094861138,-0.7962728776210612,0.9299909797915764,-0.21497724000191232,-2.839438558957498,1.253888760837452,-2.498651247608258,-3.141592652524648,1.367790504092213,-2.662843795614788,0.30215409356714984,-0.11390174325476088,0.16419254800652983,-0.16918649371775785,0.7874845820886384,0.06761793206735411,0.5887883988149805,-0.1837764405188281,0.7530161934063082,0.14980063352669754,0.6138017616243076
3.625563145,0.6467239281815355,0.4866250455379486,0.16009888264358685,0.1792829930782318,-0.7045916780949472,-0.7162455916404724,0.011653913545525252,0.029763827100396156,1.4198286236073971,1.3940616846084595,0.025766938998937672,0.06880000978708267,0.48239440501597336,0.4110093414783478,0.07138506353762558,0.15058420598506927,0.3039318762922105,1.5756268512134852e-09,0.30393187471658367,-2.412707544863224e-08,5.95073164351948,4.311209074976537,2.266113986706344,6.728763426784285,3.408847029983663,2.469387161856556,-0.7780317832648054,0.902362044992874,-0.20327317515021193,-2.837660777297583,1.2492230459282905,-2.4948687254082578,-3.141592652014167,1.3580289620103798,-2.654967608051846,0.303931874716584,-0.10880591608208934,0.16009888264358807,-0.1708527897137741,0.7884136998768924,0.06724161493348,0.587104528439858,-0.18748116356988986,0.755270578366284,0.15130342755147067,0.6095280465835154
3.647953272,0.6507229739815356,0.4866250455379486,0.16409792844358695,0.1792829930782318,-0.7040026059101651,-0.7162455916404724,0.012242985730307354,0.029763827100396156,1.4211876109237334,1.3940616846084595,0.027125926315273885,0.06880000978708267,0.48537914078344013,0.4110093414783478,0.07436979930509235,0.15058420598506927,0.30581142382808535,1.5756268512134852e-09,0.3058114222524585,-2.412707544863224e-08,5.926366547176764,4.329255994375583,2.2565414299652993,6.728763426784285,3.408847029983663,2.469387161856556,-0.8023968796075209,0.9204089643919198,-0.21284573189125666,-2.8357812297617078,1.2442902506597058,-2.4908696796082577,-3.141592652014167,1.3580289620103798,-2.654967608051846,0.30581142225245905,-0.11373871135067404,0.16409792844358817,-0.1726210795016996,0.7893853312446321,0.06683434207814,0.5853254927358389,-0.18748116356988986,0.755270578366284,0.15130342755147067,0.6095280465835154
3.665966034,0.6547226743815355,0.4944964349269867,0.16022623945454884,0.1795191615819931,-0.7034134373007179,-0.7150765061378479,0.011663068837129975,0.02983480505645275,1.4225468206914098,1.3967583179473877,0.025788502744022113,0.0689372643828392,0.48836436511946335,0.4169331192970276,0.07143124582243576,0.15108396112918854,0.3076912790253071,6.140363772999535e-10,0.3076912784112707,1.4857505448162556e-08,5.90192806427949,4.347166265866141,2.2470087155538643,6.687132414041678,3.4531323689741535,2.448695536881499,-0.7852043497621883,0.8940338968919876,-0.20168682132763482,-2.8339013745644865,1.239356647946559,-2.486869979208258,-3.141592652975757,1.348239465350147,-2.647096218662807,0.30769127841127064,-0.10888281740358807,0.16022623945454884,-0.17439640791606614,0.7903461109143423,0.06641734338093798,0.58354747396143,-0.1912022626347788,0.7574983601001681,0.15276711301595539,0.6052273443836353
3.686014414,0.6587276925815356,0.4944964349269867,0.16423125765454893,0.1795191615819931,-0.7028234853623915,-0.7150765061378479,0.012253020775456425,0.02983480505645275,1.4239078375958663,1.3967583179473877,0.02714951964847856,0.0689372643828392,0.49135355845925843,0.4169331192970276,0.07442043916223084,0.15108396112918854,0.3095736335832228,6.140363772999535e-10,0.30957363296918644,1.4857505448162556e-08,5.877388482262829,4.364960232779394,2.2375049064583994,6.687132414041678,3.4531323689741535,2.448695536881499,-0.8097439317788497,0.9118278638052404,-0.2111906304230997,-2.8320190200065714,1.2344164857639814,-2.482864961008259,-3.141592652975757,1.348239465350147,-2.647096218662807,0.30957363296918583,-0.1138229795861656,0.16423125765454794,-0.17618081260600457,0.7912970947650187,0.06599013096769357,0.5817684519641777,-0.1912022626347788,0.7574983601001681,0.15276711301595539,0.6052273443836353
3.706084728,0.6627230145815356,0.4944964349269867,0.1682265796545489,0.1795191615819931,-0.7022349617052112,-0.7150765061378479,0.012841544432636742,0.02983480505645275,1.425265559461087,1.3967583179473877,0.028507241513699322,0.0689372643828392,0.49433551492395983,0.4169331192970276,0.07740239562693224,0.15108396112918854,0.31145143093681316,6.140363772999535e-10,0.3114514303227768,1.4857505448162556e-08,5.852840840212475,4.3825712011894735,2.228065645482652,6.687132414041678,3.4531323689741535,2.448695536881499,-0.8342915738292032,0.92943883221532,-0.22062989139884692,-2.83014122265298,1.2294882837768786,-2.478869639008258,-3.141592652975757,1.348239465350147,-2.647096218662807,0.31145143032277733,-0.11875118157326847,0.168226579654549,-0.17796754581866156,0.7922346966554149,0.06555434233940899,0.579995143299522,-0.1912022626347788,0.7574983601001681,0.15276711301595539,0.6052273443836353
3.725679398,0.6667147703815357,0.5024667382240295,0.16424803215750616,0.1800616830587387,-0.7016469633606504,-0.713877260684967,0.012230297324316686,0.02993360161781311,1.4266220694320684,1.399527668952942,0.02709440047912648,0.06917507201433182,0.49731480971254494,0.4229840636253357,0.07433074608720924,0.15146274864673615,0.3133275521799617,-1.2860101872291807e-11,0.3133275521928218,-2.371962182223797e-08,5.82824874056041,4.4000266776487384,2.218676325274303,6.644422789853504,3.497379196679519,2.427640277154994,-0.8161740492930942,0.9026474809692195,-0.20896395188069095,-2.8282651014098312,1.2245644806727511,-2.4748778832082574,3.141592653576933,1.338219924563404,-2.639125915365764,-5.969857754986764,-0.11365544389065296,0.1642480321575066,-0.17975926840305853,0.7931603713895734,0.06510937701794063,0.5782248694968825,-0.194994447134851,0.7597498442139409,0.15420287829000157,0.6008151230874149
3.735705853,0.6687234739815356,0.5024667382240295,0.1662567357575061,0.1800616830587387,-0.7013510749219054,-0.713877260684967,0.012526185763061637,0.02993360161781311,1.4273046829481923,1.399527668952942,0.027777013995250455,0.06917507201433182,0.49881402972176797,0.4229840636253357,0.07582996609643228,0.15146274864673615,0.3142716408677389,-1.2860101872291807e-11,0.314271640880599,-2.371962182223797e-08,5.815848877651545,4.408757595937942,2.2139672172626517,6.644422789853504,3.497379196679519,2.427640277154994,-0.8285739122019589,0.9113783992584232,-0.2136730598923422,-2.8273210127220536,1.2220867587086588,-2.472869179608257,3.141592653576933,1.338219924563404,-2.639125915365764,-5.968913666298986,-0.11613316585474531,0.1662567357575071,-0.1806633607256416,0.7936219781411622,0.06488185484261973,0.5773346090568332,-0.194994447134851,0.7597498442139409,0.15420287829000157,0.6008151230874149
3.755498886,0.6727216927815357,0.5103467702865601,0.16237492249497565,0.17577821016311646,-0.7007621245568576,-0.7127042412757874,0.011942116718929752,0.028529366478323936,1.4286633892268594,1.4022340774536133,0.026429311773246145,0.0658048614859581,0.501798148247872,0.4289228916168213,0.07287525663105066,0.14547796547412872,0.31615079971443893,-2.404520749177408e-10,0.31615079995489104,-1.960142981261015e-08,5.791118776189488,4.426030486411124,2.204625360460557,6.601957658939471,3.5406976183619596,2.407197120611218,-0.8108388827499828,0.8853328680491641,-0.20257176015066092,-2.825441853875354,1.2171549835388398,-2.468870960808257,3.141592653349341,1.3284016686620665,-2.6312458833032326,-5.967034507224695,-0.11124668512322677,0.16237492249497576,-0.18246780882473093,0.7945323793739296,0.06442180408204518,0.5755637480139951,-0.19875258047929076,0.7619129834015715,0.1555950735208546,0.5964697733942428
3.765875578,0.6747232969815358,0.5103467702865601,0.1643765266949757,0.17577821016311646,-0.7004672818823469,-0.7127042412757874,0.012236959393440494,0.028529366478323936,1.4293435901688256,1.4022340774536133,0.027109512715212336,0.0658048614859581,0.5032920695348079,0.4289228916168213,0.07436917791798658,0.14547796547412872,0.31709155169129966,-2.404520749177408e-10,0.31709155193175176,-1.960142981261015e-08,5.7787141134440745,4.434624886153895,2.19996431144199,6.601957658939471,3.5406976183619596,2.407197120611218,-0.8232435454953961,0.893927267791935,-0.20723280916922793,-2.824501101898494,1.2146860186354276,-2.4668693566082585,3.141592653349341,1.3284016686620665,-2.6312458833032326,-5.966093755247835,-0.11371565002663897,0.16437652669497416,-0.18337359685235854,0.7949839368013183,0.06418790676101133,0.5746778026259116,-0.19875258047929076,0.7619129834015715,0.1555950735208546,0.5964697733942428
3.785849094,0.6787232151815358,0.5181353092193604,0.16058790596217543,0.17615345120429993,-0.6998780811902658,-0.7115620970726013,0.011684015882335475,0.028464969247579575,1.4307028739510175,1.4048662185668945,0.025836655384122942,0.06564028561115265,0.5062774564284717,0.43473291397094727,0.0715445424575244,0.1452500969171524,0.31897150925430406,7.008577052047826e-11,0.3189715091842183,-3.346940502524376e-10,5.753877426868684,4.451693850517752,2.1906813248325805,6.559812800192603,3.5831275135312177,2.3874342314330352,-0.8059353733239192,0.8685663369865342,-0.19675290660045475,-2.822621144335489,1.209752147267491,-2.4628694384082577,-3.1415926535197074,1.318817360991475,-2.6234573443704337,0.31897150918421824,-0.10906521372398403,0.16058790596217598,-0.18518852721411708,0.7958778674878852,0.06371334398643569,0.5729085784217833,-0.20247260231550268,0.7639799109664547,0.1569482277234232,0.5922050276430901
3.805642605,0.6827229293815358,0.5181353092193604,0.16458762016217543,0.17615345120429993,-0.6992889105480348,-0.7115620970726013,0.012273186524566548,0.028464969247579575,1.4320620884083186,1.4048662185668945,0.02719586984142408,0.06564028561115265,0.5092626910642903,0.43473291397094727,0.07452977709334307,0.1452500969171524,0.320851370937512,7.008577052047826e-11,0.3208513708674262,-3.346940502524376e-10,5.728979139350724,4.468620897779422,2.181440795366272,6.559812800192603,3.5831275135312177,2.3874342314330352,-0.8308336608418792,0.8854933842482042,-0.20599343606676346,-2.8207412826522815,1.20481852753214,-2.4588697242082573,-3.1415926535197074,1.318817360991475,-2.6234573443704337,0.3208513708674259,-0.11399883345933515,0.16458762016217632,-0.18700977991998732,0.796760468934122,0.06322928984454201,0.5711410983845505,-0.20247260231550268,0.7639799109664547,0.1569482277234232,0.5922050276430901
3.825584650,0.6867163899815358,0.5261187553405762,0.16059763464095966,0.17913006246089935,-0.6987006610810036,-0.7103574872016907,0.01165682612068708,0.02946983464062214,1.4334191777178955,1.4076483249664307,0.025770852751464846,0.06805017590522766,0.51224325825079,0.4408069849014282,0.07143627334936176,0.14949718117713928,0.32272829343495957,-2.3244856039994488e-10,0.32272829366740813,-1.8146238289773464e-08,5.704057993731711,4.485380590882606,2.1722566753622035,6.515876980147469,3.62589624024362,2.366772195498661,-0.8118189864157586,0.859484350638986,-0.19451552013645745,-2.818864360154834,1.1998926215690322,-2.454876263608258,3.141592653357345,1.3087565737905458,-2.6154738982492165,-5.960457013512179,-0.10886395222151357,0.16059763464095855,-0.18883453619133364,0.7976303957745622,0.06273652113623315,0.5693780805349309,-0.2063193702223292,0.7661317926849016,0.15827502893099546,0.5877273253179343
3.837554455,0.6887232185815358,0.5261187553405762,0.16260446324095967,0.17913006246089935,-0.6984050488357312,-0.7103574872016907,0.011952438365959495,0.02946983464062214,1.4341011540567163,1.4076483249664307,0.02645282909028568,0.06805017590522766,0.5137410788312883,0.4408069849014282,0.07293409392986006,0.14949718117713928,0.32367150087460755,-2.3244856039994488e-10,0.3236715011070561,-1.8146238289773464e-08,5.691511387418839,4.493749615987999,2.167657245061409,6.515876980147469,3.62589624024362,2.366772195498661,-0.82436559272863,0.8678533757443785,-0.1991149504372518,-2.8179211527151864,1.1974172124044415,-2.452869435008259,3.141592653357345,1.3087565737905458,-2.6154738982492165,-5.959513806072531,-0.11133936138610423,0.16260446324095756,-0.18975390913423418,0.7980632864299934,0.06248532463279381,0.5684927695462538,-0.2063193702223292,0.7661317926849016,0.15827502893099546,0.5877273253179343
3.855925083,0.6927223565815359,0.5339231491088867,0.1587992074726492,0.17967139184474945,-0.6978159630695954,-0.7091995477676392,0.011383584698043792,0.02957264706492424,1.4354601727051846,1.4103186130523682,0.025141559652816392,0.06830362975597382,0.5167258834133303,0.4466821253299713,0.07004375808335894,0.14986392855644226,0.3255510917443904,-1.2710187347053647e-09,0.32555109301540913,-2.3137545213103294e-09,5.666463625497539,4.510320895042011,2.1585233310711187,6.472785391543983,3.667322335556305,2.347056870313843,-0.8063217660464437,0.8429985594857063,-0.1885335392427243,-2.8160415618454024,1.1924843034077945,-2.448870297008257,3.141592652318775,1.2990532058420148,-2.6076695044809064,-5.957634214164178,-0.10656890243422024,0.15879920747264942,-0.19159072105576352,0.7989173901561826,0.061977649770983474,0.5667298917828772,-0.2100839442621117,0.7681602933568418,0.15954986711126623,0.5833852414811179
3.865616560,0.6947230669815359,0.5339231491088867,0.16079991787264913,0.17967139184474945,-0.6975212520546717,-0.7091995477676392,0.011678295712967413,0.02957264706492424,1.436140069908978,1.4103186130523682,0.025821456856609748,0.06830362975597382,0.5182191376019226,0.4466821253299713,0.0715370122719513,0.14986392855644226,0.326491423636143,-1.2710187347053647e-09,0.3264914249071617,-2.3137545213103294e-09,5.653910178314364,4.5185581370078065,2.1539696140593634,6.472785391543983,3.667322335556305,2.347056870313843,-0.8188752132296191,0.8512358014515016,-0.19308725625447964,-2.8151012299536498,1.1900164410004852,-2.446869586608257,3.141592652318775,1.2990532058420148,-2.6076695044809064,-5.956693882272425,-0.10903676484152958,0.16079991787264936,-0.19251199667533592,0.7993404055530475,0.06172012500700125,0.5658486311333492,-0.2100839442621117,0.7681602933568418,0.15954986711126623,0.5833852414811179
3.887856007,0.6987551827815359,0.5339231491088867,0.1648320336726492,0.17967139184474945,-0.6969273085535495,-0.7091995477676392,0.012272239214089709,0.02957264706492424,1.4375102953338028,1.4103186130523682,0.027191682281434648,0.06830362975597382,0.5212285555602836,0.4466821253299713,0.07454643023031227,0.14986392855644226,0.3283865140390216,-1.2710187347053647e-09,0.3283865153100403,-2.3137545213103294e-09,5.628565855239096,4.535051240963471,2.1448244767300566,6.472785391543983,3.667322335556305,2.347056870313843,-0.8442195363048874,0.8677289054071657,-0.20223239358378642,-2.8132061395507715,1.1850428541161775,-2.442837470808257,3.141592652318775,1.2990532058420148,-2.6076695044809064,-5.954798791869546,-0.11401035172583729,0.1648320336726492,-0.1943734035434757,0.8001842291672399,0.061193960370502155,0.5640740009973239,-0.2100839442621117,0.7681602933568418,0.15954986711126623,0.5833852414811179
3.906003475,0.7027762727815359,0.541728138923645,0.16104813385789085,0.18004246056079865,-0.6963349891878885,-0.7080522179603577,0.011717228772469168,0.029310675337910652,1.4388767738842225,1.4129630327224731,0.025913741161749382,0.06766458600759506,0.5242297442806536,0.4525147080421448,0.07171503623850883,0.14880231022834778,0.3302764223269014,-9.913309062525855e-10,0.3302764233182323,-2.3268512450158596e-08,5.603231944173728,4.55135566857412,2.1357472225087406,6.429473765367929,3.708325692088251,2.32767342767595,-0.8262418211942011,0.8430299764858686,-0.19192620516720948,-2.8113162312628917,1.1800828674797263,-2.438816380808257,3.141592652598462,1.2894288736524546,-2.599864514666149,-5.952908883861354,-0.10934600617272827,0.16104813385789196,-0.19623596364846427,0.8010141361215005,0.06065971655215454,0.5623061435662046,-0.21385633856966654,0.7701300282933767,0.16079805777611908,0.5790588835255418
3.925980806,0.7067240607815359,0.541728138923645,0.16499592185789091,0.18004246056079865,-0.6957534674403215,-0.7080522179603577,0.01229875052003615,0.029310675337910652,1.440218342370281,1.4129630327224731,0.027255309647807868,0.06766458600759506,0.5271762231746879,0.4525147080421448,0.07466151513254315,0.14880231022834778,0.33213187874791966,-9.913309062525855e-10,0.33213187973925057,-2.3268512450158596e-08,5.57830356005808,4.567223253598629,2.126877166483323,6.429473765367929,3.708325692088251,2.32767342767595,-0.8511702053098489,0.8588975615103775,-0.20079626119262706,-2.809460774841874,1.175213298352067,-2.4348685928082574,3.141592652598462,1.2894288736524546,-2.599864514666149,-5.9510534274403355,-0.11421557530038773,0.16499592185789158,-0.19807058671189687,0.8018176001261501,0.06012598762348837,0.5605724256684825,-0.21385633856966654,0.7701300282933767,0.16079805777611908,0.5790588835255418
3.945677757,0.710722333981536,0.549591600894928,0.16113073308660797,0.18068285286426544,-0.6951645090619805,-0.7068893909454346,0.011724881883454108,0.02935532107949257,1.4415770671355856,1.4156450033187866,0.025932063816799023,0.06777054816484451,0.5301603823028839,0.4584130048751831,0.07174737742770076,0.1489744931459427,0.3340110631625654,5.700895311377963e-10,0.33401106259247587,1.5090336091816425e-08,5.5530004592096445,4.583152618889538,2.1179358878521644,6.385426028438898,3.749084695374827,2.308188776353859,-0.8324255692292537,0.834067923514711,-0.19025288850169453,-2.807581590427228,1.170281456080225,-2.4308703196082573,-3.1415926530197034,1.27968577920818,-2.5920010526948656,0.3340110625924755,-0.1094043231279549,0.1611307330866083,-0.1999346976063776,0.8026198768629578,0.05957614097086824,0.5588185156064142,-0.21767446511846303,0.772091924075628,0.16201502743825946,0.5746677465255606
3.965741158,0.714715526381536,0.549591600894928,0.16512392548660804,0.18068285286426544,-0.6945762991016636,-0.7068893909454346,0.01231309184377094,0.02935532107949257,1.4429340653033211,1.4156450033187866,0.027289061984534513,0.06777054816484451,0.5331407493150988,0.4584130048751831,0.0747277444399157,0.1489744931459427,0.3358878596062806,5.700895311377963e-10,0.33588785903619106,1.5090336091816425e-08,5.527674263158942,4.5989198498731305,2.109048439132305,6.385426028438898,3.749084695374827,2.308188776353859,-0.8577517652799562,0.8498351544983036,-0.19914033722155366,-2.8057047939835127,1.165355880939958,-2.4268771272082574,-3.1415926530197034,1.27968577920818,-2.5920010526948656,0.3358878590361907,-0.11432989826822193,0.16512392548660815,-0.20180244285087393,0.8034095852767772,0.05901768280845666,0.5570688695850246,-0.21767446511846303,0.772091924075628,0.16201502743825946,0.5746677465255606
3.975885630,0.7167233939815361,0.549591600894928,0.16713179308660808,0.18068285286426544,-0.6942805338083816,-0.7068893909454346,0.012608857137052953,0.02935532107949257,1.443616394723325,1.4156450033187866,0.027971391404538304,0.06777054816484451,0.5346393453657011,0.4584130048751831,0.07622634049051802,0.1489744931459427,0.3368315553748919,5.700895311377963e-10,0.33683155480480237,1.5090336091816425e-08,5.514919109457388,4.606794355643271,2.1045956860099233,6.385426028438898,3.749084695374827,2.308188776353859,-0.8705069189815102,0.8577096602684442,-0.20359309034393558,-2.804761098214902,1.1628791901760702,-2.4248692596082577,-3.1415926530197034,1.27968577920818,-2.5920010526948656,0.3368315548048013,-0.11680658903210972,0.16713179308660786,-0.2027438383725742,0.803802296611023,0.05873336940539538,0.5561898913888045,-0.21767446511846303,0.772091924075628,0.16201502743825946,0.5746677465255606
3.995640278,0.720723205381536,0.5575557351112366,0.16316747027029943,0.18124094605445862,-0.6936913488482808,-0.7056958079338074,0.012004459085526609,0.029474414885044098,1.4449756422118976,1.4184010028839111,0.026574639327986427,0.06806259602308273,0.5376246525479047,0.46444013714790344,0.07318451540000126,0.14941710233688354,0.3387114627420028,9.545511048258959e-10,0.3387114617874517,-5.136826075613499e-09,5.489469523715214,4.622373920562007,2.095757559728967,6.340303888252825,3.789735943817475,2.2883620191927747,-0.8508343645376106,0.8326379767445315,-0.19260445946380766,-2.80288119084779,1.1579454505451927,-2.420869448208257,-3.141592652635242,1.2697090643587066,-2.5840369184785565,0.3387114617874518,-0.11176361381351385,0.16316747027029965,-0.2046236207327087,0.8045758636478398,0.05816001649134011,0.5544404981197679,-0.22156410064041132,0.7740728104891029,0.16319889639819468,0.570163795398584
4.015608311,0.7247217583815359,0.5575557351112366,0.16716602327029928,0.18124094605445862,-0.6931023492545085,-0.7056958079338074,0.012593458679298841,0.029474414885044098,1.446334462061047,1.4184010028839111,0.027933459177135855,0.06806259602308273,0.5406090205081845,0.46444013714790344,0.07616888336028105,0.14941710233688354,0.34059077866236925,9.545511048258959e-10,0.34059077770781815,-5.136826075613499e-09,5.463974904196792,4.637806085780764,2.0869649501230114,6.340303888252825,3.789735943817475,2.2883620191927747,-0.8763289840560322,0.848070141963289,-0.2013970690697633,-2.8010018749274237,1.1530132631419912,-2.416870895208257,-3.141592652635242,1.2697090643587066,-2.5840369184785565,0.3405907777078183,-0.11669580121671541,0.1671660232702994,-0.20650870170247618,0.805337523824295,0.0575775728876085,0.552693813916967,-0.22156410064041132,0.7740728104891029,0.16319889639819468,0.570163795398584
4.025754213,0.7267243347815359,0.5651946067810059,0.16152972800053,0.17451272904872894,-0.6928073633718409,-0.7045976519584656,0.011790288586624675,0.02738383412361145,1.4470149933836927,1.4209277629852295,0.026087230398463168,0.063038170337677,0.5421036674082437,0.47006288170814514,0.07204078570009853,0.14056847989559174,0.34153198757226,-1.556144657577363e-10,0.34153198772787446,-5.435140337795019e-09,5.451186915125974,4.645481324872589,2.0825774691896166,6.297222732711697,3.8285514371637124,2.2702478531955923,-0.8460358175857232,0.8169298877088762,-0.1876703840059757,-2.8000606660175333,1.1505430990366188,-2.4148683188082574,3.1415926534341785,1.260461403721804,-2.5763980468087873,-5.941653319451712,-0.10991830468518526,0.1615297280005299,-0.20745499523221497,0.8057145887057927,0.05728239425273796,0.55181985630143,-0.22528126410784038,0.7758460807072236,0.16433550328641286,0.5659549924267961
4.045643330,0.7307141811815357,0.5651946067810059,0.1655195744005299,0.17451272904872894,-0.6922196462879824,-0.7045976519584656,0.012378005670483194,0.02738383412361145,1.4483708544872913,1.4209277629852295,0.02744309150206181,0.063038170337677,0.5450815370932516,0.47006288170814514,0.07501865538510644,0.14056847989559174,0.3434072113993136,-1.556144657577363e-10,0.3434072115549281,-5.435140337795019e-09,5.4256701876671745,4.660666481914299,2.0738680753830385,6.297222732711697,3.8285514371637124,2.2702478531955923,-0.8715525450445227,0.8321150447505863,-0.19637977781255378,-2.79818544219048,1.1456216511641537,-2.410878472408258,3.1415926534341785,1.260461403721804,-2.5763980468087873,-5.939778095624659,-0.11483975255765033,0.1655195744005291,-0.20934468918614893,0.8064570733438537,0.056687392680767584,0.5500802936610958,-0.22528126410784038,0.7758460807072236,0.16433550328641286,0.5659549924267961
4.055896282,0.7327234339815357,0.5651946067810059,0.16752882720052986,0.17451272904872894,-0.691923676950328,-0.7045976519584656,0.012673975008137606,0.02738383412361145,1.4490536546368953,1.4209277629852295,0.02812589165166579,0.063038170337677,0.5465811670044776,0.47006288170814514,0.07651828529633242,0.14056847989559174,0.34435155821054286,-1.556144657577363e-10,0.34435155836615733,-5.435140337795019e-09,5.412801007879008,4.668259803054587,2.069498264856197,6.297222732711697,3.8285514371637124,2.2702478531955923,-0.8844217248326895,0.8397083658908748,-0.2007495883393955,-2.797241095379251,1.143143251765669,-2.4088692196082575,3.1415926534341785,1.260461403721804,-2.5763980468087873,-5.93883374881343,-0.11731815195613504,0.16752882720052975,-0.21029849805844095,0.8068265556236117,0.05638428225316143,0.5492051197591832,-0.22528126410784038,0.7758460807072236,0.16433550328641286,0.5659549924267961
4.075592041,0.7367222861815357,0.57317054271698,0.1635517434645557,0.18230845034122467,-0.6913346332834427,-0.7034016847610474,0.012067051477604673,0.029448730871081352,1.450412576162551,1.4236894845962524,0.026723091566298596,0.06799069792032242,0.5495657582762637,0.4760996103286743,0.07346614794758943,0.14932459592819214,0.34623101475461077,-1.4175565166141268e-09,0.3462310161721673,-3.710738383233547e-10,5.387150894999916,4.683264890417782,2.0608336510573104,6.251382660792466,3.8682195245361144,2.2507069391864434,-0.8642317657925496,0.8150453658816672,-0.18987328812913296,-2.795361638835182,1.1382106953013418,-2.4048703674082574,3.141592652172237,1.2504669862928348,-2.568422110872813,-5.936954291007419,-0.11225629099149304,0.1635517434645557,-0.2122010893084966,0.8075530611355264,0.05577412003619716,0.5474650661741953,-0.22920315021597165,0.7777567090941823,0.16544789596631465,0.5614155422771815
4.085713863,0.7387262401815357,0.57317054271698,0.16555569746455567,0.18230845034122467,-0.6910394444759069,-0.7034016847610474,0.012362240285140436,0.029448730871081352,1.4510935756321046,1.4236894845962524,0.027404091035852174,0.06799069792032242,0.5510614333645956,0.4760996103286743,0.07496182303592125,0.14932459592819214,0.34717287113512696,-1.4175565166141268e-09,0.3471728725526835,-3.710738383233547e-10,5.374278186038349,4.690730688280409,2.0565077040170734,6.251382660792466,3.8682195245361144,2.2507069391864434,-0.877104474754117,0.8225111637442946,-0.19419923516937,-2.7944197824546664,1.1357388319359205,-2.4028664134082574,3.141592652172237,1.2504669862928348,-2.568422110872813,-5.936012434626903,-0.1147281543569143,0.16555569746455578,-0.21315668084195064,0.8079126992695181,0.05546489644985665,0.5465939489541487,-0.22920315021597165,0.7777567090941823,0.16544789596631465,0.5614155422771815
4.105680227,0.7427227617815355,0.5810688734054565,0.16165388837607897,0.19863510131835938,-0.6904507441138253,-0.7022108435630798,0.01176009944925449,0.03012263774871826,1.4524517051548682,1.4264394044876099,0.026012300667258348,0.06959336996078491,0.5540442851651359,0.4821113049983978,0.0719329801667381,0.15177802741527557,0.34905123229952034,-1.439966479388488e-09,0.3490512337394868,-4.241883289068937e-09,5.348569392936369,4.705512688276332,2.047912667481948,6.205591741094171,3.906917288672994,2.2314179713762723,-0.8570223481578019,0.7985953996033377,-0.18350530389432418,-2.792541421290273,1.1308091502505353,-2.398869891808258,3.1415926521498263,1.240514530533786,-2.560523780184337,-5.934134073440099,-0.10970538028325061,0.1616538883760792,-0.21506667137837618,0.8086210648454816,0.0548413411313337,0.5448584473542664,-0.23310429834806548,0.7796263139812312,0.16650580911951426,0.556885097815654
4.125849485,0.7467161125815355,0.5810688734054565,0.16564723917607893,0.19863510131835938,-0.6898625108206841,-0.7022108435630798,0.012348332742395773,0.03012263774871826,1.4538087571513423,1.4264394044876099,0.027369352663732416,0.06959336996078491,0.5570247704010894,0.4821113049983978,0.07491346540269161,0.15177802741527557,0.3509281031910774,-1.439966479388488e-09,0.3509281046310439,-4.241883289068937e-09,5.32283318194147,4.720140303646867,2.0393674481822814,6.205591741094171,3.906917288672994,2.2314179713762723,-0.882758559152701,0.8132230149738735,-0.19205052319399085,-2.790664550398716,1.1258833797249663,-2.3948765410082578,3.1415926521498263,1.240514530533786,-2.560523780184337,-5.932257202548542,-0.11463115080881958,0.16564723917607926,-0.21698074089211164,0.8093170424275828,0.05420916769888217,0.5431267338803852,-0.23310429834806548,0.7796263139812312,0.16650580911951426,0.556885097815654
4.137319088,0.7487254483815354,0.5810688734054565,0.1676565749760789,0.19863510131835938,-0.6895665292568652,-0.7022108435630798,0.012644314306214599,0.03012263774871826,1.4544915855066616,1.4264394044876099,0.028052181019051714,0.06959336996078491,0.5585244622603602,0.4821113049983978,0.0764131572619624,0.15177802741527557,0.3518724890122238,-1.439966479388488e-09,0.35187249045219027,-4.241883289068937e-09,5.309865699239649,4.727446536643155,2.0350840212426453,6.205591741094171,3.906917288672994,2.2314179713762723,-0.8957260418545223,0.8205292479701614,-0.19633395013362698,-2.7897201645775698,1.1234048779465577,-2.3928672052082582,3.1415926521498263,1.240514530533786,-2.560523780184337,-5.931312816727396,-0.11710965258722816,0.16765657497607878,-0.21794594242954865,0.8096627565736862,0.05388763992219494,0.5422563130657048,-0.23310429834806548,0.7796263139812312,0.16650580911951426,0.556885097815654
4.149205446,0.7507249169815354,0.5890161395072937,0.16170877747424173,0.1986980140209198,-0.6892720011630372,-0.7010149359703064,0.011742934807269179,0.029671890661120415,1.4551710607121748,1.429201364517212,0.02596969619496292,0.06850557029247284,0.5600167896166378,0.4881451427936554,0.07187164682298242,0.1499132215976715,0.35281223725921534,-6.275330810545654e-10,0.3528122378867484,-6.679329089820385e-09,5.296950232139646,4.734681027801125,2.0308324544081415,6.159240263486939,3.945339241757612,2.2122180794082063,-0.8622900313472934,0.7893417860435132,-0.18138562500006472,-2.788780416330578,1.120938547290939,-2.390867736608258,3.14159265296226,1.2305228251161533,-2.5525765140825,-5.930373069292838,-0.1095842778252143,0.16170877747424184,-0.2189077900142831,0.810003789434532,0.053565411405095104,0.5413907897939934,-0.2370403344259032,0.7814629499723041,0.16753522251264405,0.5523219051363788
4.165819883,0.7547254353815354,0.5890161395072937,0.16570929587424166,0.1986980140209198,-0.6886827120595843,-0.7010149359703064,0.012332223910722084,0.029671890661120415,1.4565305484590694,1.429201364517212,0.02732918394185746,0.06850557029247284,0.5630026244767659,0.4881451427936554,0.07485748168311046,0.1499132215976715,0.35469247691562084,-6.275330810545654e-10,0.3546924775431539,-6.679329089820385e-09,5.2710746206213415,4.749048305723867,2.0223584076948073,6.159240263486939,3.945339241757612,2.2122180794082063,-0.888165642865598,0.803709063966255,-0.1898596717133989,-2.786900176674173,1.1160039355804634,-2.3868672182082586,3.14159265296226,1.2305228251161533,-2.5525765140825,-5.928492829636433,-0.1145188895356899,0.1657092958742412,-0.22083636966518927,0.8106771734627595,0.052913885912527305,0.5396609481305529,-0.2370403344259032,0.7814629499723041,0.16753522251264405,0.5523219051363788
4.185673237,0.7587291885815353,0.5969187021255493,0.16181048645598595,0.1939922422170639,-0.6880929464597875,-0.699845552444458,0.011752605984670539,0.0280919149518013,1.4578911354812387,1.4318995475769043,0.025991587904334423,0.06470523774623871,0.5659908736686479,0.4940703213214874,0.07192055234716044,0.1433648318052292,0.35657423692479867,-1.4149372784544312e-09,0.35657423833973595,1.8611899577081203e-08,5.245132845736283,4.763283728872306,2.01392088372281,6.1130723137318155,3.9831609149852287,2.1936029897445684,-0.8679394679955328,0.7801228138870773,-0.17968210602175816,-2.7850184166649945,1.1110653337666148,-2.382863465008258,3.141592652174855,1.220730080002781,-2.5446739514642447,-5.92661106883985,-0.10966474623616618,0.1618104864559866,-0.22277197083150133,0.8113391229866269,0.052252758366496094,0.5379322687534486,-0.24095436855630248,0.7832119833349953,0.16853851119761712,0.5478273009602456
4.205643415,0.7627235585815352,0.5969187021255493,0.16580485645598586,0.1939922422170639,-0.6875045630352395,-0.699845552444458,0.012340989409218461,0.0280919149518013,1.4592485338303032,1.4318995475769043,0.027348986253398877,0.06470523774623871,0.5689721195967381,0.4940703213214874,0.07490179827525068,0.1433648318052292,0.35845158683933886,-1.4149372784544312e-09,0.35845158825427614,1.8611899577081203e-08,5.219207691470468,4.777342715460359,2.0055464341507463,6.1130723137318155,3.9831609149852287,2.1936029897445684,-0.8938646222613471,0.7941818004751307,-0.18805655559382206,-2.7831410667504546,1.1061383060649124,-2.378869095008258,3.141592652174855,1.220730080002781,-2.5446739514642447,-5.92473371892531,-0.11459177393786857,0.16580485645598664,-0.2247084282974432,0.8119875464532744,0.05158415954642111,0.536210239682882,-0.24095436855630248,0.7832119833349953,0.16853851119761712,0.5478273009602456
4.225845575,0.7667219663815351,0.604777991771698,0.16194397460983712,0.18768095970153809,-0.6869155848298898,-0.6986916065216064,0.011776021691716654,0.029512856155633926,1.4606073043364425,1.4345601797103882,0.026047124626054297,0.06813320517539978,0.5719563791852573,0.4999343454837799,0.07202203370147742,0.14958681166172028,0.3603308345158502,-6.701702526257236e-10,0.36033083518602044,2.4992914404720068e-08,5.193213060862006,4.791272748656632,1.9972068934598828,6.066964858046333,4.020316067112123,2.175391655631102,-0.8737517971843269,0.7709566815445088,-0.17818476217121937,-2.781261819073943,1.1012062977649042,-2.3748706872082583,3.141592652919623,1.2110514777841521,-2.536814661818095,-5.922854471993566,-0.10984518001924792,0.16194397460983678,-0.22665218498483714,0.8126246138812769,0.050905887637283605,0.5344891154736128,-0.24485340441965692,0.7848977791721043,0.16950704088951837,0.5433687971200423
4.246148348,0.770723655181535,0.604777991771698,0.16594566340983696,0.18768095970153809,-0.6863261233227889,-0.6986916065216064,0.012365483198817584,0.029512856155633926,1.4619671898179052,1.4345601797103882,0.027407010107517005,0.06813320517539978,0.5749430875874545,0.4999343454837799,0.07500874210367459,0.14958681166172028,0.36221162425908787,-6.701702526257236e-10,0.3622116249292581,2.4992914404720068e-08,5.167154677897229,4.805070763207598,1.9889040177972803,6.066964858046333,4.020316067112123,2.175391655631102,-0.8998101801491041,0.784754696095475,-0.18648763783382183,-2.7793810293307053,1.0962702423741435,-2.3708689984082585,3.141592652919623,1.2110514777841521,-2.536814661818095,-5.920973682250328,-0.11478123541000862,0.16594566340983663,-0.2286028346791487,0.8132501392037531,0.05021807313809421,0.5327692748198147,-0.24485340441965692,0.7848977791721043,0.16950704088951837,0.5433687971200423
4.265914440,0.774722554781535,0.6125459671020508,0.16217658767948417,0.19417759776115417,-0.6857370726737324,-0.6975524425506592,0.011815369876926773,0.02847994677722454,1.4633261274514031,1.4371854066848755,0.026140720766527625,0.0656309723854065,0.5779277142367988,0.5057352781295776,0.07219243610722115,0.14502255618572235,0.36409110308110854,-4.238063233685807e-10,0.36409110350491486,1.5686964616179466e-08,5.141072984288562,4.818715773529497,1.9806504674832104,6.021122473070249,4.056528183865268,2.1575695656752503,-0.8800494887816868,0.7621875896642294,-0.17691909819203988,-2.777501550508685,1.0913376274422446,-2.3668700988082585,3.141592653165987,1.2014861541929205,-2.5290466864877432,-5.919094203674671,-0.11014852675067588,0.16217658767948473,-0.2305573662416405,0.8138631391151725,0.04952178480474323,0.5310533725446701,-0.24871802700956044,0.7865274588692054,0.17042861416290697,0.5389508205390666
4.285639524,0.7787161509815349,0.6125459671020508,0.16617018387948412,0.19417759776115417,-0.6851488032323894,-0.6975524425506592,0.012403639318269821,0.02847994677722454,1.4646832628416426,1.4371854066848755,0.027497856156767142,0.0656309723854065,0.5809083826299838,0.5057352781295776,0.07517310450040615,0.14502255618572235,0.3659680893104208,-4.238063233685807e-10,0.3659680897342271,1.5686964616179466e-08,5.114985421635639,4.8321996135266385,1.9724513561277277,6.021122473070249,4.056528183865268,2.1575695656752503,-0.9061370514346097,0.7756714296613705,-0.18511820954752256,-2.7756245642793727,1.0864115542174773,-2.362876502608259,3.141592653165987,1.2014861541929205,-2.5290466864877432,-5.9172172174453594,-0.11507459997544323,0.16617018387948423,-0.232514481715073,0.8144632330254306,0.048817514790707395,0.5293425243565771,-0.24871802700956044,0.7865274588692054,0.17042861416290697,0.5389508205390666
4.295638800,0.7807234999815348,0.6125459671020508,0.168177532879484,0.19417759776115417,-0.6848531143305393,-0.6975524425506592,0.012699328220119876,0.02847994677722454,1.4653654160269,1.4371854066848755,0.02818000934202458,0.0656309723854065,0.5824065916172598,0.5057352781295776,0.07667131348768219,0.14502255618572235,0.3669115413375495,-4.238063233685807e-10,0.3669115417613558,1.5686964616179466e-08,5.101857737525832,4.838923156604124,1.9683465703178924,6.021122473070249,4.056528183865268,2.1575695656752503,-0.9192647355444166,0.7823949727388557,-0.18922299535735787,-2.7746811122522437,1.0839355031430933,-2.3608691536082587,3.141592653165987,1.2014861541929205,-2.5290466864877432,-5.9162737654182305,-0.1175506510498272,0.16817753287948456,-0.23350014668414124,0.8147602916026976,0.04846016701976107,0.528483643018768,-0.24871802700956044,0.7865274588692054,0.17042861416290697,0.5389508205390666
4.315862417,0.7847231133815348,0.6205120086669922,0.1642111047145426,0.20153670012950897,-0.6842639585364693,-0.6963658332824707,0.01210187474600144,0.030373521149158478,1.4667245962295494,1.4399245977401733,0.026799998489376087,0.0701824277639389,0.5853917510197901,0.5117331743240356,0.07365857669575449,0.15293897688388824,0.368791355644858,-1.2510826818967757e-09,0.36879135689594067,9.087671060115099e-09,5.0756717156535665,4.852212007359072,1.9602006517651716,5.973644218787547,4.0929949422809075,2.1391830997482177,-0.8979725031339809,0.7592170650781647,-0.1789824479830462,-2.7728012979449344,1.0790020077438434,-2.3568695402082573,3.1415926523387108,1.1915624576749753,-2.5210806449228,-5.914393950283645,-0.1125604499311319,0.1642111047145427,-0.23546789863048856,0.8153430343900162,0.04774148843421495,0.526774482362527,-0.2527019830664175,0.7881916954267981,0.17132215447386664,0.5343634328815565
4.335388184,0.7887278791815346,0.6205120086669922,0.16821587051454245,0.20153670012950897,-0.6836740437774669,-0.6963658332824707,0.012691789505003825,0.030373521149158478,1.4680855273614453,1.4399245977401733,0.028160929621271924,0.0701824277639389,0.5883807559778197,0.5117331743240356,0.07664758165378405,0.15293897688388824,0.3706735915750255,-1.2510826818967757e-09,0.3706735928261082,9.087671060115099e-09,5.049413628224087,4.865374262483439,1.9520880568032037,5.973644218787547,4.0929949422809075,2.1391830997482177,-0.92423059056346,0.7723793202025311,-0.187095042945014,-2.7709190620147677,1.0740621568949162,-2.3528647744082583,3.1415926523387108,1.1915624576749753,-2.5210806449228,-5.912511714353478,-0.11750030078005902,0.1682158705145418,-0.23744324922838264,0.8159143041158102,0.04701301015000674,0.5250660230977784,-0.2527019830664175,0.7881916954267981,0.17132215447386664,0.5343634328815565
4.355565548,0.7927221167815346,0.6284357905387878,0.16428632624274675,0.19460970163345337,-0.6830856798558608,-0.6951872706413269,0.012101590785466132,0.02855290099978447,1.4694428807172966,1.442644715309143,0.026798165408153496,0.06581854820251465,0.5913619030875829,0.5176966786384583,0.0736652244491246,0.1452348679304123,0.3725508792616978,-1.1537304445141672e-09,0.3725508804154282,1.2536474969238043e-08,5.023187279808935,4.878358675142222,1.944040515318907,5.926160691187452,4.128736822016167,2.1210891939190732,-0.9029734113785164,0.7496218531260546,-0.17704867860016615,-2.7690417743280955,1.0691352925076958,-2.3488705368082585,3.1415926524360627,1.18170027315044,-2.513156863051006,-5.910634426764158,-0.11256498064274423,0.16428632624274764,-0.239418399924518,0.8164718576213894,0.04627763042997133,0.5233649934908221,-0.25667484567131277,0.7898063809987835,0.1721743050036427,0.5297923299083567
4.365613222,0.7947223855815345,0.6284357905387878,0.16628659504274668,0.19460970163345337,-0.6827910338900237,-0.6951872706413269,0.012396236751303191,0.02855290099978447,1.4701226278530914,1.442644715309143,0.02747791254394838,0.06581854820251465,0.5928548276827219,0.5176966786384583,0.07515814904426366,0.1452348679304123,0.3734910036018909,-1.1537304445141672e-09,0.37349100475562136,1.2536474969238043e-08,5.010039712896193,4.884807366253128,1.9400268245831245,5.926160691187452,4.128736822016167,2.1210891939190732,-0.9161209782912589,0.7560705442369606,-0.18106236933594877,-2.7681016499879023,1.0666679748109245,-2.346870268008259,3.1415926524360627,1.18170027315044,-2.513156863051006,-5.909694302423965,-0.11503229833951556,0.166286595042747,-0.240409389932448,0.8167464804786075,0.04590606066221647,0.5225142538271973,-0.25667484567131277,0.7898063809987835,0.1721743050036427,0.5297923299083567
4.386032820,0.7987237169815344,0.6363665461540222,0.16235717082751222,0.1994524598121643,-0.6822016250290812,-0.6940186023712158,0.011816977342134605,0.02956870198249817,1.4714823918800646,1.445340871810913,0.02614152006915149,0.06825514137744904,0.595841269335145,0.5236197113990784,0.07222155793606666,0.14956828951835632,0.3753716253674852,-1.249773062816928e-09,0.37537162661725826,3.306922735646367e-09,4.983712475222141,4.897599656101097,1.9320307812303341,5.878497434853466,4.164060807969775,2.1033132936238816,-0.8947849596313251,0.7335388481313219,-0.17128251239354753,-2.766221028222308,1.0617323602705857,-2.3428689366082587,3.14159265234002,1.1719124156179381,-2.5052261074357713,-5.907813680562327,-0.11018005534735242,0.16235717082751266,-0.24239544836921373,0.8172866161890029,0.04515618244812788,0.5208147010165214,-0.2606544689758491,0.7913623094723666,0.17300022504347404,0.5252388647885717
4.406323195,0.8027231395815344,0.6363665461540222,0.1663565934275122,0.1994524598121643,-0.6816124973404589,-0.6940186023712158,0.012406105030756898,0.02956870198249817,1.4728415072435517,1.445340871810913,0.027500635432638587,0.06825514137744904,0.5988262863318082,0.5236197113990784,0.07520657493272986,0.14956828951835632,0.377251349998984,-1.249773062816928e-09,0.3772513512487571,3.306922735646367e-09,4.9573627316822995,4.910242415999383,1.9240824741797713,5.878497434853466,4.164060807969775,2.1033132936238816,-0.921134703171167,0.746181608029608,-0.17923081944411035,-2.7643413035908093,1.0567991002218131,-2.338869514008259,3.14159265234002,1.1719124156179381,-2.5052261074357713,-5.905933955930829,-0.11511331539612502,0.1663565934275124,-0.244385424323013,0.8178141849879834,0.04439790328995572,0.5191190127459764,-0.2606544689758491,0.7913623094723666,0.17300022504347404,0.5252388647885717
4.416861057,0.8047245705815343,0.6363665461540222,0.16835802442751213,0.1994524598121643,-0.6813176801788599,-0.6940186023712158,0.012700922192355968,0.02956870198249817,1.4735216493273262,1.445340871810913,0.028180777516413125,0.06825514137744904,0.6003200783488482,0.5236197113990784,0.07670036694976978,0.14956828951835632,0.37819202057201756,-1.249773062816928e-09,0.3781920218217906,3.306922735646367e-09,4.944163653482469,4.916515405029508,1.9201214043548256,5.878497434853466,4.164060807969775,2.1033132936238816,-0.9343337813709978,0.7524545970597334,-0.18319188926905605,-2.763400633017776,1.0543303489593996,-2.336868083008259,3.14159265234002,1.1719124156179381,-2.5052261074357713,-5.904993285357795,-0.11758206665853854,0.16835802442751246,-0.2453830768946407,0.8180735666658412,0.0440151592113692,0.5182715995073879,-0.2606544689758491,0.7913623094723666,0.17300022504347404,0.5252388647885717
4.435990810,0.8087225839815343,0.6443953514099121,0.16432723257162218,0.19954094290733337,-0.6807287600698864,-0.6928143501281738,0.012085590058287465,0.02993248589336872,1.4748802858053436,1.448122501373291,0.026757784432052567,0.06912407279014587,0.6033040435721999,0.5296934247016907,0.07361061887050924,0.1511237919330597,0.38007108288092245,-2.3685242656057426e-09,0.3800710852494467,7.716153049841523e-09,4.917772325227143,4.928938705222852,1.9122418465464601,5.829746194928426,4.199092127891425,2.0851760258538383,-0.9119738697012831,0.7298465773314273,-0.1729341793073782,-2.7615215707088705,1.049398827149057,-2.3328700696082585,3.141592651221269,1.1618528205099063,-2.4971973021798815,-5.90311422193014,-0.11245399336084927,0.16432723257162296,-0.24737954359042383,0.8185824372623977,0.043244069016214734,0.5165811701112103,-0.26470662089055125,0.7929378862916129,0.17377812921263433,0.5205584262572764
4.445879459,0.8107263015815342,0.6443953514099121,0.16633095017162214,0.19954094290733337,-0.6804336060848236,-0.6928143501281738,0.012380744043350211,0.02993248589336872,1.475561204939583,1.448122501373291,0.027438703566291966,0.06912407279014587,0.6047995422205582,0.5296934247016907,0.07510611751886753,0.1511237919330597,0.3810128281536745,-2.3685242656057426e-09,0.38101283052219875,7.716153049841523e-09,4.9045331833857855,4.935111114305308,1.9083093333988117,5.829746194928426,4.199092127891425,2.0851760258538383,-0.9252130115426409,0.7360189864138835,-0.17686669245502662,-2.7605798254361185,1.0469272553813964,-2.3308663520082584,3.141592651221269,1.1618528205099063,-2.4971973021798815,-5.9021724766573875,-0.11492556512850993,0.16633095017162303,-0.24838190975501515,0.8188328198598823,0.04285434909266332,0.5157351498498131,-0.26470662089055125,0.7929378862916129,0.17377812921263433,0.5205584262572764
4.465865612,0.8147218949815341,0.6443953514099121,0.17032654357162202,0.19954094290733337,-0.6798450424495588,-0.6928143501281738,0.012969307678615039,0.02993248589336872,1.4769190190340944,1.448122501373291,0.028796517660803378,0.06912407279014587,0.6077817012479027,0.5296934247016907,0.07808827654621198,0.1511237919330597,0.382890753064994,-2.3685242656057426e-09,0.38289075543351825,7.716153049841523e-09,4.878109029988242,4.947312080249396,1.9005005674004998,5.829746194928426,4.199092127891425,2.0851760258538383,-0.951637164940184,0.7482199523579709,-0.18467545845333855,-2.758701900524799,1.0419987186242758,-2.326870758608259,3.141592651221269,1.1618528205099063,-2.4971973021798815,-5.900294551746068,-0.1198541018856305,0.17032654357162258,-0.2503842326171042,0.8193228135703823,0.04207072025404501,0.514050501135017,-0.26470662089055125,0.7929378862916129,0.17377812921263433,0.5205584262572764
4.475703001,0.8167234819815341,0.6524754762649536,0.1642480057165805,0.20202931761741638,-0.6795502023086628,-0.6915923953056335,0.012042192996970735,0.03046056628227234,1.4775992141310206,1.4509466886520386,0.026652525478982003,0.07039398699998856,0.6092756096974123,0.53584223985672,0.07343336984069238,0.15334150195121765,0.3838314969578719,-2.8136672991507794e-09,0.3838314997715392,4.489993443712592e-08,4.864860038805438,4.953370378246964,1.896605323867612,5.780313129762628,4.233694336585784,2.066955805207135,-0.9154530909571896,0.71967604166118,-0.1703504813395229,-2.7577611566319216,1.0395297749369445,-2.3248691716082597,3.141592650776126,1.1516578632535892,-2.48911717732484,-5.899353807408048,-0.11212808831664467,0.16424800571658027,-0.25138903962349984,0.8195636149025481,0.04167491876048663,0.5132077873837746,-0.2688010294772698,0.7945016222512118,0.1745118597132557,0.5158088692641624
4.495656252,0.8207219933815341,0.6604121327400208,0.1603098606415133,0.19959668815135956,-0.6789612088427031,-0.6904217600822449,0.011460551239541816,0.029619388282299042,1.4789580198433299,1.453647255897522,0.02531076394580789,0.06836497783660889,0.6122599466090335,0.5417761206626892,0.07048382594634428,0.1498420089483261,0.38571079332627983,-3.3558713585790656e-09,0.3857107966821512,1.3969838619232178e-08,4.838369804243873,4.965365446050218,1.8888570112545044,5.731839766094057,4.267377588887364,2.0496675577083305,-0.893469961850184,0.6979878571628539,-0.1608105464538261,-2.7558818602635133,1.0345976388470541,-2.320870660208259,3.141592650233922,1.141852779978748,-2.481180520849773,-5.897474510497435,-0.10725514113169377,0.16030986064151387,-0.25339976836064987,0.8200353241610463,0.04087777333405984,0.5115267658393899,-0.2728140563390972,0.7959444928956602,0.17522200819933823,0.5112162974079265
4.506230593,0.822723819781534,0.6604121327400208,0.16231168704151322,0.19959668815135956,-0.6786663334374246,-0.6904217600822449,0.011755426644820322,0.029619388282299042,1.479638296295054,1.453647255897522,0.025991040397532084,0.06836497783660889,0.6137540337376027,0.5417761206626892,0.07197791307491352,0.1498420089483261,0.3866516497369189,-3.3558713585790656e-09,0.38665165309279026,1.3969838619232178e-08,4.8250963092085195,4.971316925703041,1.8849944572101611,5.731839766094057,4.267377588887364,2.0496675577083305,-0.9067434568855379,0.7039393368156768,-0.1646731004981694,-2.7549410038528745,1.032128399861482,-2.3188688338082595,3.141592650233922,1.141852779978748,-2.481180520849773,-5.896533654086797,-0.10972438011726582,0.16231168704151333,-0.25440814156536334,0.8202668024291527,0.040475459105338236,0.5106864082273226,-0.2728140563390972,0.7959444928956602,0.17522200819933823,0.5112162974079265
4.526040792,0.8267223685815339,0.6604121327400208,0.16631023584151317,0.19959668815135956,-0.6780773344623255,-0.6904217600822449,0.01234442561991933,0.029619388282299042,1.4809971147169265,1.453647255897522,0.02734985881940455,0.06836497783660889,0.6167383985631621,0.5417761206626892,0.07496227790047294,0.1498420089483261,0.38853096368328954,-3.3558713585790656e-09,0.3885309670391609,1.3969838619232178e-08,4.798561060754798,4.983097350408711,1.877312351039102,5.731839766094057,4.267377588887364,2.0496675577083305,-0.9332787053392595,0.7157197615213464,-0.17235520666922843,-2.7530616899065032,1.0271962176389509,-2.314870285008259,3.141592650233922,1.141852779978748,-2.481180520849773,-5.894654340140425,-0.11465656233979704,0.1663102358415136,-0.25642571012840565,0.8207198035264565,0.039665425358256325,0.5090103273174194,-0.2728140563390972,0.7959444928956602,0.17522200819933823,0.5112162974079265
4.536206484,0.8287237073815339,0.6604121327400208,0.16831157464151314,0.19959668815135956,-0.6777825308820803,-0.6904217600822449,0.012639229200164581,0.029619388282299042,1.481677225468569,1.453647255897522,0.028029969571047086,0.06836497783660889,0.6182321217656269,0.5417761206626892,0.07645600110293771,0.1498420089483261,0.38947159092241507,-3.3558713585790656e-09,0.3894715942782864,1.3969838619232178e-08,4.785268900782617,4.988939929004957,1.8734839355114614,5.731839766094057,4.267377588887364,2.0496675577083305,-0.9465708653114406,0.7215623401175923,-0.17618362219686912,-2.7521210626673778,1.0247275801045985,-2.3128689462082592,3.141592650233922,1.141852779978748,-2.481180520849773,-5.8937137129013,-0.11712519987414938,0.16831157464151358,-0.2574372203299752,0.8209418437769933,0.039256779252075095,0.5081726793202882,-0.2728140563390972,0.7959444928956602,0.17522200819933823,0.5112162974079265
4.555718184,0.8327220413815337,0.6682023406028748,0.16451970077865896,0.19236725568771362,-0.6771935635477055,-0.6892982125282288,0.012104648980523214,0.027473531663417816,1.4830359708954097,1.456234097480774,0.026801873414635802,0.06319686770439148,0.6212163262726316,0.5475142598152161,0.0737020664574155,0.14085371792316437,0.3913508039130001,-2.660799136577907e-09,0.3913508065737992,1.8870196072384715e-08,4.758692343378824,5.000505135811679,1.8658686110197804,5.684307794324521,4.300125714131926,2.033230113144906,-0.9256154509456973,0.7003794216797532,-0.16736150212512557,-2.750241849676793,1.0197956628363782,-2.3088706122082594,3.141592650928994,1.1324042516889523,-2.473390312986918,-5.891834500605787,-0.11260858885257408,0.16451970077865852,-0.2594613753384639,0.8213760469530176,0.03843397808511945,0.5065017408932168,-0.27674637907998767,0.7972788175055998,0.17590645914919925,0.5067690267297115
4.565793991,0.8347233925815337,0.6682023406028748,0.16652105197865896,0.19236725568771362,-0.6768987581409007,-0.6892982125282288,0.012399454387328035,0.027473531663417816,1.4837160858609182,1.456234097480774,0.027481988380144262,0.06319686770439148,0.6227100587299849,0.5475142598152161,0.0751957989147688,0.14085371792316437,0.39229143698011326,-2.660799136577907e-09,0.3922914396409124,1.8870196072384715e-08,4.745379216491558,5.0062403810551634,1.8620734164201722,5.684307794324521,4.300125714131926,2.033230113144906,-0.9389285778329635,0.7061146669232379,-0.17115669672473377,-2.7493012166096804,1.0173270100067118,-2.30686926100826,3.141592650928994,1.1324042516889523,-2.473390312986918,-5.890893867538674,-0.11507724168224054,0.16652105197865774,-0.26047621139557875,0.8215886758908943,0.038018934240674,0.50566664076648,-0.27674637907998767,0.7972788175055998,0.17590645914919925,0.5067690267297115
4.585716486,0.8387230735815336,0.6759458780288696,0.162777195552664,0.19477014243602753,-0.6763095923891352,-0.6881850957870483,0.0118755033979131,0.028181178495287895,1.4850752890359333,1.4587960243225098,0.026279264713423567,0.06489765644073486,0.6256952685865854,0.5532081723213196,0.07248709626526584,0.14384189248085022,0.3941712830593542,-2.5030928441083233e-09,0.39417128556244707,1.954867911990732e-08,4.718752972308271,5.01759496535997,1.8545220210270696,5.6368776440409905,4.332189986824824,2.017099792337996,-0.9181246717327198,0.6854049785351455,-0.16257777131092643,-2.7474213705304384,1.01239343122333,-2.3028695800082586,3.1415926510867003,1.1230352955999334,-2.4656467755609244,-5.889014021617139,-0.1106418643766034,0.1627771955526658,-0.26250762026417557,0.8220041807340086,0.03718310816178876,0.5040002903039632,-0.2806613179349623,0.7985633418259096,0.1765544183909592,0.5023488340321652
4.605992317,0.8427232351815335,0.6759458780288696,0.16677735715266384,0.19477014243602753,-0.675720355843459,-0.6881850957870483,0.01246473994358932,0.028181178495287895,1.486434655532235,1.4587960243225098,0.027638631209725206,0.06489765644073486,0.6286808371447568,0.5532081723213196,0.07547266482343717,0.14384189248085022,0.39605135502011574,-2.5030928441083233e-09,0.3960513575232086,1.954867911990732e-08,4.692097490768887,5.028807994681944,1.8470141020573854,5.6368776440409905,4.332189986824824,2.017099792337996,-0.9447801532721032,0.6966180078571202,-0.1700856902806107,-2.7455412985696777,1.0074592596231815,-2.2988694184082594,3.1415926510867003,1.1230352955999334,-2.4656467755609244,-5.887133949656378,-0.11557603597675192,0.16677735715266495,-0.26454358454012517,0.8224071374513547,0.03633872139245645,0.5023372268459622,-0.2806613179349623,0.7985633418259096,0.1765544183909592,0.5023488340321652
4.615838289,0.8447439383815335,0.6759458780288696,0.16879806035266387,0.19477014243602753,-0.6754226998254108,-0.6881850957870483,0.01276239596163753,0.028181178495287895,1.487121346847168,1.4587960243225098,0.028325322524658247,0.06489765644073486,0.6301890131992731,0.5532081723213196,0.07698084087795354,0.14384189248085022,0.39700108350792007,-2.5030928441083233e-09,0.3970010860110129,1.954867911990732e-08,4.67862271460861,5.034418007370203,1.8432383236063545,5.6368776440409905,4.332189986824824,2.017099792337996,-0.9582549294323801,0.7022280205453786,-0.17386146873164154,-2.7445915700818726,1.0049667362356836,-2.2968487152082595,3.1415926510867003,1.1230352955999334,-2.4656467755609244,-5.886184221168573,-0.11806855936424987,0.16879806035266487,-0.26557368412390364,0.8226058948775727,0.035908968211241656,0.5014984606312652,-0.2806613179349623,0.7985633418259096,0.1765544183909592,0.5023488340321652
4.631108284,0.8467716241815334,0.6837905049324036,0.16298111924912984,0.1974206268787384,-0.6751240152481406,-0.6870325207710266,0.011908505522886026,0.029448512941598892,1.487810411044361,1.4614531993865967,0.02635721165776439,0.06795832514762878,0.6317024008009966,0.5590667724609375,0.0726356283400591,0.14908792078495026,0.39795409381075736,-1.9474644119554796e-09,0.39795409575822177,3.4160620998591185e-09,4.665095041277584,5.040010777613614,1.8394608988804826,5.588335840873817,4.363922288613727,2.0005646090685207,-0.9232407995962326,0.6760884889998868,-0.16110371018803815,-2.743638559779036,1.002465599859497,-2.2948210294082596,3.1415926516423287,1.1133669453802062,-2.45780214865739,-5.885231211421365,-0.1109013455207093,0.1629811192491304,-0.266608427426838,0.8228020969451012,0.03547557179800549,0.5006577069149514,-0.2846510607196036,0.7998721087585665,0.17714944681589542,0.49779157963363624
4.646005630,0.8507229969815333,0.6837905049324036,0.16693249204912974,0.1974206268787384,-0.6745419654481146,-0.6870325207710266,0.01249055532291199,0.029448512941598892,1.4891531977454575,1.4614531993865967,0.027699998358860833,0.06795832514762878,0.63465155525348,0.5590667724609375,0.07558478279254255,0.14908792078495026,0.3998112350841988,-1.9474644119554796e-09,0.3998112370316632,3.4160620998591185e-09,4.638715727350678,5.050804097828744,1.8321326234117579,5.588335840873817,4.363922288613727,2.0005646090685207,-0.9496201135231388,0.6868818092150164,-0.16843198565676287,-2.7417814185055946,0.9975916089058914,-2.29086965660826,3.1415926516423287,1.1133669453802062,-2.45780214865739,-5.883374070147923,-0.11577533647431482,0.16693249204912997,-0.2686279351566355,0.8231750936591055,0.03462481164759812,0.49902196349577027,-0.2846510607196036,0.7998721087585665,0.17714944681589542,0.49779157963363624
4.665859461,0.8547257017815332,0.6837905049324036,0.1709351968491296,0.1974206268787384,-0.6739523542809773,-0.6870325207710266,0.013080166490049283,0.029448512941598892,1.4905134284920618,1.4614531993865967,0.02906022910546513,0.06795832514762878,0.6376390219594554,0.5590667724609375,0.07857224949851793,0.14908792078495026,0.40169250234642273,-1.9474644119554796e-09,0.40169250429388714,3.4160620998591185e-09,4.611970477951764,5.061595718029599,1.8247534235595078,5.588335840873817,4.363922288613727,2.0005646090685207,-0.9763653629220528,0.6976734294158717,-0.17581118550901298,-2.7399001512433703,0.9926543002861743,-2.2868669518082605,3.1415926516423287,1.1133669453802062,-2.45780214865739,-5.881492802885699,-0.1207126450940319,0.1709351968491295,-0.27067779873649017,0.8235403214389152,0.033754675732883266,0.49736856565491183,-0.2846510607196036,0.7998721087585665,0.17714944681589542,0.49779157963363624
4.685737610,0.8587180933815332,0.6917006969451904,0.16701739643634272,0.20013216137886047,-0.6733642622810514,-0.6858539581298828,0.012489695848831417,0.0301712304353714,1.4918701545256188,1.4641735553741455,0.027696599151473267,0.0697101280093193,0.6406187912849914,0.5650286078453064,0.07559018343968504,0.15203146636486053,0.40356892241493686,-2.6294761923395527e-09,0.40356892504441305,1.4588295016437769e-08,4.585271715949428,5.072217357643503,1.8174376645962624,5.53899966019252,4.395230993013745,1.9838310565037507,-0.9537279442430915,0.6769863646297578,-0.16639339190748825,-2.7380237311748563,0.9877297129271554,-2.2828745602082603,3.141592650960317,1.1035061913671451,-2.449891956644603,-5.879616382135174,-0.11577647843998973,0.16701739643634284,-0.27272645547395646,0.8238919351038133,0.032878468326920415,0.49572307397979937,-0.28869200921448485,0.8011811417512463,0.17769567498300426,0.49314292959567785
4.695530176,0.8607229959815331,0.6917006969451904,0.1690222990363427,0.20013216137886047,-0.6730689337417141,-0.6858539581298828,0.012785024388168753,0.0301712304353714,1.4925514763559138,1.4641735553741455,0.02837792098176828,0.0697101280093193,0.6421151743723037,0.5650286078453064,0.0770865665269973,0.15203146636486053,0.40451122463650657,-2.6294761923395527e-09,0.40451122726598276,1.4588295016437769e-08,4.571855939133668,5.077497819184387,1.8137805780070573,5.53899966019252,4.395230993013745,1.9838310565037507,-0.9671437210588518,0.6822668261706424,-0.1700504784966934,-2.7370814289532865,0.9852566794702107,-2.2808696576082603,3.141592650960317,1.1035061913671451,-2.449891956644603,-5.878674079913603,-0.11824951189693444,0.1690222990363428,-0.2737567687700856,0.824063726662782,0.032435332097653556,0.4948981260652787,-0.28869200921448485,0.8011811417512463,0.17769567498300426,0.49314292959567785
4.715914726,0.864721802781533,0.6997116208076477,0.16501018197388528,0.197916641831398,-0.6724798967623933,-0.6846507787704468,0.012170882008053496,0.02927292324602604,1.4939103824533833,1.4669532775878906,0.02695710486549263,0.06755278259515762,0.6450997317592556,0.5710939764976501,0.07400575526160547,0.14822207391262054,0.4063906598426198,-2.3120625414208007e-09,0.40639066215468234,1.5810655895620584e-08,4.545082220235209,5.087922981745214,1.8065199280748827,5.488725488692071,4.426293384052131,1.9669283155685602,-0.9436432684568627,0.661629597693083,-0.16040838749367747,-2.7352019937471734,0.9803241790064688,-2.27687085080826,3.1415926512777306,1.09345792114162,-2.4418810327821454,-5.876794645024904,-0.11313374213515115,0.1650101819738854,-0.2758147368040905,0.8243968030573452,0.03154527780461561,0.4932555499117561,-0.29279778132075884,0.8024822865720219,0.17820070899784204,0.4884016239781015
4.735442638,0.8687223693815329,0.707682192325592,0.16104017705594087,0.20042568445205688,-0.6718906005589269,-0.6834716200828552,0.011581019523928315,0.029833165928721428,1.495269886579982,1.4696749448776245,0.025594941702357543,0.06889260560274124,0.6480856025940314,0.5770594477653503,0.07102615482868102,0.15062853693962097,0.40827092215297717,-1.7131056573305159e-09,0.4082709238660828,5.943547876086086e-09,4.518276443583736,5.098210478615102,1.7993007160654197,5.438702778220479,4.456807121215274,1.9505380059657815,-0.9204263346367432,0.6414033573998283,-0.15123728990036178,-2.733321731436816,0.9753895078416276,-2.27287028420826,3.1415926518766875,1.0835916238965948,-2.433910461264201,-5.874914383313504,-0.10820211605496721,0.16104017705594087,-0.2778775531104572,0.824717255519449,0.030646577168395306,0.4916160099444225,-0.2968786490665167,0.8037051093831995,0.17868334216357795,0.48372867199808733
4.755383253,0.8727213665815328,0.707682192325592,0.16503917425594072,0.20042568445205688,-0.6713015355330797,-0.6834716200828552,0.012170084549775528,0.029833165928721428,1.4966288573806827,1.4696749448776245,0.02695391250305823,0.06889260560274124,0.6510703020883055,0.5770594477653503,0.07401085432295518,0.15062853693962097,0.41015044684690044,-1.7131056573305159e-09,0.4101504485600061,5.943547876086086e-09,4.491461792974636,5.108351864762563,1.7921289873651705,5.438702778220479,4.456807121215274,1.9505380059657815,-0.947240985245843,0.651544743547289,-0.15840901860061107,-2.731442206742893,0.9704567725208054,-2.2688712870082606,3.1415926518766875,1.0835916238965948,-2.433910461264201,-5.87303485861958,-0.11313485137578938,0.1650391742559405,-0.2799434440208288,0.8250247911103203,0.029740009941761854,0.48998091188514,-0.2968786490665167,0.8037051093831995,0.17868334216357795,0.48372867199808733
4.765782118,0.8747241251815328,0.707682192325592,0.1670419328559407,0.20042568445205688,-0.6710065228117718,-0.6834716200828552,0.01246509727108347,0.029833165928721428,1.4973094506199707,1.4696749448776245,0.02763450574234616,0.06889260560274124,0.6525650849755187,0.5770594477653503,0.07550563721016834,0.15062853693962097,0.41109174139060933,-1.7131056573305159e-09,0.411091743103715,5.943547876086086e-09,4.478025597080935,5.113377482805396,1.7885540644790712,5.438702778220479,4.456807121215274,1.9505380059657815,-0.9606771811395447,0.6565703615901226,-0.16198394148671036,-2.730500912199184,0.9679863836729965,-2.2668685284082604,3.1415926518766875,1.0835916238965948,-2.433910461264201,-5.872093564075872,-0.1156052402235983,0.1670419328559407,-0.2809795149253302,0.8251739955755025,0.029282909238248552,0.4891634700637725,-0.2968786490665167,0.8037051093831995,0.17868334216357795,0.48372867199808733
4.785748720,0.8787191323815327,0.7156057953834534,0.16311333699807928,0.19325202703475952,-0.6704180455256341,-0.6823064088821411,0.011888363356507003,0.027719855308532715,1.49866706550737,1.4723628759384155,0.026304189568954417,0.06380188465118408,0.6555468064854667,0.5829675197601318,0.07257928672533487,0.1417810022830963,0.4129693907885137,-2.2728814386141494e-09,0.41296939306139513,-1.63308868650347e-08,4.451210284298313,5.123296096973274,1.781456464958342,5.388854908091651,4.48665186506444,1.9345129928164693,-0.9376446237933385,0.6366442319088339,-0.1530565278581273,-2.728623262801279,0.9630585699895116,-2.2628735212082605,3.1415926513169117,1.0738304096403077,-2.42598685820634,-5.870215914118191,-0.11077183965079618,0.16311333699807973,-0.2830490569274769,0.825462009591729,0.028364991198047525,0.48753577239786716,-0.30093828355410324,0.8048704792585454,0.1791317498622323,0.4790944346378115
4.795490026,0.8807230353815326,0.7156057953834534,0.16511723999807926,0.19325202703475952,-0.6701228642305608,-0.6823064088821411,0.012183544651580336,0.027719855308532715,1.499348047645701,1.4723628759384155,0.026985171707285538,0.06380188465118408,0.6570424435093372,0.5829675197601318,0.07407492374920532,0.1417810022830963,0.4139112231990808,-2.2728814386141494e-09,0.41391122547196224,-1.63308868650347e-08,4.437753154056213,5.128218022875734,1.7779131037606353,5.388854908091651,4.48665186506444,1.9345129928164693,-0.9511017540354381,0.6415661578112939,-0.156599889055834,-2.7276814303907124,0.9605867695322365,-2.2608696182082606,3.1415926513169117,1.0738304096403077,-2.42598685820634,-5.8692740817076245,-0.1132436401080712,0.1651172399980796,-0.28408855200609856,0.8256016495056328,0.02790150199920687,0.48672077944016817,-0.30093828355410324,0.8048704792585454,0.1791317498622323,0.4790944346378115
4.815303802,0.8847139767815325,0.7235298156738281,0.1611841611077044,0.20045970380306244,-0.6695349858497143,-0.6811410188674927,0.011606033017778405,0.029841789975762367,1.5007042808608448,1.475050926208496,0.025653354652348748,0.06890086829662323,0.6600211304607203,0.5888776183128357,0.07114351214788461,0.15073999762535095,0.41578696167504187,-2.459761949680228e-09,0.4157869641348038,3.47823743140907e-08,4.4109397130796335,5.137914524678739,1.7708896729702652,5.338816096921087,4.515945949798461,1.918657483888727,-0.9278763838414532,0.6219685748802783,-0.1477678109184617,-2.725805691914751,0.9556639709848631,-2.2568786768082605,3.141592651130031,1.064066870802875,-2.4180628379159654,-5.867398343044782,-0.10840289981801199,0.16118416110770495,-0.2861615621168576,0.82587012920154,0.026972355153460987,0.4851005896893416,-0.30500493032953013,0.8059976044379563,0.17954169758465516,0.4744519290121757
4.825712442,0.8867231633815325,0.7235298156738281,0.16319334770770433,0.20045970380306244,-0.6692390262635308,-0.6811410188674927,0.011901992603961853,0.029841789975762367,1.5013870585138422,1.475050926208496,0.02633613230534615,0.06890086829662323,0.6615207109627829,0.5888776183128357,0.07264309264994717,0.15073999762535095,0.4167312773723371,-2.459761949680228e-09,0.41673127983209907,3.47823743140907e-08,4.397434794278383,5.142742762968868,1.7673706929003583,5.338816096921087,4.515945949798461,1.918657483888727,-0.9413813026427036,0.6267968131704071,-0.1512867909883686,-2.7248613762174565,0.9531856532436197,-2.2548694902082613,3.141592651130031,1.064066870802875,-2.4180628379159654,-5.866454027347487,-0.1108812175592554,0.1631933477077041,-0.2872065718985455,0.8260004358515626,0.026501538734659782,0.4842864167783459,-0.30500493032953013,0.8059976044379563,0.17954169758465516,0.4744519290121757
4.845848560,0.8907239687815324,0.7235298156738281,0.16719415310770425,0.20045970380306244,-0.6686496948840638,-0.6811410188674927,0.012491323983428892,0.029841789975762367,1.5027466437913426,1.475050926208496,0.027695717582846502,0.06890086829662323,0.664506760028801,0.5888776183128357,0.07562914171596535,0.15073999762535095,0.41861165191845623,-2.459761949680228e-09,0.4186116543782182,3.47823743140907e-08,4.370531521962772,5.152250737038814,1.760397174597038,5.338816096921087,4.515945949798461,1.918657483888727,-0.9682845749583144,0.6363047872403538,-0.158260309291689,-2.722981001671337,0.9482506875206341,-2.250868684808261,3.141592651130031,1.064066870802875,-2.4180628379159654,-5.8645736528013686,-0.11581618328224097,0.16719415310770458,-0.2892901708563277,0.8262502095417438,0.025557960732756978,0.4826681871859011,-0.30500493032953013,0.8059976044379563,0.17954169758465516,0.4744519290121757
4.855836868,0.8927269445815323,0.7235298156738281,0.16919712890770422,0.20045970380306244,-0.6683546501685039,-0.6811410188674927,0.012786368698988748,0.029841789975762367,1.5034273108412495,1.475050926208496,0.028376384632753382,0.06890086829662323,0.6660017050258377,0.5888776183128357,0.07712408671300197,0.15073999762535095,0.41955304854594844,-2.459761949680228e-09,0.4195530510057104,3.47823743140907e-08,4.357057039552627,5.156957722809507,1.7569227784401076,5.338816096921087,4.515945949798461,1.918657483888727,-0.9817590573684596,0.6410117730110461,-0.16173470544861934,-2.7220396050438445,0.9457800307581308,-2.2488657090082604,3.141592651130031,1.064066870802875,-2.4180628379159654,-5.863632256173876,-0.11828684004474432,0.169197128907705,-0.2903346544845209,0.8263703997272732,0.02508254161209865,0.4818595407027008,-0.30500493032953013,0.8059976044379563,0.17954169758465516,0.4744519290121757
4.875753880,0.8967231675815323,0.7235298156738281,0.17319335190770413,0.20045970380306244,-0.6677659937911535,-0.6811410188674927,0.013375025076339142,0.029841789975762367,1.5047853388914034,1.475050926208496,0.02973441268290733,0.06890086829662323,0.6689843339626887,0.5888776183128357,0.08010671564985306,0.15073999762535095,0.4214312693686397,-2.459761949680228e-09,0.4214312718284017,3.47823743140907e-08,4.330163008259916,5.16624304059121,1.7500244678304337,5.338816096921087,4.515945949798461,1.918657483888727,-1.0086530886611706,0.6502970907927494,-0.16863301605829317,-2.720161384221153,0.9408507173937757,-2.2448694860082608,3.141592651130031,1.064066870802875,-2.4180628379159654,-5.8617540353511846,-0.12321615340909942,0.17319335190770468,-0.2924211918431942,0.8266004980270759,0.024128006349334836,0.4802492087781118,-0.30500493032953013,0.8059976044379563,0.17954169758465516,0.4744519290121757
4.896740198,0.9007235377815321,0.7235298156738281,0.177193722107704,0.20045970380306244,-0.6671767265180328,-0.6811410188674927,0.01396429234945984,0.029841789975762367,1.5061447762758038,1.475050926208496,0.031093850067307693,0.06890086829662323,0.6719700582119704,0.5888776183128357,0.08309243989913473,0.15073999762535095,0.42331143937119303,-2.459761949680228e-09,0.423311441830955,3.47823743140907e-08,4.303227755897779,5.175396974427663,1.743163863188594,5.338816096921087,4.515945949798461,1.918657483888727,-1.035588341023308,0.6594510246292025,-0.17549362070013297,-2.7182812142186004,0.9359162884869728,-2.2408691158082616,3.141592651130031,1.064066870802875,-2.4180628379159654,-5.859873865348631,-0.12815058231590226,0.1771937221077038,-0.29451337287333124,0.8268178750384777,0.023164494555903557,0.47864128625474844,-0.30500493032953013,0.8059976044379563,0.17954169758465516,0.4744519290121757
4.915375471,0.9047138531815321,0.7394834756851196,0.16523037749641245,0.2006419450044632,-0.6665889403489803,-0.6787704229354858,0.012181482586505532,0.029902959242463112,1.5075007967586853,1.4805229902267456,0.026977806531939708,0.06905223429203033,0.6749482779407501,0.6008641719818115,0.07408410595893855,0.15096476674079895,0.42518688362777873,-1.6505117272913594e-09,0.42518688527829046,-9.332325134892017e-09,4.2763477908525624,5.18438751139958,1.7363652482890077,5.237273269250296,4.573014183399735,1.8869360315975165,-0.9609254783977335,0.6113733279998446,-0.15057078330850882,-2.7164057699620145,0.9309942621062594,-2.236878800408261,3.141592651939282,1.044237657183643,-2.4021091779046735,-5.857998421901296,-0.11324339507738357,0.16523037749641256,-0.2966037040392212,0.8270217648288465,0.022195478476803993,0.47704151180455995,-0.31322667943669924,0.8081891003971189,0.1802239568353564,0.46501478543263813
4.925775528,0.906724584381532,0.7394834756851196,0.1672411086964124,0.2006419450044632,-0.6662927532382967,-0.6787704229354858,0.012477669697189109,0.029902959242463112,1.5081840993098492,1.4805229902267456,0.027661109083103597,0.06905223429203033,0.6764490112735368,0.6008641719818115,0.07558483929172533,0.15096476674079895,0.42613192528553284,-1.6505117272913594e-09,0.42613192693604457,-9.332325134892017e-09,4.262798471793207,5.188864796749948,1.732956348559374,5.237273269250296,4.573014183399735,1.8869360315975165,-0.9744747974570886,0.6158506133502133,-0.15397968303814258,-2.71546072830426,0.9285140391116248,-2.2348680692082614,3.141592651939282,1.044237657183643,-2.4021091779046735,-5.857053380243542,-0.11572361807201814,0.16724110869641207,-0.29765829938265115,0.8271196010691421,0.021704199826208054,0.47623694737573163,-0.31322667943669924,0.8081891003971189,0.1802239568353564,0.46501478543263813
4.945872784,0.9107216587815319,0.7394834756851196,0.17123818309641226,0.2006419450044632,-0.6657039714470143,-0.6787704229354858,0.01306645148847152,0.029902959242463112,1.5095424166894733,1.4805229902267456,0.029019426462727704,0.06905223429203033,0.6794322756629834,0.6008641719818115,0.07856810368117184,0.15096476674079895,0.4280105462653746,-1.6505117272913594e-09,0.42801054791588633,-9.332325134892017e-09,4.235855892150536,5.197659559427782,1.726213626634478,5.237273269250296,4.573014183399735,1.8869360315975165,-1.0014173770997603,0.624645376028047,-0.16072240496303847,-2.7135821073244184,0.9235836755512716,-2.2308709948082606,3.141592651939282,1.044237657183643,-2.4021091779046735,-5.855174759263701,-0.12065398163237129,0.17123818309641292,-0.29975719278693,0.8273043125485455,0.020721674872343325,0.4746407188617119,-0.31322667943669924,0.8081891003971189,0.1802239568353564,0.46501478543263813
4.965707779,0.9147150303815318,0.747847318649292,0.1668677117322398,0.21264776587486267,-0.6651157350899667,-0.6774753332138062,0.012359598123839466,0.03343813866376877,1.5108994757543674,1.483522891998291,0.027376583756076434,0.07754771411418915,0.6824127764232663,0.6073206663131714,0.07509211011009487,0.1658913642168045,0.42988742693291093,-1.0378987669312778e-09,0.4298874279708097,2.6298948796465993e-08,4.208927976206186,5.20630614121561,1.7195219926598015,5.183222074034897,4.601527361683829,1.869906320667534,-0.9742940978287109,0.6047787795317818,-0.15038432800773238,-2.7117052266568824,0.9186578793690471,-2.226877623208261,3.1415926525518945,1.0334861713590582,-2.393745334940501,-5.853297879208776,-0.1148282919900111,0.16686771173224013,-0.30185740663447186,0.827475846499008,0.0197322140852441,0.4730501762476739,-0.3175784175886183,0.8093562036616435,0.18046242617098102,0.4599128145820734
4.975704193,0.9167224441815318,0.747847318649292,0.16887512553223982,0.21264776587486267,-0.6648200366428701,-0.6774753332138062,0.012655296570936003,0.03343813866376877,1.5115816509604725,1.483522891998291,0.028058758962181463,0.07754771411418915,0.683911033774799,0.6073206663131714,0.07659036746162762,0.1658913642168045,0.430830909415975,-1.0378987669312778e-09,0.4308309104538738,2.6298948796465993e-08,4.1953880572727416,5.210599856546503,1.7161751347396532,5.183222074034897,4.601527361683829,1.869906320667534,-0.9878340167621555,0.6090724948626747,-0.1537311859278807,-2.7107617441738183,0.9161817483643127,-2.2248702094082615,3.1415926525518945,1.0334861713590582,-2.393745334940501,-5.852354396725713,-0.11730442299474553,0.1688751255322396,-0.3029143697007257,0.8275571572766,0.01923187446186823,0.4722522324709199,-0.3175784175886183,0.8093562036616435,0.18046242617098102,0.4599128145820734
4.995842457,0.9207143659815317,0.755685031414032,0.16502933456749969,0.1958836317062378,-0.6642320138459807,-0.676337718963623,0.012105705117642307,0.02844059467315674,1.5129382173428845,1.4861440658569336,0.02679415148595088,0.06552930176258087,0.6868904524594738,0.6131145358085632,0.07377591665091054,0.14484666287899017,0.4327071086789579,-2.6864815927396535e-10,0.43270710894760606,2.0063453121110797e-09,4.1684560476886245,5.219033436403121,1.709553293047271,5.133213813509778,4.62842565753429,1.8551240956678263,-0.9647577658211537,0.5906077788688311,-0.14557080262055533,-2.708885544910835,0.9112577405003365,-2.2208782876082616,3.141592653321145,1.0239335137548404,-2.385907622175761,-5.85047819823198,-0.11267577325450395,0.16502933456749957,-0.30501861202490577,0.8277090619228822,0.018231059065558428,0.4706686558657699,-0.32161460923550755,0.810289521908714,0.1807292980309638,0.45533707804710416
5.005564451,0.9227228591815316,0.755685031414032,0.16703782776749965,0.1958836317062378,-0.663936156399826,-0.676337718963623,0.012401562563797097,0.02844059467315674,1.5136207593592195,1.4861440658569336,0.027476693502285876,0.06552930176258087,0.6883895154341347,0.6131145358085632,0.0752749796255715,0.14484666287899017,0.433651098478945,-2.6864815927396535e-10,0.43365109874759317,2.0063453121110797e-09,4.154902347574166,5.223223986591206,1.7062385400903481,5.133213813509778,4.62842565753429,1.8551240956678263,-0.9783114659356125,0.5947983290569159,-0.14888555557747818,-2.7079415551108488,0.9087802780631863,-2.218869794408262,3.141592653321145,1.0239335137548404,-2.385907622175761,-5.849534208431994,-0.11515323569165414,0.1670378277674991,-0.3060785204663588,0.8277805595634614,0.01772457666277106,0.46987351904534186,-0.32161460923550755,0.810289521908714,0.1807292980309638,0.45533707804710416
5.025775909,0.9267220485815315,0.7638500928878784,0.1628719556936531,0.20265765488147736,-0.6633470630623065,-0.6751207113265991,0.011773648264292613,0.02957719750702381,1.5149797954748414,1.4889552593231201,0.02602453615172129,0.06823045015335083,0.6913743583791827,0.6192476749420166,0.0721266834371661,0.14985698461532593,0.4355307135066765,-8.253680516823181e-10,0.43553071433204454,-1.8077116692438722e-08,4.127909302859943,5.231462991884527,1.699672223008048,5.080635334990728,4.65556713038866,1.8394923535598058,-0.9527260321307844,0.5758958614958667,-0.13982013055175768,-2.7060619400831163,0.9038473056649966,-2.2148706050082616,3.1415926527644253,1.0137721735181766,-2.3777425607019147,-5.847654592847542,-0.10992486785318001,0.1628719556936531,-0.3081912633023542,0.8279130766585282,0.016710275217415357,0.4682935504830995,-0.32584341713725534,0.8112689699820547,0.180933554042717,0.4504794943990724
5.045859337,0.9307137323815314,0.7638500928878784,0.16686363949365302,0.20265765488147736,-0.6627590753235751,-0.6751207113265991,0.01236163600302398,0.02957719750702381,1.5163362809782144,1.4889552593231201,0.027381021655094262,0.06823045015335083,0.6943535994297046,0.6192476749420166,0.07510592448768805,0.14985698461532593,0.43740680090989686,-8.253680516823181e-10,0.4374068017352649,-1.8077116692438722e-08,4.100959992076095,5.239547359784138,1.6931631427300307,5.080635334990728,4.65556713038866,1.8394923535598058,-0.979675342914633,0.5839802293954781,-0.14632921082977512,-2.7041858526798963,0.8989235913723703,-2.210878921208262,3.1415926527644253,1.0137721735181766,-2.3777425607019147,-5.845778505444322,-0.11484858214580629,0.1668636394936529,-0.3103030686050643,0.8280322577077683,0.015690174077186137,0.46672090616029216,-0.32584341713725534,0.8112689699820547,0.180933554042717,0.4504794943990724
5.055512428,0.9327227173815315,0.7638500928878784,0.16887262449365303,0.20265765488147736,-0.6624631454337138,-0.6751207113265991,0.012657565892885358,0.02957719750702381,1.517018990121908,1.4889552593231201,0.028063730798787878,0.06823045015335083,0.6958530294651907,0.6192476749420166,0.07660535452317407,0.14985698461532593,0.43835102185539326,-8.253680516823181e-10,0.4383510226807613,-1.8077116692438722e-08,4.087394247966175,5.243563630248753,1.6899041515334812,5.080635334990728,4.65556713038866,1.8394923535598058,-0.9932410870245523,0.5879964998600924,-0.1495882020263246,-2.7032416317343997,0.8964455223033293,-2.2088699362082616,3.1415926527644253,1.0137721735181766,-2.3777425607019147,-5.844834284498825,-0.11732665121484731,0.16887262449365315,-0.3113670502174713,0.8280872878611132,0.015173864439951232,0.46593106524426403,-0.32584341713725534,0.8112689699820547,0.180933554042717,0.4504794943990724
5.065897942,0.9347747075815314,0.7719621658325195,0.16281254174901183,0.20284950733184814,-0.662160880740905,-0.6739156246185303,0.011754743877625318,0.03067486174404621,1.517716313632193,1.4917374849319458,0.025978828700247147,0.0708782970905304,0.6973845569471793,0.6253332495689392,0.07205130737824006,0.1544208824634552,0.4393154552019804,-3.313669338922409e-10,0.43931545553334733,8.443748811259866e-09,4.073536627791754,5.247629600778637,1.6865871381773085,5.028285784062995,4.681985017738729,1.8242002020407495,-0.9547491562712409,0.5656445830399086,-0.13761306386344097,-2.7022771983878133,0.8939144066182467,-2.2068179460082624,3.141592653258426,1.0036992865743597,-2.369630487757274,-5.8438698516462395,-0.10978487995611297,0.1628125417490116,-0.3124545755165708,0.8281400688528083,0.014644503909251936,0.4651254702813827,-0.3300475425160614,0.812195485419085,0.1810992598789335,0.4456570107327697
5.085700035,0.9387415681815313,0.7719621658325195,0.16677940234901178,0.20284950733184814,-0.6615765495386047,-0.6739156246185303,0.012339075079925599,0.03067486174404621,1.519064363519762,1.4917374849319458,0.02732687858781624,0.0708782970905304,0.7003452709048376,0.6253332495689392,0.07501202133589835,0.1544208824634552,0.44117987572596856,-3.313669338922409e-10,0.4411798760573355,8.443748811259866e-09,4.046743562539368,5.255386022006348,1.6802084138039843,5.028285784062995,4.681985017738729,1.8242002020407495,-0.9815422215236271,0.5734010042676196,-0.14399178823676517,-2.7004127778638245,0.8890213115707195,-2.2028510854082617,3.141592653258426,1.0036992865743597,-2.369630487757274,-5.842005431122251,-0.11467797500364019,0.16677940234901234,-0.31455912422975507,0.8282322742158355,0.013615447854528494,0.4635714366640759,-0.3300475425160614,0.812195485419085,0.1810992598789335,0.4456570107327697
5.105444193,0.9427223691815312,0.7798776030540466,0.16284476612748455,0.20023471117019653,-0.6609901648709791,-0.6727580428123474,0.011767877941368354,0.029644520953297615,1.520417150744119,1.494405746459961,0.026011404284158157,0.06839942187070847,0.7033163894471326,0.6312178373336792,0.0720985521134534,0.15009485185146332,0.44305084822404744,-7.478063723809214e-10,0.4430508489718538,-1.639637048356235e-08,4.019851949100445,5.263032316889852,1.6738518776228137,4.977250764260251,4.707383089435238,1.8096877115262506,-0.9573988151598058,0.5556492274546141,-0.1358358339034369,-2.6985418053657457,0.8841110211364414,-2.198870284408262,3.141592652841987,0.9939888554754214,-2.3617150505357465,-5.840134458207732,-0.10987783433898002,0.16284476612748433,-0.3166738945107395,0.8283117617703075,0.012575240923594752,0.46201637759292036,-0.3341432916793057,0.8130335905687855,0.18124142704165044,0.4409945423204838
5.125769138,0.9467230255815311,0.7798776030540466,0.16684542252748447,0.20023471117019653,-0.6604008554396866,-0.6727580428123474,0.012357187372660783,0.029644520953297615,1.521776685387263,1.494405746459961,0.027370938927302024,0.06839942187070847,0.7063023273052148,0.6312178373336792,0.0750844899715356,0.15009485185146332,0.44493115274031525,-7.478063723809214e-10,0.4449311534881216,-1.639637048356235e-08,3.992822595821945,5.270578325248695,1.6675086706111493,4.977250764260251,4.707383089435238,1.8096877115262506,-0.9844281684383063,0.5631952358134571,-0.14217904091510136,-2.696661500849478,0.8791762392039231,-2.194869628008262,3.141592652841987,0.9939888554754214,-2.3617150505357465,-5.838254153691465,-0.1148126162714983,0.16684542252748447,-0.3188020052117332,0.8283784634708034,0.011522277199021689,0.460458076114295,-0.3341432916793057,0.8130335905687855,0.18124142704165044,0.4409945423204838
5.145796061,0.950725548981531,0.7879340648651123,0.16279148411641875,0.20251153409481049,-0.6598112709933471,-0.6715637445449829,0.011752473551635778,0.030071519315242767,1.5231368544890869,1.4971622228622437,0.025974631626843214,0.0694182962179184,0.7092896586211258,0.6372588276863098,0.07203083093481599,0.15195269882678986,0.44681233474472015,-6.553983744606029e-11,0.44681233481026,4.827597877010703e-09,3.9657778311308083,5.277989227669541,1.6612076971645688,4.925009592414372,4.732505813314088,1.7948931946299957,-0.9592317612835637,0.545483414355453,-0.1336854974654269,-2.6947803188450727,0.8742391543398487,-2.1908671046082615,3.1415926535242535,0.9839970904531435,-2.353658588724681,-5.836372972369326,-0.10975793611329487,0.1627914841164193,-0.3209338503384851,0.8284319524172998,0.010461265762304089,0.45890361279862024,-0.3383257724819015,0.8138703447569374,0.181328413427265,0.4362003439747605
5.166738272,0.9547336757815309,0.7879340648651123,0.1667996109164186,0.20251153409481049,-0.6592208611483388,-0.6715637445449829,0.012342883396644133,0.030071519315242767,1.5244989277825378,1.4971622228622437,0.027336704920294164,0.0694182962179184,0.7122811721017921,0.6372588276863098,0.07502234441548228,0.15195269882678986,0.4486961503415342,-6.553983744606029e-11,0.44869615040707406,4.827597877010703e-09,3.938693225300762,5.28527179926523,1.6549432168563674,4.925009592414372,4.732505813314088,1.7948931946299957,-0.9863163671136101,0.552765985951142,-0.1399499777736284,-2.692896503248259,0.8692951577207232,-2.1868589778082623,3.1415926535242535,0.9839970904531435,-2.353658588724681,-5.834489156772513,-0.11470193273242035,0.16679961091641848,-0.32307136726821006,0.8284722221476108,0.0093912316102791,0.45735158636446344,-0.3383257724819015,0.8138703447569374,0.181328413427265,0.4362003439747605
5.185795784,0.9587227049815308,0.7958940267562866,0.16282867822524416,0.19540531933307648,-0.6586332644406433,-0.6703982353210449,0.011764970880401626,0.028206082060933113,1.5258545111787807,1.4998494386672974,0.026005072511483318,0.06494151055812836,0.7152584318597847,0.6431785225868225,0.07207990927296215,0.14403265714645386,0.45057099008540324,6.78936129538954e-10,0.4505709894064671,2.833257894963026e-08,3.911736518773062,5.292382107903042,1.6487536213943192,4.873419453863171,4.7569180272623575,1.7806341046803484,-0.961682935090109,0.5354640806406845,-0.1318804832860292,-2.69102166350439,0.864374717858792,-2.1828699486082623,-3.141592652910857,0.974224670523639,-2.3456986268335065,0.4505709894064669,-0.10984995266484698,0.16282867822524416,-0.32520130943489034,0.8284990726888979,0.008318843625440712,0.45581157481595885,-0.34245267615499103,0.8146354877109323,0.18139191780160907,0.4314998944524907
5.206512451,0.9627211347815308,0.7958940267562866,0.16682710802524414,0.19540531933307648,-0.6580442829946235,-0.6703982353210449,0.012353952326421447,0.028206082060933113,1.5272132891611336,1.4998494386672974,0.027363850493836273,0.06494151055812836,0.7182427078682677,0.6431785225868225,0.0750641852814452,0.14403265714645386,0.45245024810189266,6.78936129538954e-10,0.45245024742295653,2.833257894963026e-08,3.8847159459001412,5.299371706690684,1.6425945401965938,4.873419453863171,4.7569180272623575,1.7806341046803484,-0.98870350796303,0.5424536794283261,-0.13803956448375465,-2.689142405487901,0.8594426824219364,-2.178871518808263,-3.141592652910857,0.974224670523639,-2.3456986268335065,0.45245024742295614,-0.11478198810170259,0.16682710802524348,-0.3273388236940261,0.8285127255431359,0.007236504435486632,0.45427259560670274,-0.34245267615499103,0.8146354877109323,0.18139191780160907,0.4314998944524907
5.215741396,0.9647258991815307,0.7958940267562866,0.1688318724252441,0.19540531933307648,-0.6577489748125863,-0.6703982353210449,0.012649260508458604,0.028206082060933113,1.5278945640272135,1.4998494386672974,0.0280451253599161,0.06494151055812836,0.7197389878083534,0.6431785225868225,0.07656046522153093,0.14403265714645386,0.45339248536960025,6.78936129538954e-10,0.4533924846906641,2.833257894963026e-08,3.8711682832398036,5.302824486815983,1.6395234505037877,4.873419453863171,4.7569180272623575,1.7806341046803484,-1.0022511706233677,0.5459064595536258,-0.14111065417656077,-2.6882001682201926,0.8569698194337335,-2.176866754408262,-3.141592652910857,0.974224670523639,-2.3456986268335065,0.4533924846906645,-0.11725485108990552,0.16883187242524444,-0.3284114904968788,0.8285145680267545,0.006691046624864236,0.45350273799848523,-0.34245267615499103,0.8146354877109323,0.18139191780160907,0.4314998944524907
5.235570431,0.9687213179815306,0.8038530349731445,0.16486828300838607,0.20254281163215637,-0.6571604368964575,-0.6692324876785278,0.012072050782070298,0.03020424023270607,1.5292523187877745,1.5025372505187988,0.026715068268975628,0.06974189728498459,0.722721016520895,0.6490986347198486,0.07362238180104641,0.1524794101715088,0.4552703282190939,3.774932311184642e-10,0.4552703278416007,1.3660610420629382e-08,3.8441690657346137,5.3096028857977995,1.633436755049408,4.821714917327819,4.78076954887575,1.7665474881868746,-0.9775458515932054,0.5288333369220499,-0.13311073313746657,-2.6863223253706994,0.852041498044502,-2.1728713356082627,-3.1415926532123,0.9644509988965947,-2.3377396186166486,0.4552703278416006,-0.11240950085209267,0.16486828300838585,-0.33055111497427003,0.8285082631834647,0.005598443613423581,0.4519719854759727,-0.34658248694332644,0.8153616546443148,0.1814161139348737,0.4267952032118369
5.255622625,0.9727143219815305,0.8038530349731445,0.16886128700838599,0.20254281163215637,-0.6565722546880609,-0.6692324876785278,0.012660232990466924,0.03020424023270607,1.5306092529319344,1.5025372505187988,0.028072002413135566,0.06974189728498459,0.7257012429185116,0.6490986347198486,0.07660260819866294,0.1524794101715088,0.457147036114997,3.774932311184642e-10,0.4571470357375038,1.3660610420629382e-08,3.8171878414811875,5.316240550299068,1.6273988116093088,4.821714917327819,4.78076954887575,1.7665474881868746,-1.0045270758466316,0.5354710014233186,-0.1391486765775658,-2.684445617474796,0.8471161552943288,-2.1688783316082625,-3.1415926532123,0.9644509988965947,-2.3377396186166486,0.45714703573750404,-0.11733484360226587,0.1688612870083861,-0.332691844863866,0.8284886726164196,0.004499178663244676,0.4504469037508379,-0.34658248694332644,0.8153616546443148,0.1814161139348737,0.4267952032118369
5.265444756,0.9747227693815305,0.8038530349731445,0.17086973440838593,0.20254281163215637,-0.656276403988392,-0.6692324876785278,0.012956083690135789,0.03020424023270607,1.5312917793841518,1.5025372505187988,0.028754528865353013,0.06974189728498459,0.7272002717097936,0.6490986347198486,0.07810163698994499,0.1524794101715088,0.45809100438902983,3.774932311184642e-10,0.4580910040115366,1.3660610420629382e-08,3.8036173978854264,5.319527692436269,1.624378812325352,4.821714917327819,4.78076954887575,1.7665474881868746,-1.0180975194423927,0.5387581435605195,-0.1421686758615226,-2.683501649200763,0.8446387493511606,-2.1668698842082628,-3.1415926532123,0.9644509988965947,-2.3377396186166486,0.4580910040115369,-0.11981224954543412,0.17086973440838582,-0.33376950128972693,0.8284737913460805,0.003943502429827737,0.44968160497183335,-0.34658248694332644,0.8153616546443148,0.1814161139348737,0.4267952032118369
5.285618067,0.9787223861815304,0.811813235282898,0.16690915089863245,0.1953861564397812,-0.6556872476934911,-0.6680586338043213,0.012371386110830218,0.02848675288259983,1.532650960742216,1.505244493484497,0.027406467257719003,0.06561735272407532,0.7301854336499546,0.6550524234771729,0.07513301017278173,0.1452077329158783,0.4599708202943349,-2.514405350595439e-10,0.4599708205457754,-8.38917912915349e-09,3.776595518041086,5.325971108100237,1.618398761120094,4.769807856713317,4.803981666531818,1.7525397760110693,-0.9932123386722314,0.5219894415684196,-0.13414101489097519,-2.6816218332954582,0.8397052497580346,-2.162870267408263,3.141592653338353,0.9546161132993657,-2.3297794183068956,-5.823214486633811,-0.11491086354133107,0.16690915089863267,-0.3359172742659838,0.8284341234689627,0.002831461006634288,0.44816121067144044,-0.35072117067297837,0.8160610909013327,0.18139090921868747,0.4220619556552336
5.305655479,0.9827233451815303,0.8196322321891785,0.1630911129923518,0.19543786346912384,-0.6550978936882548,-0.6669338941574097,0.011836000469154895,0.028117531910538673,1.534010598217281,1.5078339576721191,0.026176640545161778,0.06473426520824432,0.733171597357174,0.6607972383499146,0.07237435900725941,0.1436198651790619,0.4618512670323007,-7.025499071389163e-10,0.46185126773485063,-7.079506758600473e-09,3.7495682530044694,5.3322802621197365,1.6124619573022478,4.7190129248135735,4.826553375568018,1.739290091504623,-0.9694446718091041,0.5057268865517184,-0.12682813420237515,-2.6797413865574926,0.8347700945705137,-2.158869308408263,3.141592652887243,0.9451570945920904,-2.321960421400615,-5.821334039444736,-0.11038700002157675,0.16309111299235202,-0.33806802276027065,0.8283810627976724,0.0017117923731268313,0.44664515731398124,-0.35477059794553384,0.8166673719368835,0.18136371334491314,0.4174918321701834
5.325606823,0.9867238847815302,0.8196322321891785,0.1670916525923517,0.19543786346912384,-0.6545086014619744,-0.6669338941574097,0.012425292695435242,0.028117531910538673,1.5353700931685268,1.5078339576721191,0.027536135496407654,0.06473426520824432,0.7361574480401761,0.6607972383499146,0.07536020969026158,0.1436198651790619,0.463731516652685,-7.025499071389163e-10,0.46373151735523493,-7.079506758600473e-09,3.722548298538946,5.338452616171669,1.6065710377613234,4.7190129248135735,4.826553375568018,1.739290091504623,-0.9964646262746273,0.5118992406036513,-0.13271905374329962,-2.6778611369371084,0.8298354567099854,-2.1548687688082633,3.141592652887243,0.9451570945920904,-2.321960421400615,-5.819453789824351,-0.11532163788210503,0.1670916525923518,-0.3402207395029583,0.8283146113295424,0.0005850249106099105,0.44513414923582667,-0.35477059794553384,0.8166673719368835,0.18136371334491314,0.4174918321701834
5.346044540,0.9907226075815301,0.8276925086975098,0.1630300988840203,0.19788219034671783,-0.6539195768561212,-0.6657314300537109,0.011811853197589706,0.029176507145166397,1.536728970720453,1.5106102228164673,0.026118747903985717,0.06728047132492065,0.7391419427327212,0.6668701171875,0.07227182554522116,0.14808273315429688,0.4656109123788821,-9.030752812222431e-10,0.46561091328195736,2.2628228180110455e-09,3.695545879394125,5.344486420038138,1.600728028597381,4.6661157893318155,4.848795093391488,1.7252975355493416,-0.9705699099376903,0.49569132664665005,-0.12456950695196056,-2.675981741210911,0.8249030598596612,-2.150870046008263,3.141592652686718,0.935105486506458,-2.313900144892284,-5.81757439389763,-0.1102024266467968,0.16303009888402098,-0.3423746095595027,0.8282347870976646,-0.0005484037001949071,0.44362874503761124,-0.35897441170792543,0.8173152060871135,0.18124294734521623,0.41265508560460923
5.355743408,0.99272349518153,0.8276925086975098,0.16503098648402026,0.19788219034671783,-0.6536248397390731,-0.6657314300537109,0.012106590314637788,0.029176507145166397,1.5374089281417493,1.5106102228164673,0.026798705325282057,0.06728047132492065,0.7406353291766575,0.6668701171875,0.07376521198915753,0.14808273315429688,0.46655132755445783,-9.030752812222431e-10,0.4665513284575331,2.2628228180110455e-09,3.68203658571439,5.3474547721218535,1.597821272188356,4.6661157893318155,4.848795093391488,1.7252975355493416,-0.9840792036174255,0.4986596787303652,-0.1274762633609856,-2.6750413260353354,0.8224349788773803,-2.1488691584082633,3.141592652686718,0.935105486506458,-2.313900144892284,-5.816633978722054,-0.11267050762907771,0.16503098648402048,-0.3434531472438804,0.8281898093921162,-0.0011182306054241405,0.4428773248063585,-0.35897441170792543,0.8173152060871135,0.18124294734521623,0.41265508560460923
5.366033792,0.99472482058153,0.8276925086975098,0.16703231188402023,0.19788219034671783,-0.6533300381326905,-0.6657314300537109,0.01240139192102041,0.029176507145166397,1.5380890343396982,1.5106102228164673,0.02747881152323095,0.06728047132492065,0.7421290423778716,0.6668701171875,0.07525892519037158,0.14808273315429688,0.4674919484955967,-9.030752812222431e-10,0.467491949398672,2.2628228180110455e-09,3.6685259496874356,5.350389893533523,1.594925208902347,4.6661157893318155,4.848795093391488,1.7252975355493416,-0.9975898396443799,0.5015948001420343,-0.13037232664699472,-2.6741007050941965,0.8199663578718345,-2.146867833008263,3.141592652686718,0.935105486506458,-2.313900144892284,-5.815693357780915,-0.1151391286346235,0.16703231188402068,-0.34453243150360385,0.8281414596322538,-0.0016899639557474513,0.44212698458949873,-0.35897441170792543,0.8173152060871135,0.18124294734521623,0.41265508560460923
5.386286259,0.9987238805815299,0.8276925086975098,0.17103137188402018,0.19788219034671783,-0.6527409638562032,-0.6657314300537109,0.012990466197507766,0.029176507145166397,1.5394480264815906,1.5106102228164673,0.02883780366512334,0.06728047132492065,0.7451137887436785,0.6668701171875,0.0782436715561785,0.14808273315429688,0.46937150270545736,-9.030752812222431e-10,0.46937150360853264,2.2628228180110455e-09,3.6415341434887676,5.356153522411762,1.5891722208114518,4.6661157893318155,4.848795093391488,1.7252975355493416,-1.024581645843048,0.5073584290202735,-0.1361253147378898,-2.672221150884336,0.8150335450876482,-2.1428687730082636,3.141592652686718,0.935105486506458,-2.313900144892284,-5.813813803571055,-0.12007194141880972,0.17103137188402018,-0.3466905624927743,0.828034766363194,-0.0028377235040163134,0.4406313957239196,-0.35897441170792543,0.8173152060871135,0.18124294734521623,0.41265508560460923
5.406119347,1.0027176505815298,0.8356671929359436,0.16705045764558624,0.20051489770412445,-0.6521526688135665,-0.664542019367218,0.012389350553651535,0.03008934296667576,1.5408052209339183,1.5133557319641113,0.027449488969806923,0.06948665529489517,0.7480945868545767,0.672884464263916,0.07521012259066073,0.15185098350048065,0.47124857062059616,-1.5007224352103776e-09,0.4712485721213186,-1.0841176845133305e-08,3.6145856405193055,5.361774960764128,1.5834719987832355,4.613689756351122,4.8702361959043605,1.7116412176315456,-0.9991041158318166,0.4915387648597678,-0.12816921884831012,-2.670344082969197,0.8101072574817854,-2.138875003008263,3.1415926520890705,0.9251562195959049,-2.30592546065385,-5.811936735058268,-0.11504896211411952,0.1670504576455869,-0.34884778160933216,0.8279147914143493,-0.003991008082972472,0.43914279599927836,-0.36313577438114253,0.8179164515875608,0.181082680154672,0.4078653583414779
5.415990591,1.0047235111815298,0.8356671929359436,0.1690563182455862,0.20051489770412445,-0.6518571991577775,-0.664542019367218,0.012684820209440506,0.03008934296667576,1.5414868683193366,1.5133557319641113,0.02813113635522524,0.06948665529489517,0.749591684956672,0.672884464263916,0.07670722069275604,0.15185098350048065,0.47219132310121,-1.5007224352103776e-09,0.4721913246019324,-1.0841176845133305e-08,3.6010539328295192,5.364547679599847,1.580626101714572,4.613689756351122,4.8702361959043605,1.7116412176315456,-1.0126358235216029,0.49431148369548605,-0.13101511591697368,-2.6694013304885833,0.807633042338483,-2.1368691424082633,3.1415926520890705,0.9251562195959049,-2.30592546065385,-5.810993982577654,-0.1175231772574219,0.16905631824558665,-0.3499319524926019,0.8278494691424587,-0.004572885458342188,0.4383970503822416,-0.36313577438114253,0.8179164515875608,0.181082680154672,0.4078653583414779
5.437523842,1.0087349129815297,0.8434954285621643,0.16523948441936542,0.19564321637153625,-0.6512663068948371,-0.6634058356285095,0.012139528733672411,0.028405271470546722,1.5428500545491437,1.5159730911254883,0.02687696342365542,0.06543388217687607,0.7525856427728442,0.6786757707595825,0.07390987201326171,0.14478158950805664,0.47407667794475633,-2.0066923678285775e-09,0.4740766799514487,-9.335053618997335e-09,3.5739993923188846,5.369991317012113,1.574968908463379,4.56246386546786,4.89109596008076,1.698774534783916,-0.9884644731489756,0.47889535693135343,-0.12380562632053715,-2.667515975645037,0.8026850060295633,-2.1328577406082636,3.141592651583101,0.9156113702001528,-2.298097225027629,-5.809108627228138,-0.11292636417058954,0.1652394844193652,-0.3521015132804054,0.8277086663193756,-0.005741824601556286,0.43690950950476465,-0.3672020465291351,0.8184226372734054,0.1809273451692499,0.4032522034574219
5.455812216,1.0127225751815296,0.8514204621315002,0.1613021130500294,0.2004736065864563,-0.650678911550596,-0.6622455716133118,0.011566660062715783,0.029608767479658127,1.544205173400654,1.5186481475830078,0.025557025817646295,0.06831957399845123,0.7555618822540012,0.6845695376396179,0.07099234461438331,0.14990462362766266,0.4759508751999893,-1.5983656620477404e-09,0.47595087679835496,1.4399120118469e-08,3.5471144820228595,5.375269060695015,1.5693903211735032,4.510432319293679,4.911564893592388,1.6858055357604207,-0.9633178372708198,0.46370416710262674,-0.1164152145869175,-2.6656417783898037,0.7977662523526549,-2.1288700784082635,3.1415926519914277,0.9058822828474002,-2.2901721914582933,-5.807234430381231,-0.10811603049474539,0.16130211305002984,-0.3542600222808579,0.8275552468403239,-0.006910787052091901,0.43543586331736306,-0.37132567711632586,0.8189096327484257,0.1807196294322267,0.39855322159508316
5.475828886,1.0167235631815295,0.8514204621315002,0.1653031010500292,0.2004736065864563,-0.6500895532735673,-0.6622455716133118,0.012156018339744445,0.029608767479658127,1.545564820730728,1.5186481475830078,0.02691667314772017,0.06831957399845123,0.7585480676057181,0.6845695376396179,0.07397852996610021,0.14990462362766266,0.47783133556792623,-1.5983656620477404e-09,0.4778313371662919,1.4399120118469e-08,3.5201500347508525,5.380430815091208,1.5638383100880462,4.510432319293679,4.911564893592388,1.6858055357604207,-0.9902822845428267,0.46886592149882045,-0.1219672256723745,-2.663761318021867,0.7928310613938352,-2.124869090408264,3.1415926519914277,0.9058822828474002,-2.2901721914582933,-5.805353970013295,-0.11305122145356505,0.16530310105002943,-0.35642747411676456,0.8273878230164755,-0.008090572044297665,0.43396242770866295,-0.37132567711632586,0.8189096327484257,0.1807196294322267,0.39855322159508316
5.495798111,1.0207235283815295,0.8514204621315002,0.16930306625002922,0.2004736065864563,-0.6495003456582367,-0.6622455716133118,0.012745225955075101,0.029608767479658127,1.546924120484831,1.5186481475830078,0.028275972901823154,0.06831957399845123,0.7615334895783953,0.6845695376396179,0.07696395193877736,0.14990462362766266,0.47971131522088367,-1.5983656620477404e-09,0.47971131681924933,1.4399120118469e-08,3.4932035620315554,5.385457781117474,1.5583329940165784,4.510432319293679,4.911564893592388,1.6858055357604207,-1.017228757262124,0.4738928875250865,-0.12747254174384226,-2.66188133836891,0.7878971320517244,-2.120869125208264,3.1415926519914277,0.9058822828474002,-2.2901721914582933,-5.803473990360338,-0.11798515079567584,0.16930306625002922,-0.35859604184133625,0.8272069189827795,-0.009276941197011607,0.43249454369364143,-0.37132567711632586,0.8189096327484257,0.1807196294322267,0.39855322159508316
5.506050825,1.0227266649815294,0.8514204621315002,0.17130620285002918,0.2004736065864563,-0.6492052772563246,-0.6622455716133118,0.01304029435698717,0.029608767479658127,1.5476048421790634,1.5186481475830078,0.028956694596055543,0.06831957399845123,0.7630285545904393,0.6845695376396179,0.07845901695082136,0.14990462362766266,0.4806527874242154,-1.5983656620477404e-09,0.4806527890225811,1.4399120118469e-08,3.4797134799196052,5.38792518271612,1.5555930064099908,4.510432319293679,4.911564893592388,1.6858055357604207,-1.030718839374074,0.47636028912373174,-0.13021252935042993,-2.660939866165578,0.7854262769435362,-2.118865988608264,3.1415926519914277,0.9058822828474002,-2.2901721914582933,-5.8025325181570055,-0.12045600590386407,0.17130620285002918,-0.35968264368393615,0.8271112388634685,-0.009873636134527675,0.43176139902468835,-0.37132567711632586,0.8189096327484257,0.1807196294322267,0.39855322159508316
5.526191473,1.0267238881815293,0.8593047261238098,0.16741916205771945,0.1935737282037735,-0.6486164735463282,-0.6610987782478333,0.01248230470150502,0.027730397880077362,1.548963210125078,1.5212910175323486,0.02767219259272946,0.0638217106461525,0.7660119300385494,0.6904048323631287,0.07560709767542073,0.1418582648038864,0.4825314783399087,-1.4385854729681569e-09,0.4825314797784942,-1.229636836796999e-09,3.4528035146543186,5.392749230621004,1.5501593391163886,4.458675377792609,4.931476580147519,1.6731611403740534,-1.0058718631382906,0.461272650473485,-0.1230018012576648,-2.6590611752498843,0.7804957298394148,-2.114868765408264,3.141592652151208,0.8962573248090703,-2.2822879274659837,-5.800653827401092,-0.11576159496965543,0.1674191620577199,-0.36185211221103,0.8269101591701656,-0.011069441286280644,0.43030234140566465,-0.37542395641139187,0.8193445709498022,0.18048474754663563,0.39389920399834427
5.546009779,1.0307229939815292,0.86705082654953,0.1636721674319992,0.19357335567474365,-0.6480273925233551,-0.6599895358085632,0.011962143285208171,0.02773035690188408,1.550322217831088,1.5238440036773682,0.02647821415371987,0.06382175534963608,0.7689967105877352,0.6960791945457458,0.07291751604198937,0.1418582797050476,0.4844110540757236,-1.3988588065672047e-09,0.4844110554745824,-1.5774276107549667e-08,3.425893837614988,5.397443031223272,1.5447683462522246,4.407932937189919,4.950716890425851,1.661099832716424,-0.9820390995749313,0.4467261407974208,-0.11633148646419933,-2.6571815995140695,0.775562860561246,-2.110869659608264,3.1415926521909343,0.8869207340421634,-2.2745418270402635,-5.798774251705003,-0.11135787348091741,0.16367216743199942,-0.3640241160185621,0.8266954387879472,-0.012272591016384872,0.42884784942197457,-0.3794400386137515,0.8197110355371959,0.1802396136630281,0.38937482838767984
5.565825462,1.0347241583815292,0.86705082654953,0.16767333183199917,0.19357335567474365,-0.6474380082620445,-0.6599895358085632,0.012551527546518781,0.02773035690188408,1.5516819251068026,1.5238440036773682,0.02783792142943442,0.06382175534963608,0.7719830275977067,0.6960791945457458,0.0759038330519608,0.1418582797050476,0.48629159735148453,-1.3988588065672047e-09,0.48629159875034333,-1.5774276107549667e-08,3.3989840331616303,5.4020069411921146,1.5394198532682117,4.407932937189919,4.950716890425851,1.661099832716424,-1.0089489040282889,0.4512900507662634,-0.12167997944821218,-2.655301056238309,0.7706274520142491,-2.106868495208264,3.1415926521909343,0.8869207340421634,-2.2745418270402635,-5.796893708429243,-0.11629328202791434,0.1676733318319994,-0.3661986906799834,0.826467035310119,-0.013483108432944669,0.4273978992425604,-0.3794400386137515,0.8197110355371959,0.1802396136630281,0.38937482838767984
5.585661888,1.038723150581529,0.86705082654953,0.17167232403199906,0.19357335567474365,-0.6468489439727132,-0.6599895358085632,0.013140591835850035,0.02773035690188408,1.5530408942083636,1.5238440036773682,0.02919689053099539,0.06382175534963608,0.7749677233601708,0.6960791945457458,0.07888852881442499,0.1418582797050476,0.48817111969541277,-1.3988588065672047e-09,0.4881711210942716,-1.5774276107549667e-08,3.372103300150603,5.406436490922715,1.5341195085628057,4.407932937189919,4.950716890425851,1.661099832716424,-1.035829637039316,0.455719600496864,-0.12698032415361826,-2.653421533894381,0.7656947228608929,-2.102869503008265,3.1415926521909343,0.8869207340421634,-2.2745418270402635,-5.795014186085315,-0.12122601118127052,0.1716723240319986,-0.36837347443851665,0.8262251782254099,-0.014699673247902136,0.42595405597656916,-0.3794400386137515,0.8197110355371959,0.1802396136630281,0.38937482838767984
5.605943203,1.042723621581529,0.8750463128089905,0.1676773087725385,0.19402438402175903,-0.6462596618514312,-0.6587972044944763,0.012537542643045074,0.028347915038466454,1.5544003658474157,1.526597023010254,0.027803342837161793,0.06532476097345352,0.7779535228427408,0.7021017074584961,0.07585181538424468,0.1443316638469696,0.49005133707386556,-1.5039236522795818e-09,0.4900513385777892,1.5323166735470295e-08,3.3452278347793425,5.410736114215247,1.528862455175754,4.3550377299594185,4.969489434105255,1.6482986645644384,-1.009809895180076,0.4412466801099919,-0.11943620938868449,-2.6515413165159276,0.7607601696179889,-2.098869032008264,3.1415926520858695,0.8769528704824409,-2.266546340780803,-5.793133968601797,-0.11619270086445199,0.16767730877253895,-0.370550390038953,0.8259696379696078,-0.015923354237384214,0.4245150319884629,-0.38361528783066945,0.8201144266705314,0.17988511944066085,0.384568565945369
5.615952253,1.0447312215815288,0.8750463128089905,0.16968490877253828,0.19402438402175903,-0.6459639359764817,-0.6587972044944763,0.0128332685179946,0.028347915038466454,1.5550826043294748,1.526597023010254,0.028485581319220854,0.06532476097345352,0.7794519191668754,0.7021017074584961,0.0773502117083793,0.1443316638469696,0.49099490707074384,-1.5039236522795818e-09,0.4909949085746675,1.5323166735470295e-08,3.3317465908487844,5.412844365794317,1.5262413043440073,4.3550377299594185,4.969489434105255,1.6482986645644384,-1.023291139110634,0.44335493168906215,-0.12205736022043112,-2.6505977465190496,0.7582838089368455,-2.096861432008265,3.1415926520858695,0.8769528704824409,-2.266546340780803,-5.7921903986049195,-0.11866906154559531,0.16968490877253828,-0.37164333609351496,0.8258362699978062,-0.01653994735518875,0.42379489854749414,-0.38361528783066945,0.8201144266705314,0.17988511944066085,0.384568565945369
5.627025843,1.0467791205815289,0.8750463128089905,0.1717328077725384,0.19402438402175903,-0.6456622739304649,-0.6587972044944763,0.013134930564011382,0.028347915038466454,1.5557785375358757,1.526597023010254,0.029181514525621788,0.06532476097345352,0.7809803931327048,0.7021017074584961,0.07887868567420875,0.1443316638469696,0.491957417557413,-1.5039236522795818e-09,0.49195741906133666,1.5323166735470295e-08,3.3179989695391416,5.414960933399044,1.523579279644669,4.3550377299594185,4.969489434105255,1.6482986645644384,-1.0370387604202769,0.44547149929378893,-0.12471938491976942,-2.6496352360323803,0.7557577397185985,-2.0948135330082645,3.1415926520858695,0.8769528704824409,-2.266546340780803,-5.79122788811825,-0.12119513076384236,0.17173280777253863,-0.37275854122255625,0.8256966923272075,-0.017170631793024554,0.4230617113724297,-0.38361528783066945,0.8201144266705314,0.17988511944066085,0.384568565945369
5.646004438,1.0507238345815286,0.8750463128089905,0.17567752177253815,0.19402438402175903,-0.6450812049928898,-0.6587972044944763,0.013715999501586529,0.028347915038466454,1.5571190613909847,1.526597023010254,0.030522038380730754,0.06532476097345352,0.7839245777099924,0.7021017074584961,0.08182287025149626,0.1443316638469696,0.4938114292014984,-1.5039236522795818e-09,0.49381143070542205,1.5323166735470295e-08,3.2915303727476948,5.418941315562248,1.5184850358185278,4.3550377299594185,4.969489434105255,1.6482986645644384,-1.0635073572117237,0.44945188145699255,-0.12981362874591063,-2.6477812243882948,0.7508919623486267,-2.0908688190082643,3.1415926520858695,0.8769528704824409,-2.266546340780803,-5.789373876474164,-0.1260609081338142,0.1756775217725388,-0.37490755741581916,0.8254177739488524,-0.01839033130227915,0.4216534329949393,-0.38361528783066945,0.8201144266705314,0.17988511944066085,0.384568565945369
5.665793896,1.0547227009815285,0.8910560011863708,0.1636666997951577,0.19884949922561646,-0.6444921592342991,-0.6563910841941833,0.011898924959884205,0.029605595394968987,1.5584779877421966,1.532155156135559,0.02632283160663751,0.06833747774362564,0.7869091795801187,0.7142335176467896,0.0726756619333292,0.14970605075359344,0.4956908924195522,-1.5363743610663505e-09,0.4956908939559266,-1.017178874462843e-08,3.2647157022472646,5.4228468341639875,1.5133657524129365,4.248805074402103,5.005188484168242,1.6230229143131525,-0.9840893721548385,0.4176583499957456,-0.10965716190021602,-2.645901761170241,0.7459593883686979,-2.0868699526082644,3.141592652053419,0.8568568068685489,-2.2505366524034227,-5.78749441322366,-0.11089741849985102,0.16366669979515835,-0.37708720610279806,0.8251214985540335,-0.019633270990241463,0.4202312295483949,-0.3919864535461995,0.8208256597244598,0.17902814621934232,0.374887689095607
5.685923100,1.0587236959815285,0.8910560011863708,0.16766769479515764,0.19884949922561646,-0.6439027999261482,-0.6563910841941833,0.012488284268035166,0.029605595394968987,1.5598376374510656,1.532155156135559,0.027682481315506546,0.06833747774362564,0.7898953701563696,0.7142335176467896,0.07566185250958002,0.14970605075359344,0.4975713560774821,-1.5363743610663505e-09,0.49757135761385646,-1.017178874462843e-08,3.237904894916635,5.426624311094306,1.5082889696800077,4.248805074402103,5.005188484168242,1.6230229143131525,-1.0109001794854682,0.4214358269260643,-0.11473394463314479,-2.644021297512311,0.7410241887754272,-2.082868957608265,3.141592652053419,0.8568568068685489,-2.2505366524034227,-5.785613949565731,-0.11583261809312173,0.16766769479515764,-0.3792690923080819,0.8248114233377836,-0.020883377544371265,0.418813748692235,-0.3919864535461995,0.8208256597244598,0.17902814621934232,0.374887689095607
5.695814371,1.0607250169815285,0.8910560011863708,0.1696690157951577,0.19884949922561646,-0.6436079989678996,-0.6563910841941833,0.012783085226283797,0.029605595394968987,1.560517742153772,1.532155156135559,0.028362586018212843,0.06833747774362564,0.7913890800735909,0.7142335176467896,0.07715556242680133,0.14970605075359344,0.49851197495062544,-1.5363743610663505e-09,0.4985119764869998,-1.017178874462843e-08,3.2245010054849335,5.428465110181056,1.5057665034878678,4.248805074402103,5.005188484168242,1.6230229143131525,-1.0243040689171696,0.42327662601281446,-0.11725641082528471,-2.6430806786391683,0.7385555731972508,-2.0808676366082652,3.141592652053419,0.8568568068685489,-2.2505366524034227,-5.784673330692588,-0.11830123367129808,0.16966901579515747,-0.3803608691536888,0.8246511985951014,-0.021511116780808217,0.4181067826849448,-0.3919864535461995,0.8208256597244598,0.17902814621934232,0.374887689095607
5.715809345,1.0647220577815284,0.8993992805480957,0.1653227772334327,0.21085938811302185,-0.6430192221260042,-0.655093252658844,0.012074030532839841,0.03314115107059479,1.5618760481151786,1.5351614952087402,0.026714552906438316,0.07683359086513519,0.7943723193852746,0.7207010984420776,0.073671220943197,0.16463394463062286,0.5003905801385007,-8.306064724905582e-10,0.5003905809691072,1.9295839592814445e-08,3.1977452251272043,5.432044561247386,1.5007624940180135,4.192979397637332,5.022399113056151,1.609682888015468,-0.9952341725101279,0.4096454481912346,-0.10892039399745457,-2.6412020734512924,0.7336252510822652,-2.0768705958082645,3.141592652759187,0.8460850554647401,-2.2421933730416974,-5.782794726210479,-0.11245980438247494,0.16532277723343292,-0.38254209570596587,0.8243209654815096,-0.022769660069706685,0.41669897223394925,-0.39637411986080107,0.82118646359768,0.17845825688399825,0.3697201639868137
5.735565424,1.0687153999815282,0.8993992805480957,0.1693161194334325,0.21085938811302185,-0.6424309900996702,-0.655093252658844,0.012662262559173798,0.03314115107059479,1.5632330971891326,1.5351614952087402,0.02807160198039238,0.07683359086513519,0.797352798202515,0.7207010984420776,0.0766516997604374,0.16463394463062286,0.5022674469880664,-8.306064724905582e-10,0.5022674478186728,1.9295839592814445e-08,3.1710340724923416,5.435491932856418,1.4958081718264573,4.192979397637332,5.022399113056151,1.609682888015468,-1.0219453251449906,0.4130928198002666,-0.1138747161890108,-2.639325206601727,0.7286994911647365,-2.072877253608265,3.141592652759187,0.8460850554647401,-2.2421933730416974,-5.780917859360914,-0.11738556430000358,0.16931611943343228,-0.38472222112372134,0.8239774120706727,-0.02403342162608251,0.4152980033853888,-0.39637411986080107,0.82118646359768,0.17845825688399825,0.3697201639868137
5.745687962,1.0707241959815283,0.8993992805480957,0.17132491543343265,0.21085938811302185,-0.6421350880501109,-0.655093252658844,0.012958164608733114,0.03314115107059479,1.5639157421053542,1.5351614952087402,0.02875424689661399,0.07683359086513519,0.7988520871755855,0.7207010984420776,0.0781509887335079,0.16463394463062286,0.5032115791037514,-8.306064724905582e-10,0.5032115799343578,1.9295839592814445e-08,3.1576051249943715,5.437177551070743,1.4933329893806273,4.192979397637332,5.022399113056151,1.609682888015468,-1.0353742726429607,0.4147784380145918,-0.1163498986348408,-2.638381074486042,0.7262216552258853,-2.0708684576082654,3.141592652759187,0.8460850554647401,-2.2421933730416974,-5.779973727245229,-0.11986340023885478,0.17132491543343198,-0.38581923010876507,0.8237994403804643,-0.02467153843665805,0.414595367675861,-0.39637411986080107,0.82118646359768,0.17845825688399825,0.3697201639868137
5.766008615,1.0747129341815282,0.9075518250465393,0.16716110913498894,0.20655934512615204,-0.6415475342076423,-0.6538682579994202,0.012320723791777843,0.03066706657409668,1.5652712266116795,1.5379925966262817,0.027278629985397762,0.07086648046970367,0.80182912974224,0.7268638014793396,0.07496532826290037,0.15422433614730835,0.5050862820779107,-1.7060496348975107e-09,0.5050862837839604,-1.752050593495369e-08,3.130955899854252,5.440428521453637,1.4884519409613344,4.1388196580194485,5.039152819619352,1.5973054312468866,-1.0078637581651964,0.40127570183428585,-0.10885349028555225,-2.6365063715118824,0.721301574310437,-2.066879719408265,3.1415926518837436,0.835866256350513,-2.234040828543254,-5.778099023395626,-0.11456468204007608,0.16716110913498872,-0.38799810010633506,0.8234358254776211,-0.025943340243916854,0.4132043788863469,-0.4006324829815941,0.8214385263862993,0.17791919033426065,0.36479737205619894
5.775329351,1.076713559781528,0.9154448509216309,0.1612687088598972,0.19839906692504883,-0.6412528356840288,-0.6527528166770935,0.011499980993064707,0.028241537511348724,1.5659510949980675,1.54055917263031,0.025391922367757447,0.06501270830631256,0.803322320639336,0.7325747013092041,0.07074761933013185,0.144270122051239,0.5060265741137479,-2.0244455001261485e-09,0.5060265761381934,1.5381374396383762e-08,3.1175975666449918,5.442011092473567,1.4860206686754962,4.087028633061449,5.0556928112665735,1.5862316519009876,-0.9694310664164569,0.38631828120699385,-0.10021098322549138,-2.6355660794760456,0.7188338165033394,-2.0648790938082655,3.1415926515653476,0.8264733391942938,-2.2261478026681627,-5.777158731041393,-0.10763952269095434,0.1612687088598972,-0.3890912421201963,0.8232483223585285,-0.026583596814567546,0.4125088088994363,-0.40470906031793535,0.8215519291224276,0.17745874346354465,0.36023797498338717
5.785751104,1.078723344381528,0.9154448509216309,0.1632784934598972,0.19839906692504883,-0.6409567880105405,-0.6527528166770935,0.011796028666553049,0.028241537511348724,1.566634075868146,1.54055917263031,0.02607490323783601,0.06501270830631256,0.8048223474658663,0.7325747013092041,0.07224764615666224,0.144270122051239,0.5069711708704464,-2.0244455001261485e-09,0.5069711728948919,1.5381374396383762e-08,3.1041836307476562,5.443568679028337,1.4835896365717607,4.087028633061449,5.0556928112665735,1.5862316519009876,-0.9828450023137925,0.3878758677617631,-0.1026420153292269,-2.634621482719347,0.7163547611332423,-2.062869309208265,3.1415926515653476,0.8264733391942938,-2.2261478026681627,-5.776214134284695,-0.11011857806105152,0.16327849345989787,-0.3901895726508171,0.8230565117289377,-0.027228365537430643,0.41181147629142867,-0.40470906031793535,0.8215519291224276,0.17745874346354465,0.36023797498338717
5.795652866,1.080725438181528,0.9154448509216309,0.16528058725989725,0.19839906692504883,-0.6406618732163901,-0.6527528166770935,0.012090943460703385,0.028241537511348724,1.5673144431898494,1.54055917263031,0.0267552705595393,0.06501270830631256,0.8063166341716308,0.7325747013092041,0.0737419328624267,0.144270122051239,0.5079121529588186,-2.0244455001261485e-09,0.5079121549832641,1.5381374396383762e-08,3.0908266470043606,5.445088237611987,1.481179236604071,4.087028633061449,5.0556928112665735,1.5862316519009876,-0.9962019860570881,0.3893954263454136,-0.10505241529691656,-2.6336805006309745,0.7138851923116241,-2.0608672154082646,3.1415926515653476,0.8264733391942938,-2.2261478026681627,-5.775273152196322,-0.11258814688266972,0.16528058725989814,-0.39128387567463774,0.8228619968020786,-0.027872237236346995,0.4111182326866219,-0.40470906031793535,0.8215519291224276,0.17745874346354465,0.36023797498338717
5.815934420,1.0847220057815279,0.9154448509216309,0.16927715485989703,0.19839906692504883,-0.6400731660783621,-0.6527528166770935,0.01267965059873144,0.028241537511348724,1.5686725883446961,1.54055917263031,0.02811341571438608,0.06501270830631256,0.8092995203048226,0.7325747013092041,0.07672481899561845,0.144270122051239,0.5097905357431661,-2.0244455001261485e-09,0.5097905377676116,1.5381374396383762e-08,3.0641806427655935,5.448026059037911,1.4764014178880613,4.087028633061449,5.0556928112665735,1.5862316519009876,-1.0228479902958552,0.3923332477713375,-0.10983023401292624,-2.6318021178466267,0.7089554538855574,-2.056870647808265,3.1415926515653476,0.8264733391942938,-2.2261478026681627,-5.773394769411974,-0.11751788530873641,0.16927715485989792,-0.39346880884112817,0.8224634404128768,-0.02916219612967023,0.4097386386103373,-0.40470906031793535,0.8215519291224276,0.17745874346354465,0.36023797498338717
5.835636854,1.0887225363815278,0.9234289526939392,0.16529358368758862,0.2006041705608368,-0.6394838751778104,-0.6516014337539673,0.012117558576156928,0.02932838350534439,1.570032080237491,1.5432116985321045,0.026820381705386476,0.06761634349822998,0.8122853642705669,0.7384389042854309,0.07384645998513595,0.14894020557403564,0.5116707811335595,-2.522120956527374e-09,0.5116707836556804,2.242450136691332e-08,3.037531648112368,5.450839674213601,1.4716639618814678,4.034399338809715,5.071608515608543,1.574964377555494,-0.9968676906973468,0.37923115860505785,-0.10330041567402626,-2.6299218724562334,0.7040208271264665,-2.052870117208265,3.1415926510676724,0.8168052273931459,-2.2181637008958544,-5.771514523523906,-0.11278440026667935,0.1652935836875895,-0.3956565124808096,0.8220507809123991,-0.030459626006766227,0.40836337852011845,-0.40884552413155945,0.821658153130227,0.17692110687811846,0.35555891035556436
5.845855236,1.0907534163815278,0.9234289526939392,0.16732446368758858,0.2006041705608368,-0.6391847200847054,-0.6516014337539673,0.012416713669261892,0.02932838350534439,1.5707222299129462,1.5432116985321045,0.027510531380841696,0.06761634349822998,0.8138011359017476,0.7384389042854309,0.07536223161631672,0.14894020557403564,0.5126252927072097,-2.522120956527374e-09,0.5126252952293306,2.242450136691332e-08,3.0240124070350567,5.452219474121962,1.4692762416952299,4.034399338809715,5.071608515608543,1.574964377555494,-1.0103869317746583,0.38061095851341875,-0.10568813586026415,-2.628967360882583,0.7015157507267256,-2.0508392372082653,3.1415926510676724,0.8168052273931459,-2.2181637008958544,-5.770560011950256,-0.11528947666642031,0.16732446368758902,-0.3967673169995486,0.8218360422085752,-0.03112062699521933,0.40766741648474814,-0.40884552413155945,0.821658153130227,0.17692110687811846,0.35555891035556436
5.865509987,1.0947218561815277,0.9315072894096375,0.16321456677189028,0.2031380534172058,-0.6386001562612148,-0.6504013538360596,0.011801197574844768,0.03067495860159397,1.5720708164567272,1.545981526374817,0.0260892900819103,0.07087403535842896,0.816763028514255,0.7445067167282104,0.07225631178604452,0.15445007383823395,0.5144904554536222,-3.0716014176590534e-09,0.5144904585252236,3.483728505671024e-08,2.997613433506135,5.454821584004983,1.4646440582298261,3.98080599112246,5.086726401526227,1.563391991315696,-0.983192557616325,0.36809518247875594,-0.09874793308586982,-2.6271021981361713,0.6966207077469471,-2.046870797408266,3.141592650518192,0.8067675071897464,-2.2100853641801557,-5.768694848654363,-0.11014679944279937,0.16321456677188984,-0.3989382545715961,0.8214062210890875,-0.03241681116318454,0.40631175142927406,-0.4130509438971917,0.8217706234602962,0.17628500629599994,0.35072148026394745
5.886825323,1.0987530865815276,0.9315072894096375,0.16724579717189014,0.2031380534172058,-0.6380063431823328,-0.6504013538360596,0.012395010653726724,0.03067495860159397,1.5734407409979336,1.545981526374817,0.027459214623116734,0.07087403535842896,0.819771785643713,0.7445067167282104,0.07526506891550255,0.15445007383823395,0.5163851297193841,-3.0716014176590534e-09,0.5163851327909855,3.483728505671024e-08,2.970822112635303,5.457337773194714,1.4599839960942047,3.98080599112246,5.086726401526227,1.563391991315696,-1.0099838784871569,0.37061137166848734,-0.10340799522149124,-2.6252075238704093,0.6916482129974003,-2.042839567008266,3.141592650518192,0.8067675071897464,-2.2100853641801557,-5.766800174388601,-0.11511929419234612,0.1672457971718897,-0.40114399043480853,0.8209557614457047,-0.03373963931819102,0.4049404566424796,-0.4130509438971917,0.8217706234602962,0.17628500629599994,0.35072148026394745
5.907597542,1.1027243063815275,0.9394925236701965,0.16323178271133099,0.2031434178352356,-0.6374213698559869,-0.6492229104042053,0.01180154054821847,0.030520442873239517,1.5747902722632627,1.548700213432312,0.026090058830950724,0.07051365077495575,0.8227357531425429,0.750476598739624,0.07225915440291886,0.15372097492218018,0.5182515990630229,-3.403967330228852e-09,0.5182516024669902,-4.94765117764473e-10,2.9444552718335233,5.459691677847278,1.4554380389907804,3.927899827232841,5.101225533033715,1.5522142593200048,-0.9834445553993176,0.35846614481356287,-0.0967762203292244,-2.6233410545267706,0.6867497409068952,-2.038868347208266,3.141592650185826,0.7969004946889837,-2.2021001299195966,-5.764933704712597,-0.1101507537820885,0.16323178271133054,-0.4033172699797112,0.8204983637709037,-0.035048779254988005,0.403595339242313,-0.4172001929211142,0.8218317365036358,0.1756277801612574,0.3459645628350289
5.925991774,1.1067230313815275,0.9394925236701965,0.16723050771133097,0.2031434178352356,-0.6368323449260667,-0.6492229104042053,0.01239056547813866,0.030520442873239517,1.5761491505628102,1.548700213432312,0.02744893713049823,0.07051365077495575,0.8257202494770843,0.750476598739624,0.07524365073746031,0.15372097492218018,0.5201309958232176,-3.403967330228852e-09,0.520130999227185,-4.94765117764473e-10,2.917932207511108,5.461937127312278,1.4509054350529156,3.927899827232841,5.101225533033715,1.5522142593200048,-1.009967619721733,0.3607115942785626,-0.1013088242670892,-2.6214616577665755,0.6818173413428863,-2.034869622208266,3.141592650185826,0.7969004946889837,-2.2021001299195966,-5.763054307952402,-0.11508315334609742,0.16723050771133074,-0.40550591889670823,0.8200241085899673,-0.0363729651669318,0.4022467134432934,-0.4172001929211142,0.8218317365036358,0.1756277801612574,0.3459645628350289
5.945687771,1.1107157425815273,0.9394925236701965,0.17122321891133074,0.2031434178352356,-0.6362442058480426,-0.6492229104042053,0.012978704556162679,0.030520442873239517,1.5775059852053626,1.548700213432312,0.028805771773050548,0.07051365077495575,0.8287002573399112,0.750476598739624,0.07822365860028713,0.15372097492218018,0.5220075661034129,-3.403967330228852e-09,0.5220075695073803,-4.94765117764473e-10,2.891476125169675,5.464054718792631,1.4464245181342474,3.927899827232841,5.101225533033715,1.5522142593200048,-1.036423702063166,0.36282918575891543,-0.10578974118575735,-2.61958508748638,0.6768923597594831,-2.0308769110082663,3.141592650185826,0.7969004946889837,-2.2021001299195966,-5.761177737672206,-0.12000813492950058,0.1712232189113303,-0.4076915303078428,0.8195368541671062,-0.037701103063110024,0.4009059585550675,-0.4172001929211142,0.8218317365036358,0.1756277801612574,0.3459645628350289
5.956573963,1.1127232813815273,0.9473298192024231,0.16539346217910422,0.19584740698337555,-0.635948488988048,-0.6480997204780579,0.01215123149000985,0.02807987853884697,1.5781882028899545,1.5512858629226685,0.026902339967286082,0.06464135646820068,0.8301986079866923,0.7562156915664673,0.07398291642022503,0.14347706735134125,0.5229511073363523,-3.3023950241073408e-09,0.5229511106387473,4.409230314195156e-09,2.8781844199032385,5.465072587059823,1.4441884412972876,3.8762792071468937,5.115355800713704,1.5417452669022604,-0.9980947872436552,0.3497167863461188,-0.09755682560497281,-2.618641546253441,0.6744160745681154,-2.028869372208266,3.1415926502873983,0.7874525624456364,-2.1942628343873705,-5.760234196540839,-0.11303648787752107,0.16539346217910467,-0.40879053364044926,0.8192866834305381,-0.03837112238336418,0.4002340401894708,-0.42124881408163073,0.8218124736789525,0.17499413630883295,0.3413952943407779
5.975742102,1.1167144015815271,0.9473298192024231,0.16938458237910403,0.19584740698337555,-0.635360584269392,-0.6480997204780579,0.012739136208665847,0.02807987853884697,1.579544496866326,1.5512858629226685,0.028258633943657463,0.06464135646820068,0.8331774283875987,0.7562156915664673,0.07696173682113139,0.14347706735134125,0.524826929848135,-3.3023950241073408e-09,0.52482693315053,4.409230314195156e-09,2.8517807843190046,5.467003314450718,1.4397766109683066,3.8762792071468937,5.115355800713704,1.5417452669022604,-1.024498422827889,0.35164751373701364,-0.10196865593395388,-2.616765723741658,0.6694930554721813,-2.024878252008266,3.1415926502873983,0.7874525624456364,-2.1942628343873705,-5.758358374029056,-0.11795950697345514,0.16938458237910448,-0.4109755363411635,0.8187790305658406,-0.039707571509289656,0.3989026402514654,-0.42124881408163073,0.8218124736789525,0.17499413630883295,0.3413952943407779
5.985784531,1.1187235081815272,0.9553112983703613,0.1634122098111659,0.20066331326961517,-0.6350646364674634,-0.646933913230896,0.011869276763432635,0.02950510010123253,1.5802272473330916,1.5539740324020386,0.026253214931053037,0.06806612014770508,0.8346769491807022,0.762134850025177,0.07254209915552523,0.14949463307857513,0.52577120794551,-3.699371031729015e-09,0.525771211644881,8.149072527885437e-10,2.8385001660567797,5.467928583012451,1.437572653094299,3.823518753451195,5.128950535858493,1.5310414390849725,-0.9850185873944155,0.3389780471539581,-0.09346878599067354,-2.615821445644283,0.6670148364103837,-2.022869145408266,3.141592649890422,0.7776794272603944,-2.186281355219432,-5.757414095534705,-0.11066459085001068,0.1634122098111659,-0.41207549391471204,0.818518294855726,-0.04038254009494374,0.39823465288307247,-0.42538179006350824,0.82177986675459,0.17427859125761377,0.3366825744056786
5.995935202,1.120725934781527,0.9553112983703613,0.16541463641116572,0.20066331326961517,-0.634769672650813,-0.646933913230896,0.01216424058008303,0.02950510010123253,1.5809077277495185,1.5539740324020386,0.026933695347479913,0.06806612014770508,0.8361714842757358,0.762134850025177,0.07403663425055884,0.14949463307857513,0.5267123464495502,-3.699371031729015e-09,0.5267123501489213,8.149072527885437e-10,2.8252710219027475,5.468819765268529,1.4353873011788734,3.823518753451195,5.128950535858493,1.5310414390849725,-0.9982477315484477,0.33986922941003606,-0.09565413790609911,-2.6148803071402433,0.664544857082273,-2.0208667188082665,3.141592649890422,0.7776794272603944,-2.186281355219432,-5.756472957030665,-0.11313457017812145,0.16541463641116527,-0.41317181023725047,0.8182549693067487,-0.04105672852098955,0.39757037801279815,-0.42538179006350824,0.82177986675459,0.17427859125761377,0.3366825744056786
6.015440226,1.124725816181527,0.9633011817932129,0.16142463438831411,0.2008744776248932,-0.6341804773794891,-0.6457422375679016,0.011561760188412484,0.03014581836760044,1.5822669990260436,1.5567247867584229,0.025542212267620767,0.06961897760629654,0.8391568437032785,0.7681595087051392,0.07099733499813932,0.15210890769958496,0.5285922867165913,-4.307058709684952e-09,0.52859229102365,2.60770320892334e-08,2.798867778194512,5.470507456450004,1.4310557185084904,3.770491359700592,5.141707326122037,1.5202746413256427,-0.9716235815060799,0.3288001303279664,-0.08921892281715227,-2.613000366873202,0.6596110311068811,-2.016866837408266,3.1415926492827344,0.7677123385610537,-2.1782914717965807,-5.754593016155937,-0.10810130745417257,0.16142463438831456,-0.4153617365582156,0.8177186377083877,-0.042407785527418966,0.3962479489843986,-0.4295312441117783,0.8217381371437574,0.17348379964181632,0.33189262654830615
6.036009550,1.1287223761815268,0.9633011817932129,0.16542119438831393,0.2008744776248932,-0.6335917713609653,-0.6457422375679016,0.012150466206936272,0.03014581836760044,1.5836251415981986,1.5567247867584229,0.02690035483977571,0.06961897760629654,0.8421397241641191,0.7681595087051392,0.07398021545897993,0.15210890769958496,0.5304706659289463,-4.307058709684952e-09,0.530470670236005,2.60770320892334e-08,2.7725165467025903,5.472071041291585,1.4267725629618586,3.770491359700592,5.141707326122037,1.5202746413256427,-0.9979748129980015,0.33036371516954777,-0.0935020783637841,-2.611121987660847,0.6546813020553617,-2.012870277408267,3.1415926492827344,0.7677123385610537,-2.1782914717965807,-5.7527146369435815,-0.11303103650569202,0.1654211943883137,-0.4175498121651416,0.8171689908997285,-0.04376348053955598,0.3949325922785284,-0.4295312441117783,0.8217381371437574,0.17348379964181632,0.33189262654830615
6.045961618,1.1307241931815268,0.9633011817932129,0.16742301138831395,0.2008744776248932,-0.6332968973403367,-0.6457422375679016,0.012445340227564938,0.03014581836760044,1.5843054148555404,1.5567247867584229,0.027580628097117588,0.06961897760629654,0.8436338042768856,0.7681595087051392,0.07547429557174645,0.15210890769958496,0.5314115179215947,-4.307058709684952e-09,0.5314115222286534,2.60770320892334e-08,2.7593291161388316,5.472808254084963,1.424644030081061,3.770491359700592,5.141707326122037,1.5202746413256427,-1.0111622435617602,0.33110092796292623,-0.09563061124458172,-2.6101811356681983,0.6522120746646248,-2.0108684604082665,3.1415926492827344,0.7677123385610537,-2.1782914717965807,-5.751773784950933,-0.11550026389642887,0.16742301138831417,-0.4186457543362477,0.8168885092488134,-0.0444446784811403,0.3942760028053871,-0.4295312441117783,0.8217381371437574,0.17348379964181632,0.33189262654830615
6.065584421,1.1347220531815267,0.9711492657661438,0.16357278741538295,0.19371666014194489,-0.6327079998276719,-0.6446062922477722,0.01189829242010032,0.02761124074459076,1.5856639992039587,1.559341549873352,0.02632244933060668,0.06352479755878448,0.8466176550083088,0.773948609828949,0.07266904517935979,0.14142735302448273,0.5332905081326527,-4.165323197469206e-09,0.5332905122979759,7.334165275096893e-09,2.733015676899663,5.474189021566692,1.420426716083834,3.718734756132127,5.154168470241177,1.5102004521937276,-0.9857190792324642,0.32002055132551543,-0.08977373610989359,-2.6083021454571407,0.6472807420721186,-2.0068706004082664,3.14159264942447,0.7581705290021855,-2.1704433878236498,-5.749894794881611,-0.1108897869300669,0.1635727874153834,-0.42083437349900316,0.8163180211099188,-0.045809378434003754,0.3929692345977965,-0.43358141729937827,0.8216171456302023,0.172718219043447,0.32729319789693373
6.075631142,1.1367233515815267,0.9711492657661438,0.1655740858153829,0.19371666014194489,-0.6324132021984752,-0.6446062922477722,0.012193090049297028,0.02761124074459076,1.5863440962265545,1.559341549873352,0.027002546353202428,0.06352479755878448,0.8481113480577491,0.773948609828949,0.07416273822880015,0.14142735302448273,0.5342311163838185,-4.165323197469206e-09,0.5342311205491417,7.334165275096893e-09,2.719855233107896,5.474834521029204,1.4183323780722317,3.718734756132127,5.154168470241177,1.5102004521937276,-0.9988795230242311,0.32066605078802723,-0.09186807412149589,-2.607361537205975,0.6448121543708857,-2.004869302008266,3.14159264942447,0.7581705290021855,-2.1704433878236498,-5.748954186630445,-0.11335837463129983,0.16557408581538358,-0.42192991155588705,0.8160272653626592,-0.046494662803529443,0.39231734380469024,-0.43358141729937827,0.8216171456302023,0.172718219043447,0.32729319789693373
6.095682383,1.1407160707815265,0.9711492657661438,0.16956680501538268,0.19371666014194489,-0.6318250619420257,-0.6446062922477722,0.012781230305746516,0.02761124074459076,1.5877009335877301,1.559341549873352,0.028359383714378072,0.06352479755878448,0.8510913618914719,0.773948609828949,0.07714275206252297,0.14142735302448273,0.5361076904240057,-4.165323197469206e-09,0.5361076945893289,7.334165275096893e-09,2.693623344515202,5.4760315182970905,1.4141875435388063,3.718734756132127,5.154168470241177,1.5102004521937276,-1.0251114116169253,0.3218630480559135,-0.09601290865492129,-2.6054849631657877,0.6398871629195378,-2.0008765828082673,3.14159264942447,0.7581705290021855,-2.1704433878236498,-5.747077612590258,-0.11828336608264767,0.16956680501538246,-0.42411540491620564,0.8154368732713952,-0.04786605984668347,0.3910213157065573,-0.43358141729937827,0.8216171456302023,0.172718219043447,0.32729319789693373
6.105745554,1.1427256281815266,0.9711492657661438,0.17157636241538277,0.19371666014194489,-0.6315290477358211,-0.6446062922477722,0.013077244511951136,0.02761124074459076,1.5883838372489107,1.559341549873352,0.029042287375558695,0.06352479755878448,0.852591219144559,0.773948609828949,0.07864260931561007,0.14142735302448273,0.537052180396931,-4.165323197469206e-09,0.5370521845622542,7.334165275096893e-09,2.680432968293336,5.476588318307795,1.4121183044007792,3.718734756132127,5.154168470241177,1.5102004521937276,-1.0383017878387912,0.32241984806661783,-0.09808214779294833,-2.604540473192862,0.6374083877990652,-1.998867025408266,3.14159264942447,0.7581705290021855,-2.1704433878236498,-5.746133122617332,-0.12076214120312034,0.17157636241538365,-0.42521527105365486,0.8151345256374871,-0.048558402635606165,0.3903713103059623,-0.43358141729937827,0.8216171456302023,0.172718219043447,0.32729319789693373
6.126575232,1.1467258469815265,0.9711492657661438,0.17557658121538267,0.19371666014194489,-0.6309398027644026,-0.6446062922477722,0.01366648948336957,0.02761124074459076,1.589743223183368,1.559341549873352,0.030401673310015864,0.06352479755878448,0.8555768303946358,0.773948609828949,0.08162822056568686,0.14142735302448273,0.5389322792416354,-4.165323197469206e-09,0.5389322834069586,7.334165275096893e-09,2.654201106606789,5.477605977992643,1.4080329047344184,3.718734756132127,5.154168470241177,1.5102004521937276,-1.064533649525338,0.32343750775146596,-0.10216754745930912,-2.602660374348158,0.6324741456431131,-1.9948668066082669,3.14159264942447,0.7581705290021855,-2.1704433878236498,-5.744253023772628,-0.1256963833590724,0.1755765812153829,-0.42740441256611517,0.8145223068829521,-0.049940758400796,0.389081996961362,-0.43358141729937827,0.8216171456302023,0.172718219043447,0.32729319789693373
6.145784140,1.1507236477815264,0.9711492657661438,0.17957438201538256,0.19371666014194489,-0.6303509139720863,-0.6446062922477722,0.014255378275685904,0.02761124074459076,1.5911017874139748,1.559341549873352,0.03176023754062274,0.06352479755878448,0.8585606369414294,0.773948609828949,0.08461202711248039,0.14142735302448273,0.5408112416287524,-4.165323197469206e-09,0.5408112457940756,7.334165275096893e-09,2.628018685371253,5.478502771070643,1.4039946656607243,3.718734756132127,5.154168470241177,1.5102004521937276,-1.090716070760874,0.3243343008294657,-0.10620578653300328,-2.600781411961041,0.6275428860733961,-1.990869005808267,3.14159264942447,0.7581705290021855,-2.1704433878236498,-5.742374061385511,-0.13062764292878937,0.17957438201538278,-0.4295918466646052,0.8138966676266921,-0.0513278020161505,0.38779958283326077,-0.43358141729937827,0.8216171456302023,0.172718219043447,0.32729319789693373
6.165781736,1.154724020181526,0.986854076385498,0.16786994379602804,0.1987205147743225,-0.6297616463748985,-0.6423165202140808,0.012554873839182301,0.029633374884724617,1.5924612255459965,1.564618468284607,0.027842757261389517,0.06839469075202942,0.8615463628327074,0.7856014370918274,0.07594492574087996,0.14989452064037323,0.5426914126653035,-4.39553460296338e-09,0.5426914170608381,1.1350493878126144e-09,2.601853646577827,5.479280279100112,1.3999985171906792,3.6150904809831044,5.177368283100621,1.4904004901772598,-1.0132368344052773,0.30191199599949137,-0.09040197298658059,-2.59890124092449,0.6226084544529087,-1.9868686334082675,3.141592649194259,0.7389510112943606,-2.154738577204295,-5.740493890118749,-0.1163425568414519,0.1678699437960276,-0.43178023928624787,0.8132568231152475,-0.052721221023134465,0.3865224928412776,-0.44168373787820514,0.8212814450888335,0.17104639559249415,0.318049358121582
6.186007500,1.1587222627815261,0.9951924681663513,0.1635297946151748,0.20835015177726746,-0.629172692504035,-0.6410180926322937,0.011845400128258743,0.03246136009693146,1.5938199399125674,1.5676261186599731,0.026193821252594285,0.0751907229423523,0.8645304991222265,0.7920748591423035,0.07245563997992299,0.16183489561080933,0.5445705826979798,-4.242157736200625e-09,0.5445705869401375,3.0209776014089584e-08,2.575737358929009,5.4799380408255125,1.3960491297590591,3.559421967210644,5.1877996740281445,1.4794234776603936,-0.9836846082816351,0.29213836679736804,-0.08337434790133447,-2.5970220708918137,0.6176766499259551,-1.9828703908082674,3.1415926493476354,0.728171511286731,-2.146400185423442,-5.738614720239449,-0.11049486136077591,0.16352979461517436,-0.4339669543254609,0.8126035202611153,-0.05411933471503275,0.38525225375424976,-0.44602653908612333,0.821131284397037,0.16996942404103949,0.3129123441260899
6.205919981,1.162724319581526,0.9951924681663513,0.16753185141517468,0.20835015177726746,-0.6285831767893618,-0.6410180926322937,0.012434915842931882,0.03246136009693146,1.5951799504506956,1.5676261186599731,0.02755383179072246,0.0751907229423523,0.8675174821856346,0.7920748591423035,0.07544262304333116,0.16183489561080933,0.5464515454008503,-4.242157736200625e-09,0.546451549643008,3.0209776014089584e-08,2.5496316275335347,5.480477435166242,1.3921406258233717,3.559421967210644,5.1877996740281445,1.4794234776603936,-1.0097903396771093,0.29267776113809774,-0.08728285183702189,-2.595141108188943,0.6127401406097458,-1.9788683340082676,3.1415926493476354,0.728171511286731,-2.146400185423442,-5.736733757536578,-0.11543137067698517,0.16753185141517424,-0.43615517806826676,0.8119357766643902,-0.055524180846489954,0.38398700571498295,-0.44602653908612333,0.821131284397037,0.16996942404103949,0.3129123441260899
6.225900650,1.166721752981526,1.0034446716308594,0.16327708135066654,0.20391398668289185,-0.6279943421162358,-0.6397528052330017,0.011758463116765872,0.03080408088862896,1.596538389828534,1.5705543756484985,0.025984014180035375,0.07121987640857697,0.8705010145190343,0.7984065413475037,0.07209447317153062,0.15474973618984222,0.5483303351103338,-3.708393370160934e-09,0.5483303388187272,2.8812792152166367e-09,2.523592084010133,5.4808978401148,1.388281196944221,3.504558976196641,5.197819114722725,1.468944753968928,-0.9809668921865082,0.283078725392075,-0.08066355702470696,-2.5932623184794594,0.6078093342253819,-1.9748709006082672,3.1415926498814,0.7176462846937136,-2.1381479819589337,-5.734854968360859,-0.10983695046833175,0.16327708135066654,-0.4383402330082561,0.81125500222293,-0.05693275168474496,0.3827294387424944,-0.4503058467915328,0.8209156283388586,0.16889164562333028,0.3078924934665038
6.235839128,1.1687324061815259,1.0034446716308594,0.16528773455066648,0.20391398668289185,-0.6276981664952007,-0.6397528052330017,0.012054638737800993,0.03080408088862896,1.597221665873122,1.5705543756484985,0.02666729022462344,0.07121987640857697,0.8720016896355861,0.7984065413475037,0.07359514828808245,0.15474973618984222,0.5492753401081657,-3.708393370160934e-09,0.5492753438165591,2.8812792152166367e-09,2.5105083566853144,5.481064734404736,1.3863567801435217,3.504558976196641,5.197819114722725,1.468944753968928,-0.9940506195113268,0.28324561968201145,-0.08258797382540628,-2.5923173134816277,0.6053292074432066,-1.9728602474082673,3.1415926498814,0.7176462846937136,-2.1381479819589337,-5.733909963363027,-0.11231707725050699,0.16528773455066648,-0.43943902280011055,0.8109073675022278,-0.057643249378903874,0.3820992572253083,-0.4503058467915328,0.8209156283388586,0.16889164562333028,0.3078924934665038
6.255928278,1.1727226715815258,1.0034446716308594,0.1692779999506664,0.20391398668289185,-0.6271103876913074,-0.6397528052330017,0.012642417541694262,0.03080408088862896,1.5985776693646088,1.5705543756484985,0.02802329371611023,0.07121987640857697,0.8749798720462664,0.7984065413475037,0.07657333069876271,0.15474973618984222,0.5511507608648013,-3.708393370160934e-09,0.5511507645731947,2.8812792152166367e-09,2.484570616720868,5.4813079154497935,1.3825709777561688,3.504558976196641,5.197819114722725,1.468944753968928,-1.0199883594757733,0.28348880072706883,-0.08637377621275921,-2.590441892724992,0.6004072427371464,-1.9688699820082678,3.1415926498814,0.7176462846937136,-2.1381479819589337,-5.732034542606392,-0.1172390419565672,0.16927799995066595,-0.44161907885530927,0.810207127481375,-0.05905722491749326,0.380853310284172,-0.4503058467915328,0.8209156283388586,0.16889164562333028,0.3078924934665038
6.266426086,1.1747239497815256,1.0034446716308594,0.17127927815066624,0.20391398668289185,-0.6268155930376351,-0.6397528052330017,0.012937212195366588,0.03080408088862896,1.599257759522681,1.5705543756484985,0.028703383874182364,0.07121987640857697,0.8764735500191947,0.7984065413475037,0.07806700867169103,0.15474973618984222,0.5520913596219873,-3.708393370160934e-09,0.5520913633303807,2.8812792152166367e-09,2.4715758305562425,5.481385920289488,1.3806889225507462,3.504558976196641,5.197819114722725,1.468944753968928,-1.0329831456403986,0.28356680556676306,-0.08825583141818183,-2.589501293967806,0.5979386799524736,-1.9668687038082677,3.1415926498814,0.7176462846937136,-2.1381479819589337,-5.731093943849206,-0.11970760474123998,0.17127927815066601,-0.4427121678749138,0.8098507521472619,-0.05976835674125617,0.38023077097265345,-0.4503058467915328,0.8209156283388586,0.16889164562333028,0.3078924934665038
6.285691977,1.1787219185815256,1.0034446716308594,0.17527724695066627,0.20391398668289185,-0.6262266794983837,-0.6397528052330017,0.013526125734617978,0.03080408088862896,1.6006163808443743,1.5705543756484985,0.030062005195875763,0.07121987640857697,0.8794574819548019,0.7984065413475037,0.08105094060729823,0.15474973618984222,0.5539704009689367,-3.708393370160934e-09,0.55397040467733,2.8812792152166367e-09,2.4456444796639056,5.481454124432014,1.3769624603263582,3.504558976196641,5.197819114722725,1.468944753968928,-1.0589144965327355,0.2836350097092897,-0.09198229364256982,-2.5876222526208563,0.5930072131559216,-1.9628707350082675,3.1415926498814,0.7176462846937136,-2.1381479819589337,-5.729214902502257,-0.12463907153779197,0.17527724695066627,-0.4448952068161454,0.8091284626073199,-0.061192895650810875,0.3789918409050559,-0.4503058467915328,0.8209156283388586,0.16889164562333028,0.3078924934665038
6.306591749,1.1827141703815254,1.0193440914154053,0.1633700789661201,0.19840097427368164,-0.6256386080914431,-0.6374648809432983,0.011826272851855224,0.02866257354617119,1.6019730593699917,1.5758246183395386,0.026148441030453107,0.06601749360561371,0.8824371469389322,0.8100653886795044,0.07237175825942777,0.14609484374523163,0.5558467553315903,-3.642909751633283e-09,0.5558467589745001,2.6368070393800735e-08,2.4197885094685287,5.481406099613655,1.3732856273275165,3.4002722862655475,5.217551700699793,1.4506136160819456,-0.9804837767970187,0.2638543989138622,-0.07732798875442914,-2.585745898258203,0.5880827982392334,-1.958878483208268,3.1415926499468836,0.6984292703809698,-2.1222485621743883,-5.727338548205086,-0.11034647214173643,0.16337007896612032,-0.44707422825328763,0.8083934324511285,-0.06262055445627186,0.37776098125825425,-0.4584427407232076,0.8202175449602819,0.16693676250851122,0.2986729812699819
6.316789150,1.1847179735815254,1.0193440914154053,0.16537388216612015,0.19840097427368164,-0.6253434414972276,-0.6374648809432983,0.012121439446070692,0.02866257354617119,1.6026540075934987,1.5758246183395386,0.026829389253960167,0.06601749360561371,0.8839327094758764,0.8100653886795044,0.07386732079637204,0.14609484374523163,0.556788540836257,-3.642909751633283e-09,0.5567885444791667,2.6368070393800735e-08,2.4068254091377326,5.4813384082191074,1.3714568136518248,3.4002722862655475,5.217551700699793,1.4506136160819456,-0.9934468771278149,0.26378670751931477,-0.0791568024301208,-2.5848041127535364,0.5856111208845666,-1.956874680008268,3.1415926499468836,0.6984292703809698,-2.1222485621743883,-5.7263967627004195,-0.11281814949640323,0.16537388216612037,-0.4481675717850788,0.808019315872908,-0.06333905770363212,0.3771455641337439,-0.4584427407232076,0.8202175449602819,0.16693676250851122,0.2986729812699819
6.326253891,1.1867184283815253,1.0193440914154053,0.16737433696612003,0.19840097427368164,-0.6250487681329983,-0.6374648809432983,0.012416112810300084,0.02866257354617119,1.6033338179372822,1.5758246183395386,0.027509199597743672,0.06601749360561371,0.885425772894345,0.8100653886795044,0.07536038421484059,0.14609484374523163,0.5577287525962645,-3.642909751633283e-09,0.5577287562391743,2.6368070393800735e-08,2.3938938051259395,5.481241853760238,1.369642165462169,3.4002722862655475,5.217551700699793,1.4506136160819456,-1.006378481139608,0.26369015306044563,-0.08097145061977651,-2.5838639009935287,0.583143573758085,-1.9548742252082678,3.1415926499468836,0.6984292703809698,-2.1222485621743883,-5.725456550940413,-0.11528569662288479,0.16737433696612047,-0.4492588391863494,0.8076423655765501,-0.06405763848426733,0.37653276575972366,-0.4584427407232076,0.8202175449602819,0.16693676250851122,0.2986729812699819
6.345631361,1.1907220589815253,1.0193440914154053,0.17137796756612,0.19840097427368164,-0.6244590205925719,-0.6374648809432983,0.013005860350726484,0.02866257354617119,1.6046943632965516,1.5758246183395386,0.028869744957013,0.06601749360561371,0.8884139305822475,0.8100653886795044,0.0783485419027431,0.14609484374523163,0.5596104549835648,-3.642909751633283e-09,0.5596104586264745,2.6368070393800735e-08,2.368042807557521,5.480961909789815,1.3660437185485717,3.4002722862655475,5.217551700699793,1.4506136160819456,-1.0322294787080266,0.2634102090900221,-0.08456989753337396,-2.5819821986062284,0.5782051231704869,-1.9508705946082676,3.1415926499468836,0.6984292703809698,-2.1222485621743883,-5.7235748485531115,-0.12022414721048291,0.17137796756612067,-0.45144207840412115,0.8068775725667654,-0.06549959056235968,0.37531111943438966,-0.4584427407232076,0.8202175449602819,0.16693676250851122,0.2986729812699819
6.365829706,1.1947239571815251,1.0193440914154053,0.17537986576611986,0.19840097427368164,-0.6238695282401838,-0.6374648809432983,0.013595352703114516,0.02866257354617119,1.6060543199379755,1.5758246183395386,0.030229701598436964,0.06601749360561371,0.8914007952726446,0.8100653886795044,0.0813354065931402,0.14609484374523163,0.5614913431445935,-3.642909751633283e-09,0.5614913467875032,2.6368070393800735e-08,2.3422431873097094,5.4805669500670815,1.3624911986254515,3.4002722862655475,5.217551700699793,1.4506136160819456,-1.058029098955838,0.2630152493672888,-0.08812241745649407,-2.5801013104451997,0.5732688094862777,-1.946868696408268,3.1415926499468836,0.6984292703809698,-2.1222485621743883,-5.721693960392083,-0.12516046089469213,0.1753798657661203,-0.453623279652836,0.8060992769743625,-0.06694596310932092,0.3740963964565556,-0.4584427407232076,0.8202175449602819,0.16693676250851122,0.2986729812699819
6.385971785,1.198723306981525,1.0353786945343018,0.16334461244722331,0.1984884887933731,-0.6232804112752335,-0.6351059079170227,0.011825496641789224,0.029251128435134888,1.607413410561992,1.5812656879425049,0.026147722619487057,0.06746310740709305,0.8943857579341551,0.8220226764678955,0.07236308146625958,0.14837010204792023,0.5633710335601649,-3.0459903488377904e-09,0.5633710366061553,7.436028681695461e-09,2.3165007054093514,5.48005774482546,1.3589852161926965,3.2949096978869057,5.234718996325177,1.432399271965624,-0.9784089924775543,0.24533874850028337,-0.07341405577292748,-2.5782216200296286,0.5683356392358004,-1.9428693466082683,3.141592650543803,0.6786719399633364,-2.106213959055492,-5.719814270573432,-0.11033630072753597,0.16334461244722354,-0.45580193542296454,0.8053076602541575,-0.06839640798438994,0.3728888565987016,-0.46665386563091493,0.8194130359764035,0.16472411805771692,0.28924455240119
6.395592451,1.200726590581525,1.0353786945343018,0.16534789604722322,0.1984884887933731,-0.6229853212197533,-0.6351059079170227,0.012120586697269453,0.029251128435134888,1.608094182210925,1.5812656879425049,0.026828494268420044,0.06746310740709305,0.8958809326614112,0.8220226764678955,0.07385825619351571,0.14837010204792023,0.5643125748533501,-3.0459903488377904e-09,0.5643125778993404,7.436028681695461e-09,2.3036217098229477,5.479759815664391,1.3572456857168986,3.2949096978869057,5.234718996325177,1.432399271965624,-0.991287988063958,0.24504081933921373,-0.07515358624872537,-2.577280078736443,0.5658646028041311,-1.9408660630082684,3.141592650543803,0.6786719399633364,-2.106213959055492,-5.718872729280246,-0.11280733715920532,0.16534789604722344,-0.456892774358077,0.8049059457730803,-0.06912480145541357,0.3722864126210787,-0.46665386563091493,0.8194130359764035,0.16472411805771692,0.28924455240119
6.415718317,1.2047223863815248,1.0353786945343018,0.1693436918472231,0.1984884887933731,-0.6223967277703236,-0.6351059079170227,0.012709180146699084,0.029251128435134888,1.6094520650866022,1.5812656879425049,0.02818637714409733,0.06746310740709305,0.8988632427524217,0.8220226764678955,0.07684056628452618,0.14837010204792023,0.5661905948924676,-3.0459903488377904e-09,0.5661905979384579,7.436028681695461e-09,2.2779641596016944,5.479080424522438,1.353809089867025,3.2949096978869057,5.234718996325177,1.432399271965624,-1.0169455382852113,0.24436142819726125,-0.07859018209859903,-2.5754020586973256,0.5609358163880138,-1.9368702672082687,3.141592650543803,0.6786719399633364,-2.106213959055492,-5.716994709241129,-0.1177361235753226,0.1693436918472231,-0.45906764004566625,0.8040943278901358,-0.07058135597537663,0.3710895928296705,-0.46665386563091493,0.8194130359764035,0.16472411805771692,0.28924455240119
6.425711632,1.2067232235815248,1.043709397315979,0.16301382626554584,0.21051651239395142,-0.622101998077356,-0.6338226795196533,0.01172068144229732,0.03278854489326477,1.6101320053805728,1.5842362642288208,0.025895741151751972,0.0759640634059906,0.9003565915797139,0.828435480594635,0.07192111098507892,0.163306325674057,0.5671309863800935,-3.1624056706647252e-09,0.5671309895424992,2.325396053493023e-08,2.2651322615629303,5.478697744586127,1.3521048262769506,3.239833509190533,5.242063340920165,1.422750122822352,-0.9747012476276025,0.23663440366596245,-0.07064529654540141,-2.5744616672097,0.5584677975737836,-1.9348694300082683,3.1415926504273877,0.6680053311529116,-2.097883256273814,-5.716054317637088,-0.10953753357912799,0.16301382626554584,-0.46015618264369534,0.8036827423320853,-0.07131253732367254,0.3704927249931111,-0.47094120311247784,0.8189894790495262,0.16341815408508112,0.28419205360562466
6.446185827,1.2107222407815248,1.043709397315979,0.1670128434655458,0.21051651239395142,-0.6215129301054451,-0.6338226795196533,0.01230974941420826,0.03278854489326477,1.6114909829778312,1.5842362642288208,0.02725471874901042,0.0759640634059906,0.9033413060012279,0.828435480594635,0.07490582540659285,0.163306325674057,0.5690105204739969,-3.1624056706647252e-09,0.5690105236364026,2.325396053493023e-08,2.239517346764288,5.477848255696336,1.348731654281377,3.239833509190533,5.242063340920165,1.422750122822352,-1.0003161624262447,0.23578491477617103,-0.07401846854097505,-2.5725821331157963,0.5535350375831001,-1.9308704128082688,3.1415926504273877,0.6680053311529116,-2.097883256273814,-5.714174783543184,-0.11447029356981153,0.16701284346554535,-0.4623308018783,0.8028497609889456,-0.07277756544234551,0.369304639671432,-0.47094120311247784,0.8189894790495262,0.16341815408508112,0.28419205360562466
6.455693722,1.2127236493815248,1.043709397315979,0.16901425206554577,0.21051651239395142,-0.6212181162434374,-0.6338226795196533,0.012604563276215952,0.03278854489326477,1.6121711174494608,1.5842362642288208,0.027934853220640044,0.0759640634059906,0.9048350812997591,0.828435480594635,0.07639960070512408,0.163306325674057,0.5699511805190528,-3.1624056706647252e-09,0.5699511836814585,2.325396053493023e-08,2.22671379220294,5.4773808739893255,1.3470600172597553,3.239833509190533,5.242063340920165,1.422750122822352,-1.013119716987593,0.2353175330691606,-0.0756901055625967,-2.5716414730707404,0.5510663139509315,-1.9288690042082686,3.1415926504273877,0.6680053311529116,-2.097883256273814,-5.713234123498128,-0.11693901720198008,0.16901425206554554,-0.4634186178437534,0.802427691202225,-0.07351258430971902,0.3687124692436619,-0.47094120311247784,0.8189894790495262,0.16341815408508112,0.28419205360562466
6.476114035,1.2167225775815247,1.051844835281372,0.16487774230015262,0.2032492309808731,-0.62062906138151,-0.6326109170913696,0.011981855709859657,0.03054395504295826,1.6135300648020365,1.587034821510315,0.026495243291721593,0.07056642323732376,0.9078197292950562,0.8345475196838379,0.07327220961121828,0.1538616120815277,0.5718306727830449,-3.371953161135366e-09,0.571830676154998,2.7619535103440285e-08,2.201164014143466,5.476362958692935,1.3437530326430922,3.1864658924567593,5.249267075133185,1.4138598189984988,-0.9853018783132934,0.22709588355975008,-0.07010678635540657,-2.5697619808067484,0.5461336637411314,-1.9248700760082686,3.14159265021784,0.6578829723539307,-2.089747818308421,-5.711354631024589,-0.1117493086127993,0.1648777423001524,-0.4655910430081883,0.8015740166387982,-0.07498477926657579,0.36753416085914214,-0.47509557148189197,0.8184915520257305,0.1621703557969192,0.27938602850090055
6.495814800,1.2207233745815245,1.051844835281372,0.1688785393001524,0.2032492309808731,-0.6200397312393897,-0.6326109170913696,0.012571185851979916,0.03054395504295826,1.6148896472249825,1.587034821510315,0.027854825714667575,0.07056642323732376,0.9108057720916337,0.8345475196838379,0.07625825240779582,0.1538616120815277,0.5737110433811724,-3.371953161135366e-09,0.5737110467531256,2.7619535103440285e-08,2.175646028941523,5.475232879517483,1.3404885342779784,3.1864658924567593,5.249267075133185,1.4138598189984988,-1.0108198635152363,0.22596580438429825,-0.07337128472052035,-2.567881610208621,0.5411987083794875,-1.9208692790082689,3.14159265021784,0.6578829723539307,-2.089747818308421,-5.709474260426461,-0.1166842639744432,0.16887853930015218,-0.4677629717033732,0.8007061331405487,-0.07646240658689792,0.3663618307538042,-0.47509557148189197,0.8184915520257305,0.1621703557969192,0.27938602850090055
6.515891790,1.2247230587815243,1.059773564338684,0.16494949444284024,0.20043747127056122,-0.6194505650162541,-0.6314840316772461,0.012033466660992032,0.02887781895697117,1.6162488514874471,1.5896283388137817,0.026620512673665386,0.0665370300412178,0.9137909843365927,0.8403083682060242,0.0734826161305685,0.1470048427581787,0.5755908909644102,-3.143779014891379e-09,0.5755908941081892,3.905734047293663e-08,2.1501793983095614,5.47399197014423,1.3372689188979865,3.134956970704591,5.256530294682149,1.4058010025442025,-0.9847775723950294,0.21746167546208106,-0.06853208364621599,-2.566001762625383,0.5362651256489285,-1.916869594808269,3.141592650446014,0.6484017211141544,-2.081819089251109,-5.707594413071397,-0.11213659546522592,0.16494949444284002,-0.46993272029851635,0.7998246863348796,-0.07794432069422622,0.36519637511024605,-0.4791052841768341,0.8179138986908167,0.16100722543925874,0.27486661193854617
6.535823584,1.2287234847815243,1.059773564338684,0.16894992044284018,0.20043747127056122,-0.6188612895236155,-0.6314840316772461,0.012622742153630573,0.02887781895697117,1.617608307834244,1.5896283388137817,0.027979969020462292,0.0665370300412178,0.9167767502328732,0.8403083682060242,0.07646838202684902,0.1470048427581787,0.5774710871929079,-3.143779014891379e-09,0.5774710903366869,3.905734047293663e-08,2.1247528346208475,5.472640196581204,1.334092637951071,3.134956970704591,5.256530294682149,1.4058010025442025,-1.0102041360837433,0.21610990189905532,-0.07170836459313157,-2.5641215663968855,0.5313306279132125,-1.9128691688082693,3.141592650446014,0.6484017211141544,-2.081819089251109,-5.7057142168429,-0.11707109320094189,0.16894992044283974,-0.47210123050269254,0.7989292725147956,-0.07943116226117553,0.3640372730073968,-0.4791052841768341,0.8179138986908167,0.16100722543925874,0.27486661193854617
6.555683851,1.2327201283815243,1.0677905082702637,0.16492962011126067,0.20268046855926514,-0.6182725711905454,-0.6303141713142395,0.012041600123694152,0.029954196885228157,1.6189664788160107,1.5923250913619995,0.026641387454011234,0.06911688297986984,0.9197596930895758,0.8462528586387634,0.07350683445081241,0.15159863233566284,0.5793495056971795,-3.5663665354235263e-09,0.579349509263546,2.019805833697319e-08,2.099395563584778,5.471179741347989,1.3309631831509114,3.082721554373436,5.262957901202697,1.397590896493079,-0.983325990788658,0.208221840145292,-0.06662771334216755,-2.5622431478926138,0.5264007957416729,-1.908872525208269,3.141592650023427,0.6385906177701907,-2.07380214531953,-5.703835797916041,-0.1121898220285178,0.1649296201112609,-0.47426598726252706,0.7980209234812896,-0.08092119864424957,0.36288584792183365,-0.48316943182189165,0.817322224685469,0.15973944316428385,0.27021286328683664
6.575901508,1.2367248335815242,1.0677905082702637,0.1689343253112605,0.20268046855926514,-0.617682665358116,-0.6303141713142395,0.012631505956123501,0.029954196885228157,1.620327389354336,1.5923250913619995,0.028002297992336445,0.06911688297986984,0.9227486528180691,0.8462528586387634,0.07649579417930563,0.15159863233566284,0.5812317131454074,-3.5663665354235263e-09,0.581231716711774,2.019805833697319e-08,2.074033029530023,5.46960663150713,1.3278712993968587,3.082721554373436,5.262957901202697,1.397590896493079,-1.008688524843413,0.20664873030443331,-0.06971959709622033,-2.560360940444386,0.521461019642425,-1.9048678200082694,3.141592650023427,0.6385906177701907,-2.07380214531953,-5.701953590467813,-0.11712959812776569,0.1689343253112605,-0.4764333383822636,0.7970969289737413,-0.08241880688997481,0.36173871809552693,-0.48316943182189165,0.817322224685469,0.15973944316428385,0.27021286328683664
6.596176624,1.2407231883815242,1.0677905082702637,0.1729326801112605,0.20268046855926514,-0.6170936949598351,-0.6303141713142395,0.013220476354404376,0.029954196885228157,1.6216861418495967,1.5923250913619995,0.029361050487597184,0.06911688297986984,0.9257328728494031,0.8462528586387634,0.07948001421063966,0.15159863233566284,0.5831109359119717,-3.5663665354235263e-09,0.5831109394783383,2.019805833697319e-08,2.04875704734266,5.467926991496252,1.324828089532922,3.082721554373436,5.262957901202697,1.397590896493079,-1.0339645070307757,0.20496909029355503,-0.07276280696015691,-2.5584817176778216,0.5165290767175492,-1.9008694652082692,3.141592650023427,0.6385906177701907,-2.07380214531953,-5.700074367701248,-0.12206154105264144,0.17293268011126073,-0.4785954183460222,0.7961606094771184,-0.08391855432013749,0.36060003562955656,-0.48316943182189165,0.817322224685469,0.15973944316428385,0.27021286328683664
6.618589640,1.244774477181524,1.075905203819275,0.168869273362249,0.20277248322963715,-0.6164969272147397,-0.629106879234314,0.012609952019574266,0.03041113168001175,1.623062882794653,1.5951122045516968,0.027950678242956162,0.07023569196462631,0.9287566008061315,0.8523526191711426,0.07640398163498896,0.15339027345180511,0.58501503760572,-4.05705691264302e-09,0.585015041662777,-3.0675437301397324e-08,2.023194176642872,5.46611455244709,1.3217891449811388,3.029773174290519,5.268643649966579,1.389285193435036,-1.006578997647647,0.1974709024805108,-0.06749604845389734,-2.5565776159840734,0.5115318400706692,-1.8968181764082694,3.141592649532736,0.6284964519681886,-2.065687449770518,-5.69817026551681,-0.11696461189751939,0.16886927336224877,-0.4807841864278358,0.7951978445387425,-0.08544270995988668,0.35945305317464277,-0.48728715170478526,0.816705230070896,0.1583771220616303,0.2654439416633158
6.626705647,1.246793840981524,1.0839735269546509,0.16282031402687314,0.20035885274410248,-0.6161994684945781,-0.62790846824646,0.011708999751881888,0.029509162530303,1.6237491189441036,1.5978784561157227,0.025870662828380908,0.06807463616132736,0.9302637771834033,0.8584111928939819,0.07185258428942132,0.14953777194023132,0.5859641365768608,-3.386504632274523e-09,0.5859641399633654,-1.3096723705530167e-09,2.010470477411886,5.465169754532145,1.320291114778652,2.97724757278202,5.273823776913827,1.3812278239402902,-0.966777095370134,0.19134597761831795,-0.06093670916163818,-2.5556285170129325,0.5090409688237854,-1.894798812608269,3.1415926502032887,0.6184732156934697,-2.0576191266351427,-5.697221167216221,-0.10943224686968434,0.16282031402687358,-0.4818744289374699,0.7947126748139411,-0.08620412162165905,0.3588838929816948,-0.49137082011049615,0.8160496484181078,0.1569860927331059,0.2607164266957759
6.645921230,1.2507230771815239,1.0839735269546509,0.166749550226873,0.20035885274410248,-0.6156206794862454,-0.62790846824646,0.012287788760214524,0.029509162530303,1.6250843830110189,1.5978784561157227,0.027205926895296217,0.06807463616132736,0.9331964097191359,0.8584111928939819,0.07478521682515393,0.14953777194023132,0.5878108736703894,-3.386504632274523e-09,0.587810877056894,-1.3096723705530167e-09,1.985747793481333,5.463252802054006,1.3174081454466162,2.97724757278202,5.273823776913827,1.3812278239402902,-0.9914997793006868,0.18942902514017934,-0.06381967849367398,-2.5537817799194036,0.5041942832128046,-1.890869576408269,3.1415926502032887,0.6184732156934697,-2.0576191266351427,-5.695374430122692,-0.11427893248066512,0.16674955022687366,-0.4839943340479247,0.7937585779018497,-0.08768886749101873,0.35778131188602025,-0.49137082011049615,0.8160496484181078,0.1569860927331059,0.2607164266957759
6.665582180,1.2547219383815238,1.0839735269546509,0.17074841142687291,0.20035885274410248,-0.6150316344936314,-0.62790846824646,0.012876833752828554,0.029509162530303,1.6264433075951257,1.5978784561157227,0.02856485147940302,0.06807463616132736,0.9361810077081799,0.8584111928939819,0.07776981481419798,0.14953777194023132,0.5896903344444484,-3.386504632274523e-09,0.589690337830953,-1.3096723705530167e-09,1.9606346727661192,5.461195736624591,1.314517268628852,2.97724757278202,5.273823776913827,1.3812278239402902,-1.0166129000159005,0.18737195971076392,-0.06671055531143821,-2.551902319145345,0.49926171564703986,-1.8868707152082695,3.1415926502032887,0.6184732156934697,-2.0576191266351427,-5.693494969348634,-0.11921150004642983,0.17074841142687314,-0.48614976159461115,0.7927739287537944,-0.08920423430113529,0.35666582647139694,-0.49137082011049615,0.8160496484181078,0.1569860927331059,0.2607164266957759
6.675800323,1.2567230035815238,1.0839735269546509,0.1727494766268729,0.20035885274410248,-0.6147368712155376,-0.62790846824646,0.01317159703092241,0.029509162530303,1.6271233253698563,1.5978784561157227,0.02924486925413361,0.06807463616132736,0.937674526706005,0.8584111928939819,0.0792633338120231,0.14953777194023132,0.5906308330918469,-3.386504632274523e-09,0.5906308364783516,-1.3096723705530167e-09,1.948086041334891,5.460126334181352,1.3130869828182505,2.97724757278202,5.273823776913827,1.3812278239402902,-1.0291615314471287,0.18630255726752498,-0.06814084112203966,-2.5509618204979465,0.4967934155963902,-1.8848696500082696,3.1415926502032887,0.6184732156934697,-2.0576191266351427,-5.692554470701236,-0.12167980009707952,0.17274947662687312,-0.4872275631788421,0.7922760356386329,-0.08996415557351395,0.35611014552169634,-0.49137082011049615,0.8160496484181078,0.1569860927331059,0.2607164266957759
6.685740471,1.2587247049815238,1.0839735269546509,0.1747511780268729,0.20035885274410248,-0.6144420142231573,-0.62790846824646,0.01346645402330271,0.029509162530303,1.6278035593430937,1.5978784561157227,0.029925103227371075,0.06807463616132736,0.9391685205393261,0.8584111928939819,0.08075732764534416,0.14953777194023132,0.5915716307526107,-3.386504632274523e-09,0.5915716341391153,-1.3096723705530167e-09,1.93554564327702,5.4590299696579745,1.311667133440452,2.97724757278202,5.273823776913827,1.3812278239402902,-1.0417019295049998,0.18520619274414774,-0.06956069049983826,-2.550021022837183,0.4943243307974513,-1.8828679486082696,3.1415926502032887,0.6184732156934697,-2.0576191266351427,-5.691613673040472,-0.12414888489601839,0.17475117802687312,-0.488305167270302,0.791774537646921,-0.09072539075001185,0.35555597115557575,-0.49137082011049615,0.8160496484181078,0.1569860927331059,0.2607164266957759
6.705687046,1.2627225139815237,1.092185378074646,0.1705371359068777,0.20996569097042084,-0.6138531242229548,-0.6266714930534363,0.012818368830481486,0.032337844371795654,1.6291621263602893,1.600737452507019,0.0284246738532703,0.07487215101718903,0.9421523332062878,0.8646315932273865,0.0775207399789013,0.1614810675382614,0.5934505969937195,-3.6705580797047332e-09,0.5934506006642776,8.847564458847046e-09,1.9105367215215514,5.4567608849151705,1.3088639763650756,2.9237811478027442,5.278356707957946,1.3730864062019372,-1.0132444262811928,0.17840417695722444,-0.06422242983686166,-2.5481420565960735,0.48939306111309183,-1.8788701396082694,3.141592649919235,0.6081568437757449,-2.049407275515147,-5.689734706515308,-0.11876378266265303,0.1705371359068777,-0.4904557148349715,0.7907626288296604,-0.09224892049247337,0.35445421890576384,-0.49552600123658713,0.8153558957306394,0.15550131357383487,0.2558673227916695
6.715742350,1.2647243535815236,1.092185378074646,0.17253897550687758,0.20996569097042084,-0.6135582468732742,-0.6266714930534363,0.013113246180162075,0.032337844371795654,1.629842407297742,1.600737452507019,0.029104954790722948,0.07487215101718903,0.9436464301868354,0.8646315932273865,0.07901483695944889,0.1614810675382614,0.5943914596083453,-3.6705580797047332e-09,0.5943914632789034,8.847564458847046e-09,1.8980324617553395,5.4555850449750745,1.3074766365064372,2.9237811478027442,5.278356707957946,1.3730864062019372,-1.0257486860474048,0.17722833701712837,-0.06560976969550003,-2.5472011939814476,0.48692380584541095,-1.8768683000082693,3.141592649919235,0.6081568437757449,-2.049407275515147,-5.688793843900683,-0.12123303793033391,0.1725389755068778,-0.4915317254981474,0.7902507682416678,-0.09301338796502841,0.35390506605802463,-0.49552600123658713,0.8153558957306394,0.15550131357383487,0.2558673227916695
6.735850573,1.2687223099815235,1.092185378074646,0.17653693190687747,0.20996569097042084,-0.6129693351605823,-0.6266714930534363,0.013702157892854006,0.032337844371795654,1.6312010244055692,1.600737452507019,0.0304635718985502,0.07487215101718903,0.9466303528675539,0.8646315932273865,0.08199875964016745,0.1614810675382614,0.5962704951273071,-3.6705580797047332e-09,0.5962704987978652,8.847564458847046e-09,1.873097057230821,5.453157918283995,1.3047384337770358,2.9237811478027442,5.278356707957946,1.3730864062019372,-1.0506840905719232,0.17480121032604856,-0.06834797242490143,-2.5453221584624863,0.48199235434417315,-1.8728703436082699,3.141592649919235,0.6081568437757449,-2.049407275515147,-5.686914808381721,-0.1261644894315717,0.17653693190687725,-0.49367894880292507,0.7892182024303199,-0.09454327202494478,0.35281339852152843,-0.49552600123658713,0.8153558957306394,0.15550131357383487,0.2558673227916695
6.745875359,1.2707243413815235,1.092185378074646,0.17853896330687746,0.20996569097042084,-0.6126744295581508,-0.6266714930534363,0.013997063495285511,0.032337844371795654,1.631881370522012,1.600737452507019,0.031143918014993055,0.07487215101718903,0.9481245930003305,0.8646315932273865,0.083492999772944,0.1614810675382614,0.5972114478877416,-3.6705580797047332e-09,0.5972114515582997,8.847564458847046e-09,1.8606291430132045,5.451903173943442,1.3033835071981015,2.9237811478027442,5.278356707957946,1.3730864062019372,-1.0631520047895398,0.1735464659854955,-0.06970289900383575,-2.544381205702052,0.4795228624925222,-1.87086831220827,3.141592649919235,0.6081568437757449,-2.049407275515147,-5.685973855621286,-0.12863398128322268,0.17853896330687702,-0.4947533217922747,0.7886959706635472,-0.0953109404477579,0.352269273518936,-0.49552600123658713,0.8153558957306394,0.15550131357383487,0.2558673227916695
6.765555620,1.2747234219815233,1.092185378074646,0.18253804390687733,0.20996569097042084,-0.6120853522472178,-0.6266714930534363,0.01458614080621845,0.032337844371795654,1.633240369664359,1.600737452507019,0.03250291715733988,0.07487215101718903,0.9511093547411944,0.8646315932273865,0.08647776151380793,0.1614810675382614,0.5990910117795816,-3.6705580797047332e-09,0.5990910154501397,8.847564458847046e-09,1.8357622554899051,5.449318581992578,1.300709485776512,2.9237811478027442,5.278356707957946,1.3730864062019372,-1.088018892312839,0.17096187403463148,-0.0723769204254252,-2.5425016418102118,0.47459002429837865,-1.86686923160827,3.141592649919235,0.6081568437757449,-2.049407275515147,-5.684094291729447,-0.1335668194773662,0.1825380439068771,-0.4968975986907688,0.7876425014526077,-0.09684745046770939,0.35118746796936134,-0.49552600123658713,0.8153558957306394,0.15550131357383487,0.2558673227916695
6.785797358,1.2787234957815232,1.092185378074646,0.18653811770687723,0.20996569097042084,-0.6114961286347612,-0.6266714930534363,0.015175364418675064,0.032337844371795654,1.6345997063237714,1.600737452507019,0.03386225381675234,0.07487215101718903,0.9540948577687832,0.8646315932273865,0.08946326454139675,0.1614810675382614,0.6009710424744307,-3.6705580797047332e-09,0.6009710461449888,8.847564458847046e-09,1.8109401263211917,5.446629514320406,1.2980780275378243,2.9237811478027442,5.278356707957946,1.3730864062019372,-1.1128410214815525,0.16827280636246034,-0.07500837866411292,-2.5406216111153626,0.4696559609989207,-1.86286915780827,3.141592649919235,0.6081568437757449,-2.049407275515147,-5.682214261034598,-0.13850088277682415,0.18653811770687723,-0.49903996056594396,0.7865750369227273,-0.09838841434995223,0.35011219483196154,-0.49552600123658713,0.8153558957306394,0.15550131357383487,0.2558673227916695
6.795828581,1.2807247197815232,1.092185378074646,0.18853934170687725,0.20996569097042084,-0.6112013419649216,-0.6266714930534363,0.015470151088514683,0.032337844371795654,1.6352797780631716,1.600737452507019,0.03454232555615255,0.07487215101718903,0.9555884952888919,0.8646315932273865,0.09095690206150542,0.1614810675382614,0.6019116157576708,-3.6705580797047332e-09,0.6019116194282289,8.847564458847046e-09,1.7985409563451005,5.44524538327392,1.2967777233150775,2.9237811478027442,5.278356707957946,1.3730864062019372,-1.1252401914576438,0.16688867531597396,-0.07630868288685977,-2.5396810378321226,0.46718746506957237,-1.8608679338082705,3.141592649919235,0.6081568437757449,-2.049407275515147,-5.681273687751357,-0.1409693787061725,0.18853934170687658,-0.5001108384347444,0.7860358353942092,-0.09916086744630984,0.3495767971755567,-0.49552600123658713,0.8153558957306394,0.15550131357383487,0.2558673227916695
6.816083908,1.2847249981815232,1.092185378074646,0.1925396201068772,0.20996569097042084,-0.6106120882142332,-0.6266714930534363,0.016059404839203095,0.032337844371795654,1.6366391842513712,1.600737452507019,0.03590173174435218,0.07487215101718903,0.9585741510221432,0.8646315932273865,0.09394255779475669,0.1614810675382614,0.6037917426143157,-3.6705580797047332e-09,0.6037917462848738,8.847564458847046e-09,1.7737948448331573,5.442401412109925,1.2942108808142,2.9237811478027442,5.278356707957946,1.3730864062019372,-1.149986302969587,0.16404470415197903,-0.07887552538773712,-2.5378009109754776,0.4622531493974329,-1.8568676554082701,3.141592649919235,0.6081568437757449,-2.049407275515147,-5.679393560894713,-0.14590369437831197,0.19253962010687697,-0.5022495161060192,0.7849477221265094,-0.10070793301642013,0.34851170615523674,-0.49552600123658713,0.8153558957306394,0.15550131357383487,0.2558673227916695
6.835878849,1.288716388781523,1.1256976127624512,0.16301877601907178,0.204755499958992,-0.6100241436647958,-0.6215424537658691,0.011518310101073292,0.03018888831138611,1.6379955701172055,1.6126070022583008,0.025388567858904754,0.06968063116073608,0.9615531732393306,0.8902893662452698,0.07126380699406087,0.1525997519493103,0.6056676922138285,-2.707803536949882e-09,0.6056676949216321,9.255018085241318e-09,1.7491556198485405,5.439461639911631,1.2916926791515868,2.7063960565601697,5.290485884167867,1.3413280549951425,-0.9572404367116292,0.14897575574376365,-0.04963537584355571,-2.535924961375965,0.4573297967649736,-1.8528762648082706,3.14159265088199,0.5655004817190125,-2.0158950408273424,-5.6775176122579545,-0.10817068495403886,0.16301877601907178,-0.5043808414047372,0.7838483550284093,-0.1022555040788229,0.34745580298606626,-0.512409479564088,0.812155643745452,0.14887255165629776,0.23595910439865178
6.845913887,1.290725865781523,1.1256976127624512,0.16502825301907187,0.204755499958992,-0.6097281413017673,-0.6215424537658691,0.011814312464101806,0.03018888831138611,1.6386784464562234,1.6126070022583008,0.026071444197922622,0.06968063116073608,0.963052970484914,0.8902893662452698,0.07276360423964423,0.1525997519493103,0.606612144398834,-2.707803536949882e-09,0.6066121471066376,9.255018085241318e-09,1.7367706936918412,5.4379431744694475,1.29044109544127,2.7063960565601697,5.290485884167867,1.3413280549951425,-0.9696253628683285,0.14745729030158028,-0.05088695955387257,-2.534980509190959,0.45485112081734397,-1.85086678780827,3.14159265088199,0.5655004817190125,-2.0158950408273424,-5.676573160072949,-0.11064936090166849,0.1650282530190723,-0.5054528598180617,0.7832897098652885,-0.10303610889883254,0.3469267893718833,-0.512409479564088,0.812155643745452,0.14887255165629776,0.23595910439865178
6.865952730,1.294714214981523,1.1256976127624512,0.16901660221907178,0.204755499958992,-0.6091406447602379,-0.6215424537658691,0.012401809005631259,0.03018888831138611,1.6400337987694977,1.6126070022583008,0.02742679651119695,0.06968063116073608,0.9660297227167558,0.8902893662452698,0.07574035647148603,0.1525997519493103,0.6084866645433816,-2.707803536949882e-09,0.6084866672511852,9.255018085241318e-09,1.7122289438871812,5.434853487192453,1.2879891107799906,2.7063960565601697,5.290485884167867,1.3413280549951425,-0.9941671126729885,0.14436760302458573,-0.05333894421515195,-2.533105989046412,0.44993151973069845,-1.84687843860827,3.14159265088199,0.5655004817190125,-2.0158950408273424,-5.674698639928401,-0.11556896198831401,0.16901660221907244,-0.5075785389505495,0.7821706858227229,-0.10458832799490883,0.3458819548396046,-0.512409479564088,0.812155643745452,0.14887255165629776,0.23595910439865178
6.875605345,1.296722772981523,1.1256976127624512,0.17102516021907177,0.204755499958992,-0.6088447777688367,-0.6215424537658691,0.01269767599703242,0.03018888831138611,1.64071636280668,1.6126070022583008,0.028109360548379314,0.06968063116073608,0.9675288340556736,0.8902893662452698,0.0772394678104038,0.1525997519493103,0.6094306847993041,-2.707803536949882e-09,0.6094306875071076,9.255018085241318e-09,1.699889550253612,5.433259433576023,1.2867704331404615,2.7063960565601697,5.290485884167867,1.3413280549951425,-1.0065065063065577,0.14277354940815545,-0.05455762185468105,-2.532161968790489,0.44745397736319703,-1.8448698806082704,3.14159265088199,0.5655004817190125,-2.0158950408273424,-5.673754619672479,-0.11804650435581543,0.171025160219072,-0.5086480058192734,0.7816019833082577,-0.10537148291633607,0.34535835946547866,-0.512409479564088,0.812155643745452,0.14887255165629776,0.23595910439865178
6.889878988,1.2987240683815229,1.1342805624008179,0.164443505980705,0.22394125163555145,-0.6085499805815496,-0.620221734046936,0.011671753465386403,0.03584570065140724,1.6413964588097922,1.615666151046753,0.025730307763039306,0.08327467739582062,0.969022524866028,0.896871030330658,0.07215149453537006,0.17648474872112274,0.6103712916404729,-1.9202539558449416e-09,0.6103712935607268,-1.367880031466484e-09,1.6876081625227985,5.431645876447057,1.285566915692872,2.6510699436481735,5.292168167850422,1.333673253254961,-0.963461781125375,0.139477708596635,-0.04810633756208915,-2.5312213619493207,0.4449853933624434,-1.8428685852082707,3.1415926516695394,0.5545389491262394,-2.0073120911889752,-5.67281401361886,-0.10955355576379594,0.16444350598070456,-0.509712902928097,0.7810319042841973,-0.10615276259446749,0.3448383854392888,-0.5167038213775311,0.8112267314219683,0.1470540798608638,0.2308753966895582
6.896209002,1.3007405025815229,1.1342805624008179,0.16645994018070498,0.22394125163555145,-0.6082529534007998,-0.620221734046936,0.011968780646136268,0.03584570065140724,1.6420816993994416,1.615666151046753,0.026415548352688667,0.08327467739582062,0.970527514701224,0.896871030330658,0.07365648437056604,0.17648474872112274,0.6113190137025367,-1.9202539558449416e-09,0.6113190156227907,-1.367880031466484e-09,1.6752474434235372,5.429994677168313,1.284365142102111,2.6510699436481735,5.292168167850422,1.333673253254961,-0.9758225002246363,0.13782650931789142,-0.049308111152850165,-2.5302736398872567,0.44249813575684843,-1.8408521510082703,3.1415926516695394,0.5545389491262394,-2.0073120911889752,-5.671866291556796,-0.11204081336939092,0.16645994018070498,-0.510785137805748,0.7804540484910746,-0.10694091190261824,0.3443162246425385,-0.5167038213775311,0.8112267314219683,0.1470540798608638,0.2308753966895582
6.915805340,1.3047270053815228,1.1342805624008179,0.17044644298070488,0.22394125163555145,-0.6076657288398718,-0.620221734046936,0.012556005207064236,0.03584570065140724,1.6434364242544903,1.615666151046753,0.027770273207737395,0.08327467739582062,0.9735028888502938,0.896871030330658,0.07663185851963583,0.17648474872112274,0.6131926660409265,-1.9202539558449416e-09,0.6131926679611804,-1.367880031466484e-09,1.6508505260789779,5.426655393633146,1.282021238159512,2.6510699436481735,5.292168167850422,1.333673253254961,-1.0002194175691956,0.1344872257827241,-0.051652015095449144,-2.528399987548867,0.4375808121918018,-1.8368656482082704,3.1415926516695394,0.5545389491262394,-2.0073120911889752,-5.669992639218407,-0.11695813693443757,0.17044644298070488,-0.5129028008006379,0.7793013954356416,-0.1085018990197851,0.3432890763074518,-0.5167038213775311,0.8112267314219683,0.1470540798608638,0.2308753966895582
6.935696602,1.3087229273815226,1.1342805624008179,0.17444236498070476,0.22394125163555145,-0.6070771168007802,-0.620221734046936,0.013144617246155788,0.03584570065140724,1.6447943500164481,1.615666151046753,0.029128198969695207,0.08327467739582062,0.976485293132187,0.896871030330658,0.07961426280152906,0.17648474872112274,0.6150707453939182,-1.9202539558449416e-09,0.6150707473141721,-1.367880031466484e-09,1.6264500312767654,5.423208922543596,1.2797144058010537,2.6510699436481735,5.292168167850422,1.333673253254961,-1.0246199123714081,0.13104075469317422,-0.053958847453907444,-2.526521908195875,0.43265187010885914,-1.832869726208271,3.1415926516695394,0.5545389491262394,-2.0073120911889752,-5.668114559865415,-0.12188707901738022,0.1744423649807043,-0.5150225455820215,0.7781323934630799,-0.11007028203122085,0.34226640033634703,-0.5167038213775311,0.8112267314219683,0.1470540798608638,0.2308753966895582
6.956144571,1.3127220445815226,1.149943470954895,0.16277857362662762,0.1974889039993286,-0.6064880340985508,-0.6180511713027954,0.011563137204244622,0.026735488325357437,1.646153361596496,1.62064528465271,0.025508076943786095,0.061264313757419586,0.9794700821898996,0.9081004858016968,0.07136959638820284,0.13886044919490814,0.6169503264877216,-7.834583537480455e-10,0.61695032727118,-2.584420144557953e-08,1.6020846380154454,5.41966073097183,1.2774483719367384,2.552049384261831,5.297200179297725,1.32183292105521,-0.9499647462463856,0.12246055167410486,-0.04438454911847156,-2.5246423271020717,0.4277189867688693,-1.828870609008271,3.141592652806335,0.5361597973051027,-1.9916491826348979,-5.666234979908406,-0.10844081053623333,0.16277857362662695,-0.5171409924373982,0.7769488089715292,-0.11164358840877461,0.3412498371366605,-0.5243868308170392,0.8092322416614002,0.14404489888782981,0.22228967098298108
6.965623379,1.3147243123815224,1.149943470954895,0.1647808414266274,0.1974889039993286,-0.6061930936736462,-0.6180511713027954,0.011858077629149255,0.026735488325357437,1.646833788048253,1.62064528465271,0.026188503395543128,0.061264313757419586,0.9809644987626498,0.9081004858016968,0.07286401296095302,0.13886044919490814,0.6178913903559202,-7.834583537480455e-10,0.6178913911393786,-2.584420144557953e-08,1.5899060892648216,5.417847216804567,1.2763298247451331,2.552049384261831,5.297200179297725,1.32183292105521,-0.9621432949970095,0.12064703750684203,-0.045503096310076874,-2.523701263233873,0.42524920331945726,-1.8268683412082705,3.141592652806335,0.5361597973051027,-1.9916491826348979,-5.665293916040207,-0.1109105939856454,0.1647808414266274,-0.5182005060711219,0.7763510889673154,-0.11243267162737451,0.34074347611895317,-0.5243868308170392,0.8092322416614002,0.14404489888782981,0.22228967098298108
6.985578299,1.3185708131171807,1.149943470954895,0.1686273421622857,0.1974889039993286,-0.6056264918627542,-0.6180511713027954,0.01242467944004122,0.026735488325357437,1.6481409362964772,1.62064528465271,0.027495651643767216,0.061264313757419586,0.9838353806928608,0.9081004858016968,0.07573489489116403,0.13886044919490814,0.6196992418637592,-7.834583537480455e-10,0.6196992426472177,-2.584420144557953e-08,1.5665491244684835,5.414294356766567,1.2742109393412067,2.552049384261831,5.297200179297725,1.32183292105521,-0.9855002597933475,0.1170941774688421,-0.047621981714003336,-2.521893411726034,0.4205045713301303,-1.8230218404726126,3.141592652806335,0.5361597973051027,-1.9916491826348979,-5.6634860645323695,-0.11565522597497235,0.16862734216228525,-0.5202337274611808,0.7751932350845757,-0.11395108407201027,0.3397756135006885,-0.5243868308170392,0.8092322416614002,0.14404489888782981,0.22228967098298108
6.995731831,1.3204197933093866,1.149943470954895,0.17047632235449162,0.1974889039993286,-0.6053541311907555,-0.6180511713027954,0.01269704011203987,0.026735488325357437,1.6487692713431437,1.62064528465271,0.0281239866904337,0.061264313757419586,0.9852153892221491,0.9081004858016968,0.07711490342045235,0.13886044919490814,0.6205682607092403,-7.834583537480455e-10,0.6205682614926986,-2.584420144557953e-08,1.5553399267505135,5.412554364723222,1.2732064016771338,2.552049384261831,5.297200179297725,1.32183292105521,-0.9967094575113176,0.11535418542549714,-0.04862651937807616,-2.521024392880553,0.41822386708217674,-1.8211728602804065,3.141592652806335,0.5361597973051027,-1.9916491826348979,-5.662617045686888,-0.11793593022292592,0.1704763223544914,-0.5212100453793996,0.77463217755727,-0.11468214474415726,0.33931266372678526,-0.5243868308170392,0.8092322416614002,0.14404489888782981,0.22228967098298108
7.015896559,1.3241091260540074,1.1580402851104736,0.1660688409435338,0.20216897130012512,-0.6048106807255816,-0.6169252395629883,0.012114558837406642,0.02814926952123642,1.6500230095238075,1.6232318878173828,0.026791121706424725,0.06466186791658401,0.9879689669383522,0.9138936996459961,0.07407526729235614,0.1448308527469635,0.622302243418109,-1.125137316648761e-09,0.6223022445432463,2.6193447411060333e-09,1.533009535957749,5.409020383349614,1.2712291275390237,2.501041342832523,5.29909430023203,1.315909242455382,-0.9680318068747742,0.10992608311758456,-0.04468011491635826,-2.519290410171684,0.41367310072013586,-1.8174835275357857,3.141592652464656,0.5266540485563234,-1.9835523684793197,-5.66088306263634,-0.1129809478361875,0.16606884094353402,-0.5231560866371431,0.773503980070883,-0.11614310653093882,0.33839338148722153,-0.5283415626488426,0.8081472990736979,0.1424341123858764,0.21786615112612998
7.035898447,1.327808999605716,1.166095495223999,0.16171350438171705,0.19788767397403717,-0.6042656775659473,-0.6157680153846741,0.011502337818726782,0.02900473028421402,1.651280329764756,1.625895380973816,0.02538494879094011,0.06681186705827713,0.9907304119122731,0.9198063611984253,0.07092405071384777,0.1478104442358017,0.6240411802957918,-2.03143057930788e-09,0.6240411823272224,3.230525180697441e-09,1.5106633737812898,5.405393572177071,1.269282435559918,2.450198543506538,5.299979611375042,1.3099621111846234,-0.9395351697252481,0.10541396080202947,-0.040679675624705425,-2.5175514732940014,0.40910933234563224,-1.8137836539840775,3.1415926515583625,0.5169206696691468,-1.975497158365794,-5.659144124852364,-0.10781133732351461,0.1617135043817166,-0.5251049176154006,0.7723609255309162,-0.11761122396195035,0.33747744547943026,-0.5322833161639446,0.8070607361156095,0.14072165303893422,0.21336554529734764
7.055746317,1.3314994172730839,1.166095495223999,0.16540392204908483,0.19788767397403717,-0.6037220672881969,-0.6157680153846741,0.012045948096477188,0.02900473028421402,1.6525344366324333,1.625895380973816,0.02663905565861735,0.06681186705827713,0.9934847993735729,0.9198063611984253,0.07367843817514763,0.1478104442358017,0.6257756729172692,-2.03143057930788e-09,0.6257756749486998,3.230525180697441e-09,1.4884225443878034,5.401693951575462,1.2673768059599468,2.450198543506538,5.299979611375042,1.3099621111846234,-0.9617759991187345,0.10171434020042014,-0.04258530522467652,-2.515816980672524,0.4045572277389047,-1.810093236316709,3.1415926515583625,0.5169206696691468,-1.975497158365794,-5.657409632230887,-0.11236344193024217,0.16540392204908505,-0.5270459537631628,0.7712091959532489,-0.11907852618975777,0.3365698193532757,-0.5322833161639446,0.8070607361156095,0.14072165303893422,0.21336554529734764
7.066120625,1.3333548944358127,1.1741522550582886,0.1592026393775241,0.20459598302841187,-0.6034487495917449,-0.614576518535614,0.011127768943869132,0.030569998547434807,1.653164979530917,1.6286439895629883,0.02452098996792862,0.07061673700809479,0.9948696569946871,0.9258434176445007,0.06902623935018637,0.1540423184633255,0.6266477453324135,-1.606514699048489e-09,0.6266477469389282,-4.656612873077393e-10,1.4772585366128153,5.399803022367112,1.2664322865528321,2.399290817288551,5.299923452097127,1.3039817759257186,-0.922032280675736,0.09987957026998551,-0.03754948937288649,-2.51494490825738,0.402268509522855,-1.8082377591539804,3.1415926519832786,0.506943507784839,-1.967440398531505,-5.6565375602406585,-0.10467499826198401,0.15920263937752455,-0.5280207949602548,0.7706257541955552,-0.11981735628004338,0.33611573630839336,-0.5362297526003378,0.8059614889931253,0.1389067401990141,0.20877894580979345
7.075955153,1.335205718867333,1.1741522550582886,0.1610534638090444,0.20459598302841187,-0.6031761172574206,-0.614576518535614,0.011400401278193417,0.030569998547434807,1.6537939413015474,1.6286439895629883,0.025149951738559162,0.07061673700809479,0.9962510419940938,0.9258434176445007,0.07040762434959302,0.1540423184633255,0.6275176309685323,-1.606514699048489e-09,0.627517632575047,-4.656612873077393e-10,1.4661347669358025,5.397896362890753,1.2654991903399702,2.399290817288551,5.299923452097127,1.3039817759257186,-0.9331560503527487,0.09797291079362669,-0.03848258558574846,-2.514075022621261,0.39998553041849344,-1.8063869347224604,3.1415926519832786,0.506943507784839,-1.967440398531505,-5.65566767460454,-0.10695797736634555,0.16105346380904462,-0.5289924648083668,0.7700408623730082,-0.12055505823402148,0.33566429715713647,-0.5362297526003378,0.8059614889931253,0.1389067401990141,0.20877894580979345
7.096033573,1.3388989025240854,1.1741522550582886,0.1647466474657968,0.20459598302841187,-0.6026320995406231,-0.614576518535614,0.01194441899499088,0.030569998547434807,1.6550489881295751,1.6286439895629883,0.026404998566586846,0.07061673700809479,0.9990074938847254,0.9258434176445007,0.0731640762402247,0.1540423184633255,0.6292534236022606,-1.606514699048489e-09,0.6292534252087753,-4.656612873077393e-10,1.4439748002004895,5.394030888779875,1.2636642631809054,2.399290817288551,5.299923452097127,1.3039817759257186,-0.9553160170880617,0.09410743668274879,-0.04031751274481321,-2.5123392299875325,0.39543001398303657,-1.8026937510657077,3.1415926519832786,0.506943507784839,-1.967440398531505,-5.653931881970811,-0.11151349380180242,0.16474664746579726,-0.5309291654684459,0.76886506377187,-0.12202923186246861,0.33476798164865423,-0.5362297526003378,0.8059614889931253,0.1389067401990141,0.20877894580979345
7.117202759,1.3425960403925463,1.1820738315582275,0.16052220883431878,0.1964346468448639,-0.6020874993558454,-0.6134406328201294,0.011353133464284015,0.02790302038192749,1.656305378709044,1.631260633468628,0.02504474524041611,0.06423153728246689,1.001766897048663,0.9316313862800598,0.07013551076860325,0.14263182878494263,0.6309910747115466,-1.438876684467516e-09,0.6309910761504233,2.240994945168495e-09,1.4218403235067716,5.390080422705168,1.2618633491498592,2.3496138203851946,5.299961388851713,1.2984690757304893,-0.927773496878423,0.09011903385345477,-0.036605726580630105,-2.5106015788782465,0.39086962005485226,-1.7989966131972468,3.1415926521509165,0.49740300952815575,-1.959518822031566,-5.6521942310291635,-0.10653338947330349,0.16052220883431922,-0.5328649686509109,0.7676764180907746,-0.12350781327760682,0.3338767172945214,-0.5400782002773048,0.8048154259991946,0.13715784033013684,0.2043902994149551
7.135636091,1.3462821126403268,1.1898744106292725,0.15640770201105436,0.2052883505821228,-0.6015445291722419,-0.6123487949371338,0.010804265764891907,0.026069609448313713,1.65755800888193,1.633771300315857,0.02378670856607301,0.059783417731523514,1.0045180412539676,0.9372355341911316,0.067282507062836,0.13482850790023804,0.6327235249901536,-1.2002253635401416e-09,0.632723526190379,-2.028536982834339e-08,1.399821410243154,5.38606170444402,1.2601036014988911,2.3009989730093254,5.2999648707409985,1.2933514966831474,-0.9011775627661713,0.08609683370302168,-0.033247895184256304,-2.50886912859964,0.3863228754930584,-1.7953105409494667,3.141592652389568,0.48819635688685953,-1.9517182429605204,-5.6504617809892075,-0.10187348139380115,0.1564077020110537,-0.5347919683603769,0.7664797978985001,-0.12498475002962428,0.33299411744164553,-0.5438423870028817,0.8036327458233907,0.13545193634094554,0.20015654093947022
7.145623922,1.3481392145076703,1.1898744106292725,0.1582648038783978,0.2052883505821228,-0.601270972151625,-0.6123487949371338,0.01107782278550884,0.026069609448313713,1.6581891039003627,1.633771300315857,0.024417803584505737,0.059783417731523514,1.0059041114928453,0.9372355341911316,0.06866857730171372,0.13482850790023804,0.6335963610148457,-1.2002253635401416e-09,0.6335963622150711,-2.028536982834339e-08,1.388746676028825,5.3840068657024975,1.2592305262688543,2.3009989730093254,5.2999648707409985,1.2933514966831474,-0.9122522969805005,0.084041994961499,-0.03412097041429307,-2.5079962925749473,0.38403215321513096,-1.7934534390821226,3.141592652389568,0.48819635688685953,-1.9517182429605204,-5.649588944964515,-0.10416420367172857,0.1582648038783978,-0.5357616672516996,0.7658725627916982,-0.12572989427963605,0.3325517210164259,-0.5438423870028817,0.8036327458233907,0.13545193634094554,0.20015654093947022
7.165769339,1.3518354753460926,1.1898744106292725,0.16196106471682015,0.2052883505821228,-0.6007265011561654,-0.6123487949371338,0.011622293780968351,0.026069609448313713,1.6594451964405597,1.633771300315857,0.025673896124702722,0.059783417731523514,1.0086628600749008,0.9372355341911316,0.07142732588376921,0.13482850790023804,0.6353335999208886,-1.2002253635401416e-09,0.6353336011211139,-2.028536982834339e-08,1.3667417660499512,5.379857222464267,1.257519719406844,2.3009989730093254,5.2999648707409985,1.2933514966831474,-0.9342572069593742,0.07989235172326836,-0.03583177727630349,-2.5062590536689044,0.379472841097419,-1.7897571782437005,3.141592652389568,0.48819635688685953,-1.9517182429605204,-5.647851706058472,-0.1087235157894405,0.16196106471681992,-0.5376893629089861,0.7646552747959366,-0.12721503352633093,0.3316757377110569,-0.5438423870028817,0.8036327458233907,0.13545193634094554,0.20015654093947022
7.185786486,1.3555301120342809,1.1977788209915161,0.15775129104276475,0.21187452971935272,-0.6001822694032091,-0.6112205386161804,0.011038269212971352,0.02780260518193245,1.6607007370492013,1.6363695859909058,0.02433115105829553,0.0639454573392868,1.0114203964529616,0.9429944753646851,0.0684259210882765,0.14208540320396423,0.6370700754779419,-1.5576203660216947e-09,0.6370700770355623,-5.296897143125534e-09,1.3447967238552871,5.375630210392516,1.2558454091629998,2.2517611847096153,5.299232097520422,1.288198623565834,-0.9069644608543281,0.07639811287209408,-0.03235321440283423,-2.5045225781118514,0.37491553235776015,-1.7860625415555127,3.141592652032173,0.4787108737173036,-1.9438138325982772,-5.646115230144025,-0.10379534135954344,0.15775129104276453,-0.539613065760689,0.7634269774377274,-0.12870221607370058,0.33080618035091847,-0.5476542586091807,0.802414825173432,0.13364606646977734,0.19581621558562237
7.195850134,1.3573793501982385,1.1977788209915161,0.1596005292067224,0.21187452971935272,-0.5999098707311497,-0.6112205386161804,0.011310667885030767,0.02780260518193245,1.6613291597618653,1.6363695859909058,0.024959573770959587,0.0639454573392868,1.012800597522559,0.9429944753646851,0.06980612215787385,0.14208540320396423,0.637939215569889,-1.5576203660216947e-09,0.6379392171275093,-5.296897143125534e-09,1.3338317339786152,5.3734849209335795,1.255020784685701,2.2517611847096153,5.299232097520422,1.288198623565834,-0.9179294507310001,0.07425282341315764,-0.033177838880132926,-2.5036534380199043,0.37263450990343944,-1.7842133033915548,3.141592652032173,0.4787108737173036,-1.9438138325982772,-5.645246090052077,-0.10607636381386415,0.1596005292067224,-0.5405747199942732,0.7628078598377339,-0.12944758044775664,0.3303732207505791,-0.5476542586091807,0.802414825173432,0.13364606646977734,0.19581621558562237
7.215561390,1.3610750814184367,1.1977788209915161,0.16329626042692058,0.21187452971935272,-0.5993654777501416,-0.6112205386161804,0.011855060866038825,0.02780260518193245,1.6625850723230162,1.6363695859909058,0.02621548633211046,0.0639454573392868,1.015558950817705,0.9429944753646851,0.07256447545301992,0.14208540320396423,0.639676205555895,-1.5576203660216947e-09,0.6396762071135154,-5.296897143125534e-09,1.3119560529407912,5.369138674629326,1.253399507628851,2.2517611847096153,5.299232097520422,1.288198623565834,-0.9398051317688241,0.06990657710890424,-0.03479911593698293,-2.5019164480338985,0.3680758510661344,-1.7805175721713566,3.141592652032173,0.4787108737173036,-1.9438138325982772,-5.643509100066071,-0.1106350226511692,0.16329626042692058,-0.5424941771786643,0.761561894140624,-0.13093917868342508,0.32951248930184573,-0.5476542586091807,0.802414825173432,0.13364606646977734,0.19581621558562237
7.225734234,1.3629411417059694,1.2055187225341797,0.15742241917178967,0.21226704120635986,-0.5990906011256949,-0.6101086735725403,0.011018072446845384,0.02816406451165676,1.6632192116625244,1.6389297246932983,0.02428948696922606,0.0648401528596878,1.0169517072808711,0.9486781358718872,0.06827357140898394,0.1434735208749771,0.6405532520291375,-2.1769499536361536e-09,0.6405532542060874,-6.810296326875687e-09,1.3009298409890195,5.366914466174836,1.2525944179105957,2.203655323838376,5.2979870096181045,1.2832824453624996,-0.9027254828493565,0.06892745655673149,-0.03068802745190391,-2.501039401560656,0.36577407863901346,-1.778651511883824,3.1415926514128434,0.4693552094640689,-1.9360739310556137,-5.642632052973499,-0.10358113082505543,0.15742241917178967,-0.5434621152687192,0.7609283995146419,-0.13169331230848977,0.3290801901861512,-0.5513781417125427,0.8011942365344684,0.13182506049158077,0.19155180399036872
7.245757103,1.3666305073438363,1.2055187225341797,0.1611117848096566,0.21226704120635986,-0.598547145815241,-0.6101086735725403,0.01156152775729924,0.02816406451165676,1.664472961021231,1.6389297246932983,0.02554323632793265,0.0648401528596878,1.019705309547343,0.9486781358718872,0.07102717367545575,0.1434735208749771,0.6422872501977992,-2.1769499536361536e-09,0.6422872523747492,-6.810296326875687e-09,1.2791683840220824,5.362458672201105,1.251029365633779,2.203655323838376,5.2979870096181045,1.2832824453624996,-0.9244869398162936,0.06447166258300019,-0.0322530797287206,-2.499305403391994,0.361223271703381,-1.774962146245957,3.1415926514128434,0.4693552094640689,-1.9360739310556137,-5.640898054804838,-0.10813193776068791,0.1611117848096566,-0.5453733333250174,0.7596672869500606,-0.13318623458050433,0.32823005248477916,-0.5513781417125427,0.8011942365344684,0.13182506049158077,0.19155180399036872
7.265635967,1.370313163868221,1.2055187225341797,0.16479444133404142,0.21226704120635986,-0.5980046787785741,-0.6101086735725403,0.012103994793966177,0.02816406451165676,1.6657244304360252,1.6389297246932983,0.02679470574272691,0.0648401528596878,1.0224539043865484,0.9486781358718872,0.07377576851466117,0.1434735208749771,0.6440180950898184,-2.1769499536361536e-09,0.6440180972667684,-6.810296326875687e-09,1.2574975014356988,5.357934093045437,1.249502447862969,2.203655323838376,5.2979870096181045,1.2832824453624996,-0.9461578224026772,0.05994708342733279,-0.033779997499530534,-2.497574558499975,0.3566807404127147,-1.7712794897215718,3.1415926514128434,0.4693552094640689,-1.9360739310556137,-5.639167209912818,-0.1126744690513542,0.16479444133404186,-0.5472777481364455,0.7583970360093029,-0.13467897190196432,0.3273875023491816,-0.5513781417125427,0.8011942365344684,0.13182506049158077,0.19155180399036872
7.285932541,1.3740112569343792,1.2055187225341797,0.1684925344001995,0.21226704120635986,-0.5974599378901329,-0.6101086735725403,0.01264873568240743,0.02816406451165676,1.666981145618317,1.6389297246932983,0.028051420925018666,0.0648401528596878,1.0252140204737366,0.9486781358718872,0.07653588460184935,0.1434735208749771,0.645756195141069,-2.1769499536361536e-09,0.6457561973180189,-6.810296326875687e-09,1.235787321320607,5.353313711206836,1.2480045439474994,2.203655323838376,5.2979870096181045,1.2832824453624996,-0.967868002517769,0.0553267015887311,-0.0352779014150002,-2.495836458448724,0.3521191682547934,-1.767581396655414,3.1415926514128434,0.4693552094640689,-1.9360739310556137,-5.637429109861568,-0.1172360412092755,0.16849253440019973,-0.5491867499692898,0.7571099794285834,-0.136180472086295,0.32654750302241276,-0.5513781417125427,0.8011942365344684,0.13182506049158077,0.19155180399036872
7.305941343,1.3777039996737965,1.2055187225341797,0.17218527713961684,0.21226704120635986,-0.5969159851218634,-0.6101086735725403,0.013192688450676893,0.02816406451165676,1.6682360426103346,1.6389297246932983,0.029306317917036306,0.0648401528596878,1.0279701432804302,0.9486781358718872,0.07929200740854303,0.1434735208749771,0.6474917805440896,-2.1769499536361536e-09,0.6474917827210396,-6.810296326875687e-09,1.2141603474929703,5.348623648727411,1.246544153738819,2.203655323838376,5.2979870096181045,1.2832824453624996,-0.9894949763454057,0.050636639109306714,-0.036738291623680475,-2.4941008730457037,0.3475641956878126,-1.763888653915997,3.1415926514128434,0.4693552094640689,-1.9360739310556137,-5.6356935244585475,-0.12179101377625628,0.17218527713961662,-0.5510895444281017,0.7558133170506518,-0.13768226770308092,0.3257148092289564,-0.5513781417125427,0.8011942365344684,0.13182506049158077,0.19155180399036872
7.315845490,1.3795529471575496,1.2055187225341797,0.17403422462336993,0.21226704120635986,-0.5966436292679239,-0.6101086735725403,0.01346504430461637,0.02816406451165676,1.6688643665417566,1.6389297246932983,0.029934641848458288,0.0648401528596878,1.0293501273973726,0.9486781358718872,0.08067199152548543,0.1434735208749771,0.6483607840166306,-2.1769499536361536e-09,0.6483607861935805,-6.810296326875687e-09,1.2033512995882198,5.346246822083022,1.245826189415305,2.203655323838376,5.2979870096181045,1.2832824453624996,-1.0003040242501562,0.048259812464917395,-0.03745625594719448,-2.4932318695731626,0.34528353178550875,-1.7620397064322435,3.1415926514128434,0.4693552094640689,-1.9360739310556137,-5.634824520986006,-0.12407167767856014,0.17403422462337015,-0.5520409598884869,0.7551597798743731,-0.13843512780662082,0.3253001703882907,-0.5513781417125427,0.8011942365344684,0.13182506049158077,0.19155180399036872
7.335759163,1.3832478706452787,1.2055187225341797,0.17772914811109897,0.21226704120635986,-0.5960993552684816,-0.6101086735725403,0.014009318304058715,0.02816406451165676,1.6701200046128826,1.6389297246932983,0.03119027991958423,0.0648401528596878,1.0321078778317083,0.9486781358718872,0.08342974195982111,0.1434735208749771,0.6500973943691819,-2.1769499536361536e-09,0.6500973965461319,-6.810296326875687e-09,1.1817897707802263,5.341440257008747,1.2444178616979702,2.203655323838376,5.2979870096181045,1.2832824453624996,-1.0218655530581497,0.0434532473906426,-0.038864583664529384,-2.4914952592206117,0.3407258692806046,-1.7583447829445147,3.1415926514128434,0.4693552094640689,-1.9360739310556137,-5.633087910633455,-0.12862934018346428,0.17772914811109897,-0.5539396131786463,0.753845164510246,-0.1399414428793588,0.3244761400486252,-0.5513781417125427,0.8011942365344684,0.13182506049158077,0.19155180399036872
7.355846643,1.3869432306152982,1.2289484739303589,0.15799475668493934,0.22356291115283966,-0.5955550169738075,-0.6067445278167725,0.011189510842964934,0.03086201474070549,1.6713757910128666,1.646680474281311,0.02469531673155556,0.07133708894252777,1.0348659540398333,0.9658352136611938,0.06903074037863943,0.1547144204378128,0.6518342098679744,-1.136197136375472e-09,0.6518342110041715,4.6566128730773926e-09,1.1602781600835947,5.336557878722024,1.2430445717996308,2.0590317818521857,5.2918716250298505,1.26931961483967,-0.898753621768591,0.044686253692173494,-0.026275043040039137,-2.489758443721819,0.33616766837782186,-1.754649422974495,3.141592652453596,0.44108323633098157,-1.9126441796594342,-5.631351096175415,-0.1049155679531597,0.15799475668493912,-0.5558349179250974,0.7525189506076857,-0.14145031047471765,0.3236581262043543,-0.5625649670276844,0.7972863523022768,0.12612042360444106,0.17874218599845496
7.375468731,1.390639762545812,1.2289484739303589,0.16169128861545312,0.22356291115283966,-0.5950105060456194,-0.6067445278167725,0.011734021771153014,0.03086201474070549,1.6726319756777184,1.646680474281311,0.02595150139640734,0.07133708894252777,1.037624904954721,0.9658352136611938,0.07178969129352719,0.1547144204378128,0.6535715761870298,-1.136197136375472e-09,0.6535715773232269,4.6566128730773926e-09,1.138812468108012,5.331599134944327,1.2417060023663373,2.0590317818521857,5.2918716250298505,1.26931961483967,-0.9202193137441737,0.039727509914476045,-0.027613612473332605,-2.4880210774027636,0.331608021869894,-1.7509528910439816,3.141592652453596,0.44108323633098157,-1.9126441796594342,-5.629613729856359,-0.10947521446108754,0.16169128861545268,-0.557727198991618,0.7511808799393714,-0.14296199448975433,0.3228459775961089,-0.5625649670276844,0.7972863523022768,0.12612042360444106,0.17874218599845496
7.395716429,1.3943369242526369,1.237407922744751,0.1569290015078859,0.23277431726455688,-0.5944659023493747,-0.6054332256317139,0.01096732328233918,0.033475782722234726,1.6738883743581285,1.6497204303741455,0.02416794398398303,0.07761630415916443,1.0403843259107073,0.9723548889160156,0.06802943699469166,0.16574938595294952,0.655309238500323,-9.825289470910548e-10,0.6553092394828519,2.1245796233415604e-09,1.1173961259146277,5.326565167672031,1.2404023077713267,2.0067073355054106,5.287400096584348,1.26413018061686,-0.8893112095907829,0.03916507108768297,-0.02372787284553346,-2.48628341508947,0.327047598537253,-1.7472557293371564,3.1415926526072644,0.43021230279826683,-1.9041847308450424,-5.627876067696734,-0.10316470426101382,0.1569290015078859,-0.559616126175539,0.7498311538519464,-0.14447623690811592,0.3220398251865936,-0.566613489394787,0.7958566245325651,0.12379735841806341,0.17388387180013268
7.416690111,1.3980254941696133,1.237407922744751,0.16061757142486233,0.23277431726455688,-0.5939225642511428,-0.6054332256317139,0.011510661380571108,0.033475782722234726,1.6751418533086797,1.6497204303741455,0.0254214229345342,0.07761630415916443,1.0431373342813544,0.9723548889160156,0.07078244536533873,0.16574938595294952,0.65704286268096,-9.825289470910548e-10,0.657042863663489,2.1245796233415604e-09,1.096082618875801,5.321469240841956,1.2391365584219007,2.0067073355054106,5.287400096584348,1.26413018061686,-0.9106247166296095,0.03406914425760732,-0.024993622194959375,-2.4845497909088334,0.3224977731178226,-1.7435671594201803,3.1415926526072644,0.43021230279826683,-1.9041847308450424,-5.626142443516098,-0.10771452968044426,0.1606175714248621,-0.5614969501721118,0.7484731893942298,-0.14598921556971753,0.32124166704022855,-0.566613489394787,0.7958566245325651,0.12379735841806341,0.17388387180013268
7.426282644,1.3998803397080959,1.237407922744751,0.1624724169633449,0.23277431726455688,-0.5936493395949541,-0.6054332256317139,0.011783886036759728,0.033475782722234726,1.675772181563625,1.6497204303741455,0.026051751189479555,0.07761630415916443,1.0445217204821415,0.9723548889160156,0.07216683156612591,0.16574938595294952,0.6579146382333388,-9.825289470910548e-10,0.6579146392158678,2.1245796233415604e-09,1.0853849463935727,5.318879034372132,1.2385132163852055,2.0067073355054106,5.287400096584348,1.26413018061686,-0.9213223891118378,0.03147893778778332,-0.025616964231654604,-2.483678015356454,0.3202098340059016,-1.7417123138816972,3.1415926526072644,0.43021230279826683,-1.9041847308450424,-5.6252706679637186,-0.11000246879236525,0.16247241696334513,-0.5624413298396124,0.7477860303638231,-0.14675087588543384,0.3208426151679693,-0.566613489394787,0.7958566245325651,0.12379735841806341,0.17388387180013268
7.445812464,1.4035765918612229,1.245057463645935,0.1585191282152878,0.21130229532718658,-0.5931048698788665,-0.6043750643730164,0.011270194494149899,0.026821797713637352,1.6770282711523163,1.6521531343460083,0.02487513680630804,0.06164819747209549,1.0472804625818228,0.9777982234954834,0.06948223908633944,0.1374634951353073,0.6596518730573016,-5.651800694117526e-10,0.6596518736224817,-1.359148882329464e-08,1.0641073707796407,5.313662500339234,1.2372972593668206,1.9602169999099068,5.284815363171835,1.2602349400687025,-0.8961096291302661,0.028847137167399062,-0.022937680701881957,-2.4819407805324913,0.31565053260144144,-1.7380160617285703,3.141592653024613,0.4212781029882388,-1.8965351899438583,-5.623533433557105,-0.10562757038679738,0.15851912821528802,-0.564320387552799,0.7464081412908621,-0.14827032898278156,0.32005202131890526,-0.5702036028637756,0.7944503563395686,0.12191558544029228,0.16986192221876278
7.465632439,1.4072708244059862,1.2527238130569458,0.15454701134904036,0.2083055078983307,-0.5925606976575238,-0.6033248901367188,0.010764192479194912,0.02511250227689743,1.6782836744217489,1.6545658111572266,0.0237178632645223,0.05750195309519768,1.050037697322594,0.9832124710083008,0.06682522631429322,0.13049358129501343,0.6613881586673485,-7.099704157909059e-11,0.6613881587383454,4.190951585769653e-09,1.0428951856751385,5.308376173360049,1.2361167853383275,1.9138372167525914,5.282010702717267,1.2565160602626322,-0.8709420310774529,0.02636547064278183,-0.02039927492430471,-2.480204494922445,0.3110937223698952,-1.7343218291838072,3.141592653518796,0.4124010044279054,-1.8888688405328473,-5.621797148441241,-0.1013072820580102,0.15454701134904014,-0.5661945724057575,0.7450196405613451,-0.14979111693917413,0.31926801067789473,-0.5737830392071803,0.7930028894313701,0.12002022471509827,0.16587521493884178
7.485755682,1.4100235691677998,1.2527238130569458,0.157299756110854,0.2083055078983307,-0.5921323813942123,-0.6033248901367188,0.011192508742506435,0.02511250227689743,1.679201699491298,1.6545658111572266,0.024635888334071376,0.05750195309519768,1.0519939101322475,0.9832124710083008,0.06878143912394674,0.13049358129501343,0.6626325705401116,-7.099704157909059e-11,0.6626325706111087,4.190951585769653e-09,1.027152978550287,5.304568335168371,1.2350673882906003,1.9138372167525914,5.282010702717267,1.2565160602626322,-0.8866842382023044,0.02255763245110387,-0.02144867197203193,-2.478960083049681,0.30779116822738084,-1.7315690844219933,3.141592653518796,0.4124010044279054,-1.8888688405328473,-5.620552736568477,-0.10460983620052455,0.157299756110854,-0.567580712148419,0.7439859019510033,-0.1508774405057256,0.31870536682284906,-0.5737830392071803,0.7930028894313701,0.12002022471509827,0.16587521493884178
7.505840302,1.4118293413261433,1.260305404663086,0.1515239366630574,0.20340381562709808,-0.5918206670657786,-0.6022722125053406,0.010451545439561949,0.02564462646842003,1.6797804351498042,1.6569849252700806,0.022795509879723674,0.058828603476285934,1.053144740482675,0.9886354207992554,0.06450931968341966,0.13237866759300232,0.663382396812749,-2.5085869492791346e-10,0.6633823970636077,-1.4813849702477455e-08,1.0168804293560583,5.30228828850088,1.2341295896547169,1.868058032022407,5.278653380265268,1.2529219638663143,-0.8511776026663487,0.02363490823561154,-0.018792374211597407,-2.4782102567770443,0.3057498878900134,-1.7297633122636498,3.1415926533389347,0.4035062628927187,-1.8812872489267074,-5.619802910115979,-0.09775637500270529,0.15152393666305763,-0.5684782505403748,0.7433157480176154,-0.15152567618644322,0.31836166048663744,-0.5773158825765288,0.7915499590886004,0.11808179845519332,0.16190034856449745
7.526387215,1.4136347278316963,1.260305404663086,0.15332932316861037,0.20340381562709808,-0.5915090193091438,-0.6022722125053406,0.010763193196196785,0.02564462646842003,1.680359047209649,1.6569849252700806,0.02337412193956845,0.058828603476285934,1.0542953250540688,0.9886354207992554,0.06565990425481338,0.13237866759300232,0.6641320629474682,-2.5085869492791346e-10,0.6641320631983268,-1.4813849702477455e-08,1.0066216167132356,5.2999910268586525,1.2331991906492052,1.868058032022407,5.278653380265268,1.2529219638663143,-0.8614364153091714,0.021337646593384108,-0.019722773217109024,-2.4774605906423255,0.30370904350214006,-1.7279579257580973,3.1415926533389347,0.4035062628927187,-1.8812872489267074,-5.61905324398126,-0.09979721939057862,0.15332932316861014,-0.5693746961926516,0.7426433523704793,-0.15217426118743108,0.3180193402098708,-0.5773158825765288,0.7915499590886004,0.11808179845519332,0.16190034856449745
7.545706987,1.4154403429123585,1.260305404663086,0.1551349382492726,0.20340381562709808,-0.5911973320956282,-0.6022722125053406,0.011074880409712384,0.02564462646842003,1.6809377325260038,1.6569849252700806,0.023952807255923192,0.058828603476285934,1.0554460552978673,0.9886354207992554,0.06681063449861191,0.13237866759300232,0.6648818239953916,-2.5085869492791346e-10,0.6648818242462503,-1.4813849702477455e-08,0.9963730777228572,5.297675818518524,1.232275867700381,1.868058032022407,5.278653380265268,1.2529219638663143,-0.8716849542995497,0.019022438253255558,-0.02064609616593338,-2.476710829594402,0.30166794072847125,-1.726152310677435,3.1415926533389347,0.4035062628927187,-1.8812872489267074,-5.618303482933337,-0.10183832216424743,0.15513493824927238,-0.5702703492837494,0.7419684881152979,-0.15282341249892628,0.3176782900417852,-0.5773158825765288,0.7915499590886004,0.11808179845519332,0.16190034856449745
7.565684557,1.4172452754273022,1.260305404663086,0.15693987076421623,0.20340381562709808,-0.5908857627073396,-0.6022722125053406,0.011386449798000964,0.02564462646842003,1.681516199085458,1.6569849252700806,0.02453127381537734,0.058828603476285934,1.0565963505380906,0.9886354207992554,0.06796092973883527,0.13237866759300232,0.6656313016156934,-2.5085869492791346e-10,0.6656313018665521,-1.4813849702477455e-08,0.9861400082441969,5.29534388597024,1.2313600779037126,1.868058032022407,5.278653380265268,1.2529219638663143,-0.88191802377821,0.01669050570497177,-0.021561885962601668,-2.4759613519741,0.299627609540505,-1.724347378162491,3.1415926533389347,0.4035062628927187,-1.8812872489267074,-5.617554005313035,-0.10387865335221369,0.15693987076421645,-0.5711647532736521,0.7412914982641998,-0.153472798760932,0.3173386822616376,-0.5773158825765288,0.7915499590886004,0.11808179845519332,0.16190034856449745
7.575708151,1.4181481248098777,1.2752517461776733,0.1428963786322044,0.20444607734680176,-0.5907299118777286,-0.6002780199050903,0.009548108027361724,0.023861167952418327,1.681805555153743,1.6614593267440796,0.02034622840966338,0.05249724164605141,1.0571717423263245,0.9985517859458923,0.05861995638043216,0.11635059118270874,0.6660061995141694,-6.489990767022391e-10,0.6660062001631685,-8.381903171539307e-09,0.9810256601678528,5.294170837311544,1.2309046817547606,1.7789578778520947,5.273173624774216,1.2462992112652818,-0.7979322176842419,0.02099721253732767,-0.015394529510521116,-2.4755864540756236,0.29860701085437524,-1.7234445287799154,3.141592652940794,0.38712130367183245,-1.8663409074121198,-5.617179107016417,-0.08851429281745721,0.1428963786322044,-0.5716118020071727,0.7409519670266469,-0.1537978088042223,0.31716929922751896,-0.5841727797875662,0.7885061825193667,0.11450647155922167,0.15455882846042807
7.586505890,1.4190511547415123,1.2752517461776733,0.143799408563839,0.20444607734680176,-0.5905740298815453,-0.6002780199050903,0.00970399002354505,0.023861167952418327,1.6820949690865699,1.6614593267440796,0.020635642342490268,0.05249724164605141,1.0577472491796494,0.9985517859458923,0.05919546323375702,0.11635059118270874,0.6663811723835811,-6.489990767022391e-10,0.6663811730325802,-8.381903171539307e-09,0.9759132016262703,5.29299316785323,1.2304509899839136,1.7789578778520947,5.273173624774216,1.2462992112652818,-0.8030446762258244,0.01981954307901379,-0.015848221281368202,-2.475211481206212,0.29758620807204017,-1.7225414988482808,3.141592652940794,0.38712130367183245,-1.8663409074121198,-5.6168041341470065,-0.08953509559979228,0.143799408563839,-0.5720587104446625,0.7406117727344654,-0.15412300268981854,0.3170002112513119,-0.5841727797875662,0.7885061825193667,0.11450647155922167,0.15455882846042807
7.606057405,1.4208568506178785,1.2752517461776733,0.14560510444020514,0.20444607734680176,-0.5902623287209885,-0.6002780199050903,0.010015691184101838,0.023861167952418327,1.682673680297307,1.6614593267440796,0.021214353553227427,0.05249724164605141,1.0588980309150757,0.9985517859458923,0.060346244969183394,0.11635059118270874,0.6671309669809983,-6.489990767022391e-10,0.6671309676299974,-8.381903171539307e-09,0.9656990941588759,5.290625171909901,1.2295491712936903,1.7789578778520947,5.273173624774216,1.2462992112652818,-0.8132587836932188,0.017451547135684642,-0.016750039971591413,-2.474461686608795,0.29554501396531985,-1.7207358029719149,3.141592652940794,0.38712130367183245,-1.8663409074121198,-5.6160543395495885,-0.0915762897065126,0.1456051044402049,-0.5729516557991967,0.7399297370228034,-0.15477361403794515,0.316663090340439,-0.5841727797875662,0.7885061825193667,0.11450647155922167,0.15455882846042807
7.626550913,1.4226787031976313,1.2827532291412354,0.139925474056396,0.20890313386917114,-0.5899478385729492,-0.5992803573608398,0.009332518787890653,0.025356916710734367,1.683257569603371,1.6636443138122559,0.01961325579111506,0.05538877099752426,1.060059109422736,1.0033438205718994,0.056715288850836654,0.12095265835523605,0.6678874704650392,-4.5167511397714577e-10,0.6678874709167143,-2.3923348635435104e-08,0.9554054399003733,5.288218284970737,1.228646550294232,1.7346009388470294,5.270383896116388,1.24306919018118,-0.7791954989466561,0.017834388854349292,-0.014422639886947808,-2.4737051831247543,0.29348555600355636,-1.718913950392162,3.141592653138118,0.3791466194333988,-1.8588394244485575,-5.615297836262872,-0.08566106342984242,0.13992547405639555,-0.5738516525412783,0.7392391892005945,-0.15543052296175644,0.3163242870181273,-0.5875803628232106,0.7869178699691741,0.11274339341657673,0.15099175602872242
7.646172047,1.4244677618392896,1.2827532291412354,0.14171453269805423,0.20890313386917114,-0.5896390093497075,-0.5992803573608398,0.009641348011132367,0.025356916710734367,1.6838309487123033,1.6636443138122559,0.020186634900047462,0.05538877099752426,1.0611992881401902,1.0033438205718994,0.05785546756829074,0.12095265835523605,0.6686303566406876,-4.5167511397714577e-10,0.6686303570923627,-2.3923348635435104e-08,0.9453086811673095,5.285837465392228,1.2277672739069136,1.7346009388470294,5.270383896116388,1.24306919018118,-0.7892922576797199,0.01545356927583974,-0.015301916274266247,-2.4729622969491056,0.29146316895392804,-1.7171248917505035,3.141592653138118,0.3791466194333988,-1.8588394244485575,-5.614554950087223,-0.08768345047947074,0.141714532698054,-0.5747345269388834,0.7385587177780556,-0.15607606916324396,0.3159928869024153,-0.5875803628232106,0.7869178699691741,0.11274339341657673,0.15099175602872242
7.655519724,1.4253706856080774,1.2827532291412354,0.1426174564668421,0.20890313386917114,-0.5894831456794687,-0.5992803573608398,0.009797211681371154,0.025356916710734367,1.6841203286207795,1.6636443138122559,0.02047601480852368,0.05538877099752426,1.0617747273352416,1.0033438205718994,0.05843090676334217,0.12095265835523605,0.6690052854271892,-4.5167511397714577e-10,0.6690052858788643,-2.3923348635435104e-08,0.9402173023606355,5.284629406205829,1.2273261784526561,1.7346009388470294,5.270383896116388,1.24306919018118,-0.7943836364863939,0.01424551008944075,-0.01574301172852377,-2.4725873681626043,0.2904424861801617,-1.716221967981716,3.141592653138118,0.3791466194333988,-1.8588394244485575,-5.614180021300722,-0.08870413325323706,0.14261745646684165,-0.5751797582013659,0.738214404142906,-0.15640204388542436,0.31582612295346074,-0.5875803628232106,0.7869178699691741,0.11274339341657673,0.15099175602872242
7.675735235,1.4271729312821966,1.2900267839431763,0.1371461473390203,0.19551359117031097,-0.5891720400965275,-0.5983263850212097,0.009154344924682256,0.022423820570111275,1.684697934069054,1.6657177209854126,0.018980213083641395,0.048361241817474365,1.0629233102343185,1.0079413652420044,0.054981944992314125,0.10892888158559799,0.6697536473675135,-1.0715867082566888e-09,0.6697536484391002,5.093170329928398e-09,0.9300636484786537,5.282205142349298,1.226451095476923,1.6917992714814318,5.26759833763417,1.2401050237728573,-0.7617356230027781,0.014606804715127986,-0.013653928295934259,-2.4718390062222797,0.28840519224986905,-1.7144197223075968,3.1415926525182067,0.3715216952505067,-1.8515658696466173,-5.613431658740486,-0.08311650300063766,0.13714614733902053,-0.5760677426383389,0.7375253761026991,-0.15705303704290213,0.31549424567136164,-0.5908659445424616,0.7853441503776774,0.11103992869296979,0.14758772063884287
7.685738564,1.4280787409471467,1.2900267839431763,0.13805195700397044,0.19551359117031097,-0.5890156782597952,-0.5983263850212097,0.009310706761414544,0.022423820570111275,1.6849882388843676,1.6657177209854126,0.019270517898954953,0.048361241817474365,1.0635005886297788,1.0079413652420044,0.055559223387774415,0.10892888158559799,0.6701297744894488,-1.0715867082566888e-09,0.6701297755610355,5.093170329928398e-09,0.9249648477684108,5.280980195036806,1.2260139676722648,1.6917992714814318,5.26759833763417,1.2401050237728573,-0.766834423713021,0.013381857402635866,-0.01409105610059247,-2.4714628791003443,0.2873812472023628,-1.7135139126426464,3.1415926525182067,0.3715216952505067,-1.8515658696466173,-5.613055531618551,-0.08414044804814391,0.13805195700397088,-0.5765136896656956,0.7371781779393454,-0.15738039876570517,0.3153279399013359,-0.5908659445424616,0.7853441503776774,0.11103992869296979,0.14758772063884287
7.705682039,1.429883999443417,1.2968169450759888,0.13306705436742816,0.19183573126792908,-0.5887040526002602,-0.5974863171577454,0.008782264557485209,0.0215999074280262,1.6855668099182521,1.6675105094909668,0.018056300427285343,0.04593552276492119,1.0646510916200231,1.0120397806167603,0.052611311003262884,0.10417782515287399,0.6708793874697746,-1.595455545455593e-09,0.6708793890652301,1.0826624929904938e-08,0.9148119098857438,5.2785259415568895,1.2251481435886735,1.6521948789756675,5.265537903341834,1.2376360921790002,-0.7373829690899237,0.01298803821505512,-0.012487948590326647,-2.4707132661200184,0.285340547518699,-1.711708654146376,3.141592651994338,0.3647904235067324,-1.8447757085138043,-5.612305918114356,-0.07944987598803344,0.13306705436742838,-0.5774017419227979,0.7364844404623254,-0.15803316471340725,0.31499748607263395,-0.5939008827227408,0.7838246078790203,0.10954213026159873,0.14457263669934328
7.725833654,1.43169914661166,1.2968169450759888,0.1348822015356712,0.19183573126792908,-0.5883907199475538,-0.5974863171577454,0.009095597210191597,0.0215999074280262,1.6861485501930953,1.6675105094909668,0.01863804070212849,0.04593552276492119,1.0658078967252822,1.0120397806167603,0.053768116108521946,0.10417782515287399,0.6716331066082403,-1.595455545455593e-09,0.6716331082036958,1.0826624929904938e-08,0.9046152745893061,5.276040881856863,1.2242847710503801,1.6521948789756675,5.265537903341834,1.2376360921790002,-0.7475796043863614,0.010502978515028794,-0.01335132112862003,-2.469959546981553,0.28328866948589043,-1.7098935069781334,3.141592651994338,0.3647904235067324,-1.8447757085138043,-5.611552198975891,-0.08150175402084198,0.134882201535671,-0.5782937008769696,0.7357845152130138,-0.1586899615809994,0.3146665517531045,-0.5939008827227408,0.7838246078790203,0.10954213026159873,0.14457263669934328
7.745823383,1.433494784370761,1.3034290075302124,0.13006577684054865,0.18653437495231628,-0.5880807550299965,-0.5966547131538391,0.008573958123842651,0.02101890929043293,1.6867240378570014,1.6692676544189453,0.01745638343805611,0.04432613030076027,1.0669522683571067,1.0160502195358276,0.05090204882127902,0.10083916783332825,0.6723787246872945,-1.4871893716517093e-09,0.6723787261744839,7.334165275096893e-09,0.8945400187251215,5.273565449144538,1.2234377698747998,1.6137106917905346,5.263192489629202,1.2352425058456253,-0.7191706730654132,0.0103729595153359,-0.011804735970825542,-2.4692139289024984,0.28125884527260236,-1.7080978692190323,3.1415926521026036,0.3581912356557803,-1.8381636460595807,-5.610806581005102,-0.07693239038317795,0.13006577684054843,-0.5791751231049915,0.7350897587525164,-0.15934014469901664,0.3143404867986012,-0.5968487529119106,0.7823284494843282,0.10805072560709211,0.14162910707451606
7.755795479,1.4343982516824918,1.3034290075302124,0.1309692441522794,0.18653437495231628,-0.5879247975327915,-0.5966547131538391,0.008729915621047635,0.02101890929043293,1.6870135919666809,1.6692676544189453,0.01774593754773557,0.04432613030076027,1.0675280539556136,1.0160502195358276,0.05147783441978593,0.10083916783332825,0.6727538791737976,-1.4871893716517093e-09,0.672753880660987,7.334165275096893e-09,0.8894751383892935,5.272313535948309,1.2230142701980344,1.6137106917905346,5.263192489629202,1.2352425058456253,-0.7242355534012411,0.009121046319107151,-0.012228235647590902,-2.4688387744159956,0.2802375480672111,-1.7071944019073013,3.1415926521026036,0.3581912356557803,-1.8381636460595807,-5.610431426518599,-0.07795368758856924,0.1309692441522794,-0.5796182480854706,0.7347393101999762,-0.15966744795963875,0.31417692244219514,-0.5968487529119106,0.7823284494843282,0.10805072560709211,0.14162910707451606
7.775859594,1.4362035534202615,1.3034290075302124,0.1327745458900491,0.18653437495231628,-0.5876131644088622,-0.5966547131538391,0.009041548744976868,0.02101890929043293,1.6875921768591233,1.6692676544189453,0.018324522440178015,0.04432613030076027,1.0686785845039473,1.0160502195358276,0.05262836496811962,0.10083916783332825,0.6735035101096625,-1.4871893716517093e-09,0.6735035115968518,7.334165275096893e-09,0.879363453626894,5.269799147766827,1.2221733770773395,1.6137106917905346,5.263192489629202,1.2352425058456253,-0.7343472381636406,0.0066066581376249545,-0.01306912876828581,-2.468089143480131,0.27819679950250575,-1.705389100169532,3.1415926521026036,0.3581912356557803,-1.8381636460595807,-5.609681795582734,-0.07999443615327456,0.13277454589004867,-0.5805029746485157,0.7340372730634352,-0.16032179448119854,0.3138510799601442,-0.5968487529119106,0.7823284494843282,0.10805072560709211,0.14162910707451606
7.796422243,1.438008482685322,1.3098225593566895,0.12818592332863266,0.18067805469036102,-0.587301595581572,-0.5958597660064697,0.008558170424897704,0.019915489479899406,1.6881706423770158,1.6709372997283936,0.017233342648622196,0.04177457094192505,1.069828877672999,1.0198858976364136,0.04994298003658537,0.09589357674121857,0.6742529863804873,-1.0453932164367075e-09,0.6742529874258805,1.4493707567453384e-08,0.8692657657999343,5.267268229449318,1.2213397688639072,1.5766433416618677,5.260853245712757,1.2330310671913614,-0.7073775758619334,0.00641498373656102,-0.011691298327454192,-2.467339667209306,0.2761564719882713,-1.7035841709044712,3.1415926525444,0.3518909650983767,-1.8317700942331037,-5.6089323197537055,-0.07573449311010538,0.12818592332863243,-0.5813865518362568,0.7333330190723533,-0.16097644478760426,0.3135266251942865,-0.5996854522316738,0.7808576511538323,0.10661437088777252,0.13882385579005277
7.805989981,1.4389115802325796,1.3098225593566895,0.12908902087589014,0.18067805469036102,-0.5871457019135072,-0.5958597660064697,0.008714064092962492,0.019915489479899406,1.6884600779801135,1.6709372997283936,0.017522778251719995,0.04177457094192505,1.0704044276182,1.0198858976364136,0.05051852998178652,0.09589357674121857,0.6746279873265143,-1.0453932164367075e-09,0.6746279883719075,1.4493707567453384e-08,0.8642178595152112,5.265995499121221,1.2209253394378168,1.5766433416618677,5.260853245712757,1.2330310671913614,-0.7124254821466565,0.005142253408464192,-0.01210572775354457,-2.466964666263279,0.27513559277190763,-1.7026810733572137,3.1415926525444,0.3518909650983767,-1.8317700942331037,-5.608557318807679,-0.07675537232646906,0.12908902087588991,-0.5818282858708614,0.7329797592814656,-0.1613041630533691,0.31336477981086525,-0.5996854522316738,0.7808576511538323,0.10661437088777252,0.13882385579005277
7.815779924,1.4398144729469293,1.3162739276885986,0.12354054525833069,0.18063662946224213,-0.5869898436039189,-0.5950276255607605,0.008037781956841572,0.02065427228808403,1.6887494479358887,1.6726701259613037,0.016079321974584948,0.042766157537698746,1.0709798470220557,1.0238046646118164,0.047175182410239325,0.0965954065322876,0.6750029032180148,-1.0453932164367075e-09,0.675002904263408,1.0186340659856796e-09,0.8591740885628195,5.264718809129393,1.2205127811573808,1.5392696465985998,5.2579864286545295,1.2307204850578666,-0.6800955580357803,0.006732380474863575,-0.010207703900485754,-2.4665897503717784,0.2741149451026886,-1.701778180642864,3.1415926525444,0.3454072314443545,-1.8253187259011947,-5.608182402916178,-0.0712922863416659,0.12354054525833069,-0.5822696759404644,0.7326259892624932,-0.16163191543563377,0.31320330178647193,-0.6025450425736737,0.7793640335542732,0.1051088023291084,0.13595335429787658
7.825588703,1.4407167822169942,1.3162739276885986,0.12444285452839554,0.18063662946224213,-0.5868340860091094,-0.5950276255607605,0.008193539551651141,0.02065427228808403,1.6890386309023966,1.6726701259613037,0.016368504941092876,0.042766157537698746,1.071554894593071,1.0238046646118164,0.047750229981254666,0.0965954065322876,0.6753775768409372,-1.0453932164367075e-09,0.6753775778863305,1.0186340659856796e-09,0.8541365673072914,5.263438706383396,1.2201022638888412,1.5392696465985998,5.2579864286545295,1.2307204850578666,-0.6851330792913084,0.005452277728866584,-0.010618221169025333,-2.4662150767488558,0.2730949569703557,-1.700875871372799,3.1415926525444,0.3454072314443545,-1.8253187259011947,-5.607807729293256,-0.0723122744739988,0.12444285452839576,-0.582710536665294,0.7322718583497553,-0.16195956390386823,0.3130422584704977,-0.6025450425736737,0.7793640335542732,0.1051088023291084,0.13595335429787658
7.845862389,1.4425234807725604,1.3162739276885986,0.1262495530839618,0.18063662946224213,-0.5865222117649926,-0.5950276255607605,0.008505413795767858,0.02065427228808403,1.689617663463867,1.6726701259613037,0.016947537502563392,0.042766157537698746,1.0727063153424785,1.0238046646118164,0.048901650730662105,0.0965954065322876,0.6761277877894449,-1.0453932164367075e-09,0.6761277888348382,1.0186340659856796e-09,0.8440589109284536,5.26086284044752,1.2192856115496153,1.5392696465985998,5.2579864286545295,1.2307204850578666,-0.6952107356701461,0.0028764117929904742,-0.011434873508251231,-2.465464865800348,0.27105262941536123,-1.699069172817233,3.1415926525444,0.3454072314443545,-1.8253187259011947,-5.607057518344748,-0.07435460202899324,0.1262495530839618,-0.5835925384156309,0.7315610097196424,-0.1626159384804261,0.31272079354546933,-0.6025450425736737,0.7793640335542732,0.1051088023291084,0.13595335429787658
7.865920544,1.4443284462377075,1.322434663772583,0.1218937824651245,0.17627526819705963,-0.5862106366888047,-0.594240665435791,0.008030028746986329,0.02008887566626072,1.6901961405836003,1.6742907762527466,0.015905364330853766,0.041270941495895386,1.073856631582081,1.0274932384490967,0.04636339313298432,0.09336484968662262,0.6768772790919424,-1.0829371843712465e-09,0.6768772801748796,-5.73345459997654e-09,0.8340029288110176,5.258272557256171,1.2184768343966803,1.5037278371918616,5.255227702885106,1.2285971183882285,-0.6697249083808441,0.003044854371064609,-0.010120283991548185,-2.464715374497851,0.2690122609798374,-1.6972642073520856,3.1415926525068563,0.3393110471906619,-1.81915798981721,-5.606308027004707,-0.07029878621082453,0.1218937824651245,-0.5844727097641526,0.7308484863008721,-0.1632721097449701,0.31240095997307554,-0.6052617537393925,0.7779140754472024,0.10368268029987765,0.13325840494045
7.885898352,1.4461331436777762,1.322434663772583,0.12369847990519323,0.17627526819705963,-0.5858991078793934,-0.594240665435791,0.00834155755639765,0.02008887566626072,1.6907745318034209,1.6742907762527466,0.016483755550674273,0.041270941495895386,1.0750067770075562,1.0274932384490967,0.04751353855845952,0.09336484968662262,0.677626659100086,-1.0829371843712465e-09,0.6776266601830232,-5.73345459997654e-09,0.8239604644158521,5.255665830361922,1.217675257667509,1.5037278371918616,5.255227702885106,1.2285971183882285,-0.6797673727760095,0.0004381274768157084,-0.010921860720719545,-2.4639659944897074,0.26697219552513024,-1.6954595099120173,3.1415926525068563,0.3393110471906619,-1.81915798981721,-5.605558646996563,-0.07233885166553167,0.12369847990519278,-0.5853517618969288,0.7301337154062776,-0.1639286059804989,0.31208249648526637,-0.6052617537393925,0.7779140754472024,0.10368268029987765,0.13325840494045
7.896038294,1.4470364734111236,1.322434663772583,0.12460180963854062,0.17627526819705963,-0.5857431741311164,-0.594240665435791,0.008497491304674587,0.02008887566626072,1.6910640418203196,1.6742907762527466,0.01677326556757297,0.041270941495895386,1.075582474926464,1.0274932384490967,0.04808923647736729,0.09336484968662262,0.6780017564587361,-1.0829371843712465e-09,0.6780017575416732,-5.73345459997654e-09,0.8189382966282626,5.254354745633089,1.217276690309703,1.5037278371918616,5.255227702885106,1.2285971183882285,-0.6847895405635991,-0.0008729572520174145,-0.011320428078525513,-2.463590897131057,0.26595105384104684,-1.6945561801786695,3.1415926525068563,0.3393110471906619,-1.81915798981721,-5.605183549637913,-0.07335999334961507,0.12460180963854062,-0.5857913930787185,0.7297750582706475,-0.16425736845251077,0.311923588447593,-0.6052617537393925,0.7779140754472024,0.10368268029987765,0.13325840494045
7.921192884,1.4488798927565483,1.3284823894500732,0.12039750330647503,0.17412902414798737,-0.5854249611048354,-0.5934721827507019,0.008047221645866465,0.01981431432068348,1.691654843103775,1.6758602857589722,0.01579455734480284,0.04035639762878418,1.0767572980742666,1.0310698747634888,0.0456874233107778,0.09114059060811996,0.6787672152959989,-1.4289817107382419e-09,0.6787672167249806,4.089088179171085e-09,0.8086989696089792,5.251666205479855,1.2164688312253695,1.468963307098969,5.2524484661423045,1.22657087086554,-0.6602643374899897,-0.0007822606624499073,-0.010102039640170535,-2.462825438293794,0.26386721638350785,-1.6927127608332448,3.1415926521608113,0.33339641868495506,-1.81311026413972,-5.6044180904546055,-0.06952920230144721,0.12039750330647525,-0.5866877710076204,0.7290413220402621,-0.16492859560046472,0.31160033450103225,-0.6079164435487597,0.7764700569139671,0.10228781088233249,0.13064858255621611
7.936065912,1.450647509482209,1.3284823894500732,0.12216512003213587,0.17412902414798737,-0.5851198332081506,-0.5934721827507019,0.008352349542551263,0.01981431432068348,1.6922213502486467,1.6758602857589722,0.01636106448967456,0.04035639762878418,1.0778838117190885,1.0310698747634888,0.046813936955599766,0.09114059060811996,0.6795011979608274,-1.4289817107382419e-09,0.6795011993898091,4.089088179171085e-09,0.7988925347745959,5.249071848954441,1.215701113261037,1.468963307098969,5.2524484661423045,1.22657087086554,-0.6700707723243731,-0.0033766171878637508,-0.01086975760450315,-2.4620914556289657,0.2618690676971293,-1.6909451441075842,3.1415926521608113,0.33339641868495506,-1.81311026413972,-5.6036841077897765,-0.07152735098782576,0.12216512003213587,-0.5875463087533155,0.7283354560428856,-0.16557262645426835,0.3112916701586965,-0.6079164435487597,0.7764700569139671,0.10228781088233249,0.13064858255621611
7.955810070,1.452452776103187,1.3284823894500732,0.12397038665311366,0.17412902414798737,-0.5848082061461198,-0.5934721827507019,0.008663976604582069,0.01981431432068348,1.6927999238864355,1.6758602857589722,0.016939638127463352,0.04035639762878418,1.079034319887262,1.0310698747634888,0.04796444512377329,0.09114059060811996,0.6802508143148454,-1.4289817107382419e-09,0.6802508157438271,4.089088179171085e-09,0.7888892183851726,5.246405737741945,1.2149240306955544,1.468963307098969,5.2524484661423045,1.22657087086554,-0.6800740887137964,-0.006042728400359465,-0.011646840169985628,-2.461341839274948,0.2598283588291364,-1.6891398774866064,3.1415926521608113,0.33339641868495506,-1.81311026413972,-5.602934491435759,-0.07356805985581866,0.12397038665311366,-0.5884221375372367,0.7276122313244275,-0.16623078072771558,0.310977742647044,-0.6079164435487597,0.7764700569139671,0.10228781088233249,0.13064858255621611
7.965719461,1.4533558119026662,1.3284823894500732,0.12487342245259292,0.17412902414798737,-0.5846523231370228,-0.5934721827507019,0.008819859613679149,0.01981431432068348,1.69308933969986,1.6758602857589722,0.017229053940887917,0.04035639762878418,1.0796098304802022,1.0310698747634888,0.048539955716713434,0.09114059060811996,0.6806257896208123,-1.4289817107382419e-09,0.680625791049794,4.089088179171085e-09,0.7838898853611018,5.245065847956597,1.214537963665224,1.468963307098969,5.2524484661423045,1.22657087086554,-0.6850734217378671,-0.007382618185707734,-0.012032907200316023,-2.460966863968981,0.25880754941367456,-1.688236841687127,3.1415926521608113,0.33339641868495506,-1.81311026413972,-5.6025595161297925,-0.0745888692712805,0.12487342245259314,-0.5888598681623102,0.7272495771010926,-0.16656015730728968,0.31082120627769183,-0.6079164435487597,0.7764700569139671,0.10228781088233249,0.13064858255621611
7.985521555,1.4547365691249337,1.3403836488723755,0.11435292025255817,0.17161968350410461,-0.5842380261473745,-0.5919426679611206,0.007704641813746083,0.01953517086803913,1.6933974851972382,1.678959608078003,0.014437877119235276,0.03949521481990814,1.0797319040971702,1.038098931312561,0.0416329727846092,0.0890120267868042,0.6808185702844275,-1.1408538558299597e-09,0.6808185714252813,6.2427716329693794e-09,0.7764082987299012,5.244352318344056,1.2124199779833227,1.4008020194935173,5.246329217732965,1.2226522232672428,-0.6243937207636161,-0.0019768993889091035,-0.010232245283920083,-2.460774083305366,0.2579630333096802,-1.6868560844648597,3.1415926524489395,0.3217385250272708,-1.8012090047174178,-5.602366735754305,-0.06377549171759062,0.11435292025255817,-0.5894703519202988,0.7267721743911266,-0.16669160542980607,0.3107101855700692,-0.6131164810545732,0.7735836940244383,0.09949132357514852,0.1255305760841826
7.995742798,1.4552148802984262,1.3403836488723755,0.11483123142605067,0.17161968350410461,-0.5839791736939727,-0.5919426679611206,0.00796349426714793,0.01953517086803913,1.6934161467698026,1.678959608078003,0.014456538691799636,0.03949521481990814,1.0792773927871278,1.038098931312561,0.04117846147456672,0.0890120267868042,0.6806358923421953,-1.1408538558299597e-09,0.6806358934830492,6.2427716329693794e-09,0.7739195462556259,5.244982966272115,1.210683145668765,1.4008020194935173,5.246329217732965,1.2226522232672428,-0.6268824732378915,-0.0013462514608502119,-0.011969077598477762,-2.4609567612475978,0.2581400305937565,-1.6863777732913672,3.1415926524489395,0.3217385250272708,-1.8012090047174178,-5.602549413696537,-0.06359849443351429,0.11483123142605067,-0.5896435129486925,0.7266578614645652,-0.16649306156315147,0.31075543512640025,-0.6131164810545732,0.7735836940244383,0.09949132357514852,0.1255305760841826
8.015579462,1.4561708724828433,1.3463295698165894,0.10984130266625391,0.17212767899036407,-0.5834618098185639,-0.5911521911621094,0.007690381343545494,0.020363904535770416,1.6934534453287935,1.6805477142333984,0.012905731095395057,0.040816616266965866,1.0783689689739078,1.0416442155838013,0.0367247533901065,0.09035828709602356,0.6802707771311829,-5.087187338048693e-10,0.6802707776399016,-3.14321368932724e-09,0.7689438387077815,5.246238764797067,1.2072118607858187,1.3668321793047258,5.242759236347846,1.2206507737332677,-0.5978883405969443,0.003479528449221725,-0.013438912947449033,-2.4613218764586104,0.25849379197257655,-1.6854217811069498,3.1415926530810743,0.3158146578016238,-1.795263083773204,-5.602914529539685,-0.057320865829047274,0.10984130266625414,-0.5899895478663023,0.726429195680243,-0.16609618482223218,0.3108456441055116,-0.6157066926780064,0.772125056649959,0.09804083092212271,0.12294779769035541
8.025833130,1.4566490980792934,1.3463295698165894,0.11031952826270408,0.17212767899036407,-0.5832030036777481,-0.5911521911621094,0.007949187484361242,0.020363904535770416,1.6934721035625226,1.6805477142333984,0.012924389329124208,0.040816616266965866,1.0779145389827554,1.0416442155838013,0.036270323398954085,0.09035828709602356,0.6800881318727743,-5.087187338048693e-10,0.680088132381493,-3.14321368932724e-09,0.7664540515796557,5.246864630612553,1.2054754310006728,1.3668321793047258,5.242759236347846,1.2206507737332677,-0.60037812772507,0.0041053942647071295,-0.01517534273259491,-2.461504521717019,0.2586707575891842,-1.6849435555105,3.1415926530810743,0.3158146578016238,-1.795263083773204,-5.603097174798093,-0.05714390021243965,0.11031952826270408,-0.590162618831466,0.726314712588094,-0.16589762592998353,0.31089065493008217,-0.6157066926780064,0.772125056649959,0.09804083092212271,0.12294779769035541
8.045940876,1.4576026862659452,1.3463295698165894,0.11127311644935589,0.17212767899036407,-0.582686940797913,-0.5911521911621094,0.00846525036419643,0.020363904535770416,1.6935093083282233,1.6805477142333984,0.012961594094824891,0.040816616266965866,1.077008399548898,1.0416442155838013,0.03536418396509666,0.09035828709602356,0.6797239348033175,-5.087187338048693e-10,0.6797239353120362,-3.14321368932724e-09,0.7614879176923605,5.24810796552846,1.202013059109596,1.3668321793047258,5.242759236347846,1.2206507737332677,-0.6053442616123653,0.005348729180614242,-0.018637714623671586,-2.461868718786476,0.25902362937750567,-1.6839899673238483,3.1415926530810743,0.3158146578016238,-1.795263083773204,-5.60346137186755,-0.05679102842411815,0.11127311644935567,-0.5905076656489231,0.7260862420717802,-0.16550164675703682,0.3109801775108006,-0.6157066926780064,0.772125056649959,0.09804083092212271,0.12294779769035541
8.055803776,1.4580815802716856,1.351860523223877,0.1062210570478086,0.1607968509197235,-0.5824277729273398,-0.5903369784355164,0.007909205508176531,0.021043311804533005,1.6935279926403073,1.681692361831665,0.01183563080864225,0.02868974581360817,1.0765533344072429,1.04386305809021,0.03269027631703292,0.05456022545695305,0.6795410342641618,-5.573221328880607e-10,0.6795410348214839,1.0419171303510666e-08,0.7589931807225028,5.2487300340071625,1.2002742951436376,1.3358927950445372,5.241852602506536,1.217689852859467,-0.5768996143220344,0.006877431500626585,-0.017415557715829477,-2.4620516193256314,0.2592008423365037,-1.6835110733181078,3.141592653032471,0.31163595497035546,-1.7897321303659166,-5.603644272358102,-0.052435112633851755,0.10622105704780882,-0.590680919203667,0.7259714083806081,-0.165302760061638,0.31102502056682163,-0.6180438320558287,0.7706740156652562,0.09708936697721746,0.1210662548198233
8.066225767,1.4585598487522735,1.351860523223877,0.10669932552839656,0.1607968509197235,-0.5821689435784851,-0.5903369784355164,0.008168034857031214,0.021043311804533005,1.6935466525471845,1.681692361831665,0.011854290715519467,0.02868974581360817,1.0760988636657864,1.04386305809021,0.03223580557557648,0.05456022545695305,0.6793583726273232,-5.573221328880607e-10,0.6793583731846453,1.0419171303510666e-08,0.7565012139967033,5.2493497300064105,1.1985378335284056,1.3358927950445372,5.241852602506536,1.217689852859467,-0.5793915810478338,0.007497127499874523,-0.019152019331061476,-2.46223428096247,0.25937782382222824,-1.6830328048375196,3.141592653032471,0.31163595497035546,-1.7897321303659166,-5.603826933994942,-0.05225813114812722,0.106699325528397,-0.5908539266117854,0.7258566610817149,-0.16510411642803152,0.31106972805025335,-0.6180438320558287,0.7706740156652562,0.09708936697721746,0.1210662548198233
8.086021185,1.4595176772574723,1.351860523223877,0.10765715403359533,0.1607968509197235,-0.5816505859229477,-0.5903369784355164,0.008686392512568641,0.021043311804533005,1.693584022751237,1.681692361831665,0.011891660919572056,0.02868974581360817,1.0751886949036498,1.04386305809021,0.031325636813439806,0.05456022545695305,0.6789925560835378,-5.573221328880607e-10,0.6789925566408599,1.0419171303510666e-08,0.7515090881387939,5.250586106764116,1.1950603152628787,1.3358927950445372,5.241852602506536,1.217689852859467,-0.5843837069057433,0.008733504257580016,-0.022629537596588367,-2.4626000975062556,0.2597322647247749,-1.6820749763323208,3.141592653032471,0.31163595497035546,-1.7897321303659166,-5.604192750538727,-0.05190369024558056,0.10765715403359577,-0.5912003488934899,0.7256266655101287,-0.1647062426055674,0.3111590323542348,-0.6180438320558287,0.7706740156652562,0.09708936697721746,0.1210662548198233
8.106621265,1.4604736445337112,1.3572089672088623,0.1032646773248489,0.15615898370742798,-0.5811332355273474,-0.5894925594329834,0.008359323905635985,0.021461065858602524,1.6936213203384216,1.682676076889038,0.010945243449383524,0.024640779942274094,1.0742802947592238,1.045624017715454,0.028656277043769718,0.04357079416513443,0.6786274503855265,-5.849707940264182e-10,0.6786274509704973,-9.255018085241318e-09,0.7465247244249495,5.251813842497069,1.1915896804868025,1.3062217082920466,5.241731592477686,1.2143018686732225,-0.5596969838670971,0.010082250019382677,-0.022712188186420068,-2.462965203204267,0.2600860168864159,-1.6811190090560821,3.1415926530048224,0.30804686128520525,-1.784383686380931,-5.604557856209089,-0.04796084439878934,0.1032646773248489,-0.5915460183950996,0.7253968626955491,-0.16430907544729645,0.3112478553147216,-0.6202763862544236,0.7692340294712839,0.09629981810677342,0.11942595024167638
8.125310659,1.4614298611307748,1.3572089672088623,0.10422089392191247,0.15615898370742798,-0.5806157502042968,-0.5894925594329834,0.00887680922868661,0.021461065858602524,1.693658627652995,1.682676076889038,0.010982550763956933,0.024640779942274094,1.073371657699708,1.045624017715454,0.027747639984254002,0.04357079416513443,0.678262249466208,-5.849707940264182e-10,0.6782622500511788,-9.255018085241318e-09,0.7415371322953597,5.253035660748487,1.1881182674529867,1.3062217082920466,5.241731592477686,1.2143018686732225,-0.564684575996687,0.011304068270800549,-0.026183601220235886,-2.4633304041235853,0.2604398613083076,-1.6801627924590181,3.1415926530048224,0.30804686128520525,-1.784383686380931,-5.604923057128408,-0.04760699997689766,0.10422089392191292,-0.5918916982682452,0.7251667459448503,-0.16391173850519047,0.3113363937561678,-0.6202763862544236,0.7692340294712839,0.09629981810677342,0.11942595024167638
8.145740986,1.4623858140644928,1.3623709678649902,0.10001484619950252,0.15188461542129517,-0.5800984075705824,-0.5886448621749878,0.008546454604405396,0.021855900064110756,1.6936959246805983,1.6836488246917725,0.010047099988825803,0.024390580132603645,1.0724632711841466,1.0473664999008179,0.025096771283328767,0.04265332221984863,0.6778971492459324,-6.872707403182687e-10,0.6778971499332032,-6.577465683221817e-09,0.7365489963318848,5.254250903420083,1.1846479393890605,1.2775846482584297,5.241292306641773,1.2109098498861022,-0.5410356519265449,0.012958596778309683,-0.02626191049704163,-2.463695504343861,0.26079360816255154,-1.6792068395253004,3.1415926529025224,0.3044839340391116,-1.7792216857248033,-5.605288157246383,-0.04369032587656008,0.10001484619950296,-0.5922372028608072,0.7249364387297568,-0.16351444517610447,0.31142460013328327,-0.6224308270038564,0.7678416268415156,0.0954990497160393,0.11780930857960104
8.156932116,1.462866450399693,1.3623709678649902,0.10049548253470286,0.15188461542129517,-0.5798382967861065,-0.5886448621749878,0.008806565388881249,0.021855900064110756,1.693714676970621,1.6836488246917725,0.010065852278848597,0.024390580132603645,1.0720065504080651,1.0473664999008179,0.02464005050724727,0.04265332221984863,0.6777135832714324,-6.872707403182687e-10,0.6777135839587032,-6.577465683221817e-09,0.7340403271078163,5.254859548647524,1.1829031679787554,1.2775846482584297,5.241292306641773,1.2109098498861022,-0.5435443211506134,0.013567242005750657,-0.028006681907346787,-2.463879070318361,0.26097146586413433,-1.6787262031901,3.1415926529025224,0.3044839340391116,-1.7792216857248033,-5.605471723220884,-0.04351246817497728,0.1004954825347033,-0.5924108862279095,0.7248205484013674,-0.16331466823582785,0.31146883252233337,-0.6224308270038564,0.7678416268415156,0.0954990497160393,0.11780930857960104
8.176244497,1.4638207498319649,1.3623709678649902,0.10144978196697463,0.15188461542129517,-0.5793218489943481,-0.5886448621749878,0.009323013180639661,0.021855900064110756,1.6937519094859592,1.6836488246917725,0.010103084794186756,0.024390580132603645,1.0710997351188307,1.0473664999008179,0.02373323521801285,0.04265332221984863,0.6773491145610575,-6.872707403182687e-10,0.6773491152483282,-6.577465683221817e-09,0.7290579587003294,5.256063331681104,1.1794390357647455,1.2775846482584297,5.241292306641773,1.2109098498861022,-0.5485266895581002,0.014771025039331143,-0.03147081412135666,-2.464243539028736,0.2613246008462724,-1.6777719037578287,3.1415926529025224,0.3044839340391116,-1.7792216857248033,-5.6058361919312585,-0.04315933319283921,0.10144978196697463,-0.5927556729431058,0.7245902589254162,-0.16291796367918246,0.31155642502569686,-0.6224308270038564,0.7678416268415156,0.0954990497160393,0.11780930857960104
8.196007252,1.4647764769665927,1.367472529411316,0.09730394755527683,0.14733271300792694,-0.5788046285585913,-0.5877648591995239,0.008960230640932654,0.02160598710179329,1.6937891977038873,1.6845941543579102,0.009195043345977094,0.022880123928189278,1.0701915631670216,1.048973560333252,0.021218002833769622,0.03860745579004288,0.6769841005786025,-2.8942137575427296e-10,0.6769841008680239,-8.585629984736443e-10,0.72406624188974,5.257262678592507,1.1759698508341114,1.2493559478705403,5.240886425365511,1.207271583732415,-0.5252897059808003,0.016376253226995985,-0.031301732898303625,-2.4646085530111908,0.26167826414439654,-1.6768161766232004,3.1415926533003717,0.30105154096507586,-1.774120124178477,-5.606201206311562,-0.039373276820679315,0.0973039475552766,-0.5931008951141241,0.7243593713853341,-0.16252060035264945,0.31164384120672584,-0.6245508863353396,0.7664520827028174,0.09472753223549356,0.1162501179992029
8.205710173,1.465254743343611,1.367472529411316,0.09778221393229503,0.14733271300792694,-0.5785458003481465,-0.5877648591995239,0.009219058851377415,0.02160598710179329,1.6938078575286926,1.6845941543579102,0.009213703170782406,0.022880123928189278,1.0697370944244653,1.048973560333252,0.020763534091213343,0.03860745579004288,0.6768014397451652,-2.8942137575427296e-10,0.6768014400345865,-8.585629984736443e-10,0.721567570656918,5.2578605134047125,1.1742338452949714,1.2493559478705403,5.240886425365511,1.207271583732415,-0.5277883772136223,0.016974088039201085,-0.03303773843744362,-2.4647912138446277,0.2618552448517025,-1.6763379102461822,3.1415926533003717,0.30105154096507586,-1.774120124178477,-5.6063838671449995,-0.039196296113373386,0.0977822139322948,-0.593273621440418,0.724243735054715,-0.16232172676404755,0.31168747064536506,-0.6245508863353396,0.7664520827028174,0.09472753223549356,0.1162501179992029
8.225691795,1.4662106419669825,1.3722988367080688,0.09391180525891363,0.14348304271697998,-0.5780284871061069,-0.5868997573852539,0.008871270279147025,0.02198183350265026,1.6938451524373481,1.6854195594787598,0.008425592958588357,0.020684625953435898,1.0688287595168695,1.0502583980560303,0.018570361460839235,0.031663522124290466,0.6764363602672492,-2.547878297232131e-10,0.676436360522037,-1.4071702025830746e-08,0.7165721295209038,5.259050702954031,1.17076423465562,1.22279120103316,5.240905860562024,1.203511994223565,-0.5062190715122563,0.0181448423920072,-0.03274775956794507,-2.465156293322544,0.26220897160860335,-1.6753820116228106,3.1415926533350054,0.2980761963071779,-1.7692938168817245,-5.606748946657549,-0.03586722469857456,0.09391180525891385,-0.5936187844606645,0.7240124253310446,-0.1619241945479591,0.311774440776816,-0.6265392799401863,0.7651144702475484,0.0940758048294623,0.11488307558354703
8.246081114,1.4671652036761562,1.3722988367080688,0.09486636696808737,0.14348304271697998,-0.5775118973753277,-0.5868997573852539,0.009387860009926197,0.02198183350265026,1.6938823951855633,1.6854195594787598,0.008462835706803506,0.020684625953435898,1.0679216950011379,1.0502583980560303,0.0176632969451076,0.031663522124290466,0.6760717913873457,-2.547878297232131e-10,0.6760717916421336,-1.4071702025830746e-08,0.7115818045028613,5.260232990273356,1.167299608618011,1.22279120103316,5.240905860562024,1.203511994223565,-0.5112093965302987,0.019327129711331992,-0.036212385605554065,-2.465520862202448,0.26256220364534055,-1.674427449913637,3.1415926533350054,0.2980761963071779,-1.7692938168817245,-5.607113515537453,-0.03551399266183736,0.09486636696808759,-0.5939633839333137,0.7237811858716658,-0.161527153698373,0.31186098207822416,-0.6265392799401863,0.7651144702475484,0.0940758048294623,0.11488307558354703
8.256297112,1.4676508060136615,1.3722988367080688,0.09535196930559264,0.14348304271697998,-0.5772490990895945,-0.5868997573852539,0.009650658295659365,0.02198183350265026,1.6939013412268875,1.6854195594787598,0.008481781748127748,0.020684625953435898,1.0674602553216768,1.0502583980560303,0.017201857265646492,0.031663522124290466,0.675886328783345,-2.547878297232131e-10,0.6758863290381328,-1.4071702025830746e-08,0.7090424238846689,5.260832047722676,1.1655371433117776,1.22279120103316,5.240905860562024,1.203511994223565,-0.5137487771484912,0.019926187160652198,-0.03797485091178743,-2.4657063248064484,0.2627418989977443,-1.6739418475761318,3.1415926533350054,0.2980761963071779,-1.7692938168817245,-5.607298978141454,-0.035334297309433604,0.09535196930559264,-0.5941386566950566,0.7236634531790481,-0.1613251473263724,0.31190488933919197,-0.6265392799401863,0.7651144702475484,0.0940758048294623,0.11488307558354703
8.275657415,1.468601140981875,1.3722988367080688,0.09630230427380626,0.14348304271697998,-0.576734796786599,-0.5868997573852539,0.010164960598654904,0.02198183350265026,1.693938419066488,1.6854195594787598,0.008518859587728134,0.020684625953435898,1.0665572072322331,1.0502583980560303,0.016298809176202855,0.031663522124290466,0.6755233741921802,-2.547878297232131e-10,0.6755233744469681,-1.4071702025830746e-08,0.7040714088513866,5.261999746051642,1.162088058009114,1.22279120103316,5.240905860562024,1.203511994223565,-0.5187197921817734,0.021093885489618103,-0.04142393621445106,-2.466069279397613,0.263093566944592,-1.6729915126079182,3.1415926533350054,0.2980761963071779,-1.7692938168817245,-5.6076619327326185,-0.03498262936258589,0.09630230427380626,-0.5944816088078754,0.7234328581051532,-0.16092976813858595,0.31199058692510306,-0.6265392799401863,0.7651144702475484,0.0940758048294623,0.11488307558354703
8.285781860,1.4690793271842004,1.3722988367080688,0.09678049047613158,0.14348304271697998,-0.5764760119650966,-0.5868997573852539,0.010423745420157338,0.02198183350265026,1.6939570757632336,1.6854195594787598,0.008537516284473856,0.020684625953435898,1.0661028146750278,1.0502583980560303,0.015844416618997492,0.031663522124290466,0.675340743979286,-2.547878297232131e-10,0.6753407442340739,-1.4071702025830746e-08,0.7015694181076647,5.262584965566021,1.160352609663202,1.22279120103316,5.240905860562024,1.203511994223565,-0.5212217829254954,0.02167910500399728,-0.04315938456036306,-2.466251909610507,0.2632705179835492,-1.6725133264055927,3.1415926533350054,0.2980761963071779,-1.7692938168817245,-5.6078445629455125,-0.034805678323628686,0.0967804904761318,-0.5946541437965841,0.723316733242221,-0.16073079863161607,0.31203359282070253,-0.6265392799401863,0.7651144702475484,0.0940758048294623,0.11488307558354703
8.305958509,1.470036005753868,1.3814088106155396,0.0886271951383284,0.11385658383369446,-0.5759582766317001,-0.5851408839225769,0.009182607290876832,0.023309100419282913,1.6939944011019212,1.6868324279785156,0.007161973123405607,0.017393171787261963,1.0651937386297954,1.0520925521850586,0.01310118644473679,0.019907979294657707,0.6749753666220976,-9.623746244358244e-10,0.6749753675844722,-3.103195922449231e-09,0.6965624478091378,5.263751077716332,1.1568807033743032,1.1729542600631717,5.241795826062824,1.1953678666354728,-0.47639181225403393,0.02195525165350798,-0.03848716326116963,-2.4666172869676957,0.26362453335669755,-1.6715566478359258,3.1415926526274185,0.29307030021571673,-1.7601838429742531,-5.608209939595114,-0.029445766859019173,0.08862719513832729,-0.5949992629278922,0.7230842185809861,-0.1603326841436899,0.31211940079025763,-0.6302526551569312,0.7625367474728376,0.09302092163583522,0.11254513565323028
8.325791597,1.4709919733647656,1.3814088106155396,0.08958316274922606,0.11385658383369446,-0.5754409260549891,-0.5851408839225769,0.009699957867587816,0.023309100419282913,1.6940316987021626,1.6868324279785156,0.007199270723647011,0.017393171787261963,1.0642853381673625,1.0520925521850586,0.012192785982303889,0.019907979294657707,0.6746102607962724,-9.623746244358244e-10,0.674610261758647,-3.103195922449231e-09,0.6915573585409042,5.2649100586135145,1.1534115132627907,1.1729542600631717,5.241795826062824,1.1953678666354728,-0.48139690152226755,0.02311423255069034,-0.04195635337268211,-2.4669823927935206,0.26397828564217807,-1.6706006802250277,3.1415926526274185,0.29307030021571673,-1.7601838429742531,-5.608575045420939,-0.02909201457353866,0.0895831627492254,-0.5953440437414044,0.7228516228701982,-0.1599348016684688,0.3122048367831942,-0.6302526551569312,0.7625367474728376,0.09302092163583522,0.11254513565323028
8.345783472,1.4719482463757456,1.3860512971878052,0.08589694918794044,0.1349124014377594,-0.5749234102018538,-0.5841215252876282,0.009198115085774394,0.026447484269738197,1.6940690082177559,1.6875346899032593,0.006534318314496579,0.017645174637436867,1.063376647500981,1.0527615547180176,0.010615092782963353,0.015365084633231163,0.674245038331193,-1.0567438035735677e-09,0.6742450393879368,-2.7466739993542433e-09,0.6865488390725611,5.266063141803541,1.1499413518052715,1.147644678243023,5.242381360158978,1.1903812617228766,-0.4610958391704618,0.023681781644563138,-0.040439909917605155,-2.4673476152586002,0.2643321509398311,-1.6696444072140477,3.1415926525330495,0.29067967712306536,-1.7555413564019882,-5.60894026779165,-0.02634752618323427,0.08589694918794044,-0.5956888526444912,0.7226186989982908,-0.1595367284642253,0.31228999177693695,-0.6321320383415566,0.7612054490118383,0.09252638702676566,0.1114191105717853
8.365907192,1.4729040413026897,1.3860512971878052,0.08685274411488453,0.1349124014377594,-0.5744061530782494,-0.5841215252876282,0.009715372209378792,0.026447484269738197,1.6941062990806384,1.6875346899032593,0.00657160917737909,0.017645174637436867,1.0624684111300735,1.0527615547180176,0.00970685641205593,0.015365084633231163,0.6738799984573068,-1.0567438035735677e-09,0.6738799995140506,-2.7466739993542433e-09,0.681541002300234,5.267209381629179,1.1464730630140998,1.147644678243023,5.242381360158978,1.1903812617228766,-0.466103675942789,0.024828021470201023,-0.043908198708776824,-2.4677126551324866,0.26468583932425166,-1.6686886122871034,3.1415926525330495,0.29067967712306536,-1.7555413564019882,-5.609305307665537,-0.0259938377988137,0.08685274411488475,-0.5960334069478154,0.7223856378874058,-0.1591387909289168,0.31237479603493645,-0.6321320383415566,0.7612054490118383,0.09252638702676566,0.1114191105717853
8.385493994,1.4738604313486414,1.3903419971466064,0.08351843420203497,0.1075141429901123,-0.5738885738881249,-0.5831946134567261,0.00930603956860121,0.023792732506990433,1.694143613162415,1.6881284713745117,0.0060151417879033,0.01489262469112873,1.0615596092521598,1.0532506704330444,0.008308938819115319,0.011318055912852287,0.6735147312939034,-1.230129886842235e-09,0.6735147325240333,6.119080353528261e-09,0.6765282337796276,5.268350061369829,1.1430027534993856,1.1243386668529998,5.243199240197729,1.185773325313087,-0.4478104330733722,0.025150821172100102,-0.042770571813701475,-2.46807792229589,0.2650397479302642,-1.667732222241152,3.1415926523596633,0.2886698681058839,-1.7512506564431867,-5.609670574655553,-0.023630120175619718,0.08351843420203475,-0.5963780933086711,0.7221521778177239,-0.15874054246702254,0.31245934467048353,-0.6338565346515623,0.7599589360115445,0.09212828830331841,0.11045672252069832
8.405767918,1.4748162559167959,1.3903419971466064,0.08447425877018944,0.1075141429901123,-0.5733713007232896,-0.5831946134567261,0.009823312733436507,0.023792732506990433,1.6941809051817656,1.6881284713745117,0.006052433807253843,0.01489262469112873,1.060651344714933,1.0532506704330444,0.0074006742818886195,0.011318055912852287,0.6731496800993632,-1.230129886842235e-09,0.673149681329493,6.119080353528261e-09,0.6715166253903773,5.269483793901872,1.1395346354628013,1.1243386668529998,5.243199240197729,1.185773325313087,-0.4528220414626225,0.0262845537041434,-0.046238689850285786,-2.4684429734904296,0.26539344728330505,-1.6667763976729972,3.1415926523596633,0.2886698681058839,-1.7512506564431867,-5.610035625850093,-0.023276420822578858,0.08447425877018944,-0.5967224932338318,0.7219186021023621,-0.15834246659284296,0.3125435350165884,-0.6338565346515623,0.7599589360115445,0.09212828830331841,0.11045672252069832
8.416149378,1.4752951874999414,1.3903419971466064,0.08495319035333493,0.1075141429901123,-0.5731121125165753,-0.5831946134567261,0.01008250094015073,0.023792732506990433,1.6941995909599525,1.6881284713745117,0.006071119585440821,0.01489262469112873,1.0601962438656536,1.0532506704330444,0.006945573432609153,0.011318055912852287,0.6729667652085397,-1.230129886842235e-09,0.6729667664386696,6.119080353528261e-09,0.669004801436187,5.270049510096267,1.1377969307893834,1.1243386668529998,5.243199240197729,1.185773325313087,-0.45533386541681276,0.026850269898537782,-0.047976394523703725,-2.4686258883812533,0.2655706741476833,-1.6662974660898517,3.1415926523596633,0.2886698681058839,-1.7512506564431867,-5.610218540740917,-0.023099193958200592,0.08495319035333493,-0.5968950293353605,0.7218014697897944,-0.15814298057746437,0.3125856040480865,-0.6338565346515623,0.7599589360115445,0.09212828830331841,0.11045672252069832
8.436060190,1.4762503633080593,1.3945012092590332,0.08174915404902605,0.1042567566037178,-0.5725951904477137,-0.5822913646697998,0.009696174222086129,0.02320205420255661,1.6942368576675746,1.688657522201538,0.005579335466036506,0.013273079879581928,1.0592885958073854,1.053577184677124,0.005711411130261412,0.0072547802701592445,0.6726019617902487,-1.1072026628866638e-09,0.6726019628974513,1.118132786359638e-08,0.6639939070224428,5.271173063736354,1.1343313777419846,1.1018225059373603,5.244253551497791,1.1811820580299042,-0.43782859891491754,0.026919512238563037,-0.04685068028791961,-2.468990691799544,0.2659241334294677,-1.6653422902817336,3.141592652482591,0.28691105424785185,-1.7470914443307597,-5.610583344282135,-0.020986920818384158,0.08174915404902605,-0.5972390712221615,0.7215676723080728,-0.15774508105985385,0.31266927493282687,-0.6355165524376587,0.7587357961092651,0.09179895325294629,0.10959769825071923
8.445883751,1.4767292262861458,1.3945012092590332,0.08222801702711258,0.1042567566037178,-0.5723360393686872,-0.5822913646697998,0.00995532530111265,0.02320205420255661,1.6942555407690976,1.688657522201538,0.005598018567559482,0.013273079879581928,1.0588335601495067,1.053577184677124,0.005256375472382668,0.0072547802701592445,0.6724190731012614,-1.1072026628866638e-09,0.672419074208464,1.118132786359638e-08,0.6614811008240054,5.2717339813757205,1.1325940282695068,1.1018225059373603,5.244253551497791,1.1811820580299042,-0.44034140511335496,0.027480429877929424,-0.04858802976039733,-2.469173580488532,0.2661013349067969,-1.6648634273036476,3.141592652482591,0.28691105424785185,-1.7470914443307597,-5.610766232971123,-0.020809719341054966,0.08222801702711213,-0.5974115202024802,0.7214503661717335,-0.15754557672185956,0.3127111061913376,-0.6355165524376587,0.7587357961092651,0.09179895325294629,0.10959769825071923
8.465791464,1.4776845470971516,1.3985670804977417,0.07911746659940988,0.10205957293510437,-0.5718190388271587,-0.5813316702842712,0.009512631457112564,0.024614252150058746,1.6942928131340869,1.68915855884552,0.005134254288566842,0.01257244311273098,1.0579257743034212,1.0537152290344238,0.004210545268997334,0.0025416247081011534,0.6720542143030614,-9.255219923787195e-10,0.6720542152285834,5.045876605436206e-09,0.6564667782763107,5.272848291109941,1.1291281621845397,1.0798602908948527,5.245422058260321,1.1761552043146593,-0.42339351261854197,0.027426232849620646,-0.047027042130119545,-2.469538439286732,0.2664548478463648,-1.6639081064926418,3.1415926526642712,0.2853122788610414,-1.743025573092051,-5.611131091951004,-0.018857431014676573,0.07911746659940921,-0.5977554895834724,0.7212161529594742,-0.15714752350166059,0.312794327378958,-0.6371310565056503,0.7575294845779825,0.09151228296848907,0.10880532568263829
8.475609541,1.478162989648137,1.3985670804977417,0.07959590915039527,0.10205957293510437,-0.5715601152748817,-0.5813316702842712,0.009771555009389532,0.024614252150058746,1.6943114798324161,1.68915855884552,0.005152920986896126,0.01257244311273098,1.0574711381529824,1.0537152290344238,0.003755909118558609,0.0025416247081011534,0.6718714861847694,-9.255219923787195e-10,0.6718714871102914,5.045876605436206e-09,0.6539548474735284,5.273404000355447,1.1273924452587942,1.0798602908948527,5.245422058260321,1.1761552043146593,-0.4259054434213243,0.027981942095126833,-0.048762759055865024,-2.4697211674050235,0.26663189374619717,-1.6634296639416561,3.1415926526642712,0.2853122788610414,-1.743025573092051,-5.611313820069295,-0.01868038511484421,0.07959590915039483,-0.5979277245796311,0.7210987594119981,-0.15694814773391613,0.3128358903265335,-0.6371310565056503,0.7575294845779825,0.09151228296848907,0.10880532568263829
8.495656252,1.4783572781628573,1.4024920463562012,0.07586523180665616,0.09823524951934814,-0.5708467853872409,-0.5803918838500977,0.009545098462856783,0.023805243894457817,1.6938545760701946,1.6896241903305054,0.0042303857396892575,0.011666909791529179,1.0546667927822393,1.0537688732147217,0.0008979195675176133,0.0008859536610543728,0.6704818313955628,-1.2029542917346703e-09,0.6704818325985171,1.162243279395625e-08,0.6533645359082756,5.278266302468891,1.1214083633870682,1.0586922541092019,5.246619361988667,1.1711776942453402,-0.4053277182009263,0.03164694048022376,-0.049769330858272065,-2.4711108221942304,0.2691798129915211,-1.6632353754269362,3.141592652386839,0.2838532167615846,-1.739100607233592,-5.612703474581069,-0.014673403770063487,0.07586523180665572,-0.5977997953117091,0.7213106188676123,-0.15557214813485473,0.31327895326498956,-0.6386832140964182,0.7563567122301018,0.09125972039895106,0.10807376799503703
8.505988121,1.4784543577423792,1.4024920463562012,0.07596231138617804,0.09823524951934814,-0.5704897567778647,-0.5803918838500977,0.009902127072232925,0.023805243894457817,1.6936258171942513,1.6896241903305054,0.004001626863745944,0.011666909791529179,1.0532629643153097,1.0537688732147217,-0.0005059088994119332,0.0008859536610543728,0.6697861664184279,-1.2029542917346703e-09,0.6697861676213822,1.162243279395625e-08,0.6530694147813513,5.2807016369678195,1.1184157055228552,1.0586922541092019,5.246619361988667,1.1711776942453402,-0.4056228393278506,0.03408227497915206,-0.052761988722485054,-2.4718064871713654,0.27045537172501777,-1.6631382958474143,3.141592652386839,0.2838532167615846,-1.739100607233592,-5.613399139558204,-0.013397845036566824,0.0759623113861776,-0.5977356624447344,0.7214157351475607,-0.15488308752310473,0.3135006285840098,-0.6386832140964182,0.7563567122301018,0.09125972039895106,0.10807376799503703
8.526009321,1.4786483738306413,1.4024920463562012,0.07615632747444012,0.09823524951934814,-0.5697762257291105,-0.5803918838500977,0.010615658120987193,0.023805243894457817,1.693168636575172,1.6896241903305054,0.0035444462446665437,0.011666909791529179,1.0504573762700564,1.0537688732147217,-0.00331149694466526,0.0008859536610543728,0.6683958616986352,-1.2029542917346703e-09,0.6683958629015895,1.162243279395625e-08,0.6524784319801562,5.28557113972941,1.1124400266690613,1.0586922541092019,5.246619361988667,1.1711776942453402,-0.40621382212904567,0.03895177774074288,-0.05873766757627896,-2.473196791891158,0.2730046093405963,-1.662944279759152,3.141592652386839,0.2838532167615846,-1.739100607233592,-5.6147894442779975,-0.01084860742098831,0.0761563274744399,-0.597607460323486,0.7216238139364292,-0.15350550758160483,0.31394339245741265,-0.6386832140964182,0.7563567122301018,0.09125972039895106,0.10807376799503703
8.546070814,1.4788423331310774,1.4062247276306152,0.07261760550046215,0.09118081629276276,-0.5690629035283827,-0.5794245600700378,0.010361656541655107,0.025283824652433395,1.6927115897712504,1.6899114847183228,0.002800105052927604,0.0036701634526252747,1.0476526094105485,1.053216576576233,-0.005563967165684414,-0.026441700756549835,0.6670059639161403,-9.821926605368958e-10,0.667005964898333,-8.185452315956354e-12,0.6518860526225914,5.2904424265809,1.1064730744071853,1.0387831119293238,5.248984168389799,1.1656078294729322,-0.38689705930673246,0.04145825819110094,-0.059134755065746836,-2.474586689673653,0.27555310080329787,-1.662750320458716,3.1415926526076006,0.2831508952321962,-1.7353679259591783,-5.616179342281253,-0.007597794428898352,0.07261760550046237,-0.5974792539940236,0.7218291676357578,-0.15212770344925375,0.31438567976336007,-0.6401257983343325,0.7552012400436545,0.09123648228956865,0.10763806781425084
8.565666437,1.4790364997512244,1.4062247276306152,0.07281177212060919,0.09118081629276276,-0.5683488188700042,-0.5794245600700378,0.011075741200033629,0.025283824652433395,1.6922540544379772,1.6899114847183228,0.002342569719654408,0.0036701634526252747,1.044844844584696,1.053216576576233,-0.008371731991536846,-0.026441700756549835,0.6656145804961636,-9.821926605368958e-10,0.6656145814783563,-8.185452315956354e-12,0.6512914643054304,5.295322111624321,1.1005067482922182,1.0387831119293238,5.248984168389799,1.1656078294729322,-0.38749164762389343,0.046337943234521894,-0.065101081180714,-2.47597807309363,0.278104316304045,-1.662556153838569,3.1415926526076006,0.2831508952321962,-1.7353679259591783,-5.61757072570123,-0.005046578928151246,0.07281177212060941,-0.5973508681637735,0.7220320717311105,-0.15074780364567159,0.3148280918083276,-0.6401257983343325,0.7552012400436545,0.09123648228956865,0.10763806781425084
8.586088657,1.4792307327063052,1.4098913669586182,0.06933936574768707,0.09155955910682678,-0.567634490252296,-0.5783275365829468,0.010693046330650824,0.027853218838572502,1.6917963627926869,1.690001130104065,0.0017952326886219172,0.001955358311533928,1.0420361205162427,1.0518782138824463,-0.009842093366203564,-0.0348605215549469,0.6642227217250327,-1.3776773055695912e-09,0.66422272310271,3.4560798667371273e-09,0.6506950914832785,5.300206635693847,1.0945454116847062,1.0194872396237162,5.25286867865538,1.158767693354585,-0.3687921481404377,0.04733795703846688,-0.06422228166987876,-2.477369931864761,0.28065640340008036,-1.662361920883488,3.141592652212116,0.28330258905314976,-1.731701286631175,-5.618962584076877,-0.0026461856530693995,0.06933936574768684,-0.597222395292446,0.7222323722233387,-0.14936681416891853,0.3152703060848421,-0.641502310306968,0.7540182628475804,0.09148232022018053,0.10752781151996037
8.595624447,1.4793276867665879,1.4098913669586182,0.06943631980796972,0.09155955910682678,-0.5672779232637841,-0.5783275365829468,0.011049613319162654,0.027853218838572502,1.691567899690996,1.690001130104065,0.0015667695869310272,0.001955358311533928,1.0406341071321756,1.0518782138824463,-0.011244106750270655,-0.0348605215549469,0.6635279562093404,-1.3776773055695912e-09,0.6635279575870177,3.4560798667371273e-09,0.6503968107384672,5.3026459932141705,1.0915723633509526,1.0194872396237162,5.25286867865538,1.158767693354585,-0.369090428885249,0.04977731455879031,-0.06719533000363231,-2.4780646973804528,0.2819303128973265,-1.6622649668232055,3.141592652212116,0.28330258905314976,-1.731701286631175,-5.619657349592568,-0.0013722761558232488,0.0694363198079695,-0.5971582499168941,0.7223313543786727,-0.1486772445214548,0.31549091270458507,-0.641502310306968,0.7540182628475804,0.09148232022018053,0.10752781151996037
8.618939877,1.4795255047770093,1.4098913669586182,0.06963413781839112,0.09155955910682678,-0.56655040992351,-0.5783275365829468,0.011777126659436754,0.027853218838572502,1.6911017602008143,1.690001130104065,0.001100630096749322,0.001955358311533928,1.0377735410309539,1.0518782138824463,-0.014104672851492417,-0.0348605215549469,0.6621104072008406,-1.3776773055695912e-09,0.6621104085785179,3.4560798667371273e-09,0.6497869930138713,5.3076255030515025,1.0855118251012714,1.0194872396237162,5.25286867865538,1.158767693354585,-0.3697002466098449,0.05475682439612228,-0.07325586825331354,-2.4794822463889528,0.2845295051484561,-1.662067148812784,3.141592652212116,0.28330258905314976,-1.731701286631175,-5.621074898601069,0.0012269160953063407,0.0696341378183909,-0.5970273381141749,0.7225312430265184,-0.14726982585784798,0.3159407520195141,-0.641502310306968,0.7540182628475804,0.09148232022018053,0.10752781151996037
8.628661156,1.4796473520375062,1.4133113622665405,0.06633598977096566,0.08325611054897308,-0.5661022934587939,-0.5772611498832703,0.011158856424476338,0.026371082291007042,1.6908146386198877,1.6900368928909302,0.0007777457289575018,9.741261601448059e-05,1.036011557164262,1.050441026687622,-0.014429469523359995,-0.037960100919008255,0.661237258881648,-8.031313392109496e-10,0.6612372596847793,4.081812221556902e-09,0.6494105506005836,5.310694273320675,1.0817824466888948,1.001535990152544,5.256812796968066,1.152020555835118,-0.3521254395519604,0.053881476352609425,-0.0702381091462232,-2.4803553947081456,0.28613049413135816,-1.6619453015522871,3.1415926527866618,0.2836376267614321,-1.7282812913232521,-5.621948047494808,0.002492867369926044,0.066335989770965,-0.5969466790334894,0.7226529844124474,-0.14640260480720707,0.31621765260076146,-0.6427753763905292,0.752902196285592,0.09177373675009334,0.10749734683828266
8.645695686,1.4798126631167052,1.4133113622665405,0.0665013008501647,0.08325611054897308,-0.5654943305379447,-0.5772611498832703,0.01176681934532553,0.026371082291007042,1.6904250986481983,1.6900368928909302,0.0003882057572681674,9.741261601448059e-05,1.0336210606250156,1.050441026687622,-0.016819966062606495,-0.037960100919008255,0.6600526521013385,-8.031313392109496e-10,0.6600526529044698,4.081812221556902e-09,0.6488988253855454,5.31485964625943,1.0767272266634245,1.001535990152544,5.256812796968066,1.152020555835118,-0.3526371647669986,0.05804684929136439,-0.07529332917169351,-2.481540001488455,0.28830256772144497,-1.6617799904730883,3.1415926527866618,0.2836376267614321,-1.7282812913232521,-5.623132654275117,0.004664940960012853,0.06650130085016381,-0.5968372197268262,0.7228164678855742,-0.14522566145554908,0.31659310503700666,-0.6427753763905292,0.752902196285592,0.09177373675009334,0.10749734683828266
8.666216850,1.480006911420896,1.4166611433029175,0.06334576811797854,0.0836118534207344,-0.5647799454709664,-0.5761206150054932,0.011340669534526726,0.02894037403166294,1.6899673708341776,1.689983606338501,-1.6235504323391936e-05,-0.001617336762137711,1.030812114599301,1.0486419200897217,-0.01782980549042068,-0.04637862741947174,0.6586606833396377,-1.7242312022602846e-09,0.6586606850638689,-3.281456883996725e-09,0.6482960454428308,5.319757006612391,1.0707936724459988,0.9840551103691264,5.261374023739278,1.1446126220478845,-0.3357590649262956,0.05838298287311261,-0.07381894960188573,-2.4829319702501556,0.290854856494202,-1.6615857421688975,3.141592651865562,0.28434948503398455,-1.7249315102868759,-5.624524622115718,0.006505371460217457,0.06334576811797832,-0.5967085573846945,0.7230060902787261,-0.14384214533612996,0.31703395431538084,-0.6440027332461173,0.751786308024949,0.09218287974544803,0.1076110743352334
8.685765982,1.4802007658195764,1.4166611433029175,0.0635396225166589,0.0836118534207344,-0.5640670090663881,-0.5761206150054932,0.012053605939105094,0.02894037403166294,1.6895105712213527,1.689983606338501,-0.0004730351171482461,-0.001617336762137711,1.0280088646815808,1.0486419200897217,-0.020633055408140866,-0.04637862741947174,0.6572715372752472,-1.7242312022602846e-09,0.6572715389994784,-3.281456883996725e-09,0.6476928913114581,5.324647485162462,1.0648792402175529,0.9840551103691264,5.261374023739278,1.1446126220478845,-0.3363622190576683,0.0632734614231838,-0.07973338183033163,-2.484321116314546,0.2934019696201685,-1.6613918877702165,3.141592651865562,0.28434948503398455,-1.7249315102868759,-5.625913768180109,0.009052484586183962,0.06353962251665934,-0.5965801095273048,0.7231926575175993,-0.14246084499232792,0.31747355901412194,-0.6440027332461173,0.751786308024949,0.09218287974544803,0.1076110743352334
8.705656290,1.4803947666557518,1.4166611433029175,0.06373362335283428,0.0836118534207344,-0.5633535341100817,-0.5761206150054932,0.012767080895411453,0.02894037403166294,1.6890534265423773,1.689983606338501,-0.0009301797961236424,-0.001617336762137711,1.0252034971905717,1.0486419200897217,-0.02343842289914999,-0.04637862741947174,0.6558813418507616,-1.7242312022602846e-09,0.6558813435749928,-3.281456883996725e-09,0.647087680989996,5.329544684698482,1.0589674467350374,0.9840551103691264,5.261374023739278,1.1446126220478845,-0.3369674293791304,0.0681706609592041,-0.0856451753128471,-2.4857113117390317,0.2959510068338468,-1.6611978869340416,3.141592651865562,0.28434948503398455,-1.7249315102868759,-5.627303963604594,0.011601521799862236,0.06373362335283428,-0.5964515175380214,0.7233766937873212,-0.14107791672898903,0.31791314462180403,-0.6440027332461173,0.751786308024949,0.09218287974544803,0.1076110743352334
8.715719461,1.480491850125914,1.4166611433029175,0.06383070682299663,0.0836118534207344,-0.5629964911921359,-0.5761206150054932,0.013124123813357258,0.02894037403166294,1.6888246584985067,1.689983606338501,-0.001158947839994262,-0.001617336762137711,1.0237996124626678,1.0486419200897217,-0.02484230762705386,-0.04637862741947174,0.6551856489935897,-1.7242312022602846e-09,0.6551856507178209,-3.281456883996725e-09,0.6467842144127344,5.331996510529011,1.0560116931303833,0.9840551103691264,5.261374023739278,1.1446126220478845,-0.33727089595639204,0.07062248678973315,-0.08860092891750115,-2.4864070045962037,0.29722661668767536,-1.6611008034638792,3.141592651865562,0.28434948503398455,-1.7249315102868759,-5.627999656461766,0.01287713165369081,0.06383070682299663,-0.5963871485914426,0.7234677869251083,-0.14038564272696585,0.3181329935621129,-0.6440027332461173,0.751786308024949,0.09218287974544803,0.1076110743352334
8.726799011,1.4805888950971708,1.4166611433029175,0.06392775179425336,0.0836118534207344,-0.5626395898612341,-0.5761206150054932,0.013481025144259084,0.02894037403166294,1.688595981173677,1.689983606338501,-0.0013876251648239357,-0.001617336762137711,1.0223962844518386,1.0486419200897217,-0.02624563563788307,-0.04637862741947174,0.654490232016684,-1.7242312022602846e-09,0.6544902337409152,-3.281456883996725e-09,0.6464804659979982,5.334448113263566,1.0530588969154564,0.9840551103691264,5.261374023739278,1.1446126220478845,-0.33757464437112816,0.07307408952428762,-0.0915537251324281,-2.4871024215731095,0.2985017206924325,-1.6610037584926225,3.141592651865562,0.28434948503398455,-1.7249315102868759,-5.628695073438672,0.014152235658447976,0.06392775179425336,-0.5963227931238311,0.7235581746096988,-0.13969349892472077,0.3183526672020234,-0.6440027332461173,0.751786308024949,0.09218287974544803,0.1076110743352334
8.745523214,1.4807828512540469,1.4229316711425781,0.057851180111468725,0.07639971375465393,-0.5619262792215453,-0.5737215280532837,0.011795248831738436,0.0302771907299757,1.688138941777258,1.6896324157714844,-0.0014934739942262798,-0.005431583616882563,1.019591563050076,1.04412841796875,-0.024536854918673967,-0.060050733387470245,0.6531003567607029,-8.505341986264625e-10,0.6531003576112371,6.737536750733852e-09,0.645872181096427,5.3393501719944645,1.047162731740534,0.9516055209890396,5.271960977231932,1.128491671000238,-0.30573333989261264,0.06738919476253269,-0.08132893925970386,-2.48849229682909,0.30105017085092506,-1.6608098023357463,3.1415926527392593,0.28681509076976347,-1.718660982447215,-5.630084949568349,0.014235080081161589,0.057851180111468725,-0.5961941344786318,0.7237368196183521,-0.1383097357995834,0.31879144738376747,-0.6462420627617236,0.749630621856355,0.093316574688759,0.10824575733526184
8.755704641,1.4808799199087281,1.4229316711425781,0.05794824876615001,0.07639971375465393,-0.5615692907903475,-0.5737215280532837,0.012152237262936239,0.0302771907299757,1.6879102086446718,1.6896324157714844,-0.0017222071268125916,-0.005431583616882563,1.0181878925628407,1.04412841796875,-0.025940525405909298,-0.060050733387470245,0.6524047700701555,-8.505341986264625e-10,0.6524047709206897,6.737536750733852e-09,0.6455671496068022,5.341804602471172,1.0442145806434424,0.9516055209890396,5.271960977231932,1.128491671000238,-0.30603837138223744,0.06984362523924048,-0.08427709035679554,-2.4891878835196377,0.30232558603954907,-1.6607127336810654,3.1415926527392593,0.28681509076976347,-1.718660982447215,-5.6307805362588965,0.015510495269785596,0.05794824876614957,-0.596129726670389,0.7238252214218847,-0.13761699430171037,0.31901090999025417,-0.6462420627617236,0.749630621856355,0.093316574688759,0.10824575733526184
8.765835047,1.4809770398694104,1.4229316711425781,0.0580453687268323,0.07639971375465393,-0.5612121136715768,-0.5737215280532837,0.01250941438170694,0.0302771907299757,1.687681354614331,1.6896324157714844,-0.0019510611571533776,-0.005431583616882563,1.0167834801603102,1.04412841796875,-0.02734493780843983,-0.060050733387470245,0.6517088157246568,-8.505341986264625e-10,0.651708816575191,6.737536750733852e-09,0.6452615523704516,5.344261068697262,1.0412666664416463,0.9516055209890396,5.271960977231932,1.128491671000238,-0.30634396861858804,0.07230009146532979,-0.08722500455859161,-2.4898838378651367,0.3036016753536495,-1.6606156137203831,3.1415926527392593,0.28681509076976347,-1.718660982447215,-5.6314764906043955,0.016786584583886044,0.05804536872683186,-0.5960652724199981,0.7239129994308631,-0.13692374486401457,0.3192304001223865,-0.6462420627617236,0.749630621856355,0.093316574688759,0.10824575733526184
8.785814047,1.4811709874203065,1.426007628440857,0.05516335897944957,0.07687171548604965,-0.560498834682016,-0.5724247694015503,0.011925934719534292,0.03370306268334389,1.6872243354970928,1.6893579959869385,-0.0021336604898456457,-0.007718030363321304,1.0139788832061394,1.0414457321166992,-0.027466848910559838,-0.07127588242292404,0.650319002138483,-8.486424896148037e-10,0.6503190029871255,8.811184670776129e-09,0.6446500651355977,5.349168805024465,1.0353850937191051,0.9357809980626479,5.277969073462444,1.1196017968438348,-0.29113093292705017,0.07119973156202075,-0.08421670312472962,-2.4912736514513103,0.30615001243549794,-1.660421666169487,3.1415926527411506,0.2884754377546268,-1.7155850251489362,-5.632866304192461,0.017674574680871136,0.05516335897944913,-0.5959365204995594,0.7240862836988526,-0.13553891122672998,0.3196684545549272,-0.6473163837541761,0.748545827701582,0.09402036116163948,0.10872357077011696
8.795697927,1.4812680743445037,1.426007628440857,0.05526044590364676,0.07687171548604965,-0.5601417790612002,-0.5724247694015503,0.012282990340350075,0.03370306268334389,1.6869955593141146,1.6893579959869385,-0.0023624366728238755,-0.007718030363321304,1.0125749485308366,1.0414457321166992,-0.02887078358586259,-0.07127588242292404,0.6496232845299567,-8.486424896148037e-10,0.6496232853785991,8.811184670776129e-09,0.644343356826587,5.3516266311442084,1.0324435734632316,0.9357809980626479,5.277969073462444,1.1196017968438348,-0.29143764123606086,0.07365755768176463,-0.0871582233806032,-2.4919693690598366,0.307425667672963,-1.6603245792452894,3.1415926527411506,0.2884754377546268,-1.7155850251489362,-5.633562021800987,0.01895022991833617,0.05526044590364676,-0.5958720505095312,0.7241720218912983,-0.13484547675970068,0.3198876045252218,-0.6473163837541761,0.748545827701582,0.09402036116163948,0.10872357077011696
8.815321445,1.4814619887036768,1.4289535284042358,0.05250846029944101,0.069843590259552,-0.5594286221405098,-0.5711115002632141,0.011682878122704299,0.031103814020752907,1.6865386184100415,1.6890249252319336,-0.0024863068218921036,-0.008363788947463036,1.0097708315487206,1.0385493040084839,-0.028778472459763282,-0.07074006646871567,0.6482337087931758,-1.120035730828306e-09,0.6482337099132115,-1.7171259969472885e-09,0.6437295434739718,5.356537886174216,1.0265737917041244,0.9206878701508032,5.284305488233417,1.1104669227179627,-0.2769583266768314,0.07223239794079905,-0.08389313101383822,-2.4933589447966176,0.3099735686384617,-1.6601306648861163,3.1415926524697575,0.29039166747951073,-1.7126391251855575,-5.634951597266375,0.019581901158950976,0.05250846029944123,-0.5957432446402712,0.7243412614023672,-0.1334600456942576,0.3203250531862849,-0.6483277184820618,0.7474871713698643,0.09480161943518738,0.10930119412792051
8.825570107,1.4815592102091035,1.4289535284042358,0.05260568180486769,0.069843590259552,-0.5590710715716375,-0.5711115002632141,0.012040428691576621,0.031103814020752907,1.6863095250990852,1.6890249252319336,-0.0027154001328484334,-0.008363788947463036,1.0083649507487844,1.0385493040084839,-0.03018435325969948,-0.07074006646871567,0.6475370267856644,-1.120035730828306e-09,0.6475370279057001,-1.7171259969472885e-09,0.6434211889783188,5.359001291878654,1.0236336106258201,0.9206878701508032,5.284305488233417,1.1104669227179627,-0.27726668117248443,0.07469580364523676,-0.08683331209214251,-2.494055626804129,0.3112509921804821,-1.66003344338069,3.1415926524697575,0.29039166747951073,-1.7126391251855575,-5.6356482792738865,0.02085932470097135,0.052605681804867466,-0.59567864679747,0.7244251045651591,-0.13276523460369363,0.32054424048159047,-0.6483277184820618,0.7474871713698643,0.09480161943518738,0.10930119412792051
8.845595837,1.4817530787149937,1.4289535284042358,0.05279955031075789,0.069843590259552,-0.558358083285113,-0.5711115002632141,0.012753416978101062,0.031103814020752907,1.6858526922439505,1.6890249252319336,-0.0031722329879830813,-0.008363788947463036,1.0055614968324185,1.0385493040084839,-0.03298780717606542,-0.07074006646871567,0.6461477796300675,-1.120035730828306e-09,0.6461477807501033,-1.7171259969472885e-09,0.6428050813386335,5.363915692459716,1.0177760374589992,0.9206878701508032,5.284305488233417,1.1104669227179627,-0.27788278881216977,0.07961020422629872,-0.0926908852589634,-2.495444873959726,0.3137982906654582,-1.6598395748747998,3.1415926524697575,0.29039166747951073,-1.7126391251855575,-5.637037526429483,0.023406623185947495,0.05279955031075767,-0.5955497938670541,0.7245902865903925,-0.13137930873945683,0.3209810537070759,-0.6483277184820618,0.7474871713698643,0.09480161943518738,0.10930119412792051
8.855735064,1.4818501607103993,1.4289535284042358,0.05289663230616348,0.069843590259552,-0.5580010457908644,-0.5711115002632141,0.013110454472349709,0.031103814020752907,1.6856239276752045,1.6890249252319336,-0.0034009975567290684,-0.008363788947463036,1.0041576334303701,1.0385493040084839,-0.034391670578113764,-0.07074006646871567,0.6454520973408897,-1.120035730828306e-09,0.6454520984609254,-1.7171259969472885e-09,0.6424959460327571,5.366377706214641,1.0148455010689925,0.9206878701508032,5.284305488233417,1.1104669227179627,-0.27819192411804616,0.08207221798122433,-0.09562142164897014,-2.4961405562489034,0.31507388114200396,-1.6597424928793942,3.1415926524697575,0.29039166747951073,-1.7126391251855575,-5.637733208718661,0.024682213662493235,0.05289663230616326,-0.5954852495310718,0.7246719977908843,-0.13068508601666548,0.3211996598713993,-0.6483277184820618,0.7474871713698643,0.09480161943518738,0.10930119412792051
8.878212214,1.4820441963100777,1.4316924810409546,0.050351715269123076,0.06659480184316635,-0.5572874429851682,-0.569857656955719,0.012570213970550803,0.03073105402290821,1.6851667010793128,1.6886560916900635,-0.003489390610750709,-0.009506146423518658,1.001351763238434,1.0355913639068604,-0.03423960066842646,-0.07435089349746704,0.6440616528037544,-5.545483516833372e-10,0.6440616533583028,9.509676601737738e-09,0.6418768581025307,5.3713005996211605,1.0089937413864862,0.9067032026194897,5.290695666976133,1.101601880564893,-0.26482634451695897,0.0806049326450271,-0.09260813917840682,-2.497531000786039,0.31762337512413547,-1.6595484572797157,3.1415926530352447,0.2924645978155092,-1.7099001725488387,-5.639123653821284,0.025158777308626257,0.050351715269123076,-0.595356206446378,0.724833300375561,-0.12929715486295987,0.32163631613484384,-0.6492520137572622,0.7464850480618513,0.09562419401525292,0.10994502795110257
8.888626099,1.4821412602979307,1.4316924810409546,0.050448779256976106,0.06659480184316635,-0.5569304717171176,-0.569857656955719,0.012927185238601369,0.03073105402290821,1.6849379789436665,1.6886560916900635,-0.0037181127463969954,-0.009506146423518658,0.9999481602363077,1.0355913639068604,-0.035643203670552626,-0.07435089349746704,0.6433660995553462,-5.545483516833372e-10,0.6433661001098945,9.509676601737738e-09,0.6415665525125439,5.373764273734082,1.0060691923337557,0.9067032026194897,5.290695666976133,1.101601880564893,-0.26513665010694576,0.0830686067579487,-0.09553268823113736,-2.498226554034447,0.3188987289938576,-1.6594513932918629,3.1415926530352447,0.2924645978155092,-1.7099001725488387,-5.639819207069692,0.02643413117834842,0.050448779256975884,-0.5952916341214665,0.7249129835559744,-0.12860265825941933,0.32185461454759456,-0.6492520137572622,0.7464850480618513,0.09562419401525292,0.10994502795110257
8.905500174,1.4823350666505979,1.4342337846755981,0.04810128197499974,0.06337960809469223,-0.5562177120108867,-0.5686479806900024,0.012430268679115786,0.030668335035443306,1.6844812925467416,1.6882572174072266,-0.003775924860484947,-0.01025919709354639,0.9971456050925176,1.0325640439987183,-0.03541843890620067,-0.07708404213190079,0.6419772977850783,-1.3387511099693938e-09,0.6419772991238294,1.2136297300457954e-08,0.6409457417128788,5.378685549979834,1.0002352285729674,0.8937761958555661,5.297132947594311,1.092920180167379,-0.25283045414268734,0.08155260238552309,-0.09268495159441148,-2.499615355804715,0.3214452108283415,-1.6592575869391952,3.1415926522510422,0.2946811157407715,-1.7073588689141952,-5.641208008055758,0.026764095087569995,0.048101281974999965,-0.595162662974765,0.725070077255688,-0.12721556932826703,0.3222902210581356,-0.6500934816132934,0.7455373016696548,0.09648434995706587,0.11064975009641546
8.915998697,1.4824324085912348,1.4342337846755981,0.048198623915636674,0.06337960809469223,-0.5558597185186327,-0.5686479806900024,0.012788262171369746,0.030668335035443306,1.6842519154415676,1.6882572174072266,-0.004005301965658958,-0.01025919709354639,0.9957379827278007,1.0325640439987183,-0.03682606127091759,-0.07708404213190079,0.6412797527478934,-1.3387511099693938e-09,0.6412797540866445,1.2136297300457954e-08,0.6406333126338963,5.381158375136167,0.9973077797097436,0.8937761958555661,5.297132947594311,1.092920180167379,-0.2531428832216698,0.08402542754185571,-0.0956124004576353,-2.5003129008419,0.32272421680597846,-1.6591602449985585,3.1415926522510422,0.2946811157407715,-1.7073588689141952,-5.641905553092942,0.028043101065206966,0.048198623915636674,-0.595097864907927,0.7251479697169173,-0.1265186863774362,0.32250887614883944,-0.6500934816132934,0.7455373016696548,0.09648434995706587,0.11064975009641546
8.935550451,1.482626306417612,1.436663269996643,0.045963036420968884,0.060670025646686554,-0.5551466224004431,-0.5674015879631042,0.012254965562661146,0.032015688717365265,1.6837950134954698,1.6878013610839844,-0.004006347588514592,-0.011966538615524769,0.9929341048197511,1.0292972326278687,-0.03636312780811757,-0.08447657525539398,0.6398902954838882,-1.2607528354635633e-09,0.639890296744641,3.0486262403428555e-09,0.6400097432957472,5.386086125721,0.9914819923142537,0.8814853824846486,5.303948135083287,1.0838707360344664,-0.24147563918890136,0.08213799063771354,-0.09238874372021266,-2.5017023581059052,0.32527190054193617,-1.6589663471721814,3.1415926523290403,0.2971573907079652,-1.7049293835931498,-5.6432950104349455,0.028114509833970958,0.04596303642096844,-0.5949687507333296,0.7253011125688043,-0.12513015636339703,0.32294415264213705,-0.650878511537875,0.7446096303282477,0.09742464123220057,0.11145447914483961
8.955700874,1.4828205366657385,1.436663269996643,0.046157266669095476,0.060670025646686554,-0.5544323037380738,-0.5674015879631042,0.012969284225030409,0.032015688717365265,1.683337328228862,1.6878013610839844,-0.004464032855122424,-0.011966538615524769,0.9901254198954671,1.0292972326278687,-0.039171812732401556,-0.08447657525539398,0.6384984561105884,-1.2607528354635633e-09,0.6384984573713413,3.0486262403428555e-09,0.6393834543586722,5.391025066769446,0.9856535329489955,0.8814853824846486,5.303948135083287,1.0838707360344664,-0.24210192812597642,0.08707693168615904,-0.09821720308547088,-2.5030941974792045,0.3278239520704586,-1.6587721169240544,3.1415926523290403,0.2971573907079652,-1.7049293835931498,-5.644686849808245,0.030666561362493405,0.046157266669095476,-0.5948393595008711,0.7254518299080263,-0.12373872759392837,0.3233798171888981,-0.650878511537875,0.7446096303282477,0.09742464123220057,0.11145447914483961
8.975600004,1.483014135960658,1.4389334917068481,0.04408064425380975,0.055293288081884384,-0.5537203055260738,-0.5661819577217102,0.012461652195636441,0.0301454309374094,1.6828811297439972,1.687318205833435,-0.004437076089437886,-0.012195038609206676,0.9873258589298762,1.0259497165679932,-0.03862385763811693,-0.08389129489660263,0.6371111381005929,-1.6072339015238413e-09,0.6371111397078268,7.181370165199041e-09,0.6387575523565482,5.395950671649564,0.9798513089377014,0.8700480057145439,5.310844865109629,1.074906955709396,-0.2312904533579957,0.08510580653993571,-0.09505564677169454,-2.5044815154892004,0.3303677133089144,-1.6585785176291354,3.141592651982559,0.29976843177699597,-1.702659161882945,-5.64607416747176,0.030599281531918432,0.04408064425380953,-0.5947103324320708,0.7255993795604126,-0.1223513080745265,0.32381370924118147,-0.6515953962200366,0.7437243359771863,0.09840184654367502,0.11231486231546477
8.995812416,1.4833747320452144,1.4389334917068481,0.04444124033836627,0.055293288081884384,-0.5523941448726196,-0.5661819577217102,0.013787812849090586,0.0301454309374094,1.6820314190697336,1.687318205833435,-0.005286786763701423,-0.012195038609206676,0.982111425049371,1.0259497165679932,-0.043838291518622174,-0.08389129489660263,0.6345271336358682,-1.6072339015238413e-09,0.6345271352431021,7.181370165199041e-09,0.6375873561433072,5.405132180536237,0.9690636313147281,0.8700480057145439,5.310844865109629,1.074906955709396,-0.2324606495712367,0.09428731542660795,-0.10584332439466793,-2.5070655199539247,0.3351056972102292,-1.658217921544579,3.141592651982559,0.29976843177699597,-1.702659161882945,-5.648658171936484,0.035337265433233234,0.04444124033836605,-0.5944698561034931,0.7258670733725463,-0.11976577347519804,0.3246209196613092,-0.6515953962200366,0.7437243359771863,0.09840184654367502,0.11231486231546477
9.015694857,1.4837344064156426,1.4389334917068481,0.04480091470879444,0.055293288081884384,-0.5510713739980992,-0.5661819577217102,0.01511058372361096,0.0301454309374094,1.6811838803279098,1.687318205833435,-0.006134325505525284,-0.012195038609206676,0.9769103197034392,1.0259497165679932,-0.04903939686455394,-0.08389129489660263,0.631949734105377,-1.6072339015238413e-09,0.6319497357126109,7.181370165199041e-09,0.6364144308741411,5.414299332928692,0.9583288703021651,0.8700480057145439,5.310844865109629,1.074906955709396,-0.2336335748404028,0.10345446781906364,-0.11657808540723091,-2.5096429194844165,0.33983157042346424,-1.6578582471741508,3.141592651982559,0.29976843177699597,-1.702659161882945,-5.651235571466976,0.040063138646468266,0.044800914708794215,-0.5942297939340879,0.7261248348486442,-0.11718513840030927,0.325424829346473,-0.6515953962200366,0.7437243359771863,0.09840184654367502,0.11231486231546477
9.035493135,1.4840943158397455,1.4411107301712036,0.04298358566854188,0.05305250734090805,-0.5497477386690034,-0.5649244785308838,0.015176739861880395,0.031015511602163315,1.6803357877042628,1.6867868900299072,-0.006451102325644387,-0.013226116076111794,0.9717058153415475,1.0223889350891113,-0.05068311974756379,-0.0885298028588295,0.6293706501979013,-1.563141616145458e-09,0.6293706517610429,6.919435691088438e-09,0.6352349977276092,5.423481435213405,0.9476125247364362,0.8591368967639847,5.31807635817057,1.0655918820325683,-0.22390189903637558,0.10540507704283453,-0.11797935729613207,-2.512222003391892,0.3445605320799071,-1.6574983377500478,3.1415926520266515,0.3026030498685794,-1.7004819234185897,-5.653814655418543,0.041957482211327723,0.04298358566854188,-0.5939893700301648,0.7263735145439875,-0.11460114250506492,0.32622802423568326,-0.6522643483215581,0.7428547769790157,0.09944861605051232,0.1132606418565067
9.056149721,1.4844544152256676,1.4411107301712036,0.043343685054463954,0.05305250734090805,-0.5484234047192049,-0.5649244785308838,0.016501073811678868,0.031015511602163315,1.6794872474535003,1.6867868900299072,-0.007299642576406917,-0.013226116076111794,0.9664985640187567,1.0223889350891113,-0.05589037107035466,-0.0885298028588295,0.6267902050382952,-1.563141616145458e-09,0.6267902066014368,6.919435691088438e-09,0.6340491715724325,5.4326772018719796,0.9369160777196608,0.8591368967639847,5.31807635817057,1.0655918820325683,-0.2250877251915523,0.11460084370140944,-0.12867580431290748,-2.514802448551498,0.34929198970366193,-1.657138238364126,3.1415926520266515,0.3026030498685794,-1.7004819234185897,-5.65639510057815,0.046688939835082544,0.04334368505446373,-0.5937486097485105,0.7266130601121671,-0.11201414108457039,0.3270303984237999,-0.6522643483215581,0.7428547769790157,0.09944861605051232,0.1132606418565067
9.075944185,1.4848140035885555,1.4432611465454102,0.041552857043145375,0.05393603444099426,-0.5471009501537641,-0.5632489323616028,0.01614798220783864,0.043476905673742294,1.6786399113803354,1.6859740018844604,-0.007334090504125035,-0.02138001099228859,0.961298702393016,1.017262578010559,-0.055963875617543124,-0.13336081802845,0.6242134218313782,-2.1647177383954386e-09,0.6242134239960959,6.948539521545172e-09,0.6328592460028002,5.441868569135122,0.9262604118276103,0.8486957316511761,5.328026965547293,1.0529124359707303,-0.21583648564837588,0.11384160358782847,-0.12665202414311993,-2.517379231758415,0.35401673283712687,-1.6567786500012378,3.1415926514250754,0.3068667489232974,-1.6983315070443834,-5.65897188318349,0.04714998391382946,0.0415528570431456,-0.5935079776418034,0.726843012965225,-0.10942920677522079,0.3278303885909853,-0.6528489418811214,0.741910114886524,0.10096234161406012,0.1147355484998906
9.085698128,1.4849944923015868,1.4432611465454102,0.0417333457561766,0.05393603444099426,-0.5464371685990946,-0.5632489323616028,0.016811763762508147,0.043476905673742294,1.6782146067455517,1.6859740018844604,-0.007759395138908776,-0.02138001099228859,0.9586887282402555,1.017262578010559,-0.058573849770303554,-0.13336081802845,0.6229200532667171,-2.1647177383954386e-09,0.6229200554314348,6.948539521545172e-09,0.6322597999330758,5.4464852163183615,0.9209216706302035,0.8486957316511761,5.328026965547293,1.0529124359707303,-0.21643593171810027,0.11845825077106831,-0.13199076534052678,-2.518672600323076,0.35638823007000137,-1.6565981612882064,3.1415926514250754,0.3068667489232974,-1.6983315070443834,-5.660265251748152,0.04952148114670396,0.04173334575617704,-0.5933871150167779,0.7269549469050078,-0.10813115352168794,0.3282314587916149,-0.6528489418811214,0.741910114886524,0.10096234161406012,0.1147355484998906
9.095532894,1.4851748940170373,1.4432611465454102,0.04191374747162713,0.05393603444099426,-0.5457737069945678,-0.5632489323616028,0.01747522536703494,0.043476905673742294,1.6777895071123645,1.6859740018844604,-0.00818449477209593,-0.02138001099228859,0.9560800121242644,1.017262578010559,-0.06118256588629467,-0.13336081802845,0.621627308120188,-2.1647177383954386e-09,0.6216273102849057,6.948539521545172e-09,0.6316591797261165,5.451101757212074,0.9155919788893092,0.8486957316511761,5.328026965547293,1.0529124359707303,-0.21703655192505955,0.12307479166478075,-0.13732045708142104,-2.5199653454696054,0.35875858421465306,-1.656417759572756,3.1415926514250754,0.3068667489232974,-1.6983315070443834,-5.661557996894681,0.05189183529135566,0.04191374747162735,-0.5932662552738944,0.7270644974274398,-0.10683333541065647,0.32863202123181634,-0.6528489418811214,0.741910114886524,0.10096234161406012,0.1147355484998906
9.115972281,1.4855345653273393,1.4453330039978027,0.04020156132953656,0.05172979086637497,-0.5444509473742424,-0.561542272567749,0.017091325193506646,0.04346150904893875,1.676941975581439,1.6851166486740112,-0.008174673092572249,-0.021965734660625458,0.9508789510295742,1.0119378566741943,-0.06105890564462013,-0.13572055101394653,0.6190499305183296,-2.1292110297110867e-09,0.6190499326475406,9.065843187272549e-09,0.6304573322292824,5.460312113704575,0.9049854109961732,0.8386884151964104,5.338305446754979,1.0399413079281907,-0.208231082967128,0.12200666694959583,-0.13495589693201748,-2.5225427230714637,0.36348441721994335,-1.656058088262454,3.141592651460582,0.3113421636762574,-1.6962596495919902,-5.664135374532046,0.05214225354368596,0.04020156132953612,-0.5930251268179841,0.7272759585800002,-0.10424469580803879,0.3294296926962493,-0.6533893311688581,0.7409750459525601,0.10254349489645966,0.11628927226848329
9.135735989,1.4858947199215338,1.4453330039978027,0.040561715923731034,0.05172979086637497,-0.5431264103855267,-0.561542272567749,0.018415862182222353,0.04346150904893875,1.676093305237588,1.6851166486740112,-0.009023343436423303,-0.021965734660625458,0.9456709013623239,1.0119378566741943,-0.06626695531187043,-0.13572055101394653,0.616469089740389,-2.1292110297110867e-09,0.6164690918696001,9.065843187272549e-09,0.6292480108019202,5.469543054842007,0.8943905185582661,0.8386884151964104,5.338305446754979,1.0399413079281907,-0.2094404043944902,0.13123760808702833,-0.1455507893699246,-2.5251235638494043,0.36821660024232883,-1.6556979336682596,3.141592651460582,0.3113421636762574,-1.6962596495919902,-5.666716215309986,0.05687443656607144,0.04056171592373059,-0.592783447206683,0.7274784214755878,-0.10165107472117044,0.3302271793980317,-0.6533893311688581,0.7409750459525601,0.10254349489645966,0.11628927226848329
9.155729771,1.4862544268913036,1.4473453760147095,0.03890905087659413,0.050434406846761703,-0.5418035196207294,-0.5597782731056213,0.01797475348489197,0.04648570343852043,1.6752456896784886,1.6841936111450195,-0.008947921466530895,-0.024668432772159576,0.9404693246105181,1.0063403844833374,-0.06587105987281927,-0.14775323867797852,0.6138914566054623,-2.4605582016334893e-09,0.6138914590660205,8.38917912915349e-09,0.6280343185882398,5.4787705694277005,0.8838347824867674,0.8290317806354859,5.349085867605483,1.026492450037008,-0.2009974620472461,0.12968470182221736,-0.14265766755024067,-2.5277011969843306,0.3729429017884368,-1.6553382266984895,3.141592651129235,0.31609867393397834,-1.6942472775750839,-5.669293848113566,0.05684422785445847,0.03890905087659435,-0.5925418366518943,0.7276713572581437,-0.0990592103461205,0.33102241689785,-0.6538885566022409,0.7400388263276687,0.10421585880417854,0.11794636851515221
9.165986776,1.4864346258104069,1.4473453760147095,0.03908924979569739,0.050434406846761703,-0.5411408038383227,-0.5597782731056213,0.01863746926729859,0.04648570343852043,1.674821067915773,1.6841936111450195,-0.009372543229246633,-0.024668432772159576,0.9378635410503398,1.0063403844833374,-0.06847684343299765,-0.14775323867797852,0.6126001646823294,-2.4605582016334893e-09,0.6126001671428876,8.38917912915349e-09,0.627424093226849,5.483396163339978,0.8785565706876204,0.8290317806354859,5.349085867605483,1.026492450037008,-0.20160768740863688,0.13431029573449482,-0.14793587934938768,-2.528992488907464,0.3753105913289242,-1.6551580277793863,3.141592651129235,0.31609867393397834,-1.6942472775750839,-5.6705851400367,0.05921191739494586,0.03908924979569761,-0.5924207110465592,0.7277645241126881,-0.09776024884732558,0.3314203257367158,-0.6538885566022409,0.7400388263276687,0.10421585880417854,0.11794636851515221
9.185353756,1.4867944888646012,1.4492942094802856,0.03750027938431555,0.04882220923900604,-0.5398173390433813,-0.5579237937927246,0.01810645474934336,0.048746258020401,1.6739730845584437,1.6831912994384766,-0.009218214880032827,-0.026648391038179398,0.9326597072249094,1.0003548860549927,-0.06769517883008325,-0.15745006501674652,0.6100214130581368,-2.112330976800081e-09,0.6100214151704678,4.110916052013636e-09,0.6262010179297098,5.492639470969417,0.8680354311045075,0.8197676960097044,5.360543039754872,1.0123084073262816,-0.19356667807999461,0.13209643121454473,-0.14427297622177404,-2.5315712405316564,0.3800389437167422,-1.6547981647251924,3.1415926514774624,0.3212320047559695,-1.6922984441095077,-5.673163892009119,0.05880693896077266,0.03750027938431533,-0.5921786401256839,0.7279436145605458,-0.0951651231892605,0.33221401464687833,-0.6543394142473301,0.7390964119162781,0.10601055577987119,0.1197421685046131
9.205524921,1.4871538970580733,1.4492942094802856,0.03785968757778768,0.04882220923900604,-0.5384955470852192,-0.5579237937927246,0.019428246707505425,0.048746258020401,1.67312617303752,1.6831912994384766,-0.010065126400956581,-0.026648391038179398,0.9274624509560949,1.0003548860549927,-0.07289243509889776,-0.15745006501674652,0.6074459209317251,-2.112330976800081e-09,0.6074459230440561,4.110916052013636e-09,0.6249735709169343,5.501878745168102,0.8575537620920377,0.8197676960097044,5.360543039754872,1.0123084073262816,-0.19479412509277017,0.14133570541322982,-0.15475464523424387,-2.534146732658068,0.38476131954831844,-1.6544387565317196,3.1415926514774624,0.3212320047559695,-1.6922984441095077,-5.675739384135531,0.06352931479234891,0.037859687577788126,-0.5919366331374967,0.7281132086280033,-0.09257189969361426,0.3330054371303774,-0.6543394142473301,0.7390964119162781,0.10601055577987119,0.1197421685046131
9.215739250,1.48733486063065,1.4492942094802856,0.03804065115036437,0.04882220923900604,-0.537830019144296,-0.5579237937927246,0.020093774648428653,0.048746258020401,1.6726997494409896,1.6831912994384766,-0.010491549997486915,-0.026648391038179398,0.9248456100518396,1.0003548860549927,-0.07550927600315305,-0.15745006501674652,0.6061491495592181,-2.112330976800081e-09,0.606149151671549,4.110916052013636e-09,0.6243533009236895,5.50653360473491,0.8522861249850098,0.8197676960097044,5.360543039754872,1.0123084073262816,-0.195414395086015,0.14599056498003815,-0.1600222823412718,-2.535443504030575,0.3871390561081808,-1.654257792959143,3.1415926514774624,0.3212320047559695,-1.6922984441095077,-5.677036155508038,0.06590705135221125,0.03804065115036459,-0.5918146886156678,0.7281950922166401,-0.09126569013450299,0.3334034430155333,-0.6543394142473301,0.7390964119162781,0.10601055577987119,0.1197421685046131
9.235771418,1.4876948009620252,1.4492942094802856,0.03840059148173958,0.04882220923900604,-0.536506270147831,-0.5579237937927246,0.021417523644893577,0.048746258020401,1.67185158398727,1.6831912994384766,-0.011339715451206489,-0.026648391038179398,0.9196406587524076,1.0003548860549927,-0.08071422730258504,-0.15745006501674652,0.6035698441725509,-2.112330976800081e-09,0.6035698462848819,4.110916052013636e-09,0.6231150877536226,5.5157977857733265,0.8418285076092564,0.8197676960097044,5.360543039754872,1.0123084073262816,-0.19665260825608188,0.15525474601845435,-0.17047989971702515,-2.5380228094172423,0.39186842386486737,-1.6538978526277681,3.1415926514774624,0.3212320047559695,-1.6922984441095077,-5.679615460894705,0.07063641910889784,0.03840059148173958,-0.5915719505259879,0.728350974246603,-0.0886666175889049,0.3341941300954361,-0.6543394142473301,0.7390964119162781,0.10601055577987119,0.1197421685046131
9.255672932,1.4880545304687227,1.4492942094802856,0.03876032098843707,0.04882220923900604,-0.5351832964991979,-0.5579237937927246,0.022740497293526674,0.048746258020401,1.6710039153220257,1.6831912994384766,-0.012187384116450817,-0.026648391038179398,0.9144387561032222,1.0003548860549927,-0.08591612995177045,-0.15745006501674652,0.600992049539693,-2.112330976800081e-09,0.600992051652024,4.110916052013636e-09,0.6218716211220969,5.525063815362745,0.8314034482638946,0.8197676960097044,5.360543039754872,1.0123084073262816,-0.19789607488760752,0.1645207756078726,-0.18090495906238702,-2.5406006040501,0.39659502153066406,-1.6535381231210704,3.1415926514774624,0.3212320047559695,-1.6922984441095077,-5.6821932555275625,0.07536301677469454,0.03876032098843729,-0.591329101049577,0.7284974724620695,-0.0860677739976019,0.334983081882314,-0.6543394142473301,0.7390964119162781,0.10601055577987119,0.1197421685046131
9.276195765,1.4884146093878023,1.4530552625656128,0.03535934682218955,0.045835934579372406,-0.5338590378201034,-0.5539690852165222,0.020110047396418862,0.05171641334891319,1.6701554232994476,1.6809849739074707,-0.010829550608023153,-0.02938232384622097,0.9092318007431474,0.9873554706573486,-0.07812366991420128,-0.17158886790275574,0.598411751043943,-2.0055199723145734e-09,0.5984117530494629,1.2514647096395493e-09,0.6206209403519662,5.534345973244099,0.8209948143890091,0.8020822383617194,5.385245635466614,0.9819894010394723,-0.1814612980097532,0.14910033777748488,-0.16099458665046318,-2.54318090254585,0.4013262102342224,-1.653178044201991,3.1415926515842734,0.33248303710841676,-1.6885373910241808,-5.684773554130123,0.06884317312580562,0.035359346822189774,-0.5910857573466324,0.7286348062383967,-0.08346514591924185,0.3357715235343399,-0.6551201445202363,0.7371804424903822,0.1099226553432553,0.12369155709165036
9.297333241,1.4887746118397345,1.4530552625656128,0.03571934927412168,0.045835934579372406,-0.5325350603634808,-0.5539690852165222,0.021434024853041467,0.05171641334891319,1.6693071114644926,1.6809849739074707,-0.011677862442978082,-0.02938232384622097,0.9040259511435103,0.9873554706573486,-0.08332951951383838,-0.17158886790275574,0.5958320005060295,-2.0055199723145734e-09,0.5958320025115494,1.2514647096395493e-09,0.6193644973643214,5.543633133513317,0.8106150341979399,0.8020822383617194,5.385245635466614,0.9819894010394723,-0.18271774099739801,0.15838749804670282,-0.1713743668415324,-2.5457606530837635,0.4060563942121919,-1.6528180417500586,3.1415926515842734,0.33248303710841676,-1.6885373910241808,-5.6873533046680365,0.07357335710377516,0.035719349274122125,-0.59084220244445,0.7287627992812037,-0.08086184487835132,0.3365585182955338,-0.6551201445202363,0.7371804424903822,0.1099226553432553,0.12369155709165036
9.315888882,1.489134649213104,1.454916000366211,0.03421864884689296,0.046484850347042084,-0.5312109544766331,-0.5517735481262207,0.02056259364958757,0.056474484503269196,1.6684587173404632,1.6797250509262085,-0.011266333585745247,-0.032558079808950424,0.8988195965591157,0.980076253414154,-0.08125665685503836,-0.18717975914478302,0.5932519997237179,-1.6230956578766609e-09,0.5932520013468136,6.7229848355054855e-09,0.6181018841540418,5.55292801245816,0.8002609781250638,0.7934496536352095,5.399010335011547,0.9651790743503841,-0.1753477694811677,0.15391767744661333,-0.16491809622532028,-2.548340653866075,0.4107870370337683,-1.6524580043766894,3.1415926519666977,0.33882664024257225,-1.6866766532235824,-5.689933305832772,0.07196039679119604,0.03421864884689296,-0.590598356530763,0.7288814896492776,-0.07825710035025786,0.3373443071323149,-0.6554533947000563,0.7361749152018409,0.11211721497529961,0.12592486533610928
9.335990191,1.48949477129796,1.454916000366211,0.0345787709317491,0.046484850347042084,-0.5298865370471886,-0.5517735481262207,0.021887011079032126,0.056474484503269196,1.6676101236018022,1.6797250509262085,-0.012114927324406333,-0.032558079808950424,0.8936120169962325,0.980076253414154,-0.08646423641792156,-0.18717975914478302,0.590671391905253,-1.6230956578766609e-09,0.5906713935283486,6.7229848355054855e-09,0.6168329029913768,5.562231742396291,0.78993131362855,0.7934496536352095,5.399010335011547,0.9651790743503841,-0.17661675064383264,0.16322140738474378,-0.17524776072183412,-2.55092126168454,0.415518792905868,-1.6520978822918335,3.1415926519666977,0.33882664024257225,-1.6866766532235824,-5.692513913651238,0.07669215266329577,0.03457877093174888,-0.5903541812426193,0.7289908860833968,-0.07565058630895917,0.33812899533729923,-0.6554533947000563,0.7361749152018409,0.11211721497529961,0.12592486533610928
9.355787039,1.489854032065364,1.4566376209259033,0.03321641113946061,0.042806096374988556,-0.528565287276419,-0.5496953129768372,0.02113002570041811,0.05274975299835205,1.666763559476508,1.6785167455673218,-0.011753186090813772,-0.030740788206458092,0.8884168925960587,0.9730125665664673,-0.08459567397040857,-0.17919445037841797,0.5880969562229755,-1.041892128128552e-09,0.5880969572648677,4.154571797698736e-09,0.6155608872426751,5.571519705004068,0.7796531746489688,0.7854840443700335,5.412301344488324,0.9491753898595277,-0.1699231571273584,0.15921836051574356,-0.16952221521055888,-2.553495697366818,0.42023923166056637,-1.6517386215244294,3.141592652547901,0.34502039729976214,-1.6849550326638898,-5.69508834991472,0.07521883436080423,0.03321641113946039,-0.5901103144040638,0.7290907284431293,-0.07304918837031642,0.3389105230155035,-0.6557361641248879,0.7352172196804486,0.11425685052695216,0.12810579632393973
9.365740538,1.49003455296372,1.4566376209259033,0.033396932037816685,0.042806096374988556,-0.5279013873540991,-0.5496953129768372,0.021793925622738075,0.05274975299835205,1.6663381790000409,1.6785167455673218,-0.01217856656728089,-0.030740788206458092,0.8858064530243569,0.9730125665664673,-0.08720611354211039,-0.17919445037841797,0.586803357020694,-1.041892128128552e-09,0.5868033580625861,4.154571797698736e-09,0.6149194317494149,5.576189104520409,0.7744987666416367,0.7854840443700335,5.412301344488324,0.9491753898595277,-0.17056461262061862,0.16388776003208427,-0.1746766232178909,-2.5547892965690995,0.4226111517864155,-1.6515581006260733,3.141592652547901,0.34502039729976214,-1.6849550326638898,-5.696381949117001,0.07759075448665337,0.03339693203781646,-0.5899876711951006,0.7291373927102726,-0.07174163058506551,0.33930273920268256,-0.6557361641248879,0.7352172196804486,0.11425685052695216,0.12810579632393973
9.375683546,1.4902146644532246,1.4566376209259033,0.03357704352732127,0.042806096374988556,-0.5272389931106627,-0.5496953129768372,0.022456319866174468,0.05274975299835205,1.6659137632569312,1.6785167455673218,-0.012602982310390587,-0.030740788206458092,0.883201933748182,0.9730125665664673,-0.08981063281828527,-0.17919445037841797,0.5855126916114999,-1.041892128128552e-09,0.585512692653392,4.154571797698736e-09,0.6142778981851753,5.58084948487815,0.7693628206663463,0.7854840443700335,5.412301344488324,0.9491753898595277,-0.1712061461848582,0.16854814038982546,-0.17981256919318134,-2.5560799619782935,0.42497769256226364,-1.6513779891365687,3.141592652547901,0.34502039729976214,-1.6849550326638898,-5.697672614526194,0.0799572952625015,0.03357704352732105,-0.5898652351804243,0.7291816146913028,-0.07043677034349152,0.3396937422227637,-0.6557361641248879,0.7352172196804486,0.11425685052695216,0.12810579632393973
9.385553598,1.4903951970880638,1.4583390951156616,0.03205610197240216,0.041479915380477905,-0.5265750500251949,-0.5475508570671082,0.020975807041913264,0.05288445204496384,1.6654883551245483,1.6772568225860596,-0.011768467461511278,-0.031197641044855118,0.8805913244599535,0.9656776785850525,-0.08508635412509902,-0.18234291672706604,0.5842190083064618,-6.511732264513626e-10,0.584219008957635,3.4269760362803936e-09,0.6136333256259934,5.585522316973407,0.7642216643593045,0.777642160088648,5.426076337627478,0.9326744773512556,-0.16400883446265457,0.15944597934592863,-0.16845281299195114,-2.5573736452833313,0.4273497668974072,-1.6511974565017296,3.1415926529386202,0.3514707523527102,-1.6832535584741313,-5.6989662982219516,0.07587901454469703,0.03205610197240172,-0.5897424411901835,0.7292235977509667,-0.06912859485320808,0.34008533475555874,-0.6559891402874691,0.7342424241821353,0.11648207695053898,0.1303772837013303
9.405884266,1.490753917419223,1.4583390951156616,0.03241482230356141,0.041479915380477905,-0.5252557878114571,-0.5475508570671082,0.022295069255651057,0.05288445204496384,1.6646430644863095,1.6772568225860596,-0.012613758099750072,-0.031197641044855118,0.8754040150893524,0.9656776785850525,-0.0902736634957001,-0.18234291672706604,0.5816484453497324,-6.511732264513626e-10,0.5816484460009056,3.4269760362803936e-09,0.6123479709704274,5.594811826206579,0.7540263713310162,0.777642160088648,5.426076337627478,0.9326744773512556,-0.16529418911822058,0.1687354885791006,-0.1786481060202394,-2.5599442082400605,0.4320631046925093,-1.6508387361705699,3.1415926529386202,0.3514707523527102,-1.6832535584741313,-5.701536861178681,0.08059235233979911,0.03241482230356141,-0.5894982329335473,0.7293000580683554,-0.06652846822131715,0.3408624672589279,-0.6559891402874691,0.7342424241821353,0.11648207695053898,0.1303772837013303
9.415858269,1.490935207183226,1.4583390951156616,0.03259611206756441,0.041479915380477905,-0.524589060239552,-0.5475508570671082,0.02296179682755617,0.05288445204496384,1.664215872250438,1.6772568225860596,-0.01304095033562147,-0.031197641044855118,0.8727824572630412,0.9656776785850525,-0.09289522132201133,-0.18234291672706604,0.5803493365139586,-6.511732264513626e-10,0.5803493371651318,3.4269760362803936e-09,0.611696055887306,5.59950880824867,0.7488841478138748,0.777642160088648,5.426076337627478,0.9326744773512556,-0.16594610420134193,0.17343247062119183,-0.18379032953738084,-2.5612433170758346,0.4344451271827867,-1.6506574464065673,3.1415926529386202,0.3514707523527102,-1.6832535584741313,-5.702835970014455,0.08297437483007652,0.032596112067563965,-0.5893747051040623,0.7293351762750226,-0.06521403884861011,0.3412547241701326,-0.6559891402874691,0.7342424241821353,0.11648207695053898,0.1303772837013303
9.435770035,1.4912940022174601,1.4599549770355225,0.03133902518193765,0.040438853204250336,-0.5232695232910548,-0.5453827381134033,0.022113214822348515,0.056585680693387985,1.6633704055814469,1.675966739654541,-0.012596334073094129,-0.0338425487279892,0.8675940676415416,0.9581563472747803,-0.09056227963323871,-0.1958426684141159,0.5777782382406045,-4.619983562381691e-10,0.5777782387026028,2.764863893389702e-09,0.6104012233478315,5.608809092211673,0.7387274157510406,0.7702634510561386,5.440139071520608,0.9159628450010715,-0.15986222770830705,0.16867002069106452,-0.17723542925003088,-2.5638144153491886,0.43915944652478045,-1.650298651372333,3.1415926531277947,0.358114047640796,-1.681637676554271,-5.705407068476983,0.08104539888398443,0.031339025181938096,-0.5891300074277418,0.7293977042161268,-0.06261188946441602,0.3420300786921061,-0.6561912670207921,0.7332753826055646,0.11876766336891974,0.13271954071724867
9.446305275,1.491474690864721,1.4599549770355225,0.03151971382919849,0.040438853204250336,-0.5226050064402473,-0.5453827381134033,0.022777731673156,0.056585680693387985,1.6629446298205024,1.675966739654541,-0.01302210983403862,-0.0338425487279892,0.8649812023208944,0.9581563472747803,-0.0931751449538859,-0.1958426684141159,0.5764834369622684,-4.619983562381691e-10,0.5764834374242668,2.764863893389702e-09,0.6097468231695444,5.61349486052822,0.7336227674870686,0.7702634510561386,5.440139071520608,0.9159628450010715,-0.16051662788659415,0.17335578900761206,-0.18234007751400294,-2.565109216627525,0.44153357075556454,-1.6501179627250724,3.1415926531277947,0.358114047640796,-1.681637676554271,-5.706701869755319,0.08341952311476852,0.031519713829198714,-0.5890066658760438,0.7294256837517894,-0.06130109248743686,0.34242005708875717,-0.6561912670207921,0.7332753826055646,0.11876766336891974,0.13271954071724867
9.465957642,1.4918347062771864,1.4615278244018555,0.030306881875330927,0.03926273435354233,-0.5212809813187989,-0.5431355237960815,0.02185454247728269,0.05777193233370781,1.6620962874452723,1.6746153831481934,-0.01251909570292109,-0.03484608978033066,0.8597751653042338,0.9503096342086792,-0.09053446890444539,-0.2013821303844452,0.5739035935501453,-5.426159521704221e-10,0.5739035940927613,1.04046193882823e-09,0.608438301589177,5.622835292086072,0.7234724991943557,0.7631441681944133,5.454774118457884,0.8986600119819204,-0.15470586660523633,0.16806117362818807,-0.17518751278756461,-2.567689060039648,0.44626392502600687,-1.6497579473126074,3.1415926530471774,0.3650649028959232,-1.6800648291879379,-5.709281713086826,0.08119902213008368,0.030306881875330483,-0.5887606855862951,0.7294744223274621,-0.05868868430612265,0.3431960964410692,-0.656350632565232,0.732293754724419,0.12115382666393626,0.13517194312251818
9.485795975,1.4922732599964077,1.4615278244018555,0.03074543559455223,0.03926273435354233,-0.5196681166434314,-0.5431355237960815,0.023467407152650166,0.05777193233370781,1.6610628769551987,1.6746153831481934,-0.01355250619299464,-0.03484608978033066,0.8534334176539765,0.9503096342086792,-0.09687621655470269,-0.2013821303844452,0.5707609505292629,-5.426159521704221e-10,0.5707609510718789,1.04046193882823e-09,0.6068359276473878,5.634220746948466,0.7111449999257418,0.7631441681944133,5.454774118457884,0.8986600119819204,-0.15630824054702552,0.1794466284905818,-0.1875150120561786,-2.5708317030605303,0.45202621849097024,-1.6493193935933856,3.1415926530471774,0.3650649028959232,-1.6800648291879379,-5.712424356107707,0.08696131559504705,0.03074543559455223,-0.588460630379604,0.729521179871477,-0.05550516666148117,0.3441396679925875,-0.656350632565232,0.732293754724419,0.12115382666393626,0.13517194312251818
9.505834341,1.4927895596126823,1.4630206823349,0.029768877277782435,0.03631752356886864,-0.5177693266514687,-0.5409846901893616,0.023215363537892886,0.052547961473464966,1.6598462655890318,1.673316240310669,-0.013469974721637135,-0.03175116330385208,0.8459674180857749,0.9426763653755188,-0.09670894728974389,-0.1876460164785385,0.567061186248045,-9.526889277466921e-10,0.567061187200734,6.5338099375367165e-09,0.6049376282693066,5.647634616474949,0.6966844840335269,0.7563793293201602,5.468965874344776,0.8820588972620365,-0.15144170105085353,0.17866874213017336,-0.18537441322850956,-2.5745314673417483,0.45881003943337617,-1.648803093977111,3.1415926526371045,0.3718464809598879,-1.6785719712548932,-5.716124119978852,0.08696355847348824,0.029768877277782213,-0.5881067891366857,0.7295584663416423,-0.05175566497277562,0.3452480266472128,-0.6564821303704509,0.7313413927856317,0.12348138730886515,0.1375620830422564
9.516037703,1.493048024740451,1.4630206823349,0.03002734240555105,0.03631752356886864,-0.5168187720075988,-0.5409846901893616,0.024165918181762724,0.052547961473464966,1.6592372168849676,1.673316240310669,-0.014079023425701331,-0.03175116330385208,0.8422298585922424,0.9426763653755188,-0.10044650678327638,-0.1876460164785385,0.5652090445506367,-9.526889277466921e-10,0.5652090455033256,6.5338099375367165e-09,0.6039824860704402,5.65435367684454,0.689466738480752,0.7563793293201602,5.468965874344776,0.8820588972620365,-0.15239684324971992,0.18538780249976394,-0.19259215878128444,-2.5763836090391568,0.46220609298710297,-1.6485446288493426,3.1415926526371045,0.3718464809598879,-1.6785719712548932,-5.717976261676261,0.09035961202721504,0.030027342405550606,-0.5879294076330704,0.729569916738517,-0.04987799779818118,0.34580187039116045,-0.6564821303704509,0.7313413927856317,0.12348138730886515,0.1375620830422564
9.526623011,1.4933066219165485,1.4630206823349,0.030285939581648602,0.03631752356886864,-0.5158677317308948,-0.5409846901893616,0.02511695845846673,0.052547961473464966,1.658627857021466,1.673316240310669,-0.014688383289202855,-0.03175116330385208,0.838490389601322,0.9426763653755188,-0.10418597577419675,-0.1876460164785385,0.563355956604817,-9.526889277466921e-10,0.5633559575575059,6.5338099375367165e-09,0.6030236198414863,5.661078717319899,0.6822595958532982,0.7563793293201602,5.468965874344776,0.8820588972620365,-0.15335570947867383,0.19211284297512332,-0.19979930140873825,-2.5782366969849764,0.46560388156482074,-1.6482860316732448,3.1415926526371045,0.3718464809598879,-1.6785719712548932,-5.719829349622081,0.09375740060493282,0.03028593958164838,-0.5877517698059048,0.7295765541587549,-0.04799897028966376,0.346355319813333,-0.6564821303704509,0.7313413927856317,0.12348138730886515,0.1375620830422564
9.545672894,1.4938220718720854,1.464508295059204,0.029313776812881276,0.03732004761695862,-0.5139720665278236,-0.5385492444038391,0.024577177876015543,0.06604477763175964,1.6574132478007173,1.671826720237732,-0.01441347243701463,-0.04060561582446098,0.8310366766328039,0.9340022802352905,-0.10296560360248663,-0.23564499616622925,0.5596622809286453,-7.216044983771042e-10,0.5596622816502499,1.4624674804508686e-09,0.6011026733314654,5.674490798856954,0.6679366829377877,0.749802934934945,5.485024791860473,0.8633090096450322,-0.1487002616034796,0.18946600699648108,-0.19537232670724447,-2.581930372661148,0.47237653855101636,-1.647770581717708,3.1415926528681886,0.3795746403875307,-1.6770843585305892,-5.723523025529337,0.09280189816348566,0.029313776812881276,-0.5873971912587758,0.729575403004214,-0.044252445116033254,0.3474564607742852,-0.6565434840569555,0.7303162442502463,0.12612154422030397,0.14029323935975901
9.555531502,1.494081148007518,1.464508295059204,0.02957285294831391,0.03732004761695862,-0.5130192647871114,-0.5385492444038391,0.02552997961672776,0.06604477763175964,1.6568027593147021,1.671826720237732,-0.015023960923029822,-0.04060561582446098,0.8272902816049962,0.9340022802352905,-0.10671199863029435,-0.23564499616622925,0.5578057607961973,-7.216044983771042e-10,0.5578057615178018,1.4624674804508686e-09,0.6001322821976983,5.681235582091694,0.6607592418445234,0.749802934934945,5.485024791860473,0.8633090096450322,-0.14967065273724667,0.19621079023122068,-0.20254976780050882,-2.583786892793596,0.47578062032412716,-1.647511505582275,3.1415926528681886,0.3795746403875307,-1.6770843585305892,-5.725379545661784,0.09620597993659646,0.029572852948314132,-0.5872187170771328,0.7295675905927617,-0.04236881150435952,0.3480088977061748,-0.6565434840569555,0.7303162442502463,0.12612154422030397,0.14029323935975901
9.575832605,1.494596612919233,1.464508295059204,0.030088317860028857,0.03732004761695862,-0.5111235445798518,-0.5385492444038391,0.02742569982398735,0.06604477763175964,1.6555881148511296,1.671826720237732,-0.01623860538660238,-0.04060561582446098,0.8198363523612457,0.9340022802352905,-0.11416592787404478,-0.23564499616622925,0.5541119779451762,-7.216044983771042e-10,0.5541119786667807,1.4624674804508686e-09,0.598191819332976,5.694662022891083,0.6465218481536461,0.749802934934945,5.485024791860473,0.8633090096450322,-0.15161111560196894,0.2096372310306096,-0.2167871614913861,-2.587480675644617,0.4825534738241908,-1.6469960406705606,3.1415926528681886,0.3795746403875307,-1.6770843585305892,-5.729073328512806,0.10297883343666009,0.030088317860028635,-0.5868631033146531,0.7295376516107788,-0.03862005244094971,0.34910600739543735,-0.6565434840569555,0.7303162442502463,0.12612154422030397,0.14029323935975901
9.585449457,1.4948561192191463,1.4659523963928223,0.02890372282632403,0.035882990807294846,-0.5101691608274831,-0.5359809398651123,0.025811779037629212,0.06420721113681793,1.6549766127230736,1.6702467203140259,-0.015270107590952264,-0.039498139172792435,0.8160837368991655,0.9247784614562988,-0.10869472455713336,-0.2305951863527298,0.5522523752863596,-7.384847178215637e-10,0.5522523760248443,2.903107088059187e-09,0.5972099881626786,5.7014247711023245,0.6393758920298436,0.7435243027574164,5.50202990343641,0.8435574889584843,-0.14631431459473787,0.19939486766591408,-0.20418159692864069,-2.5893402783034336,0.48596320766195816,-1.6467365343706468,3.1415926528513087,0.3878101545515015,-1.6756402571969709,-5.730932931154742,0.09815305311045669,0.02890372282632403,-0.5866838090018722,0.7295153270968673,-0.036732279336155374,0.34965731143589185,-0.6565453141853774,0.7292584919767952,0.12892738968409512,0.14320625157513261
9.595799923,1.4951145466594125,1.4659523963928223,0.029162150266590192,0.035882990807294846,-0.509218744786568,-0.5359809398651123,0.02676219507854427,0.06420721113681793,1.6543676528260556,1.6702467203140259,-0.0158790674879703,-0.039498139172792435,0.8123467223893359,0.9247784614562988,-0.11243173906696291,-0.2305951863527298,0.5504005036547636,-7.384847178215637e-10,0.5504005043932483,2.903107088059187e-09,0.5962289545567536,5.708161536628586,0.6322741469405047,0.7435243027574164,5.50202990343641,0.8435574889584843,-0.1472953482006628,0.2061316331921752,-0.2112833420179796,-2.59119214993503,0.4893587660278906,-1.646478106930381,3.1415926528513087,0.3878101545515015,-1.6756402571969709,-5.732784802786339,0.1015486114763891,0.029162150266589748,-0.5865050823203111,0.7294882683443848,-0.03485204340620262,0.350205639347467,-0.6565453141853774,0.7292584919767952,0.12892738968409512,0.14320625157513261
9.605757952,1.49537351445942,1.4659523963928223,0.02942111806659775,0.035882990807294846,-0.5082663414699767,-0.5359809398651123,0.02771459839513557,0.06420721113681793,1.6537574196222549,1.6702467203140259,-0.016489300691771014,-0.039498139172792435,0.8086018939562162,0.9247784614562988,-0.11617656750008265,-0.2305951863527298,0.5485447598458361,-7.384847178215637e-10,0.5485447605843208,2.903107088059187e-09,0.5952425757396947,5.714914462903836,0.6251720979931363,0.7435243027574164,5.50202990343641,0.8435574889584843,-0.1482817270177217,0.21288455946742602,-0.21838539096534793,-2.5930478937439574,0.49276142434821973,-1.646219139130373,3.1415926528513087,0.3878101545515015,-1.6756402571969709,-5.734640546595266,0.10495126979671826,0.02942111806659775,-0.5863258022742716,0.7294563205670916,-0.032967577681309645,0.35075442804614604,-0.6565453141853774,0.7292584919767952,0.12892738968409512,0.14320625157513261
9.616427660,1.4956424949686418,1.4659523963928223,0.0296900985758195,0.035882990807294846,-0.5072771145117452,-0.5359809398651123,0.02870382535336713,0.06420721113681793,1.6531235924132441,1.6702467203140259,-0.017123127900781743,-0.039498139172792435,0.8047122757918735,0.9247784614562988,-0.12006618566442528,-0.2305951863527298,0.5466172657145341,-7.384847178215637e-10,0.5466172664530188,2.903107088059187e-09,0.5942145619956878,5.721930617718959,0.6178109015045754,0.7435243027574164,5.50202990343641,0.8435574889584843,-0.14930974076172865,0.21990071428254865,-0.22574658745390885,-2.5949753878752593,0.49629564276334165,-1.6459501586211516,3.1415926528513087,0.3878101545515015,-1.6756402571969709,-5.736568040726568,0.10848548821184018,0.02969009857581928,-0.5861393983162692,0.7294180155799757,-0.031009948900009972,0.35132370736691143,-0.6565453141853774,0.7292584919767952,0.12892738968409512,0.14320625157513261
9.632565975,1.4959047214848011,1.4673740863800049,0.028530635104796254,0.03534854203462601,-0.5063127266469946,-0.5333899259567261,0.027077199309731514,0.06477619707584381,1.6525056803520815,1.6686433553695679,-0.01613767501748642,-0.040085893124341965,0.8009203243847753,0.9154380559921265,-0.11451773160735113,-0.23350869119167328,0.5447381701903597,-8.087704950199281e-10,0.5447381709991302,1.1059455573558807e-09,0.5932089239330309,5.728772629084429,0.6106497210667807,0.7373477302886529,5.519258790852184,0.8236888603688195,-0.14413880635562193,0.2095138382322448,-0.21303913930203877,-2.5968544833994334,0.49974111836685164,-1.6456879321049922,3.1415926527810227,0.3961629110517456,-1.6742185672097887,-5.738447136180456,0.10357820731510603,0.028530635104796476,-0.5859574845033254,0.7293756479429577,-0.029101192664754662,0.35187797761129436,-0.6565189347453916,0.7281875511491677,0.13177216719558305,0.14615702044285767
9.638906956,1.4961777033012094,1.4673740863800049,0.028803616921204478,0.03534854203462601,-0.5053087841209021,-0.5333899259567261,0.028081141835823997,0.06477619707584381,1.6518624244399518,1.6686433553695679,-0.016780930929616078,-0.040085893124341965,0.7969728449383734,0.9154380559921265,-0.11846521105375307,-0.23350869119167328,0.5427820029922201,-8.087704950199281e-10,0.5427820038009906,1.1059455573558807e-09,0.5921584272285524,5.735897327938845,0.6032107740734642,0.7373477302886529,5.519258790852184,0.8236888603688195,-0.14518930306010047,0.21663853708666103,-0.22047808629535526,-2.5988106505975734,0.5033279111992909,-1.645414950288584,3.1415926527810227,0.3961629110517456,-1.6742185672097887,-5.740403303378596,0.10716500014754526,0.0288036169212047,-0.5857679078203833,0.7293262723740507,-0.027113866328814552,0.35245423085190225,-0.6565189347453916,0.7281875511491677,0.13177216719558305,0.14615702044285767
9.655623913,1.496664202538828,1.4687930345535278,0.027871167985300094,0.03549295663833618,-0.5035195906867619,-0.530528724193573,0.02700913350681111,0.07267361134290695,1.6507160348563434,1.6668540239334106,-0.016137989077067205,-0.04549689218401909,0.789937776572065,0.9051502346992493,-0.11521245812718428,-0.2609405815601349,0.539295785986737,-6.900268689769007e-10,0.5392957866767638,4.598405212163925e-09,0.5902771099568115,5.748599723385928,0.5899937644264917,0.7313189088137414,5.538239884681435,0.8018696312097602,-0.1410417988569299,0.21035983870449293,-0.21187586678326853,-2.602296867603056,0.5097201757150677,-1.6449284510509652,3.1415926528997664,0.4053788620176273,-1.6727996190362655,-5.743889520502822,0.10434131369744037,0.027871167985300316,-0.585429534366331,0.7292249480109622,-0.02357145276376802,0.3534793093020238,-0.6564207456806603,0.7270408041315713,0.13490202081035513,0.14941525540936762
9.665872574,1.4969226202924502,1.4687930345535278,0.028129585738922325,0.03549295663833618,-0.5025692102703211,-0.530528724193573,0.02795951392325191,0.07267361134290695,1.6501070977849883,1.6668540239334106,-0.016746926148422325,-0.04549689218401909,0.7862009021368677,0.9051502346992493,-0.1189493325623816,-0.2609405815601349,0.5374439837689036,-6.900268689769007e-10,0.5374439844589305,4.598405212163925e-09,0.589273013792324,5.755349444066256,0.5829942956137852,0.7313189088137414,5.538239884681435,0.8018696312097602,-0.1420458950214174,0.2171095593848209,-0.21887533559597494,-2.6041486698208898,0.5131156068051789,-1.6446700332973432,3.1415926528997664,0.4053788620176273,-1.6727996190362655,-5.745741322720656,0.10773674478755157,0.028129585738922325,-0.5852495256688839,0.7291641822322467,-0.02168947775700115,0.3540228165084195,-0.6564207456806603,0.7270408041315713,0.13490202081035513,0.14941525540936762
9.686027765,1.4974393516230686,1.4687930345535278,0.028646317069540794,0.03549295663833618,-0.5006688325667863,-0.530528724193573,0.029859891626786705,0.07267361134290695,1.6488894691246745,1.6668540239334106,-0.017964554808736155,-0.04549689218401909,0.7787286597224523,0.9051502346992493,-0.12642157497679696,-0.2609405815601349,0.5337411258551152,-6.900268689769007e-10,0.5337411265451422,4.598405212163925e-09,0.5872552487249173,5.768851042333463,0.5690422475201826,0.7313189088137414,5.538239884681435,0.8018696312097602,-0.1440636600888241,0.230611157652028,-0.23282738368957756,-2.607851527734678,0.5199051001763736,-1.6441533019667245,3.1415926528997664,0.4053788620176273,-1.6727996190362655,-5.749444180634445,0.1145262381587463,0.028646317069541016,-0.5848890062861495,0.7290282249662227,-0.017925678655522085,0.355107543672249,-0.6564207456806603,0.7270408041315713,0.13490202081035513,0.14941525540936762
9.696053505,1.4976978067283897,1.4687930345535278,0.02890477217486187,0.03549295663833618,-0.49971831478237255,-0.530528724193573,0.030810409411200446,0.07267361134290695,1.6482804440375631,1.6668540239334106,-0.018573579895847514,-0.04549689218401909,0.7749912451594727,0.9051502346992493,-0.13015898953977656,-0.2609405815601349,0.5318890559778132,-6.900268689769007e-10,0.53188905666784,4.598405212163925e-09,0.5862410148010386,5.775606497283421,0.5620859027647247,0.7313189088137414,5.538239884681435,0.8018696312097602,-0.14507789401270277,0.23736661260198666,-0.23978372844503548,-2.60970359761198,0.5233010220420506,-1.6438948468614036,3.1415926528997664,0.4053788620176273,-1.6727996190362655,-5.751296250511746,0.11792216002442335,0.02890477217486187,-0.584708393380865,0.728952994762206,-0.01604284947798925,0.3556490589300151,-0.6564207456806603,0.7270408041315713,0.13490202081035513,0.14941525540936762
9.715363264,1.4982140623543858,1.4701911211013794,0.028022941253006417,0.03367499262094498,-0.49781968657302267,-0.527642011642456,0.029822325069433386,0.0692872703075409,1.6470639363303403,1.6650440692901611,-0.017980132959820816,-0.04341874644160271,0.7675258817168681,0.8947169780731201,-0.12719109635625203,-0.2529433071613312,0.5281896069276291,-3.039645757318965e-10,0.5281896072315937,1.2005330063402653e-09,0.5842051021715555,5.789104624200379,0.5482350641981846,0.7253817727245233,5.557475944699629,0.7799201063409755,-0.1411766705529678,0.2316286795007505,-0.23168504214279095,-2.6134030466621643,0.5300842649825284,-1.6433785912354075,3.1415926532858287,0.4147353607358888,-1.671401532488414,-5.754995699947993,0.11534890424663957,0.028022941253006417,-0.5843470359322107,0.7287882960158335,-0.01228146893619546,0.3567286457636207,-0.65629003798097,0.7258752511379397,0.13807822366861086,0.15271840092435182
9.725626469,1.4984726187432549,1.4701911211013794,0.028281497641875486,0.03367499262094498,-0.49686879629910524,-0.527642011642456,0.030773215343350813,0.0692872703075409,1.6464546725780969,1.6650440692901611,-0.018589396712064277,-0.04341874644160271,0.7637870025335328,0.8947169780731201,-0.1309299755395873,-0.2529433071613312,0.5263368112600256,-3.039645757318965e-10,0.5263368115639901,1.2005330063402653e-09,0.583180428928791,5.795866938919138,0.5413203529062804,0.7253817727245233,5.557475944699629,0.7799201063409755,-0.14220134379573235,0.23839099421950927,-0.23859975343469508,-2.6152558423297676,0.5334815176441896,-1.6431200348465385,3.1415926532858287,0.4147353607358888,-1.671401532488414,-5.756848495615596,0.11874615690830082,0.028281497641875486,-0.584165758732292,0.7286985826734884,-0.01039743611380559,0.3572682959018809,-0.65629003798097,0.7258752511379397,0.13807822366861086,0.15271840092435182
9.746041298,1.498988894414146,1.4715619087219238,0.02742698569222224,0.03438194841146469,-0.49497009437084316,-0.5247336626052856,0.029763568234442483,0.07384870946407318,1.6452381176369688,1.6632159948349,-0.01797787719793109,-0.04646269232034683,0.7563213492298224,0.8841508626937866,-0.1278295134639642,-0.2678889036178589,0.5226372185696287,3.809940696264391e-10,0.5226372181886347,-1.1641532182693481e-09,0.5811243351977725,5.8093734556979815,0.5275577840649468,0.7195702593983413,5.5769408745594795,0.7578741360298824,-0.13844592420056878,0.23243258113850196,-0.2303163519649356,-2.6189554350201645,0.5402650239607658,-1.6426037591756466,-3.141592653208799,0.4242212015333131,-1.6700307448678695,0.5226372181886347,0.1160438224274527,0.027426985692222905,-0.5838031866534356,0.7285050155319863,-0.006635095435040307,0.3583437694541404,-0.6561246189792262,0.7246932248089891,0.14129638764784014,0.1560626320519572
9.765902758,1.499504692959707,1.4715619087219238,0.02794278423778307,0.03438194841146469,-0.4930731471616889,-0.5247336626052856,0.03166051544359677,0.07384870946407318,1.6440226869966956,1.6632159948349,-0.019193307838204277,-0.04646269232034683,0.7488625954422021,0.8841508626937866,-0.1352882672515845,-0.2678889036178589,0.5189410449235213,3.809940696264391e-10,0.5189410445425273,-1.1641532182693481e-09,0.5790567123247549,5.822872117300195,0.5138672720155255,0.7195702593983413,5.5769408745594795,0.7578741360298824,-0.14051354707358643,0.2459312427407152,-0.2440068640143569,-2.622651608666272,0.5470422611795052,-1.6420879606300864,-3.141592653208799,0.4242212015333131,-1.6700307448678695,0.5189410445425273,0.12282105964619205,0.02794278423778307,-0.5834401336976462,0.7282924242222699,-0.002875818779442647,0.35941547668077634,-0.6561246189792262,0.7246932248089891,0.14129638764784014,0.1560626320519572
9.775629282,1.4997638797036967,1.4715619087219238,0.028201970981772906,0.03438194841146469,-0.49211993863697895,-0.5247336626052856,0.032613723968306696,0.07384870946407318,1.6434119378720438,1.6632159948349,-0.019804056962856142,-0.04646269232034683,0.7451146009488593,0.8841508626937866,-0.13903626174492734,-0.2678889036178589,0.5170837321784563,3.809940696264391e-10,0.5170837317974621,-1.1641532182693481e-09,0.5780126595538528,5.829656734643519,0.5070102940187109,0.7195702593983413,5.5769408745594795,0.7578741360298824,-0.14155759984448846,0.2527158600840398,-0.2508638420111715,-2.624508921411337,0.55044779627279,-1.6418287738860966,-3.141592653208799,0.4242212015333131,-1.6700307448678695,0.5170837317974621,0.12622659473947684,0.028201970981772906,-0.5832573888289081,0.728178352686096,-0.0009866735627992724,0.3599529573862784,-0.6561246189792262,0.7246932248089891,0.14129638764784014,0.1560626320519572
9.795841217,1.5002806307434067,1.4729292392730713,0.027351391470335384,0.05494127422571182,-0.4902194884495137,-0.5216193795204163,0.031399891070902575,0.07903586328029633,1.6421942627691144,1.661247968673706,-0.019053705904591656,-0.04990506172180176,0.7376420735292587,0.8728613257408142,-0.1352192522115555,-0.2859777510166168,0.513380733030799,3.32827237992106e-10,0.5133807326979718,8.731149137020111e-11,0.5759209222818794,5.843186372726433,0.493384196629314,0.7138582377199438,5.597745088204801,0.734406406186114,-0.13793731543806442,0.2454412845216316,-0.24102220955679998,-2.628211920558994,0.5572375486078547,-1.6413120228463867,-3.141592653256966,0.43436448156261026,-1.668663414316722,0.5133807326979718,0.12287306704524442,0.027351391470335384,-0.5828924112501673,0.7279364621926566,0.0027799730438713218,0.3610224586743604,-0.6558943262952136,0.7234441715480125,0.14473135624126218,0.1596370818686015
9.815754890,1.5007971972719243,1.4729292392730713,0.027867957998853,0.05494127422571182,-0.48831971683703557,-0.5216193795204163,0.03329966268338069,0.07903586328029633,1.6409770224494133,1.661247968673706,-0.020270946224292707,-0.04990506172180176,0.7301722142512547,0.8728613257408142,-0.14268911148955954,-0.2859777510166168,0.5096790560764912,3.32827237992106e-10,0.509679055743664,8.731149137020111e-11,0.57381636325577,5.856714596570486,0.4798229414174162,0.7138582377199438,5.597745088204801,0.734406406186114,-0.14004187446417382,0.2589695083656842,-0.25458346476869775,-2.631913597513302,0.5640248765930815,-1.6407954563178688,-3.141592653256966,0.43436448156261026,-1.668663414316722,0.5096790557436641,0.12966039503047128,0.02786795799885322,-0.582526711477892,0.7276754088177394,0.006545430589733911,0.36208878352564794,-0.6558943262952136,0.7234441715480125,0.14473135624126218,0.1596370818686015
9.835610628,1.50131373006509,1.474291205406189,0.027022524658901093,0.03390341252088547,-0.4864200692927267,-0.5184106230735779,0.031990553780851194,0.08250302076339722,1.6397598616238878,1.6592133045196533,-0.01945344289576556,-0.05239107459783554,0.7227028428065037,0.8611928224563599,-0.1384899796498562,-0.29920125007629395,0.5059776208671806,5.058494734200281e-10,0.5059776203613311,5.456968210637569e-10,0.5716983371926104,5.870244861859766,0.4663227181787033,0.7081891191463272,5.61924677505174,0.7103338043289626,-0.13649078195371678,0.2509980868080266,-0.24401108615025935,-2.6356150327226127,0.5708117613190494,-1.6402789235247035,-3.1415926530839435,0.4448588925542787,-1.667301448183604,0.5059776203613309,0.12595286876477074,0.027022524658900426,-0.5821601695520728,0.7273951317353985,0.010310694793883511,0.363152239271096,-0.6556177892790914,0.7221502703674019,0.14828221957702029,0.16332998728463055
9.856075287,1.5018304422549005,1.474291205406189,0.027539236848711512,0.03390341252088547,-0.48451976198315316,-0.5184106230735779,0.03389086109042472,0.08250302076339722,1.638542278067084,1.6592133045196533,-0.020671026452569352,-0.05239107459783554,0.7152308771795617,0.8611928224563599,-0.14596194527679818,-0.29920125007629395,0.5022749001149871,5.058494734200281e-10,0.5022748996091376,5.456968210637569e-10,0.5695659257117498,5.883782260662973,0.45287816492478616,0.7081891191463272,5.61924677505174,0.7103338043289626,-0.1386231934345774,0.2645354856112334,-0.2574556394041765,-2.639317753474806,0.5776010031932216,-1.6397622113348926,-3.1415926530839435,0.4448588925542787,-1.667301448183604,0.5022748996091377,0.13274211063894292,0.02753923684871129,-0.5817926200857149,0.7270955108732067,0.014077216017530014,0.3642132579561395,-0.6556177892790914,0.7221502703674019,0.14828221957702029,0.16332998728463055
9.875785112,1.5023468937577509,1.4756332635879517,0.02671363016979922,0.03348333016037941,-0.48262041339943296,-0.5152229070663452,0.03260249366691226,0.08311177045106888,1.6373253087945219,1.6571898460388184,-0.019864537244296487,-0.052869923412799835,0.7077626812411251,0.849525511264801,-0.14176283002367596,-0.3028891682624817,0.49857404742597194,6.555886944425993e-10,0.49857404677038325,2.0445440895855427e-09,0.5674209104870479,5.89731476989529,0.43950089792302016,0.7025754681299138,5.6407309398117444,0.6865020033423916,-0.13515455764286588,0.2565838300835459,-0.24700110541937148,-2.643018606163821,0.5843868198205004,-1.6392457598320422,-3.1415926529342046,0.4553619462194398,-1.6659593900018412,0.49857404677038364,0.12902487360106063,0.026713630169798996,-0.5814243625480539,0.7267768102131695,0.017841683121027914,0.36527093111191966,-0.6553138984532844,0.7208430122462556,0.15183526169950523,0.16701826096072794
9.886973619,1.502606523710902,1.4756332635879517,0.026973260122950427,0.03348333016037941,-0.48166557488877465,-0.5152229070663452,0.033557332177570565,0.08311177045106888,1.6367135152892698,1.6571898460388184,-0.020476330749548577,-0.052869923412799835,0.7040082776796716,0.849525511264801,-0.14551723358512947,-0.3028891682624817,0.49671355867733824,6.555886944425993e-10,0.49671355802174955,2.0445440895855427e-09,0.5663373933000904,5.904118395802975,0.4327987958915247,0.7025754681299138,5.6407309398117444,0.6865020033423916,-0.13623807482982342,0.26338745599123037,-0.25370320745086694,-2.6448790949124548,0.5877981783765472,-1.6389861298788906,-3.1415926529342046,0.4553619462194398,-1.6659593900018412,0.4967135580217499,0.13243623215710743,0.02697326012295065,-0.5812388907526784,0.7266093327076495,0.019734061426807812,0.3658015805301329,-0.6553138984532844,0.7208430122462556,0.15183526169950523,0.16701826096072794
9.897068262,1.5028762988607247,1.4756332635879517,0.027243035272773053,0.03348333016037941,-0.4806734254886659,-0.5152229070663452,0.03454948157767934,0.08311177045106888,1.6360778155846065,1.6571898460388184,-0.02111203045421184,-0.052869923412799835,0.700107168539557,0.849525511264801,-0.149418342725244,-0.3028891682624817,0.4947803702111614,6.555886944425993e-10,0.4947803695555727,2.0445440895855427e-09,0.5652078607121647,5.911188197307416,0.42585107089055363,0.7025754681299138,5.6407309398117444,0.6865020033423916,-0.13736760741774912,0.2704572574956714,-0.260650932451838,-2.6468122833786323,0.5913428378212162,-1.6387163547290688,-3.1415926529342046,0.4553619462194398,-1.6659593900018412,0.49478036955557236,0.1359808916017764,0.027243035272772387,-0.5810459268041522,0.7264301654486774,0.021700302687004413,0.36635221103987253,-0.6553138984532844,0.7208430122462556,0.15183526169950523,0.16701826096072794
9.915612936,1.5033793852748205,1.4769905805587769,0.026388804716043657,0.03375283628702164,-0.4788232295596622,-0.511898398399353,0.033075168839690805,0.08311232179403305,1.6348923398835604,1.6550750732421875,-0.02018273335862708,-0.05286908149719238,0.6928322397346334,0.8374099135398865,-0.1445776738052531,-0.30288922786712646,0.4911752907445759,3.2409608330397077e-10,0.4911752904204798,4.874891601502895e-10,0.5630914419936022,5.924372848095539,0.41293906875421715,0.6968983722174391,5.6630701872568805,0.6618239468729727,-0.13380693022383694,0.26130266083865816,-0.2488848781187556,-2.6504173628452175,0.5979530463981826,-1.6382132683149726,-3.1415926532656973,0.46626780807399315,-1.6646020730310167,0.4911752904204798,0.13168523832418944,0.0263888047160441,-0.5806854077226652,0.7260820424833192,0.025366744508799013,0.3673769904529119,-0.6549646428309587,0.7194772291939243,0.1555223466428955,0.17084095822558226
9.935503244,1.503896150831581,1.4783004522323608,0.025595698599220063,0.05273796617984772,-0.47692272598298474,-0.5087001323699951,0.031777406387010376,0.08295181393623352,1.633674630572571,1.6530431509017944,-0.019368520329223538,-0.05272388085722923,0.6853595023898504,0.8256191611289978,-0.14025965873914736,-0.3051631450653076,0.48747218756882643,3.3195413084996517e-10,0.4874721872368723,-2.86672729998827e-09,0.5609038589513329,5.9379164423569355,0.3997362590502971,0.6913758014533207,5.684759077928919,0.638134977423829,-0.1304719425019878,0.2531573644280165,-0.23839871837353188,-2.6541204660209665,0.6047429894772776,-1.6376965027582122,-3.141592653257839,0.47689221679591687,-1.6632922013574327,0.4874721872368726,0.1278507726813607,0.025595698599220507,-0.5803141624433447,0.7257054750298196,0.029132420042372053,0.36842684278143745,-0.6545997089244358,0.71813097299574,0.159113799268738,0.17455636792309695
9.945711613,1.5041554052270916,1.4783004522323608,0.02585495299473073,0.05273796617984772,-0.47596926865694605,-0.5087001323699951,0.03273086371304906,0.08295181393623352,1.6330637220334887,1.6530431509017944,-0.019979428868305726,-0.05272388085722923,0.6816105296152755,0.8256191611289978,-0.14400863151372234,-0.3051631450653076,0.4856143900380436,3.3195413084996517e-10,0.48561438970608944,-2.86672729998827e-09,0.5598011685589125,5.944711099314523,0.3931356470666225,0.6913758014533207,5.684759077928919,0.638134977423829,-0.13157463289440818,0.2599520213856037,-0.24499933035720645,-2.65597826355175,0.6081494134648959,-1.6374372483627018,-3.141592653257839,0.47689221679591687,-1.6632922013574327,0.48561438970608917,0.13125719666897906,0.02585495299473095,-0.5801275567854937,0.7255093131269902,0.031021402178841646,0.3689524725909224,-0.6545997089244358,0.71813097299574,0.159113799268738,0.17455636792309695
9.965989590,1.5046717053083252,1.4783004522323608,0.02637125307596433,0.05273796617984772,-0.47407047695500865,-0.5087001323699951,0.03462965541498647,0.08295181393623352,1.6318471095716902,1.6530431509017944,-0.02119604133010422,-0.05272388085722923,0.6741445233234915,0.8256191611289978,-0.1514746378055063,-0.3051631450653076,0.481914622424965,3.3195413084996517e-10,0.4819146220930109,-2.86672729998827e-09,0.557594793681376,5.958242247360959,0.3800366594618563,0.6913758014533207,5.684759077928919,0.638134977423829,-0.13378100777194468,0.27348316943203965,-0.2580983179619727,-2.659678031164828,0.614933240516541,-1.6369209482814684,-3.141592653257839,0.47689221679591687,-1.6632922013574327,0.48191462209301106,0.1380410237206241,0.02637125307596433,-0.5797552163719143,0.7251042490881499,0.034782796584837586,0.3699971271585808,-0.6545997089244358,0.71813097299574,0.159113799268738,0.17455636792309695
9.985727310,1.505207308105607,1.4796110391616821,0.02559626894392486,0.03207019716501236,-0.47210069584518727,-0.505361020565033,0.03326032471984569,0.08403830975294113,1.6305850120794907,1.6509158611297607,-0.02033084905027005,-0.05357852578163147,0.6663993882755778,0.8133007287979126,-0.14690134052233483,-0.3107563257217407,0.47807653299812847,1.173133812315541e-10,0.4780765328808151,2.35741026699543e-09,0.5552912841346005,5.97227844192529,0.36651281692690274,0.6858824637972317,5.707418635413822,0.6135484955726969,-0.13059117966263123,0.2648598065114687,-0.24703567864579412,-2.6635161205916646,0.621970691946833,-1.6363853454841861,-3.14159265347248,0.48799882709407333,-1.6619816144281112,0.4780765328808152,0.13397186485275964,0.025596268943925082,-0.5793679315659116,0.7246637702527966,0.03868405393523745,0.3710778407924339,-0.6541758160385854,0.7167220166991982,0.1628634813607814,0.17843497114616108
10.005802631,1.505759899841087,1.4796110391616821,0.026148860679404917,0.03207019716501236,-0.47006843468539505,-0.505361020565033,0.035292585879637905,0.08403830975294113,1.6292828817562384,1.6509158611297607,-0.021632979373522376,-0.05357852578163147,0.6584085830755786,0.8133007287979126,-0.154892145722334,-0.3107563257217407,0.47411670211586543,1.173133812315541e-10,0.47411670199855205,2.35741026699543e-09,0.5528990405216885,5.986758378884145,0.3526294323052388,0.6858824637972317,5.707418635413822,0.6135484955726969,-0.13298342327554324,0.27933974347032375,-0.26091906326745806,-2.6674759514739277,0.6292313663102922,-1.635832753748706,-3.14159265347248,0.48799882709407333,-1.6619816144281112,0.47411670199855216,0.14123253921621887,0.02614886067940514,-0.5789672534552157,0.7241876934862411,0.04270812188842364,0.37218962956316437,-0.6541758160385854,0.7167220166991982,0.1628634813607814,0.17843497114616108
10.025810957,1.5063132631907448,1.4808841943740845,0.025429068816660294,0.031781673431396484,-0.4680333357677733,-0.5020313262939453,0.03399799052617203,0.08552064746618271,1.627978933196928,1.648792028427124,-0.02081309523019592,-0.05461863800883293,0.6504066198755796,0.8009344339370728,-0.15052781406149318,-0.3166232407093048,0.47015134190434477,-8.20478476826203e-11,0.47015134198639263,1.7025740817189217e-09,0.5504874730985205,6.001256426164159,0.3387975070737046,0.6805540729281948,5.730136142060457,0.5891365203884071,-0.13006659982967428,0.27112028410370215,-0.25033901331470254,-2.6714413116854487,0.6365021791519797,-1.6352793903990483,3.1415926535077454,0.4991592603864627,-1.6607084592157089,-5.813033965193194,0.13734291876551702,0.025429068816660516,-0.578564870456706,0.7236889521797503,0.046736732624390535,0.3732997039778983,-0.6537122980094784,0.7152991634940928,0.166627467732552,0.18232560196762101
10.045752048,1.506866582669455,1.4808841943740845,0.025982388295370473,0.031781673431396484,-0.4659983981939019,-0.5020313262939453,0.03603292810004344,0.08552064746618271,1.6266750880153698,1.648792028427124,-0.02211694041175427,-0.05461863800883293,0.6424052910755804,0.8009344339370728,-0.15852914286149233,-0.3166232407093048,0.466186296068741,-8.20478476826203e-11,0.4661862961507889,1.7025740817189217e-09,0.5480600680324065,6.015750599084185,0.3250377523398251,0.6805540729281948,5.730136142060457,0.5891365203884071,-0.13249400489578833,0.285614457023728,-0.264098768048582,-2.675406357521052,0.6437724155596658,-1.6347260709203384,3.1415926535077454,0.4991592603864627,-1.6607084592157089,-5.8169990110287975,0.1446131551732031,0.025982388295370473,-0.5781613562797469,0.7231682488795333,0.05076382055396228,0.37440641613097153,-0.6537122980094784,0.7152991634940928,0.166627467732552,0.18232560196762101
10.065584898,1.5074199994608977,1.4821218252182007,0.02529817424269698,0.0303660836070776,-0.46396310273395613,-0.4987161457538605,0.03475304301990434,0.08239469677209854,1.625371013525532,1.6466789245605469,-0.021307911035014948,-0.052514463663101196,0.6344025550755813,0.7885068655014038,-0.1541043104258225,-0.3097273111343384,0.46222055289740227,-3.562722339367497e-11,0.4622205529330295,3.1868694350123405e-09,0.5456161686912444,6.030243979158166,0.3113468508083508,0.6753814973157874,5.752909535871626,0.5649192797087377,-0.12976532862454304,0.27733444328653967,-0.2535724289003869,-2.679372100692391,0.6510439305895571,-1.6341726541288955,3.141592653554166,0.5103847521486239,-1.6594708283715927,-5.820964754246557,0.14065917844093323,0.025298174242697202,-0.5777565907599415,0.7226254592194004,0.054790286456409584,0.37551004251740716,-0.6532086412986673,0.7138604757490122,0.17040922074732115,0.18623208526039123
10.085818768,1.5079721334558718,1.4821218252182007,0.025850308237671094,0.0303660836070776,-0.4619325250018952,-0.4987161457538605,0.036783620751965285,0.08239469677209854,1.6240699618246237,1.6466789245605469,-0.022608962735923166,-0.052514463663101196,0.6264183690755822,0.7885068655014038,-0.16208849642582157,-0.3097273111343384,0.4582640021492333,-3.562722339367497e-11,0.4582640021848605,3.1868694350123405e-09,0.5431618877393128,6.044699818726765,0.29775889433854363,0.6753814973157874,5.752909535871626,0.5649192797087377,-0.1322196095764746,0.2917902828551391,-0.26716038537019404,-2.68332865144056,0.6582985905584033,-1.6336205201339218,3.141592653554166,0.5103847521486239,-1.6594708283715927,-5.824921304994726,0.14791383840977945,0.02585030823767087,-0.5773515701193149,0.7220620197688025,0.05880596740294617,0.37660783619829663,-0.6532086412986673,0.7138604757490122,0.17040922074732115,0.18623208526039123
10.095684052,1.5082499572967167,1.4821218252182007,0.026128132078516053,0.0303660836070776,-0.46091077501042466,-0.4987161457538605,0.03780537074343582,0.08239469677209854,1.6234152961384416,1.6466789245605469,-0.023263628422105276,-0.052514463663101196,0.6224008710755826,0.7885068655014038,-0.1661059944258212,-0.3097273111343384,0.45627313736756775,-3.562722339367497e-11,0.456273137403195,3.1868694350123405e-09,0.5419208662248673,6.051972051418836,0.2909486349144468,0.6753814973157874,5.752909535871626,0.5649192797087377,-0.1334606310909201,0.2990625155472104,-0.2739706447942909,-2.685319516222225,0.6619490042531146,-1.6333426962930762,3.141592653554166,0.5103847521486239,-1.6594708283715927,-5.826912169776391,0.15156425210449076,0.026128132078516497,-0.5771473149247824,0.7217702356206323,0.060825997344911335,0.3771589875559748,-0.6532086412986673,0.7138604757490122,0.17040922074732115,0.18623208526039123
10.116196156,1.50880150611521,1.4833722114562988,0.025429294658911195,0.031053541228175163,-0.45888234937611905,-0.4952249825000763,0.036342633123957246,0.08727868646383286,1.6221156233507366,1.6444480419158936,-0.022332418565156997,-0.0557740144431591,0.6144251470755836,0.7754776477813721,-0.16105250070578847,-0.3257302939891815,0.45232077995011916,2.4391505482057596e-10,0.4523207797062041,3.0850060284137726e-09,0.5394450676753768,6.066405499968379,0.27748217136150144,0.6701779220952544,5.776811110269488,0.5396222689386803,-0.1307328544198776,0.28959438969889106,-0.2621400975771788,-2.689271873639674,0.6691959754065129,-1.6327911474745835,-3.141592653345878,0.5221536892595248,-1.6582204421334945,0.4523207797062039,0.1470422861469881,0.025429294658910973,-0.5767409025130538,0.7211745710240937,0.06483500954674959,0.3782506986295142,-0.6526400503830376,0.7123443590445432,0.17436905497298677,0.1903205491828786
10.126086473,1.5090796334843708,1.4833722114562988,0.02570742202807197,0.031053541228175163,-0.4578594831015632,-0.4952249825000763,0.03736549939851308,0.08727868646383286,1.6214602424286964,1.6444480419158936,-0.022987799487197202,-0.0557740144431591,0.610403259875584,0.7754776477813721,-0.1650743879057881,-0.3257302939891815,0.45032774010733356,2.4391505482057596e-10,0.4503277398634185,3.0850060284137726e-09,0.5381905126246027,6.07368176324548,0.2707185614008685,0.6701779220952544,5.776811110269488,0.5396222689386803,-0.13198740947065168,0.2968706529759917,-0.2689037075378118,-2.6912649134824593,0.6728503772539969,-1.6325130201054223,-3.141592653345878,0.5221536892595248,-1.6582204421334945,0.4503277398634187,0.1506966879944721,0.02570742202807219,-0.5765354964063014,0.7208659275656106,0.06685595854604436,0.3787999691993137,-0.6526400503830376,0.7123443590445432,0.17436905497298677,0.1903205491828786
10.145693779,1.50963251317481,1.4846158027648926,0.025016710409917486,0.031180066987872124,-0.4558261629326652,-0.4916365146636963,0.03581035173103109,0.09214803576469421,1.6201574335667324,1.64215087890625,-0.021993445339517637,-0.05905526876449585,0.6024082906755849,0.7621077299118042,-0.15969943923621932,-0.34223151206970215,0.4463658457614544,4.854768254070052e-10,0.44636584527597756,3.776222001761198e-09,0.5356844749816894,6.088141552766417,0.2573274204254836,0.66501069937676,5.801348368722475,0.5138164186804866,-0.1293262243950707,0.28679318404394216,-0.25648899825500293,-2.695226807828339,0.6801148351470621,-1.6319601404149833,-3.1415926531043166,0.5342323023023563,-1.6569768508249008,0.4463658452759778,0.14588253284470576,0.025016710409917486,-0.5761262380795332,0.7202359291769227,0.07087193965563714,0.379889368485652,-0.6520171705535849,0.7107766871990092,0.1784283231936361,0.19450820990386675
10.166105270,1.5101857960021927,1.4846158027648926,0.025569993237300137,0.031180066987872124,-0.4537913601510191,-0.4916365146636963,0.03784515451267717,0.09214803576469421,1.618853674750572,1.64215087890625,-0.023297204155678042,-0.05905526876449585,0.5944074918755858,0.7621077299118042,-0.16770023803621836,-0.34223151206970215,0.4424010625665126,4.854768254070052e-10,0.4424010620810358,3.776222001761198e-09,0.5331603997512301,6.102605453357632,0.2439985865899046,0.66501069937676,5.801348368722475,0.5138164186804866,-0.13185029962552997,0.3012570846351572,-0.26981783209058197,-2.6991915910232804,0.6873845899815755,-1.6314068575876006,-3.1415926531043166,0.5342323023023563,-1.6569768508249008,0.44240106208103613,0.15315228767921918,0.025569993237300137,-0.5757154167109666,0.7195835623455219,0.07488888842641636,0.38097625930456913,-0.6520171705535849,0.7107766871990092,0.1784283231936361,0.19450820990386675
10.175646782,1.510462860427528,1.4846158027648926,0.02584705766263551,0.031180066987872124,-0.4527724030544564,-0.4916365146636963,0.038864111609239915,0.09214803576469421,1.618200798555436,1.64215087890625,-0.023950080350813918,-0.05905526876449585,0.5904009754755862,0.7621077299118042,-0.17170675443621797,-0.34223151206970215,0.4404156396993636,4.854768254070052e-10,0.44041563921388677,3.776222001761198e-09,0.5318903303321406,6.109845849456354,0.23735112050839247,0.66501069937676,5.801348368722475,0.5138164186804866,-0.13312036904461944,0.3084974807338794,-0.2764652981720941,-2.7011770138904296,0.6910250254801481,-1.6311297931622653,-3.1415926531043166,0.5342323023023563,-1.6569768508249008,0.44041563921388693,0.1567927231777918,0.02584705766263551,-0.5755092112211319,0.7192486494638756,0.0768996574639312,0.3815192927309859,-0.6520171705535849,0.7107766871990092,0.1784283231936361,0.19450820990386675
10.195753098,1.511015545630809,1.4858660697937012,0.025149475837107804,0.03133341670036316,-0.45073979814905724,-0.4879341125488281,0.03719431439977089,0.0950070396065712,1.6168984479841235,1.6397771835327148,-0.022878735548591322,-0.06097845733165741,0.5824088186755871,0.7483085989952087,-0.1658997803196216,-0.35299551486968994,0.43645513903385763,4.534626285579435e-10,0.436455138580395,2.3283064365386963e-09,0.5293446293867942,6.12428331945438,0.22414502397074276,0.6598114097339408,5.826674934391887,0.48738493367240143,-0.13046678034714665,0.2976083850624933,-0.26323990970165867,-2.7051375145559358,0.6982869279460605,-1.6305771079589844,-3.1415926531363305,0.5467027264776185,-1.655726583796092,0.43645513858039475,0.15158420146844198,0.025149475837107582,-0.5750969058107944,0.7185641723440003,0.08090909188391794,0.38260004966146033,-0.6513354011712673,0.7091430454198522,0.1826146198078282,0.19882212388505463
10.205668211,1.5112922893224505,1.4858660697937012,0.02542621952874935,0.03133341670036316,-0.44972202061162814,-0.4879341125488281,0.03821209193719999,0.0950070396065712,1.6162463275676968,1.6397771835327148,-0.023530855965018027,-0.06097845733165741,0.5784069402755876,0.7483085989952087,-0.16990165871962115,-0.35299551486968994,0.4344720145202753,4.534626285579435e-10,0.4344720140668127,2.3283064365386963e-09,0.5280638287886973,6.131509575260254,0.21755955806200467,0.6598114097339408,5.826674934391887,0.48738493367240143,-0.13174758094524353,0.30483464086836687,-0.26982537561039677,-2.707120639069518,0.7019231492250577,-1.6303003642673428,-3.1415926531363305,0.5467027264776185,-1.655726583796092,0.4344720140668126,0.1552204227474392,0.025426219528749128,-0.5748899646827778,0.7182132343597669,0.08291587316943216,0.38313996982051823,-0.6513354011712673,0.7091430454198522,0.1826146198078282,0.19882212388505463
10.225764036,1.5118453271529957,1.4871271848678589,0.0247181422851368,0.031214622780680656,-0.4476881188524268,-0.4841301441192627,0.036442025266835876,0.09519054740667343,1.6149431460634835,1.6373356580734253,-0.022392512009941745,-0.06109965220093727,0.5704096842755885,0.7341493368148804,-0.1637396525392919,-0.35496726632118225,0.43050898695427187,1.733382604118816e-10,0.43050898678093363,2.9176590032875538e-09,0.5254920924441631,6.14594404819046,0.20445372782688964,0.6545418383064999,5.85267167492627,0.46044564557432643,-0.12904974586233686,0.2932723732641893,-0.2559919177474368,-2.7110836666355214,0.7091896849700688,-1.6297473264367976,-3.141592653416455,0.5594995456876707,-1.6544654687219345,0.4305089867809335,0.14969013928239816,0.0247181422851368,-0.5744754299148723,0.7174955403780322,0.0869244066497504,0.38421644614767225,-0.6505998482607306,0.707446292736245,0.18690655422894786,0.20323759574231987
10.246005535,1.5123986863534467,1.4871271848678589,0.025271501485587766,0.031214622780680656,-0.4456530351943022,-0.4841301441192627,0.03847710892496048,0.09519054740667343,1.613639207281388,1.6373356580734253,-0.023696450792037194,-0.06109965220093727,0.5624077810755894,0.7341493368148804,-0.17174155573929095,-0.35496726632118225,0.4265436564756563,1.733382604118816e-10,0.42654365630231805,2.9176590032875538e-09,0.5229025450575701,6.160377983915406,0.19141298442270016,0.6545418383064999,5.85267167492627,0.46044564557432643,-0.13163929324892987,0.3077063089891352,-0.2690326611516263,-2.7150489971141365,0.7164604432940391,-1.6291939672363462,-3.141592653416455,0.5594995456876707,-1.6544654687219345,0.4265436563023184,0.15696089760636844,0.02527150148558821,-0.5740593210394319,0.7167555805458614,0.09093280425671618,0.3852902267046512,-0.6505998482607306,0.707446292736245,0.18690655422894786,0.20323759574231987
10.265773296,1.5129508171397006,1.4883527755737305,0.02459804156597012,0.030646979808807373,-0.44362246926291915,-0.4805056154727936,0.03688314620987443,0.09305384010076523,1.6123381631415261,1.6350141763687134,-0.022676013227187264,-0.05966717004776001,0.5544236414755903,0.720501184463501,-0.16607754298791066,-0.3492041230201721,0.422587128720934,-2.831553047588642e-10,0.42258712900408935,6.05359673500061e-09,0.5203024574418542,6.174770357336092,0.1784738125507097,0.6493369613214229,5.8776689706691,0.4348956388995908,-0.12903450387956872,0.29710138666699226,-0.2564218263488811,-2.719005524868859,0.7237150611025167,-1.6286418364500925,3.141592653306638,0.5718446510972932,-1.6532398780160629,-5.860598178175497,0.1518704100052235,0.02459804156597034,-0.5736427897533084,0.7159954996248289,0.09492972049654745,0.3863583083712329,-0.6498663918905371,0.705780226371724,0.19104601087963594,0.20748341254382452
10.276023388,1.5132287652907845,1.4883527755737305,0.02487598971705407,0.030646979808807373,-0.44260026209691244,-0.4805056154727936,0.037905353375881135,0.09305384010076523,1.6116832045299865,1.6350141763687134,-0.0233309718387269,-0.05966717004776001,0.5504043458755907,0.720501184463501,-0.17009683858791025,-0.3492041230201721,0.4205953731414307,-2.831553047588642e-10,0.42059537342458597,6.05359673500061e-09,0.5189873837713332,6.1820118269344695,0.17198759811827813,0.6493369613214229,5.8776689706691,0.4348956388995908,-0.1303495775500897,0.30434285626536983,-0.2629080407813127,-2.7209972804483624,0.7273671081480492,-1.6283638882990086,3.141592653306638,0.5718446510972932,-1.6532398780160629,-5.862589933755,0.15552245705075596,0.024875989717054292,-0.5734325895611764,0.7156046467914597,0.09694079218674025,0.3868947370149157,-0.6498663918905371,0.705780226371724,0.19104601087963594,0.20748341254382452
10.296242714,1.513781797810345,1.4883527755737305,0.025429022236614474,0.030646979808807373,-0.4405663798698675,-0.4805056154727936,0.03993923560292606,0.09305384010076523,1.6103800355406082,1.6350141763687134,-0.024634140828105222,-0.05966717004776001,0.5424071666755916,0.720501184463501,-0.17809401778790934,-0.3492041230201721,0.4166323836335458,-2.831553047588642e-10,0.4166323839167011,6.05359673500061e-09,0.516358496782993,6.196412204867383,0.1591368460340099,0.6493369613214229,5.8776689706691,0.4348956388995908,-0.13297846453842999,0.31874323419828343,-0.2757587928655809,-2.7249602699562474,0.7346335741103819,-1.6278108557794486,3.141592653306638,0.5718446510972932,-1.6532398780160629,-5.866552923262885,0.16278892301308867,0.02542902223661425,-0.5730133201029313,0.7148106066140475,0.10094011288970198,0.387959566535596,-0.6498663918905371,0.705780226371724,0.19104601087963594,0.20748341254382452
10.315892696,1.5143351726394751,1.489564061164856,0.02477111147461919,0.03045479580760002,-0.43853123873430344,-0.4769059717655182,0.03837473303121475,0.09365323185920715,1.6090760599310034,1.6327097415924072,-0.023633681661403783,-0.06005692854523659,0.5344050374755925,0.7068816423416138,-0.17247660486602123,-0.3524895906448364,0.4126669411609877,1.4612618060017013e-10,0.4126669410148615,-2.4010660126805305e-10,0.5137115946582681,6.210810381988633,0.14635131952209868,0.6441507701277236,5.902583543726299,0.4096862815567839,-0.1304391754694555,0.30822683826233455,-0.2633349620346852,-2.728925712428806,0.7419045377844216,-1.6272574809503186,-3.1415926534436673,0.5841689842882114,-1.6520285924249376,0.41266694101486134,0.15773555349621016,0.024771111474618968,-0.5725923982612736,0.713994294057837,0.10493900391098841,0.3890217204275665,-0.6491033527907745,0.7040952915313144,0.1951751998137106,0.21171041357686432
10.335963726,1.5148881004330534,1.489564061164856,0.025324039268197485,0.03045479580760002,-0.4364977416569679,-0.4769059717655182,0.04040823010855027,0.09365323185920715,1.6077731377185285,1.6327097415924072,-0.02493660387387875,-0.06005692854523659,0.5264093726755934,0.7068816423416138,-0.18047226966602037,-0.3524895906448364,0.4087047021116283,1.4612618060017013e-10,0.4087047019655021,-2.4010660126805305e-10,0.5110504404585151,6.2251851976094414,0.13364936112918313,0.6441507701277236,5.902583543726299,0.4096862815567839,-0.13310032966920848,0.3226016538831429,-0.27603692042760075,-2.732887951478165,0.7491696277195601,-1.6267045531567397,-3.1415926534436673,0.5841689842882114,-1.6520285924249376,0.40870470196550235,0.16500064343134868,0.02532403926819793,-0.5721704078499557,0.7131569009048084,0.10893163669707956,0.39007968108985125,-0.6491033527907745,0.7040952915313144,0.1951751998137106,0.21171041357686432
10.355823517,1.5154414649721506,1.4907890558242798,0.024652409147870813,0.03069409728050232,-0.4344626383649569,-0.4730999767780304,0.038637338413073485,0.09758967906236649,1.6064691863564167,1.6302673816680908,-0.023798195311674153,-0.06268741190433502,0.5184073922755943,0.692547619342804,-0.17414022706720966,-0.36634713411331177,0.40473933337667484,-2.332422310846738e-10,0.4047393336099171,3.3760443329811096e-09,0.5083707652793427,6.23955900112027,0.12101078805367238,0.6389288980981452,5.928818728399141,0.3832799808626868,-0.13055813281880257,0.31074027272112925,-0.2622691928090144,-2.7368533202131187,0.7564404561896599,-1.6261511886176427,3.1415926533565512,0.5971393722238499,-1.6508035977655136,-5.87844597356967,0.15930108396581,0.024652409147870813,-0.5717466574114785,0.7122971112198068,0.11292426773018471,0.39113513629476104,-0.6482542477436541,0.702310589510449,0.19951305597926228,0.21614996330698402
10.375846148,1.5159945455948496,1.4907890558242798,0.0252054897705698,0.03069409728050232,-0.4324285792294745,-0.4730999767780304,0.04067139754855592,0.09758967906236649,1.6051659040165274,1.6302673816680908,-0.025101477651563453,-0.06268741190433502,0.5104095174755953,0.692547619342804,-0.1821381018672087,-0.36634713411331177,0.4007759991653098,-2.332422310846738e-10,0.400775999398552,3.3760443329811096e-09,0.505676037620827,6.253912440669648,0.10845220754500207,0.6389288980981452,5.928818728399141,0.3832799808626868,-0.1332528604773182,0.3250937122705073,-0.2748277733176847,-2.740816654424483,0.7637075541940659,-1.6255981079949433,3.1415926533565512,0.5971393722238499,-1.6508035977655136,-5.882409307781034,0.16656818197021594,0.025205489770570244,-0.5713216812335414,0.7114160583352707,0.116911570881157,0.3921867069257786,-0.6482542477436541,0.702310589510449,0.19951305597926228,0.21614996330698402
10.385684252,1.5162715021961282,1.492004156112671,0.024267346083457264,0.030532067641615868,-0.43141001867637896,-0.46930259466171265,0.03789257598533369,0.09859529882669449,1.6045132818986152,1.6278305053710938,-0.023317223472478554,-0.06336575746536255,0.5064045602755957,0.6782097220420837,-0.17180516176648808,-0.3704466223716736,0.3987913489572555,1.1425752011184898e-10,0.39879134884299794,-5.602487362921238e-10,0.5043204703198223,6.261094887858439,0.10219111409642578,0.6337023562747248,5.955039007234716,0.35713808105793743,-0.12938188595490252,0.306055880623723,-0.25494696696151165,-2.742801304632538,0.7673465729588822,-1.6253211513936652,-3.1415926534755356,0.6101167637052494,-1.6495884974771222,0.3987913488429977,0.15722980925363284,0.024267346083457042,-0.5711083258291979,0.7109667226441472,0.11890695253332598,0.3927120269363398,-0.6473717389315414,0.7005001018545374,0.2038492010715881,0.22057865299482227
10.405754328,1.5168245738565405,1.492004156112671,0.02482041774386956,0.030532067641615868,-0.42937599250141045,-0.46930259466171265,0.039926602160302194,0.09859529882669449,1.60321002067751,1.6278305053710938,-0.0246204846935838,-0.06336575746536255,0.4984068150755966,0.6782097220420837,-0.17980290696648715,-0.3704466223716736,0.39482807896896555,1.1425752011184898e-10,0.39482807885470805,-5.602487362921238e-10,0.5016011155144532,6.275427428768956,0.08974323444003085,0.6337023562747248,5.955039007234716,0.35713808105793743,-0.13210124076027163,0.32038842153423985,-0.2673948466179066,-2.7467645746208276,0.7746135532050178,-1.6247680797332527,-3.1415926534755356,0.6101167637052494,-1.6495884974771222,0.39482807885470805,0.16449678949976843,0.02482041774386956,-0.570681159482851,0.7100531642103288,0.12288903646245483,0.3937585591749567,-0.6473717389315414,0.7005001018545374,0.2038492010715881,0.22057865299482227
10.425550461,1.5173777013652778,1.4932024478912354,0.02417525347404248,0.029754849150776863,-0.4273417609336096,-0.4656091034412384,0.03826734250762881,0.09355796873569489,1.6019066278550926,1.6254634857177734,-0.023556857862680802,-0.05999348312616348,0.49040826227559753,0.6641693711280823,-0.17376110885248475,-0.35501107573509216,0.39086440877577255,-6.749589082089003e-11,0.39086440884326845,3.092281986027956e-09,0.49886503062469695,6.2897468589759855,0.0773678702170244,0.6284692293871208,5.9806709334731005,0.33188473223050696,-0.12960419876242385,0.309075925502885,-0.25451686201348256,-2.7507282448140207,0.7818812672596334,-1.6242149522245153,3.1415926535222973,0.6228306430520968,-1.648390205698558,-5.892320898336318,0.15905062420753657,0.0241752534740427,-0.5702524646274613,0.7091178717753189,0.12686793128014873,0.3948018471687331,-0.6464815474537666,0.6986965409630895,0.20809514446942684,0.22490256400549438
10.445504665,1.5179308219033474,1.4932024478912354,0.02472837401211203,0.029754849150776863,-0.42530755500176404,-0.4656091034412384,0.040301548439474366,0.09355796873569489,1.6006032514583963,1.6254634857177734,-0.024860234259377112,-0.05999348312616348,0.48240981027559837,0.6641693711280823,-0.1817595608524839,-0.35501107573509216,0.3869007885338602,-6.749589082089003e-11,0.38690078860135607,3.092281986027956e-09,0.49611251441430104,6.3040509214931975,0.06506653891699576,0.6284692293871208,5.9806709334731005,0.33188473223050696,-0.13235671497281976,0.32337998802009693,-0.2668181933135112,-2.754691865055933,0.7891488897244835,-1.6236618316864457,3.1415926535222973,0.6228306430520968,-1.648390205698558,-5.896284518578231,0.1663182466723867,0.024728374012112253,-0.5698222728118516,0.7081609737483369,0.1308430599640728,0.3958417693050863,-0.6464815474537666,0.6986965409630895,0.20809514446942684,0.22490256400549438
10.455940723,1.5182077555733424,1.4932024478912354,0.02500530768210707,0.029754849150776863,-0.4242890787828231,-0.4656091034412384,0.04132002465841528,0.09355796873569489,1.5999506833758916,1.6254634857177734,-0.025512802341881802,-0.05999348312616348,0.47840518467559884,0.6641693711280823,-0.18576418645248344,-0.35501107573509216,0.38491630264966153,-6.749589082089003e-11,0.38491630271715743,3.092281986027956e-09,0.494728209686645,6.311206706704377,0.05893535329034583,0.6284692293871208,5.9806709334731005,0.33188473223050696,-0.1337410197004758,0.3305357732312766,-0.27294937894016114,-2.7566763509401317,0.7927876071880463,-1.6233848980164505,3.1415926535222973,0.6228306430520968,-1.648390205698558,-5.8982690044624295,0.16995696413594952,0.025005307682107514,-0.5696063167912323,0.7076737657251441,0.132831872839075,0.3963611720817061,-0.6464815474537666,0.6986965409630895,0.20809514446942684,0.22490256400549438
10.475842476,1.518760638195888,1.4932024478912354,0.025558190304652673,0.029754849150776863,-0.4222557478305471,-0.4656091034412384,0.04335335561069131,0.09355796873569489,1.5986478676046958,1.6254634857177734,-0.026815618113077644,-0.05999348312616348,0.47041017307559974,0.6641693711280823,-0.19375919805248254,-0.35501107573509216,0.3809543872925294,-6.749589082089003e-11,0.3809543873600253,3.092281986027956e-09,0.4919521665290717,6.325480658825507,0.0467502965504929,0.6284692293871208,5.9806709334731005,0.33188473223050696,-0.1365170628580491,0.3448097253524063,-0.28513443568001406,-2.7606382662972635,0.8000521036069658,-1.622832015393905,3.1415926535222973,0.6228306430520968,-1.648390205698558,-5.90223091981956,0.17722146055486898,0.025558190304652895,-0.5691740250265651,0.7066849059465796,0.1367994849611947,0.3973956137864193,-0.6464815474537666,0.6986965409630895,0.20809514446942684,0.22490256400549438
10.486421824,1.5190417041163646,1.4932024478912354,0.02583925622512928,0.029754849150776863,-0.4212220744748832,-0.4656091034412384,0.04438702896635521,0.09355796873569489,1.5979855622635428,1.6254634857177734,-0.027477923454230613,-0.05999348312616348,0.4663457926756002,0.6641693711280823,-0.19782357845248205,-0.35501107573509216,0.37894029001167157,-6.749589082089003e-11,0.37894029007916746,3.092281986027956e-09,0.49053461035279977,6.332730648892314,0.04058423077009121,0.6284692293871208,5.9806709334731005,0.33188473223050696,-0.13793461903432103,0.3520597154192133,-0.29130050146041575,-2.762652363578122,0.8037451159924542,-1.6225509494734287,3.1415926535222973,0.6228306430520968,-1.648390205698558,-5.904245017100419,0.18091447294035745,0.02583925622512928,-0.5689536725733955,0.7061739472466662,0.13881494342198328,0.39792020076651047,-0.6464815474537666,0.6986965409630895,0.20809514446942684,0.22490256400549438
10.505896568,1.5195913959987986,1.4932024478912354,0.026388948107563204,0.029754849150776863,-0.4192004780759552,-0.4656091034412384,0.04640862536528323,0.09355796873569489,1.5966902651705792,1.6254634857177734,-0.028773220547194223,-0.05999348312616348,0.4583969210756011,0.6641693711280823,-0.20577245005248118,-0.35501107573509216,0.37500123925858553,-6.749589082089003e-11,0.3750012393260814,3.092281986027956e-09,0.4877499337663545,6.34689692105753,0.028580365043144873,0.6284692293871208,5.9806709334731005,0.33188473223050696,-0.1407192956207663,0.36622598758442937,-0.3033043671873621,-2.766591414331208,0.8109676882864889,-1.6220012575909948,3.1415926535222973,0.6228306430520968,-1.648390205698558,-5.908184067853505,0.18813704523439212,0.026388948107563204,-0.5685215592023085,0.7051585742067287,0.14275358869642998,0.39894364872648375,-0.6464815474537666,0.6986965409630895,0.20809514446942684,0.22490256400549438
10.526301146,1.5201430523647348,1.495602011680603,0.024541040684131765,0.02956456132233143,-0.4171716569154821,-0.45796310901641846,0.040791452100936376,0.09591799974441528,1.5953903389574648,1.6205573081970215,-0.025166969239556636,-0.061558257788419724,0.450419641875602,0.6351279020309448,-0.1847082601553428,-0.3645203113555908,0.37104811116423597,-4.452636315210867e-10,0.3710481116094996,3.1868694350123405e-09,0.4849389304084373,6.361096237673671,0.01660731869505394,0.6179321100542445,6.033639791048717,0.28030320587821844,-0.13299317964580726,0.32745644662495366,-0.2636958871831645,-2.7705445424255575,0.8182160725391293,-1.6214496012250588,3.1415926531445297,0.6491322952451665,-1.6459906419091903,-5.912137195570088,0.16908377729396284,0.024541040684131543,-0.568086342597549,0.7041182143161698,0.14670212592200782,0.3999674160132447,-0.6445233005485466,0.6949057677177076,0.2168593503314303,0.23381127264634047
10.535660028,1.5204204871206175,1.495602011680603,0.024818475440014476,0.02956456132233143,-0.4161513378579291,-0.45796310901641846,0.04181177115848933,0.09591799974441528,1.5947365901133115,1.6205573081970215,-0.025820718083710004,-0.061558257788419724,0.44640777027560247,0.6351279020309448,-0.18872013175534236,-0.3645203113555908,0.3690600345361943,-4.452636315210867e-10,0.3690600349814579,3.1868694350123405e-09,0.4835190419451046,6.3682303946740255,0.010613861337805286,0.6179321100542445,6.033639791048717,0.28030320587821844,-0.13441306810913994,0.33459060362530835,-0.26968934454041316,-2.772532619053599,0.8218613739257293,-1.6211721664691758,3.1415926531445297,0.6491322952451665,-1.6459906419091903,-5.914125272198129,0.17272907868056286,0.024818475440014476,-0.5678668713537,0.7035869274654836,0.14868627101829035,0.4004810166903249,-0.6445233005485466,0.6949057677177076,0.2168593503314303,0.23381127264634047
10.555647373,1.5209763409625678,1.4968221187591553,0.024154222203412568,0.030252527445554733,-0.41410707968143706,-0.45393097400665283,0.03982389432521577,0.10080285370349884,1.5934267729437313,1.6179646253585815,-0.024537852414850292,-0.06481840461492538,0.43836979307560336,0.6199069023132324,-0.18153710923762906,-0.3805261552333832,0.36507682764391686,-4.2343578643411206e-10,0.36507682806735264,3.5433913581073284e-09,0.4806617403977709,6.382509821154151,-0.0013380174263641909,0.6125397029515933,6.061400007830281,0.25350970964274144,-0.13187796255382245,0.32110981332386945,-0.25484772706910563,-2.7765158259458764,0.8291649101188165,-1.6206163126272253,3.141592653166357,0.662913842791553,-1.644770534830638,-5.918108479112234,0.16625106732726358,0.02415422220341279,-0.5674259404438573,0.7025062223588595,0.1526582549766956,0.40150749288893595,-0.6434364989412996,0.692885740170084,0.22144094491183497,0.23845907576704103
10.575711966,1.5215269189219676,1.4980096817016602,0.023517237220307408,0.029314590618014336,-0.4120822245660167,-0.4500657916069031,0.0379835670408864,0.09662845730781555,1.5921293878939422,1.6154841184616089,-0.02335473056766668,-0.062016721814870834,0.4304081082756043,0.6051653623580933,-0.174757254082489,-0.3685378432273865,0.36113142732983033,-2.0777640719060742e-10,0.36113142753760674,4.678440745919943e-09,0.47781513565798595,6.396634516248174,-0.013102348088904758,0.6072114511435289,6.088205267601325,0.22801440350493873,-0.12939631548554298,0.3084292486468483,-0.2411167515938435,-2.780461226259963,0.8363991248531842,-1.6200657346678258,3.141592653382017,0.6762707072439152,-1.643582971888133,-5.922053879641981,0.160128417609269,0.023517237220307186,-0.5669875896087582,0.701414432321122,0.15658803564819707,0.4025208745557521,-0.6423536372569952,0.690896471586745,0.2258774189265118,0.24294703511422353
10.595890760,1.5220804844209859,1.4980096817016602,0.024070802719325712,0.029314590618014336,-0.41004638220569123,-0.4500657916069031,0.04001940940121185,0.09662845730781555,1.5908249629887237,1.6154841184616089,-0.02465915547288522,-0.062016721814870834,0.4224032218756052,0.6051653623580933,-0.18276214048248807,-0.3685378432273865,0.35716461853117165,-2.0777640719060742e-10,0.35716461873894806,4.678440745919943e-09,0.4749366069144665,6.410815961728692,-0.02485608940441697,0.6072114511435289,6.088205267601325,0.22801440350493873,-0.13227484422906244,0.3226106941273663,-0.2528704929093557,-2.7844280350586215,0.8436725937980766,-1.6195121691688072,3.141592653382017,0.6762707072439152,-1.643582971888133,-5.926020688440639,0.16740188655416133,0.024070802719325712,-0.5665452330051649,0.7002953344173212,0.16053449825681312,0.40353639045554385,-0.6423536372569952,0.690896471586745,0.2258774189265118,0.24294703511422353
10.620498419,1.522635029271141,1.4980096817016602,0.02462534756948087,0.029314590618014336,-0.4080069380953763,-0.4500657916069031,0.04205885351152677,0.09662845730781555,1.5895182303348896,1.6154841184616089,-0.025965888126719294,-0.062016721814870834,0.4143841734756061,0.6051653623580933,-0.19078118888248718,-0.3685378432273865,0.3531907917758051,-2.0777640719060742e-10,0.3531907919835815,4.678440745919943e-09,0.4720364211198504,6.425001863632447,-0.0365557348785408,0.6072114511435289,6.088205267601325,0.22801440350493873,-0.13517503002367853,0.3367965960311219,-0.26457013838347954,-2.788401861813988,0.8509589307415947,-1.618957624318652,3.141592653382017,0.6762707072439152,-1.643582971888133,-5.929994515196006,0.17468822349767943,0.02462534756948087,-0.566100441007061,0.6991527893283707,0.16448315222279714,0.404550318873712,-0.6423536372569952,0.690896471586745,0.2258774189265118,0.24294703511422353
10.636692286,1.5231903138142424,1.4991697072982788,0.024020606515963605,0.02843053638935089,-0.40596477362363026,-0.4463561773300171,0.04039140370638683,0.0921812355518341,1.5882097546643705,1.6131083965301514,-0.024898641865780835,-0.05901874229311943,0.406354428675607,0.5908713936805725,-0.1845169650049655,-0.35580697655677795,0.3492116644363311,-7.745735164377265e-10,0.34921166521090463,3.761670086532831e-09,0.4691157577692954,6.439185358199375,-0.04819581791062344,0.6019268724397915,6.114118875425972,0.20372587588518432,-0.13281111467049606,0.3250664827734031,-0.25192169379580776,-2.7923809891534623,0.8582549867403667,-1.6184023397755511,3.14159265281522,0.6892307835760072,-1.6424229462915148,-5.933973641968683,0.1690242031643595,0.024020606515963605,-0.5656533812137625,0.6979872229005084,0.1684321443243512,0.40556220453510566,-0.641276166269884,0.6889358383701256,0.23017859114436992,0.24728547341533277
10.655871391,1.523739876462712,1.5003379583358765,0.023401918126835453,0.029098566621541977,-0.40394365250717507,-0.44252240657806396,0.0385787540708889,0.0970672145485878,1.5869147620990591,1.6106499433517456,-0.023735181252686477,-0.06227976828813553,0.3984074258756079,0.5761590600013733,-0.1777516341257654,-0.3718167245388031,0.3452735397641302,-7.697714132781641e-10,0.34527354053390164,5.24596543982625e-09,0.46620883058446444,6.453201058693222,-0.05964184015724516,0.5965846262612372,6.140777333649174,0.1788840105218923,-0.13037579567677277,0.3124237250440478,-0.23852585067913745,-2.796319113825663,0.8654758609892219,-1.6178527771270812,3.1415926528200218,0.7025677996816595,-1.6412546952539169,-5.937911766645685,0.1629080613075624,0.023401918126835675,-0.5652092616921427,0.6968125187826084,0.1723354659641078,0.40656031697177925,-0.6401283151231641,0.6868977092540098,0.23459688293175016,0.25173712423454686
10.675715208,1.5242922711661866,1.5003379583358765,0.02395431283031013,0.029098566621541977,-0.40191211597004,-0.44252240657806396,0.04061029060802396,0.0970672145485878,1.58561309606315,1.6106499433517456,-0.025036847288595565,-0.06227976828813553,0.3904194698756088,0.5761590600013733,-0.18573959012576446,-0.3718167245388031,0.3413151207984222,-7.697714132781641e-10,0.3413151215681936,5.24596543982625e-09,0.46327052812348635,6.467266663425602,-0.0710724913952836,0.5965846262612372,6.140777333649174,0.1788840105218923,-0.13331409813775086,0.326489329776428,-0.2499565019171759,-2.800277532791371,0.8727339464879951,-1.6173003824236065,3.1415926528200218,0.7025677996816595,-1.6412546952539169,-5.941870185611393,0.17016614680633557,0.023954312830310354,-0.5647611662397524,0.6956105923240536,0.17625378954455523,0.4075602171768947,-0.6401283151231641,0.6868977092540098,0.23459688293175016,0.25173712423454686
10.685596704,1.5245697934426736,1.5003379583358765,0.02423183510679716,0.029098566621541977,-0.40089147503882605,-0.44252240657806396,0.041630931539237914,0.0970672145485878,1.5849591409849444,1.6106499433517456,-0.025690802366801213,-0.06227976828813553,0.38640633267560925,0.5761590600013733,-0.18975272732576404,-0.3718167245388031,0.3393264170043016,-7.697714132781641e-10,0.339326417774073,5.24596543982625e-09,0.4617881281578894,6.474324558570994,-0.07678708421569302,0.5965846262612372,6.140777333649174,0.1788840105218923,-0.13479649810334782,0.3335472249218201,-0.2556710947375853,-2.8022662365854916,0.8763803978349864,-1.6170228601471195,3.1415926528200218,0.7025677996816595,-1.6412546952539169,-5.943858889405513,0.17381259815332695,0.024231835106797384,-0.5645354001149777,0.6949987471401476,0.17822037645090574,0.40806129552843473,-0.6401283151231641,0.6868977092540098,0.23459688293175016,0.25173712423454686
10.695988417,1.5248465436070777,1.5003379583358765,0.024508585271201255,0.029098566621541977,-0.39987367369658133,-0.44252240657806396,0.04264873288148263,0.0970672145485878,1.5843070053160626,1.6106499433517456,-0.026342938035682995,-0.06227976828813553,0.3824043606756097,0.5761590600013733,-0.1937546993257636,-0.3718167245388031,0.3373432461073872,-7.697714132781641e-10,0.3373432468771586,5.24596543982625e-09,0.46030572380219775,6.48135695523009,-0.08246702282878693,0.5965846262612372,6.140777333649174,0.1788840105218923,-0.13627890245903945,0.3405796215809156,-0.2613510333506792,-2.804249407482406,0.8800167041616231,-1.6167461099827156,3.1415926528200218,0.7025677996816595,-1.6412546952539169,-5.945842060302428,0.17744890447996364,0.024508585271201255,-0.5643098306517038,0.6943832824507662,0.180180157443155,0.40856013381937395,-0.6401283151231641,0.6868977092540098,0.23459688293175016,0.25173712423454686
10.715780497,1.5253995907318465,1.501490831375122,0.02390875935672443,0.028313936665654182,-0.3978397377561063,-0.43872442841529846,0.04088469065919215,0.09352198243141174,1.583003801910888,1.608215093612671,-0.025211291701782823,-0.05991709232330322,0.3744069702756106,0.5615409016609192,-0.1871339313853086,-0.3611399233341217,0.3333801519396763,-1.1258568521910206e-09,0.33338015306553315,3.92901711165905e-09,0.45733099538869604,6.495392378212558,-0.09376146660334905,0.591261656589768,6.167215666947073,0.1545024962091306,-0.133930661201072,0.32817671126548476,-0.24826396281247964,-2.8082125016501167,0.887283362026322,-1.616193062857947,3.1415926524639364,0.7158228295984225,-1.6401018222146715,-5.949805154114053,0.1714605324278995,0.02390875935672443,-0.5638577619703992,0.6931374570203745,0.18409245618619163,0.4095544622103347,-0.6389543501738613,0.6848460414674045,0.23898185154767448,0.25614627171046295
10.735969543,1.5259526357543505,1.502646803855896,0.023305831898454477,0.028634963557124138,-0.3958058095471098,-0.4348861277103424,0.0390803181632326,0.09595701098442078,1.5817006034595023,1.6057534217834473,-0.024052818323945013,-0.061542361974716187,0.36640961027561153,0.5467761158943176,-0.1803665056187061,-0.36911892890930176,0.32941707283663735,-1.3502473583670849e-09,0.3294170741868847,5.813490133732557e-09,0.4543398283557746,6.5094034233904186,-0.10498101299804397,0.5858749829436277,6.193884507787981,0.13011007780169903,-0.13153515458785314,0.3155189156024374,-0.235091090799743,-2.8121755807531557,0.8945499922687102,-1.6156400178354426,3.141592652239546,0.7292109864892915,-1.638945849733897,-5.953768232992702,0.16533900577941874,0.023305831898454255,-0.5634039494259567,0.6918704663094692,0.18799923441315639,0.4105454122018887,-0.6377350081528687,0.6827475588544452,0.24340433054240218,0.26058427068371076
10.745674372,1.5262294063881754,1.502646803855896,0.023582602532279395,0.028634963557124138,-0.3947879329246789,-0.4348861277103424,0.04009819478566351,0.09595701098442078,1.5810484195563603,1.6057534217834473,-0.024705002227086936,-0.061542361974716187,0.362407342275612,0.5467761158943176,-0.18436877361870563,-0.36911892890930176,0.327433755257391,-1.3502473583670849e-09,0.32743375660763835,5.813490133732557e-09,0.45283673028774557,6.516405902137873,-0.11056770463803467,0.5858749829436277,6.193884507787981,0.13011007780169903,-0.13303825265588215,0.32252139434989147,-0.2406777824397337,-2.814158898332402,0.8981865675494207,-1.615363247201618,3.141592652239546,0.7292109864892915,-1.638945849733897,-5.955751550571948,0.16897558106012922,0.02358260253227895,-0.5631761789752633,0.6912284654472435,0.18995227098726092,0.4110400646373214,-0.6377350081528687,0.6827475588544452,0.24340433054240218,0.26058427068371076
10.755934477,1.5265064745754584,1.502646803855896,0.02385967071956241,0.028634963557124138,-0.39376896199283873,-0.4348861277103424,0.04111716571750368,0.09595701098442078,1.5803955344965497,1.6057534217834473,-0.025357887286897585,-0.061542361974716187,0.35840077147561245,0.5467761158943176,-0.18837534441870518,-0.36911892890930176,0.325448305432408,-1.3502473583670849e-09,0.32544830678265535,5.813490133732557e-09,0.4513278941604897,6.523409570011328,-0.11614161209229401,0.5858749829436277,6.193884507787981,0.13011007780169903,-0.13454708878313804,0.32952506222334677,-0.24625168989399304,-2.816144348157385,0.9018270524773906,-1.6150861790143347,3.141592652239546,0.7292109864892915,-1.638945849733897,-5.957737000396931,0.1726160659880991,0.023859670719562187,-0.5629477195142204,0.6905804773459395,0.1919059801904647,0.4115344021701342,-0.6377350081528687,0.6827475588544452,0.24340433054240218,0.26058427068371076
10.775634050,1.5270591247594332,1.503812551498413,0.023246573261020087,0.029210776090621948,-0.3917364858775959,-0.43089553713798523,0.03915905126038932,0.10220597684383392,1.5790932664449306,1.603190302848816,-0.024097036403885275,-0.06570915132761002,0.35040912107561334,0.531494677066803,-0.18108555599118964,-0.3900376260280609,0.3214880557126213,-1.1666021482170663e-09,0.32148805687922344,4.409230314195156e-09,0.4483060042743535,6.537360080316071,-0.12720336432833435,0.5804269607056589,6.221460193684238,0.1050294906652749,-0.1321209564313054,0.31589988663183277,-0.23223285499360924,-2.820104597877172,0.909088494813766,-1.6145335288303602,3.141592652423191,0.7430649536790804,-1.63778010209138,-5.961697250300363,0.16602354113468554,0.023246573261019865,-0.5624906905856961,0.689272166663542,0.1957985936445061,0.41251789536237904,-0.6364304495726882,0.680555287210685,0.24797063407521916,0.26516287172721176
10.795667887,1.5276124827427833,1.503812551498413,0.023799931244370187,0.029210776090621948,-0.3897014066955905,-0.43089553713798523,0.04119413044239473,0.10220597684383392,1.5777893305308184,1.603190302848816,-0.02540097231799754,-0.06570915132761002,0.34240723547561425,0.531494677066803,-0.18908744159118873,-0.3900376260280609,0.31752273395565794,-1.1666021482170663e-09,0.3175227351222601,4.409230314195156e-09,0.44526382462495506,6.55130222858104,-0.13820429947507806,0.5804269607056589,6.221460193684238,0.1050294906652749,-0.13516313608070385,0.3298420348968021,-0.24323379014035296,-2.8240699196341352,0.916359237145872,-1.6139801708470096,3.141592652423191,0.7430649536790804,-1.63778010209138,-5.965662572057326,0.17329428346679154,0.02379993124437041,-0.5620312800772089,0.687941109451179,0.19969031805420914,0.4134992708787569,-0.6364304495726882,0.680555287210685,0.24797063407521916,0.26516287172721176
10.816871881,1.5281649106675745,1.503812551498413,0.024352359169161453,0.029210776090621948,-0.3876697479807478,-0.43089553713798523,0.043225789157237404,0.10220597684383392,1.576487586212009,1.603190302848816,-0.02670271663680701,-0.06570915132761002,0.3344187990756151,0.531494677066803,-0.19707587799118786,-0.3900376260280609,0.3135640769284895,-1.1666021482170663e-09,0.3135640780950916,4.409230314195156e-09,0.44221038505307037,6.565194135122612,-0.1491118791995123,0.5804269607056589,6.221460193684238,0.1050294906652749,-0.13821657565258855,0.34373394143837377,-0.2541413698647872,-2.8280285766613034,0.9236177591498379,-1.6134277429222188,3.141592652423191,0.7430649536790804,-1.63778010209138,-5.9696212290844946,0.18055280547075747,0.02435235916916123,-0.5615708323585517,0.686591295882389,0.2035695167121427,0.41447562597606386,-0.6364304495726882,0.680555287210685,0.24797063407521916,0.26516287172721176
10.825652122,1.5284423108467329,1.5049587488174438,0.02348356202928903,0.028114959597587585,-0.38664955608567153,-0.4270699620246887,0.04042040593901719,0.09388693422079086,1.5758339188446462,1.6007378101348877,-0.02490389129024151,-0.0601358525454998,0.3304074274756156,0.5167131423950195,-0.18630571491940395,-0.3641635477542877,0.3115762480746572,-1.5478622827913568e-09,0.3115762496225195,5.071342457085848e-09,0.44067094404231916,6.572159618364617,-0.15456087307096,0.574973906380292,6.2480483341484545,0.08120587632974141,-0.13430296233797284,0.32411128421616286,-0.23576674940070141,-2.8300164055151362,0.9272626062221238,-1.6131503427430607,3.1415926520419313,0.7564734059514955,-1.636633904772349,-5.9716090575570675,0.17078920027062827,0.023483562029288363,-0.5613389327848677,0.6859055916792866,0.20551515245320032,0.41496462976399734,-0.6351426017226809,0.6783984063909915,0.2523863376293952,0.26957487691016
10.845643282,1.5289955608953807,1.5049587488174438,0.024036812077936842,0.028114959597587585,-0.38461487385405335,-0.4270699620246887,0.04245508817063537,0.09388693422079086,1.574530237268483,1.6007378101348877,-0.026207572866404627,-0.0601358525454998,0.3224071026756165,0.5167131423950195,-0.19430603971940302,-0.3641635477542877,0.307611699769666,-1.5478622827913568e-09,0.3076117013175283,5.071342457085848e-09,0.4375883697799668,6.586030700128256,-0.16537206539997928,0.574973906380292,6.2480483341484545,0.08120587632974141,-0.1373855366003252,0.33798236597980136,-0.2465779417297207,-2.8339809538201273,0.9345319303666678,-1.6125970926944129,3.1415926520419313,0.7564734059514955,-1.636633904772349,-5.975573605862058,0.17805852441517234,0.024036812077936176,-0.5608750478130093,0.6845222704579039,0.2093908961179587,0.41593736861555114,-0.6351426017226809,0.6783984063909915,0.2523863376293952,0.26957487691016
10.855960608,1.5292726164690749,1.5049587488174438,0.024313867651631016,0.028114959597587585,-0.38359594931108465,-0.4270699620246887,0.04347401271360407,0.09388693422079086,1.5738773819314058,1.6007378101348877,-0.02686042820348189,-0.0601358525454998,0.31840071427561695,0.5167131423950195,-0.19831242811940258,-0.3641635477542877,0.3056263403327146,-1.5478622827913568e-09,0.30562634188057686,5.071342457085848e-09,0.4360385336322348,6.592966387484664,-0.17075786870097875,0.574973906380292,6.2480483341484545,0.08120587632974141,-0.13893537274805717,0.34491805333620906,-0.25196374503072017,-2.835966313257079,0.9381722495607765,-1.612320037120719,3.1415926520419313,0.7564734059514955,-1.636633904772349,-5.977558965299011,0.181698843609281,0.024313867651630128,-0.5606420484828283,0.6838216617516646,0.21132942397635326,0.41642322576195606,-0.6351426017226809,0.6783984063909915,0.2523863376293952,0.26957487691016
10.876199007,1.5298260426377253,1.5061184167861938,0.02370762585153141,0.029374754056334496,-0.3815606193646752,-0.4231192469596863,0.041558627595011055,0.10364694893360138,1.5725732853450625,1.598202109336853,-0.02562882399179056,-0.0666503980755806,0.3103978426756179,0.5015069842338562,-0.19110914155823833,-0.39614418148994446,0.30166052996501025,-1.5749288539979034e-09,0.3016605315399391,5.398760549724102e-09,0.43293041805720067,6.606798945908965,-0.18145979958536262,0.5694226548086883,6.275365895061514,0.056877504330387074,-0.13649223675148758,0.3314330508474512,-0.2383373039157497,-2.839932123624783,0.9454438878007093,-1.6117666109520679,3.1415926520148645,0.770264549845691,-1.6354742368035993,-5.981524775639647,0.17517933795501828,0.02370762585153141,-0.5601752253315764,0.6824064745583738,0.21519689577566123,0.41739120313447975,-0.6337793320390257,0.6761560465533805,0.2569189483079461,0.2740974516295401
10.886213541,1.5301065102149043,1.5061184167861938,0.023988093428710444,0.029374754056334496,-0.3805291465302377,-0.4231192469596863,0.04259010042944855,0.10364694893360138,1.5719123899434746,1.598202109336853,-0.02628971939337843,-0.0666503980755806,0.30634211467561834,0.5015069842338562,-0.19516486955823786,-0.39614418148994446,0.29965072036729173,-1.5749288539979034e-09,0.2996507219422206,5.398760549724102e-09,0.4313490335995301,6.613797878949507,-0.18685468681870976,0.5694226548086883,6.275365895061514,0.056877504330387074,-0.13807362120915817,0.3384319838879932,-0.24373219114909683,-2.8419419332225013,0.9491290383678591,-1.6114861433748893,3.1415926520148645,0.770264549845691,-1.6354742368035993,-5.983534585237366,0.17886448852216807,0.02398809342871,-0.5599379298965474,0.6816813003996246,0.21715439997526087,0.4178804684596188,-0.6337793320390257,0.6761560465533805,0.2569189483079461,0.2740974516295401
10.906035662,1.530655520354982,1.5072858333587646,0.023369686996217442,0.02904389053583145,-0.3785100573684299,-0.4190296232700348,0.04051956590160488,0.1034611389040947,1.570618699312095,1.5955736637115479,-0.024954964399452884,-0.06652691960334778,0.2984031014756192,0.48583588004112244,-0.18743277856550322,-0.3957793116569519,0.29571655492873816,-1.514538494618023e-09,0.29571655644327666,6.104528438299894e-09,0.4282413644483833,6.627475988780792,-0.19735923314162518,0.5638101053874192,6.303477193047193,0.03198586087161148,-0.13556874093903587,0.3239987957335986,-0.22934509401323666,-2.845876098661055,0.9563426530374297,-1.6109371332348108,3.141592652075255,0.7844744759740786,-1.634306820231029,-5.98746875073631,0.1718681770633511,0.02336968699621811,-0.5594720224081754,0.6802462731439658,0.2209812963848883,0.4188356845641322,-0.6323313745894001,0.673822562141921,0.2615781529933295,0.2787419188693641
10.925965548,1.531208358442707,1.5072858333587646,0.023922525083942325,0.02904389053583145,-0.37647689020142383,-0.4190296232700348,0.04255273306861096,0.1034611389040947,1.5693159884830052,1.5955736637115479,-0.02625767522854261,-0.06652691960334778,0.29040873387562016,0.48583588004112244,-0.19542714616550227,-0.3957793116569519,0.2917549587047878,-1.514538494618023e-09,0.2917549602193263,6.104528438299894e-09,0.4250958104166878,6.641219287984353,-0.20786232173774222,0.5638101053874192,6.303477193047193,0.03198586087161148,-0.13871429497073134,0.3377420949371599,-0.2398481826093537,-2.8498376948850055,0.9636065642995124,-1.6103842951470864,3.141592652075255,0.7844744759740786,-1.634306820231029,-5.991430346960261,0.1791320883254338,0.023922525083942547,-0.5590009721090191,0.6787805253336996,0.22482824529751763,0.41979420163375014,-0.6323313745894001,0.673822562141921,0.2615781529933295,0.2787419188693641
10.945904732,1.531761658309499,1.5084518194198608,0.023309838889638224,0.028980441391468048,-0.37444202475410926,-0.41500577330589294,0.040563748551783685,0.10183314234018326,1.5680121895150825,1.5929895639419556,-0.02497737442687309,-0.06542938947677612,0.28240768867562105,0.4703540802001953,-0.18794639152457426,-0.39110103249549866,0.28779005340671565,-1.6013407266868285e-09,0.2877900550080564,4.110916052013636e-09,0.42193135994606484,6.654943116901908,-0.2182991354320043,0.558115870793697,6.3311702814773945,0.007759508622658728,-0.1361845108476321,0.3237728354245135,-0.22605864405466303,-2.8538026001830774,0.9708765430201198,-1.6098309952802943,3.1415926519884523,0.798516525620456,-1.6331408341699325,-5.99539525217153,0.17236001739966378,0.023309838889638224,-0.5585276088135118,0.6772927824302033,0.22867162588427362,0.4207501450700367,-0.6308708338048759,0.6714812372016093,0.26617649707747437,0.2833108037899401
10.966073751,1.5323149935828568,1.5084518194198608,0.023863174162995993,0.028980441391468048,-0.3724070290924185,-0.41500577330589294,0.042598744213474427,0.10183314234018326,1.5667083071149261,1.5929895639419556,-0.02628125682702942,-0.06542938947677612,0.27440613147562193,0.4703540802001953,-0.19594794872457338,-0.39110103249549866,0.283824894387853,-1.6013407266868285e-09,0.28382489598919375,4.110916052013636e-09,0.4187504556308067,6.668636230267371,-0.22866154041408415,0.558115870793697,6.3311702814773945,0.007759508622658728,-0.13936541516289025,0.33746594878997627,-0.23642104903674288,-2.85776775920194,0.9781469869585845,-1.6092776600069365,3.1415926519884523,0.798516525620456,-1.6331408341699325,-5.999360411190392,0.17963046133812843,0.023863174162995993,-0.5580522784160671,0.6757842058297284,0.23250834724146402,0.4217027746751999,-0.6308708338048759,0.6714812372016093,0.26617649707747437,0.2833108037899401
10.985641956,1.532868024912978,1.5096081495285034,0.023259875384474604,0.028880704194307327,-0.37037315123976283,-0.411032110452652,0.040658959212889145,0.10178069025278091,1.5654051409283494,1.590439796447754,-0.025034655519404536,-0.06537409871816635,0.2664089694756228,0.455005943775177,-0.1885969742995542,-0.39169836044311523,0.279861913403401,-1.4356671407256272e-09,0.27986191483906814,6.999471224844456e-09,0.4155550874585315,6.682289626314359,-0.23894325052512988,0.5524000419401559,6.358538301341058,-0.01590209993972791,-0.13684495448162443,0.3237513249733013,-0.22304115058540197,-2.861730740186392,0.9854134372925049,-1.608724628676815,3.141592652154126,0.812440766686435,-1.6319845040612901,-6.003323392340517,0.1729726706060699,0.02325987538447505,-0.557575257595376,0.6742557793927402,0.23633594166755045,0.4226515098151797,-0.6293893784933571,0.6691287564407531,0.27072866347886443,0.28782235548119756
11.005938768,1.5334215240246858,1.5096081495285034,0.02381337449618237,0.028880704194307327,-0.3683375530313926,-0.411032110452652,0.04269455742125938,0.10178069025278091,1.5641008724585688,1.590439796447754,-0.026338923989185137,-0.06537409871816635,0.25840504307562373,0.455005943775177,-0.19660090069955327,-0.39169836044311523,0.2758955803312244,-1.4356671407256272e-09,0.27589558176689155,6.999471224844456e-09,0.4123408180548775,6.695921716097139,-0.24915859857351763,0.5524000419401559,6.358538301341058,-0.01590209993972791,-0.14005922388527842,0.337383414756081,-0.23325649863378972,-2.865697073258569,0.9926860339539142,-1.6081711295651073,3.141592652154126,0.812440766686435,-1.6319845040612901,-6.007289725412695,0.18024526726747925,0.023813374496182815,-0.5570958636071136,0.6727054053979759,0.24015962760390092,0.42359767417839417,-0.6293893784933571,0.6691287564407531,0.27072866347886443,0.28782235548119756
11.025684357,1.533974619169609,1.5107743740081787,0.023200245161430377,0.02916325256228447,-0.36630344048766994,-0.4069434404373169,0.040639999949646954,0.10465724766254425,1.5627975558984275,1.5878138542175293,-0.025016298319101793,-0.06728123873472214,0.25040695827562465,0.43925899267196655,-0.1888520343963419,-0.40167236328125,0.27193214205469146,-1.285273110163132e-09,0.27193214333996457,6.5847416408360004e-09,0.40911273717439656,6.709510397591741,-0.2592915055101006,0.5465970010271669,6.386554982342592,-0.03995865467167725,-0.13748426385277035,0.32295541524914917,-0.21933285083842335,-2.869660511535102,0.9999533227703318,-1.6076180344201842,3.14159265230452,0.826724990004535,-1.6308182795816146,-6.011253163839622,0.17322833276579674,0.023200245161430377,-0.5566148349781331,0.6711355670143622,0.24397326229989857,0.42453977841107093,-0.6278286299943555,0.6666900673608523,0.2753874578790463,0.2924334342798531
11.046454668,1.53452904521414,1.5107743740081787,0.02375467120596131,0.02916325256228447,-0.36426443330762487,-0.4069434404373169,0.042679007129692026,0.10465724766254425,1.5614911031988457,1.5878138542175293,-0.026322751018683643,-0.06728123873472214,0.24238962787562557,0.43925899267196655,-0.19686936479634098,-0.40167236328125,0.2679591666515085,-1.285273110163132e-09,0.2679591679367816,6.5847416408360004e-09,0.4058607104810054,6.723097581513976,-0.2693735933745005,0.5465970010271669,6.386554982342592,-0.03995865467167725,-0.1407362905461615,0.3365425991713842,-0.22941493870282326,-2.873633486938285,1.0072380986898672,-1.6070636083756533,3.14159265230452,0.826724990004535,-1.6308182795816146,-6.015226139242805,0.1805131086853322,0.02375467120596131,-0.5561306417056279,0.6695413341878893,0.24778866999269367,0.42548077065037776,-0.6278286299943555,0.6666900673608523,0.2753874578790463,0.2924334342798531
11.065510035,1.535080981845172,1.5119268894195557,0.02315409242561639,0.02874923311173916,-0.36223458141898085,-0.40294283628463745,0.0407082548656566,0.10245711356401443,1.5601905165674579,1.5852469205856323,-0.02505640401817444,-0.0658077597618103,0.23440829587562648,0.42378467321395874,-0.18937637733833226,-0.3948621451854706,0.264004030198527,-1.409910299621231e-09,0.2640040316084373,3.1868694350123405e-09,0.40260722980413216,6.736589128079068,-0.2793356576400359,0.5407840341219481,6.413990945583155,-0.06322579677052653,-0.13817680431781593,0.32259818249591277,-0.21610986086950934,-2.877588623391266,1.0144901654326104,-1.6065116717446213,3.1415926521798827,0.8407656389417606,-1.6296657641702377,-6.019181275571149,0.1737245264908498,0.02315409242561639,-0.5556466103979614,0.6679338028056412,0.25157946499945993,0.42641417918900915,-0.626262754247763,0.6642598993527744,0.27995935969123503,0.2969452907104636
11.085935831,1.5356341698216847,1.5119268894195557,0.023707280402128994,0.02874923311173916,-0.36020012746944075,-0.40294283628463745,0.042742708815196706,0.10245711356401443,1.5588869812584292,1.5852469205856323,-0.026359939327203152,-0.0658077597618103,0.22640886867562737,0.42378467321395874,-0.19737580453833137,-0.3948621451854706,0.2600399266977966,-1.409910299621231e-09,0.2600399281077069,3.1868694350123405e-09,0.3993303329248512,6.750075969526692,-0.2892455035832189,0.5407840341219481,6.413990945583155,-0.06322579677052653,-0.14145370119709688,0.3360850239435367,-0.22601970681269234,-2.8815527268919965,1.0217586739920979,-1.6059584837681085,3.1415926521798827,0.8407656389417606,-1.6296657641702377,-6.023145379071879,0.18099303505033726,0.023707280402129216,-0.5551594512744861,0.6663021935086403,0.2553712462554131,0.4273463433471066,-0.626262754247763,0.6642598993527744,0.27995935969123503,0.2969452907104636
11.095634937,1.5359112778690154,1.5119268894195557,0.023984388449459715,0.02874923311173916,-0.3591810099446974,-0.40294283628463745,0.043761826339940024,0.10245711356401443,1.5582340022721743,1.5852469205856323,-0.02701291831345798,-0.0658077597618103,0.22240172147562784,0.42378467321395874,-0.2013829517383309,-0.3948621451854706,0.25805419123870493,-1.409910299621231e-09,0.25805419264861523,3.1868694350123405e-09,0.3976828137791956,6.756818445167004,-0.29418149484034806,0.5407840341219481,6.413990945583155,-0.06322579677052653,-0.14310122034275247,0.3428274995838487,-0.23095569806982152,-2.8835384623510882,1.025399682653609,-1.605681375720778,3.1415926521798827,0.8407656389417606,-1.6296657641702377,-6.025131114530971,0.18463404371184833,0.023984388449459715,-0.5549146498408346,0.6654771973413585,0.257267760023262,0.42781202748792335,-0.626262754247763,0.6642598993527744,0.27995935969123503,0.2969452907104636
11.116209745,1.5364643790717807,1.5119268894195557,0.02453748965222502,0.02874923311173916,-0.35714687512210885,-0.40294283628463745,0.0457959611625286,0.10245711356401443,1.5569306714372995,1.5852469205856323,-0.02831624914833286,-0.0658077597618103,0.21440354907562872,0.42378467321395874,-0.20938112413833002,-0.3948621451854706,0.2540907095521305,-1.409910299621231e-09,0.2540907109620408,3.1868694350123405e-09,0.3943824012534003,6.770248980928487,-0.30397748325332796,0.5407840341219481,6.413990945583155,-0.06322579677052653,-0.1464016328685478,0.3562580353453324,-0.24075168648280143,-2.8875019440376626,1.0326670510658948,-1.605128274518013,3.1415926521798827,0.8407656389417606,-1.6296657641702377,-6.029094596217545,0.19190141212413425,0.024537489652224576,-0.5544244868156495,0.6638152361434043,0.26104729484017497,0.4287390004883005,-0.626262754247763,0.6642598993527744,0.27995935969123503,0.2969452907104636
11.135715246,1.5370164569971387,1.5142314434051514,0.02278501359198737,0.028403861448168755,-0.3551165035967201,-0.39493051171302795,0.039814008116307864,0.09999625384807587,1.5556297518591546,1.5801066160202026,-0.024476864161047995,-0.06414344906806946,0.20642017387562964,0.3927469849586487,-0.18632681108301904,-0.38777947425842285,0.2501345605946195,-1.1549606826477543e-09,0.2501345617495802,4.940375220030546e-09,0.39107217771584557,6.783617893235125,-0.31368079832157303,0.5289684388844426,6.46876332867841,-0.10899021409244813,-0.137896261168597,0.31485456455671557,-0.2046905842291249,-2.891458092995174,1.0399209743186502,-1.604576196592655,3.1415926524348325,0.8689313071908908,-1.6273612101846417,-6.033050745430007,0.17098966712775931,0.022785013591986703,-0.5539331644061216,0.6621360761822567,0.2648119496830007,0.4296609096649049,-0.6230182659460511,0.6592948855743168,0.2891035777155447,0.305937273808204
11.145851612,1.5372940847741265,1.5142314434051514,0.02306264136897518,0.028403861448168755,-0.3540954746673573,-0.39493051171302795,0.04083503704567065,0.09999625384807587,1.5549755481789658,1.5801066160202026,-0.025131067841236865,-0.06414344906806946,0.2024055110756301,0.3927469849586487,-0.19034147388301859,-0.38777947425842285,0.2481451007918311,-1.1549606826477543e-09,0.2481451019467918,4.940375220030546e-09,0.3894015425592057,6.790326744455809,-0.3185322515346327,0.5289684388844426,6.46876332867841,-0.10899021409244813,-0.13956689632523683,0.32156341577739944,-0.20954203744218458,-2.893447552797962,1.0435688118694755,-1.6042985688156668,3.1415926524348325,0.8689313071908908,-1.6273612101846417,-6.035040205232795,0.17463750467858463,0.023062641368974957,-0.553685304186864,0.6612840252949983,0.26670209662427685,0.4301232538161113,-0.6230182659460511,0.6592948855743168,0.2891035777155447,0.305937273808204
11.165667295,1.5378474143769016,1.5142314434051514,0.023615970971750277,0.028403861448168755,-0.3520604998603128,-0.39493051171302795,0.04287001185271516,0.09999625384807587,1.553671679141003,1.5801066160202026,-0.026434936879199622,-0.06414344906806946,0.194404035875631,0.3927469849586487,-0.1983429490830177,-0.38777947425842285,0.24417998240793887,-1.1549606826477543e-09,0.24417998356289955,4.940375220030546e-09,0.3860599165396929,6.803669414914646,-0.32814538832051965,0.5289684388844426,6.46876332867841,-0.10899021409244813,-0.14290852234474966,0.3349060862362361,-0.21915517422807151,-2.8974126711818546,1.050839181300393,-1.603745239212892,3.1415926524348325,0.8689313071908908,-1.6273612101846417,-6.039005323616687,0.18190787410950215,0.023615970971749833,-0.5531897262671718,0.659570618535681,0.2704631871516722,0.43104221407267107,-0.6230182659460511,0.6592948855743168,0.2891035777155447,0.305937273808204
11.185696840,1.5383996732353422,1.5153907537460327,0.0230089194893095,0.027717525139451027,-0.3500294629191161,-0.39081716537475586,0.040787702455639785,0.09590107947587967,1.5523703332111087,1.577465534210205,-0.025095200999096345,-0.06139756366610527,0.1864180442756319,0.3768492341041565,-0.19043118982852458,-0.3750976324081421,0.24022253689754483,-1.1561975821194892e-09,0.2402225380537424,6.1409082263708115e-09,0.3827089289875587,6.816947915760593,-0.3376654551742735,0.5229511002810366,6.496689411969809,-0.13204713000351775,-0.14024217129347794,0.32025850379078324,-0.20561832517075573,-2.9013701166922483,1.0580954818890895,-1.603192980354451,3.1415926524335958,0.8833567935171083,-1.6262018998437608,-6.042962769125844,0.17473868837198125,0.023008919489309942,-0.5526930001516331,0.6578403637625565,0.2742088136737746,0.4319560508798962,-0.6212976187320135,0.6567110802990229,0.2937697300089391,0.310514366335754
11.195946693,1.53867701905989,1.5153907537460327,0.023286265313857246,0.027717525139451027,-0.3490094709234531,-0.39081716537475586,0.04180769445130278,0.09590107947587967,1.5517167939252607,1.577465534210205,-0.025748740284944338,-0.06139756366610527,0.18240745867563235,0.3768492341041565,-0.19444177542852414,-0.3750976324081421,0.2382350975447698,-1.1561975821194892e-09,0.23823509870096737,6.1409082263708115e-09,0.38102010310301637,6.823601767169148,-0.342418414037303,0.5229511002810366,6.496689411969809,-0.13204713000351775,-0.14193099717802027,0.3269123551993385,-0.21037128403378524,-2.903357556045024,1.0617396147792741,-1.6029156345299034,3.1415926524335958,0.8833567935171083,-1.6262018998437608,-6.044950208478619,0.17838282126216587,0.023286265313857468,-0.5524427440033233,0.6569638428133094,0.2760867555467831,0.43241372231428854,-0.6212976187320135,0.6567110802990229,0.2937697300089391,0.310514366335754
11.216124535,1.5392290945510467,1.5153907537460327,0.023838340805014013,0.027717525139451027,-0.3469791083503027,-0.39081716537475586,0.04383805702445315,0.09590107947587967,1.550415880083082,1.577465534210205,-0.027049654127123013,-0.06139756366610527,0.1744241186756333,0.3768492341041565,-0.2024251154285232,-0.3750976324081421,0.2342789660305632,-1.1561975821194892e-09,0.23427896718676078,6.1409082263708115e-09,0.37764656512244554,6.836817172479975,-0.35182372838631215,0.5229511002810366,6.496689411969809,-0.13204713000351775,-0.1453045351585911,0.3401277605101658,-0.2197765983827944,-2.90731368755923,1.0689935060483013,-1.6023635590387466,3.1415926524335958,0.8833567935171083,-1.6262018998437608,-6.048906339992826,0.18563671253119307,0.023838340805014235,-0.5519429924048233,0.6552040107867265,0.2798186401999686,0.4333222426564749,-0.6212976187320135,0.6567110802990229,0.2937697300089391,0.310514366335754
11.225985765,1.5395068818788709,1.5165318250656128,0.022975056813258066,0.02855074778199196,-0.34595749264240755,-0.3867853879928589,0.04082789535045134,0.10323525965213776,1.5497613004363908,1.5748790502548218,-0.025117749818430957,-0.06629371643066406,0.17040714867563372,0.3612040877342224,-0.1907969390585887,-0.39913010597229004,0.2322883628984628,-5.922380919010095e-10,0.2322883634907009,6.657501216977835e-09,0.37594316735121946,6.843451732852793,-0.35652813254586446,0.5169595404560849,6.524056681299412,-0.15436145267763868,-0.14101637310486548,0.3193950515533803,-0.20216667986822578,-2.9093042906913302,1.0726434399870974,-1.6020857717109225,3.1415926529975553,0.897556646460529,-1.6250608285241805,-6.050896943688885,0.17508679352656842,0.022975056813258066,-0.5516907234384841,0.6543109498660219,0.2816932159707578,0.43377812143237277,-0.6195695423120332,0.6541365377061888,0.2983532225621067,0.3149989315280667
11.245701551,1.540059989194801,1.5165318250656128,0.023528164129188234,0.02855074778199196,-0.3439233353374931,-0.3867853879928589,0.0428620526553658,0.10323525965213776,1.5484579551964193,1.5748790502548218,-0.02642109505840251,-0.06629371643066406,0.16240888787563462,0.3612040877342224,-0.1987951998585878,-0.39913010597229004,0.22832483740540813,-5.922380919010095e-10,0.22832483799764622,6.657501216977835e-09,0.3725396928205119,6.85663158816431,-0.36583926116475696,0.5169595404560849,6.524056681299412,-0.15436145267763868,-0.14441984763557303,0.332574906864898,-0.21147780848711828,-2.913267816184385,1.0799108887221531,-1.6015326643949919,3.1415926529975553,0.897556646460529,-1.6250608285241805,-6.05486046918194,0.1823542422616241,0.023528164129188678,-0.5511868027728032,0.6525177058913023,0.2854192784419676,0.4346833185677975,-0.6195695423120332,0.6541365377061888,0.2983532225621067,0.3149989315280667
11.265690088,1.5406136301264008,1.517665982246399,0.02294764788000192,0.028140343725681305,-0.3418872155595085,-0.38277414441108704,0.04088692885157852,0.10150457918643951,1.5471533525414345,1.572306752204895,-0.02515339966346053,-0.06512746214866638,0.15440291067563555,0.3456099331378937,-0.19120702246225812,-0.3938639760017395,0.22435748806253417,-6.417146258819173e-10,0.2243574887042488,-1.7462298274040222e-10,0.36911722952802456,6.869783196899073,-0.3750849119041395,0.5109415061188628,6.551226196510605,-0.1762780026233577,-0.14182427659083824,0.3185570003884681,-0.19880690928078182,-2.917235165527259,1.0871853487991523,-1.6009790234633923,3.1415926529480784,0.9117118555250128,-1.6239266713433946,-6.058827818475337,0.17547349327413952,0.022947647880002364,-0.5506802184429674,0.6507027043187683,0.2891402539053941,0.43558604337073453,-0.6178119899885586,0.6515404916763263,0.3029119829553696,0.3194489995517189
11.286157131,1.5411680028674537,1.517665982246399,0.023502020621054776,0.028140343725681305,-0.3398484044131375,-0.38277414441108704,0.04292573999794952,0.10150457918643951,1.545847025446473,1.572306752204895,-0.02645972675842212,-0.06512746214866638,0.14638635107563647,0.3456099331378937,-0.1992235820622572,-0.3938639760017395,0.22038489462807248,-6.417146258819173e-10,0.2203848952697871,-1.7462298274040222e-10,0.3656745467438845,6.882910508175401,-0.3842682178400376,0.5109415061188628,6.551226196510605,-0.1762780026233577,-0.1452669593749783,0.3316843116647963,-0.20799021521667993,-2.921207758961721,1.0944694243477424,-1.6004246507223394,3.1415926529480784,0.9117118555250128,-1.6239266713433946,-6.0628004119098,0.18275756882272964,0.02350202062105522,-0.5501707660020494,0.6488652804403577,0.29285732828180366,0.43648661073098,-0.6178119899885586,0.6515404916763263,0.3029119829553696,0.3194489995517189
11.305522442,1.5417195872031582,1.5187855958938599,0.022933991309298296,0.02743787318468094,-0.33781984815753585,-0.3789057731628418,0.041085925005305945,0.09572972357273102,1.5445472689658086,1.569830298423767,-0.02528302945795846,-0.06126139312982559,0.13841011347563736,0.33046194911003113,-0.19205183563439376,-0.3756314516067505,0.216432282696956,-6.075176472997157e-10,0.21643228330447364,8.072674972936511e-09,0.36223364171376465,6.895929783848677,-0.393331362510176,0.5049121338087281,6.577493268800878,-0.1971409808501985,-0.14267849209496347,0.31843651504779924,-0.1961903816599775,-2.9251603708928373,1.1017168621728042,-1.5998730663866358,3.1415926529822755,0.9254679220857581,-1.6228070576959333,-6.066753023875113,0.17624894008704606,0.022933991309297408,-0.5496616771873754,0.6470172669471987,0.29654683236247603,0.4373793240649593,-0.6160773559515541,0.6489831342892598,0.30733540192885717,0.32375072758691775
11.315774441,1.5419963239241319,1.5187855958938599,0.02321072803027202,0.02743787318468094,-0.3368020962560621,-0.3789057731628418,0.042103676906779686,0.09572972357273102,1.543895164975103,1.569830298423767,-0.02593513344866416,-0.06126139312982559,0.13440833587563783,0.33046194911003113,-0.1960536132343933,-0.3756314516067505,0.21444920813465423,-6.075176472997157e-10,0.21444920874217188,8.072674972936511e-09,0.3605014739149236,6.902445740033827,-0.397850686294293,0.5049121338087281,6.577493268800878,-0.1971409808501985,-0.14441065989380453,0.32495247123294924,-0.2007097054440945,-2.927143445455139,1.1053529918620357,-1.5995963296656615,3.1415926529822755,0.9254679220857581,-1.6228070576959333,-6.068736098437414,0.1798850697762776,0.0232107280302718,-0.5494054299303225,0.6460826606765743,0.2983945319427487,0.4378259613623021,-0.6160773559515541,0.6489831342892598,0.30733540192885717,0.32375072758691775
11.335403919,1.5425494667849349,1.5199270248413086,0.02262244194362628,0.028443582355976105,-0.3347678082281216,-0.3748321533203125,0.04006434509219092,0.10306736081838608,1.5425917359769907,1.5672167539596558,-0.02462501798266503,-0.06615868210792542,0.12640956107563872,0.31463587284088135,-0.18822631176524263,-0.39967432618141174,0.21048542792971228,-1.073906519266643e-09,0.2104854290036188,4.3146428652107716e-09,0.3570275790516749,6.915437492465574,-0.4068283829242374,0.49873542304717,6.604859320602822,-0.2188258239719223,-0.14170784399549508,0.31057817186275205,-0.1880025589523151,-2.9311072256600808,1.1126209076322067,-1.5990431868048587,3.1415926525158864,0.9398339229764894,-1.621665628748485,-6.072699878175968,0.1727869846557173,0.02262244194362628,-0.548891567633048,0.6441997101757055,0.3020809024495926,0.4387162052695477,-0.6142228386818503,0.6462904697679233,0.31194009354335395,0.3282260062349268
11.345589876,1.5428261229559719,1.5199270248413086,0.022899098114663285,0.028443582355976105,-0.3337503525643535,-0.3748321533203125,0.04108180075595902,0.10306736081838608,1.5419398217946163,1.5672167539596558,-0.025276932165039456,-0.06615868210792542,0.12240894827563917,0.31463587284088135,-0.19222692456524218,-0.39967432618141174,0.2085029305822088,-1.073906519266643e-09,0.20850293165611533,4.3146428652107716e-09,0.35528429720814714,6.921919014505554,-0.411290847945756,0.49873542304717,6.604859320602822,-0.2188258239719223,-0.14345112583902286,0.31705969390273214,-0.1924650239738337,-2.9330897230075847,1.1162559789508122,-1.598766530633822,3.1415926525158864,0.9398339229764894,-1.621665628748485,-6.074682375523471,0.1764220559743228,0.022899098114663063,-0.5486337167988451,0.6432505316424099,0.30392121230775165,0.43916021568742797,-0.6142228386818503,0.6462904697679233,0.31194009354335395,0.3282260062349268
11.355688572,1.543103274569975,1.5199270248413086,0.023176249728666498,0.028443582355976105,-0.33273107481488956,-0.3748321533203125,0.04210107850542294,0.10306736081838608,1.5412867401476054,1.5672167539596558,-0.0259300138120504,-0.06615868210792542,0.11840117107563963,0.31463587284088135,-0.19623470176524171,-0.39967432618141174,0.2065168829276133,-1.073906519266643e-09,0.20651688400151982,4.3146428652107716e-09,0.3535340231090587,6.928401113750608,-0.4157427611812823,0.49873542304717,6.604859320602822,-0.2188258239719223,-0.14520139993811132,0.3235417931477862,-0.19691693720936,-2.9350757706621797,1.1198975600483587,-1.5984893790198185,3.1415926525158864,0.9398339229764894,-1.621665628748485,-6.0766684231780665,0.18006363707186934,0.023176249728666498,-0.5483748393705199,0.6422947051776078,0.30576249861216687,0.43960418752397157,-0.6142228386818503,0.6462904697679233,0.31194009354335395,0.3282260062349268
11.375722408,1.5436559697866754,1.5199270248413086,0.023728944945366814,0.028443582355976105,-0.33069843308323715,-0.3748321533203125,0.04413372023707535,0.10306736081838608,1.5399843659806143,1.5672167539596558,-0.027232387979041484,-0.06615868210792542,0.11040886947564052,0.31463587284088135,-0.20422700336524083,-0.39967432618141174,0.20255631050669626,-1.073906519266643e-09,0.20255631158060278,4.3146428652107716e-09,0.3500320919400838,6.941294438854134,-0.42456539672539195,0.49873542304717,6.604859320602822,-0.2188258239719223,-0.14870333110708622,0.33643511825131256,-0.20573957275346966,-2.9390363430830977,1.1271595940836967,-1.5979366838031186,3.1415926525158864,0.9398339229764894,-1.621665628748485,-6.080628995598984,0.18732567110720733,0.02372894494536637,-0.5478568910502377,0.6403738402886907,0.3094274008163605,0.4404870659017287,-0.6142228386818503,0.6462904697679233,0.31194009354335395,0.3282260062349268
11.386058331,1.5439327901556605,1.521082878112793,0.02284991204286757,0.02843797206878662,-0.3296803735502998,-0.3706287145614624,0.040948341011162626,0.1046849936246872,1.539332064881257,1.5645164251327515,-0.02518436025149451,-0.06724590063095093,0.10640588227564099,0.2983846962451935,-0.1919788139695525,-0.40496134757995605,0.20057263652902707,-1.1589624815400157e-09,0.20057263768798955,4.5183696784079075e-09,0.34827236829277514,6.947735323335177,-0.42895656962386997,0.4924321466097763,6.632859546903175,-0.24090000322273952,-0.14415977831700116,0.31487577643200204,-0.18805656640113044,-2.941020017060766,1.1307968228501157,-1.5976598634341328,3.1415926524308304,0.9545819896402312,-1.6205097754770004,-6.0826126694915965,0.1762148332098845,0.02284991204286757,-0.5475966211986059,0.6394043905895791,0.31125945993278403,0.44092801492873096,-0.612277900713983,0.6434988265661372,0.3166532579335725,0.33279985989380584
11.405628920,1.5444859283693515,1.521082878112793,0.023403050256558533,0.02843797206878662,-0.3276461026129962,-0.3706287145614624,0.0429826119484662,0.1046849936246872,1.5380286468336253,1.5645164251327515,-0.026487778299126186,-0.06724590063095093,0.09840717467564189,0.2983846962451935,-0.1999775215695516,-0.40496134757995605,0.19660888962493883,-1.1589624815400157e-09,0.1966088907839013,4.5183696784079075e-09,0.3447446300052359,6.96057141878448,-0.43767564704845885,0.4924321466097763,6.632859546903175,-0.24090000322273952,-0.14768751660454038,0.3277118718813048,-0.19677564382571933,-2.9449837639648546,1.1380646775604435,-1.5971067252204423,3.1415926524308304,0.9545819896402312,-1.6205097754770004,-6.086576416395685,0.18348268792021227,0.02340305025655809,-0.547074839802505,0.6374525441352614,0.31491313010705924,0.44180662525218045,-0.612277900713983,0.6434988265661372,0.3166532579335725,0.33279985989380584
11.425826550,1.5450390152988451,1.5222246646881104,0.02281435061073478,0.028345245867967606,-0.32561202028307795,-0.3665488660335541,0.040936845750476125,0.103214792907238,1.5367253496323694,1.5618988275527954,-0.025173477920426013,-0.06625637412071228,0.09040920867564281,0.2825234830379486,-0.1921142743623058,-0.40052691102027893,0.19264551021955806,-1.2885108535698464e-09,0.1926455115080689,4.965841071680188e-09,0.3412019597444347,6.973360529928421,-0.4463203097660573,0.4861197407022162,6.66004434693445,-0.2620212941276616,-0.14491778095778152,0.31331618299397057,-0.18429901563839568,-2.9489471433702352,1.14533185843178,-1.5965536382909482,3.1415926523012825,0.9689809518995245,-1.6193679889016828,-6.090539795671518,0.1763509065322555,0.022814350610734557,-0.5465508096010964,0.6354813264280071,0.3185568747310013,0.44268184268987587,-0.6103482057696624,0.6407378446531332,0.32124567744788035,0.3372407105674873
11.446067333,1.545592477593257,1.5222246646881104,0.023367812905146668,0.028345245867967606,-0.3235765574773129,-0.3665488660335541,0.04297230855624118,0.103214792907238,1.5354211679190752,1.5618988275527954,-0.026477659633720174,-0.06625637412071228,0.08240581467564373,0.2825234830379486,-0.20011766836230488,-0.40052691102027893,0.18867944097735967,-1.2885108535698464e-09,0.18867944226587052,4.965841071680188e-09,0.33764167035886217,6.986111875166965,-0.4548972736400976,0.4861197407022162,6.66004434693445,-0.2620212941276616,-0.14847807034335403,0.3260675282325147,-0.19287597951243596,-2.9529132126124336,1.1526039713393081,-1.5960001759965357,3.1415926523012825,0.9689809518995245,-1.6193679889016828,-6.094505864913716,0.18362301943978365,0.023367812905147112,-0.5460241092224333,0.6334892583513542,0.32219338270459197,0.4435543437310381,-0.6103482057696624,0.6407378446531332,0.32124567744788035,0.3372407105674873
11.465792418,1.5461448039178018,1.523356556892395,0.022788247025406827,0.028114330023527145,-0.3215452724166917,-0.3625437915325165,0.040998519115824805,0.10012688487768173,1.5341196630116674,1.5593317747116089,-0.02521211169994153,-0.06417512893676758,0.07441884747564462,0.2668848931789398,-0.1924660457032952,-0.390964150428772,0.1847215120099282,-1.2574061791781332e-09,0.18472151326733438,2.0881998352706432e-09,0.3340735754702347,6.9987901266394505,-0.4633833851010818,0.4797879435688309,6.686707493420609,-0.2824607922637534,-0.14571436809859623,0.3120826332188411,-0.18092259283732837,-2.9568711415798647,1.1598611583860936,-1.595447849671991,3.141592652332387,0.9831815200986819,-1.618236096697398,-6.098463793912252,0.17667963828741173,0.02278824702540705,-0.5454961666826028,0.6314818789325061,0.3258126310954482,0.44442175704292325,-0.608413065765153,0.6379829820817396,0.3257645668817561,0.3415972818168789
11.475860834,1.5464224550686554,1.523356556892395,0.02306589817626037,0.028114330023527145,-0.3205241575254947,-0.3625437915325165,0.0420196340070218,0.10012688487768173,1.533465404253168,1.5593317747116089,-0.02586637045844098,-0.06417512893676758,0.07040384667564506,0.2668848931789398,-0.19648104650329476,-0.390964150428772,0.18273188471177423,-1.2574061791781332e-09,0.1827318859691804,2.0881998352706432e-09,0.3322742325089538,7.005145514441745,-0.467621703043811,0.4797879435688309,6.686707493420609,-0.2824607922637534,-0.1475137110598771,0.3184380210211355,-0.18516091078005759,-2.95886076887802,1.1635093030533958,-1.5951701985211388,3.141592652332387,0.9831815200986819,-1.618236096697398,-6.100453421210407,0.18032778295471397,0.02306589817625926,-0.5452298918422899,0.6304654802207956,0.32762827427465746,0.44485655799079366,-0.608413065765153,0.6379829820817396,0.3257645668817561,0.3415972818168789
11.495622635,1.5469743240399536,1.523356556892395,0.023617767147558588,0.028114330023527145,-0.318494554468385,-0.3625437915325165,0.0440492370641315,0.10012688487768173,1.5321649770555639,1.5593317747116089,-0.027166797656045016,-0.06417512893676758,0.062423493075645965,0.2668848931789398,-0.20446140010329386,-0.390964150428772,0.1787772331033657,-1.2574061791781332e-09,0.1787772343607719,2.0881998352706432e-09,0.328686546297785,7.017741779908655,-0.47599117849212647,0.4797879435688309,6.686707493420609,-0.2824607922637534,-0.15110139727104593,0.33103428648804556,-0.19353038622837304,-2.962815420486427,1.1707604807938896,-1.5946183295498395,3.141592652332387,0.9831815200986819,-1.618236096697398,-6.1044080728188135,0.18757896069520774,0.023617767147558588,-0.5446988748304322,0.628430784983915,0.33122962642839904,0.4457183177961893,-0.608413065765153,0.6379829820817396,0.3257645668817561,0.3415972818168789
11.505832911,1.5472521103443067,1.5244920253753662,0.02276008496894044,0.049961090087890625,-0.31747294252449915,-0.35847917199134827,0.04100622946684912,0.1053248792886734,1.5315103998205857,1.5567253828048706,-0.025214982984284928,-0.06747856736183167,0.05840653787564642,0.25103989243507385,-0.19263335455942743,-0.4081268012523651,0.1767866373053819,-1.3675641730159782e-09,0.17678663867294608,-1.8844730220735073e-09,0.32687501676261355,7.024063944372295,-0.4801764684379708,0.47338286664545426,6.713597682743538,-0.30291461615589954,-0.1465078498828407,0.3104662616287568,-0.17726185228207125,-2.9648060162844114,1.1744104012849808,-1.5943405432454867,3.141592652222229,0.9975682932081181,-1.6171006282144273,-6.106398668506641,0.17684210807686263,0.022760084968940664,-0.5444306946906392,0.6273993423071635,0.3330385917526277,0.4461508493263608,-0.6064146971761332,0.635165075866727,0.3303291349578605,0.34599017911782615
11.525801659,1.5478052749469537,1.5244920253753662,0.023313249571587535,0.049961090087890625,-0.3154385745367933,-0.35847917199134827,0.04304059745455496,0.1053248792886734,1.5302069195898673,1.5567253828048706,-0.026518463215003285,-0.06747856736183167,0.05040744867564731,0.25103989243507385,-0.20063244375942654,-0.4081268012523651,0.17282270130001703,-1.3675641730159782e-09,0.1728227026675812,-1.8844730220735073e-09,0.3232564373478606,7.036616723671473,-0.48845593833735235,0.47338286664545426,6.713597682743538,-0.30291461615589954,-0.15012642929759368,0.3230190409279352,-0.1855413221814528,-2.968769952289776,1.181678602727993,-1.5937873786428396,3.141592652222229,0.9975682932081181,-1.6171006282144273,-6.110362604512005,0.18411030951987495,0.023313249571587757,-0.5438948752330393,0.6253309417170896,0.33663320184433493,0.4470096927835972,-0.6064146971761332,0.635165075866727,0.3303291349578605,0.34599017911782615
11.535387993,1.5480817544447607,1.5256258249282837,0.022455929516477013,0.028085783123970032,-0.31442176862241605,-0.354432612657547,0.040010844035130944,0.1036076694726944,1.5295554217213019,1.5541309118270874,-0.024575490105785525,-0.06649509817361832,0.046409390675647755,0.2352498322725296,-0.18884044159688185,-0.4027635455131531,0.17084146997961408,-1.5264710606643916e-09,0.17084147150608514,1.4624674804508686e-09,0.3214422356491833,7.042872293407873,-0.4925668062950568,0.4669184298379581,6.740258388137454,-0.32298276333133824,-0.14547619418877483,0.30261390527041954,-0.16958404296371854,-2.970751183610179,1.1853113526821806,-1.5935108991450329,3.141592652063322,1.011906265014644,-1.6159668286615096,-6.112343835673501,0.1734050876675366,0.02245592951647679,-0.5436261711613755,0.6242899271457915,0.3384259986122695,0.4474377234387078,-0.6043895719840231,0.6323258497948363,0.33486665196855936,0.3503449590868623
11.555672169,1.5486351176284503,1.5256258249282837,0.023009292700166606,0.028085783123970032,-0.31238667031517414,-0.354432612657547,0.042045942342372855,0.1036076694726944,1.5282514735530803,1.5541309118270874,-0.02587943827400707,-0.06649509817361832,0.03840742987564866,0.2352498322725296,-0.19684240239688094,-0.4027635455131531,0.16687611095740962,-1.5264710606643916e-09,0.16687611248388068,1.4624674804508686e-09,0.3178000419777352,7.055355193831041,-0.5007399272934696,0.4669184298379581,6.740258388137454,-0.32298276333133824,-0.1491183878602229,0.315096805693587,-0.17775716396213137,-2.974716542632384,1.1925821633431597,-1.592957535961343,3.141592652063322,1.011906265014644,-1.6159668286615096,-6.116309194695706,0.18067589832851572,0.023009292700166606,-0.543086571395209,0.6221920037120018,0.3420064554459375,0.4482919483108602,-0.6043895719840231,0.6323258497948363,0.33486665196855936,0.3503449590868623
11.575970650,1.5491883604021552,1.5267789363861084,0.02240942401604684,0.028148934245109558,-0.310352014838541,-0.3502602279186249,0.039908213080083854,0.10257884860038757,1.526947809119634,1.5514519214630127,-0.02450411234337868,-0.06583572179079056,0.03040721027564955,0.21904245018959045,-0.1886352399139409,-0.39963945746421814,0.16291161478411206,-1.750861566840456e-09,0.16291161653497363,6.439222488552332e-09,0.3141438479338091,7.067785038820934,-0.5088385593472846,0.4602882225510398,6.7675002189193245,-0.34338178026556543,-0.14614437461723068,0.30028481990160927,-0.16545677908171919,-2.978681038805681,1.1998513918999716,-1.5924042931876379,3.1415926518389314,1.0266202527227357,-1.6148137172036852,-6.120273690644613,0.17323113917723587,0.022409424016047286,-0.5425446785941362,0.6200754274739314,0.34557569789737524,0.4491427089410989,-0.6022726011388179,0.6293841358453716,0.3395086535860531,0.3547917665389695
11.596060514,1.5497414878279083,1.5267789363861084,0.022962551441799928,0.028148934245109558,-0.3083177835759301,-0.3502602279186249,0.041942444342694785,0.10257884860038757,1.525644416492761,1.5514519214630127,-0.02580750497025175,-0.06583572179079056,0.022408658675650443,0.21904245018959045,-0.19663379151394,-0.39963945746421814,0.15894794518557717,-1.750861566840456e-09,0.15894794693643874,6.439222488552332e-09,0.31047369861820634,7.080161378456304,-0.5168629661402662,0.4602882225510398,6.7675002189193245,-0.34338178026556543,-0.14981452393283345,0.3126611595369795,-0.17348118587470074,-2.9826447084042162,1.2071191048642325,-1.5918511657618852,3.1415926518389314,1.0266202527227357,-1.6148137172036852,-6.124237360243148,0.18049885214149675,0.022962551441799928,-0.5420004747085242,0.6179402545980262,0.3491336544432939,0.4499900204428224,-0.6022726011388179,0.6293841358453716,0.3395086535860531,0.3547917665389695
11.606245279,1.5500182599277865,1.5267789363861084,0.023239323541678125,0.028148934245109558,-0.3072999015618102,-0.3502602279186249,0.04296032635681468,0.10257884860038757,1.5249922291350033,1.5514519214630127,-0.026459692328009377,-0.06583572179079056,0.018406369475650892,0.21904245018959045,-0.20063608071393957,-0.39963945746421814,0.15696461710070433,-1.750861566840456e-09,0.1569646188515659,6.439222488552332e-09,0.30863173917671644,7.086334915161341,-0.5208510127923887,0.4602882225510398,6.7675002189193245,-0.34338178026556543,-0.15165648337432336,0.31883469624201677,-0.17746923252682323,-2.9846280364890894,1.2107556994078703,-1.591574393662007,3.1415926518389314,1.0266202527227357,-1.6148137172036852,-6.12622068832802,0.1841354466851346,0.023239323541678125,-0.5417272533388257,0.6168647380698666,0.3509099818632263,0.4504127690737873,-0.6022726011388179,0.6293841358453716,0.3395086535860531,0.3547917665389695
11.619422913,1.5502980920677587,1.5267789363861084,0.023519155681650306,0.028148934245109558,-0.30627076566850414,-0.3502602279186249,0.04398946225012074,0.10257884860038757,1.5243328310812816,1.5514519214630127,-0.027119090381731104,-0.06583572179079056,0.014359830275651346,0.21904245018959045,-0.2046826199139391,-0.39963945746421814,0.15495936099829702,-1.750861566840456e-09,0.15495936274915859,6.439222488552332e-09,0.3067656958586473,7.0925635220194,-0.5248647466783227,0.4602882225510398,6.7675002189193245,-0.34338178026556543,-0.15352252669239247,0.3250633031000758,-0.1814829664127573,-2.986633292591496,1.2144325007682844,-1.591294561522034,3.1415926518389314,1.0266202527227357,-1.6148137172036852,-6.128225944430428,0.18781224804554864,0.023519155681651194,-0.5414503886556307,0.6157725094411485,0.3527032233896854,0.45083936102756456,-0.6022726011388179,0.6293841358453716,0.3395086535860531,0.3547917665389695
11.627641201,1.5506250195594382,1.5279059410095215,0.022719078549916727,0.028254488483071327,-0.30506842766605174,-0.34623897075653076,0.04117054309047902,0.10297703742980957,1.5235624572716715,1.5488747358322144,-0.025312278560542856,-0.06606362015008926,0.009632264275651871,0.2033177763223648,-0.19368551204671294,-0.40113234519958496,0.15261662314194974,-1.49685785988396e-09,0.1526166246388076,1.9572325982153416e-09,0.3045808763100035,7.099823499618976,-0.5295305720804078,0.45373236706235714,6.79375778577749,-0.3627312007217296,-0.14915149075235362,0.3060657138414866,-0.16679937135867817,-2.988976030447844,1.2187281025754428,-1.5909676340303558,3.1415926520929354,1.040900855058666,-1.6136867125802716,-6.13056868254078,0.1778272475167768,0.02271907854991584,-0.5411261327023078,0.6144903315506249,0.35479477508916774,0.45133669084938627,-0.6001862022287496,0.6264966863546267,0.3440027686592281,0.3590828870827579
11.646877766,1.5511248371726694,1.5279059410095215,0.023218896163147873,0.028254488483071327,-0.30323025337365583,-0.34623897075653076,0.04300871738287493,0.10297703742980957,1.5223846841916622,1.5488747358322144,-0.02649005164055218,-0.06606362015008926,0.002404604275652672,0.2033177763223648,-0.20091317204671214,-0.40113234519958496,0.14903496765690583,-1.49685785988396e-09,0.14903496915376369,1.9572325982153416e-09,0.30123084418233625,7.110887334177232,-0.5366151361116003,0.45373236706235714,6.79375778577749,-0.3627312007217296,-0.1525015228800209,0.31712954839974206,-0.17388393538987068,-2.992557685932888,1.2252953613630548,-1.5904678164171246,3.1415926520929354,1.040900855058666,-1.6136867125802716,-6.134150338025823,0.1843945063043888,0.023218896163146985,-0.5406287361411333,0.6125173577823303,0.3579850896414892,0.4520948259692524,-0.6001862022287496,0.6264966863546267,0.3440027686592281,0.3590828870827579
11.665809870,1.55167734429199,1.5290435552597046,0.022633789032285412,0.049581870436668396,-0.30119830340587656,-0.3421209752559662,0.04092267185008963,0.10545370727777481,1.5210827532584117,1.5462337732315063,-0.025151019973094657,-0.06754152476787567,-0.00558497732434643,0.18726225197315216,-0.1928472292974986,-0.40943729877471924,0.1450757431276881,-1.541532235194154e-09,0.14507574466922032,-2.8048816602677107e-09,0.2975139191937475,7.123067130238226,-0.5443781322933394,0.44706224528869254,6.820424346222704,-0.3822576258877026,-0.14954832609494506,0.30264278401552236,-0.1621205064056368,-2.996516910462105,1.232554923928525,-1.589915309297803,3.1415926520482613,1.0554793465080219,-1.6125490983300885,-6.138109562510366,0.17707557742050306,0.022633789032285634,-0.5400765536416151,0.6103185276528433,0.3615013342249443,0.4529297918704908,-0.598017519732358,0.6235225665966296,0.34857528036241,0.3634417820754485
11.676206589,1.5519546861609606,1.5290435552597046,0.02291113090125596,0.049581870436668396,-0.3001783259576009,-0.3421209752559662,0.041942649298365275,0.10545370727777481,1.5204292232935084,1.5462337732315063,-0.025804549937997967,-0.06754152476787567,-0.009595505724345976,0.18726225197315216,-0.19685775769749814,-0.40943729877471924,0.1430883321202826,-1.541532235194154e-09,0.14308833366181484,-2.8048816602677107e-09,0.2956427184911023,7.1291609074122375,-0.548247892462963,0.44706224528869254,6.820424346222704,-0.3822576258877026,-0.15141952679759024,0.30873656118953363,-0.1659902665752604,-2.998504321469511,1.2361990048451528,-1.5896379674288335,3.1415926520482613,1.0554793465080219,-1.6125490983300885,-6.140096973517773,0.18071965833713088,0.022911130901255072,-0.5397984395101981,0.609207727339631,0.3632622389609189,0.45334769812709663,-0.598017519732358,0.6235225665966296,0.34857528036241,0.3634417820754485
11.696157217,1.5525078353838806,1.5290435552597046,0.023464280124176007,0.049581870436668396,-0.2981440145317647,-0.3421209752559662,0.043976960724201486,0.10545370727777481,1.5191257793036668,1.5462337732315063,-0.02710799392783958,-0.06754152476787567,-0.017594372524345092,0.18726225197315216,-0.20485662449749725,-0.40943729877471924,0.13912450632488607,-1.541532235194154e-09,0.1391245078664183,-2.8048816602677107e-09,0.2918999060197239,7.1412742337180015,-0.5559121540263914,0.44706224528869254,6.820424346222704,-0.3822576258877026,-0.15516233926896866,0.32084988749529764,-0.17365452813868876,-3.002468147264907,1.243467004209158,-1.5890848182059125,3.1415926520482613,1.0554793465080219,-1.6125490983300885,-6.144060799313168,0.18798765770113612,0.023464280124176007,-0.5392418744162701,0.6069782343297376,0.36676596636051517,0.45417876419491404,-0.598017519732358,0.6235225665966296,0.34857528036241,0.3634417820754485
11.715623379,1.5530598312655872,1.5301746129989624,0.02288521826662482,0.027930255979299545,-0.29611394473750063,-0.33809027075767517,0.04197632602017454,0.10297166556119919,1.5178250530536506,1.5436508655548096,-0.025825812501159007,-0.06604830175638199,-0.025576561324344188,0.17148736119270325,-0.19706392251704744,-0.4015999436378479,0.13516894528601928,-1.4571310824607053e-09,0.13516894674315036,5.587935447692871e-09,0.2881506672472913,7.1533080198663965,-0.5634890684934593,0.44035176877868404,6.846461197889951,-0.40106402698981203,-0.1522011015313927,0.3068468219764453,-0.16242504150364723,-3.0064237083037737,1.2507198494649083,-1.5885328223242052,3.1415926521326623,1.0698064404668766,-1.6114180405908307,-6.148016360436436,0.18091340899803177,0.022885218266625484,-0.5386839672819026,0.6047348035191985,0.3702512243035433,0.45500486998245826,-0.5958562050521384,0.6205661835595248,0.35305822761225164,0.36769944606774396
11.725701094,1.55333748761678,1.5301746129989624,0.02316287461781763,0.027930255979299545,-0.29509281072106713,-0.33809027075767517,0.04299746003660804,0.10297166556119919,1.517170782041042,1.5436508655548096,-0.026480083513767516,-0.06604830175638199,-0.02959163732434375,0.17148736119270325,-0.201078998517047,-0.4015999436378479,0.1331792807226242,-1.4571310824607053e-09,0.13317928217975528,5.587935447692871e-09,0.2862594346628491,7.1593403856150974,-0.5672733942737076,0.44035176877868404,6.846461197889951,-0.40106402698981203,-0.15409233411583495,0.3128791877251462,-0.16620936728389557,-3.008413372867169,1.2543680624610831,-1.5882551659730137,3.1415926521326623,1.0698064404668766,-1.6114180405908307,-6.150006024999831,0.18456162199420656,0.023162874617816964,-0.5384023881240647,0.6035993506631926,0.37200007465965257,0.45541918799550957,-0.5958562050521384,0.6205661835595248,0.35305822761225164,0.36769944606774396
11.735601187,1.5536142063578573,1.5301746129989624,0.023439593358894895,0.027930255979299545,-0.2940751249440812,-0.33809027075767517,0.04401514581359395,0.10297166556119919,1.5165187204182673,1.5436508655548096,-0.027132145136542274,-0.06604830175638199,-0.033593154924343296,0.17148736119270325,-0.20508051611704653,-0.4015999436378479,0.13119633500291134,-1.4571310824607053e-09,0.13119633646004242,5.587935447692871e-09,0.2843710395960604,7.165338510620378,-0.5710270590674471,0.44035176877868404,6.846461197889951,-0.40106402698981203,-0.15598072918262362,0.31887731273042697,-0.16996303207763508,-3.010396318586882,1.2580039559068723,-1.5879784472319367,3.1415926521326623,1.0698064404668766,-1.6114180405908307,-6.151988970719544,0.18819751543999574,0.023439593358894006,-0.5381211252048073,0.6024630836195565,0.3737401712492653,0.45583129760745644,-0.5958562050521384,0.6205661835595248,0.35305822761225164,0.36769944606774396
11.755760908,1.5541661816871593,1.5313111543655396,0.022855027321619703,0.028336983174085617,-0.2920451307351933,-0.33399587869644165,0.04195074796124837,0.10480045527219772,1.5152180425980555,1.5410242080688477,-0.025806165470792175,-0.06729693710803986,-0.04157504652434241,0.15549428761005402,-0.19706933413439642,-0.4078257381916046,0.12724092124103464,-1.286946438305847e-09,0.12724092252798108,2.240994945168495e-09,0.2805936854219541,7.177261419676547,-0.5784613238467935,0.4335535029184319,6.872709833997538,-0.41987689102600756,-0.1529598174964778,0.3045515856790093,-0.15858443282078594,-3.014351732348759,1.2652565311181942,-1.5874264719026343,3.1415926523028466,1.0843317794742544,-1.6102814992242538,-6.1559443846516055,0.18092475164393984,0.02285502732161948,-0.5375581862572898,0.600182726966174,0.3772026238272219,0.45665092928524653,-0.5936273947035628,0.617542119957003,0.3575878357168759,0.3719935296262444
11.765763760,1.554444077198638,1.5313111543655396,0.023132922833098535,0.028336983174085617,-0.29102311716134105,-0.33399587869644165,0.0429727615351006,0.10480045527219772,1.514563208026782,1.5410242080688477,-0.026461000042065752,-0.06729693710803986,-0.045593580924341945,0.15549428761005402,-0.20108786853439597,-0.4078257381916046,0.12524954287298776,-1.286946438305847e-09,0.1252495441599342,2.240994945168495e-09,0.27868665759207917,7.18324294113173,-0.5821773597027988,0.4335535029184319,6.872709833997538,-0.41987689102600756,-0.15486684532635275,0.3105331071341917,-0.16230046867679127,-3.0163431107168055,1.2689078865156156,-1.5871485763911555,3.1415926523028466,1.0843317794742544,-1.6102814992242538,-6.157935763019652,0.18457610704136118,0.023132922833098313,-0.5372738099659212,0.5990277131909828,0.3789414819979425,0.45706236464522865,-0.5936273947035628,0.617542119957003,0.3575878357168759,0.3719935296262444
11.785767078,1.5549983070963278,1.5313111543655396,0.023687152730788252,0.028336983174085617,-0.2889848313485937,-0.33399587869644165,0.04501104734784794,0.10480045527219772,1.5132572175287375,1.5410242080688477,-0.027766990540110115,-0.06729693710803986,-0.053608074924341054,0.15549428761005402,-0.20910236253439507,-0.4078257381916046,0.12127797304334006,-1.286946438305847e-09,0.1212779743302865,2.240994945168495e-09,0.27487277811497296,7.195129735085305,-0.589535091470005,0.4335535029184319,6.872709833997538,-0.41987689102600756,-0.15868072480345896,0.3224199010877671,-0.1696582004439975,-3.020314680546453,1.2761900852009123,-1.586594346493466,3.1415926523028466,1.0843317794742544,-1.6102814992242538,-6.1619073328492995,0.19185830572665785,0.023687152730787808,-0.5367047241920605,0.5967103117884666,0.38240069197211374,0.4578805014569676,-0.5936273947035628,0.617542119957003,0.3575878357168759,0.3719935296262444
11.805664539,1.5555507762365746,1.5324397087097168,0.023111067526857765,0.028292324393987656,-0.28695302105607884,-0.3299267590045929,0.04297373794851406,0.1053883284330368,1.5119553760895938,1.5384159088134766,-0.026460532723882713,-0.06765606254339218,-0.06159710732434015,0.1395806074142456,-0.20117771473858576,-0.40984103083610535,0.11731902066931396,-1.4777038481739169e-09,0.11731902214701781,7.006747182458639e-09,0.27105711516392,7.206921745200893,-0.5967987232358238,0.42673995666223097,6.898651757677704,-0.43827542840185396,-0.15568284149831096,0.30826998752318957,-0.15852329483396987,-3.024273632920479,1.28344914874754,-1.5860418773532186,3.1415926521120894,1.0987846392335847,-1.6091529448800765,-6.1658662850325685,0.1846645095139552,0.023111067526857987,-0.536134875165865,0.5943819529291938,0.3858372387053193,0.4586928328317487,-0.5913746787303915,0.6145042324216967,0.36208063085913117,0.37624214868751893
11.825574398,1.5561035214097259,1.5335693359375,0.022534185472225854,0.02739914506673813,-0.2849201956000801,-0.3258662223815918,0.04094602678151171,0.09763734042644501,1.5106528842049358,1.5358134508132935,-0.025160566608357637,-0.06246808171272278,-0.06959013132433928,0.1236916333436966,-0.19328176466803587,-0.38460782170295715,0.11335809026421914,-1.923647241497406e-09,0.11335809218786638,3.7071004044264555e-09,0.2672257415330849,7.218662099827478,-0.6039955081727084,0.4198532046958744,6.924383357590769,-0.4563396118237164,-0.15262746316278947,0.2942787422367088,-0.147655896348992,-3.028234563325574,1.2907118391761985,-1.5854891321800684,3.1415926516661457,1.1132155346813162,-1.608023317652294,-6.16982721499172,0.1774963044948823,0.022534185472225632,-0.5355621585994363,0.5920341966377342,0.38926373235308953,0.4595023731846957,-0.5890921774932825,0.6114408742987483,0.3665531486707488,0.38045926569419414
11.836051226,1.556380390711691,1.5335693359375,0.022811054774191097,0.02739914506673813,-0.28390195610680574,-0.3258662223815918,0.041964266274786055,0.09763734042644501,1.5100004677996244,1.5358134508132935,-0.025812983013669077,-0.06246808171272278,-0.07359382612433885,0.1236916333436966,-0.19728545946803544,-0.38460782170295715,0.11137406563648876,-1.923647241497406e-09,0.111374067560136,3.7071004044264555e-09,0.2653014480760802,7.224521010516655,-0.6075739298099283,0.4198532046958744,6.924383357590769,-0.4563396118237164,-0.1545517566197942,0.3001376529258861,-0.1512343179862119,-3.0302185879533043,1.294349710888235,-1.5852122628781027,3.1415926516661457,1.1132155346813162,-1.608023317652294,-6.1718112396194496,0.18113417620691874,0.02281105477419132,-0.5352743102348683,0.5908513749628063,0.3909755996455003,0.4599066709550851,-0.5890921774932825,0.6114408742987483,0.3665531486707488,0.38045926569419414
11.856354713,1.556933360190968,1.5335693359375,0.023364024253468063,0.02739914506673813,-0.2818683057223883,-0.3258662223815918,0.043997916659203495,0.09763734042644501,1.5086974473587307,1.5358134508132935,-0.027116003454562776,-0.06246808171272278,-0.08159009372433793,0.1236916333436966,-0.20528172706803452,-0.38460782170295715,0.10741152787054255,-1.923647241497406e-09,0.10741152979418979,3.7071004044264555e-09,0.26144794496867485,7.236178613444413,-0.6146681382401011,0.4198532046958744,6.924383357590769,-0.4563396118237164,-0.15840525972719954,0.3117952558536441,-0.15832852641638473,-3.034181125719251,1.3016153485447106,-1.584659293398826,3.1415926516661457,1.1132155346813162,-1.608023317652294,-6.1757737773853965,0.18839981386339444,0.023364024253468063,-0.534697455932049,0.5884754097581114,0.3943856051951693,0.46071175060406,-0.5890921774932825,0.6114408742987483,0.3665531486707488,0.38045926569419414
11.865622520,1.557210157213749,1.5347074270248413,0.022502730188907583,0.028033627197146416,-0.28085033204955523,-0.32171884179115295,0.040868509741597725,0.10240599513053894,1.5080452012725023,1.5331531763076782,-0.025107975035175922,-0.06565473973751068,-0.08559274332433747,0.10751175135374069,-0.19310449467807816,-0.4003871977329254,0.10542802119001955,-1.6535910418724598e-09,0.1054280228436106,7.30506144464016e-09,0.2595139028304033,7.241991861134882,-0.6181929241995283,0.41286064847288373,6.950416554795308,-0.4745045937120991,-0.1533467456424804,0.29157530633957407,-0.14368833048742924,-3.0361646323997737,1.3052522705581047,-1.5843824963760447,3.141592651936202,1.1279083105864482,-1.606885226564952,-6.177757284335976,0.17734395997165642,0.02250273018890736,-0.5344077199824863,0.5872792924017894,0.3960880158287914,0.4611135492001783,-0.5867297065165792,0.6082956212161771,0.3710899068583394,0.3847297359550767
11.886542559,1.5577634532909321,1.5347074270248413,0.023056026266090823,0.028033627197146416,-0.27881548053924804,-0.32171884179115295,0.042903361251904915,0.10240599513053894,1.5067414112344357,1.5331531763076782,-0.0264117650732425,-0.06565473973751068,-0.09359373372433658,0.10751175135374069,-0.20110548507807727,-0.4003871977329254,0.10146314304800075,-1.6535910418724598e-09,0.10146314470159179,7.30506144464016e-09,0.2556377285138366,7.253567474096945,-0.6251861867783388,0.41286064847288373,6.950416554795308,-0.4745045937120991,-0.15722291995904714,0.30315091930163707,-0.15068159306623974,-3.040129510541793,1.312522199485863,-1.5838292002988617,3.141592651936202,1.1279083105864482,-1.606885226564952,-6.181722162477995,0.18461388889941466,0.02305602626609038,-0.5338265857329242,0.5848748065244403,0.3994819040948398,0.4619143268599586,-0.5867297065165792,0.6082956212161771,0.3710899068583394,0.3847297359550767
11.907605648,1.5583166794678096,1.535831093788147,0.022485585679662634,0.02822142280638218,-0.27678088610060375,-0.3176087439060211,0.04082785780541737,0.10641384869813919,1.505437785909849,1.5305176973342896,-0.02507991142444066,-0.06833165138959885,-0.1015937133243357,0.09144607186317444,-0.19303978518751014,-0.4136420488357544,0.09749876580632372,-1.548489780844875e-09,0.0974987673548135,3.103195922449231e-09,0.2517485607694895,7.265081673574443,-0.6321087435036603,0.4058976505873454,6.976075062039598,-0.4921969095840293,-0.1541490898178559,0.28900661153484464,-0.13991183391963102,-3.0440938877834696,1.3197912099718052,-1.5832759741219837,3.1415926520413033,1.1424993711652716,-1.6057615598016468,-6.185686539824773,0.17729183880653365,0.022485585679663078,-0.5332428822957751,0.5824526400309689,0.4028631467001029,0.46271182785048864,-0.584346901214427,0.605144440493042,0.3755790799601332,0.3889463457570464
11.925764799,1.5588699072213856,1.535831093788147,0.02303881343323866,0.02822142280638218,-0.2747462858633505,-0.3176087439060211,0.04286245804267064,0.10641384869813919,1.5041341568699205,1.5305176973342896,-0.026383540464369082,-0.06833165138959885,-0.10959371572433482,0.09144607186317444,-0.20103978758750926,-0.4136420488357544,0.09353437726614273,-1.548489780844875e-09,0.09353437881463252,3.103195922449231e-09,0.24784599016840833,7.276535391809593,-0.6389617111902213,0.4058976505873454,6.976075062039598,-0.4921969095840293,-0.15805166041893706,0.3004603297699946,-0.14676480160619199,-3.04805827632365,1.3270602411744792,-1.5827227463684084,3.1415926520413033,1.1424993711652716,-1.6057615598016468,-6.189650928364953,0.18456087000920762,0.023038813433238436,-0.5326565213233134,0.5800125565823914,0.4062320780973274,0.46350616309088255,-0.584346901214427,0.605144440493042,0.3755790799601332,0.3889463457570464
11.936179399,1.5591464290134418,1.535831093788147,0.02331533522529483,0.02822142280638218,-0.2737293244038318,-0.3176087439060211,0.04387941950218932,0.10641384869813919,1.5034825593389447,1.5305176973342896,-0.02703513799534485,-0.06833165138959885,-0.11359238532433436,0.09144607186317444,-0.2050384571875088,-0.4136420488357544,0.09155284286832681,-1.548489780844875e-09,0.09155284441681659,3.103195922449231e-09,0.24589036338466563,7.282237485351242,-0.6423610291150073,0.4058976505873454,6.976075062039598,-0.4921969095840293,-0.16000728720267976,0.306162423311644,-0.15016411953097797,-3.0500398107214663,1.330693546845936,-1.582446224576352,3.1415926520413033,1.1424993711652716,-1.6057615598016468,-6.19163246276277,0.18819417568066443,0.02331533522529483,-0.5323624387553505,0.5787862307566617,0.407911332184954,0.463902013321831,-0.584346901214427,0.605144440493042,0.3755790799601332,0.3889463457570464
11.956116676,1.5596996476111014,1.5369492769241333,0.022750370686968058,0.027558237314224243,-0.2716947578392024,-0.3135931193828583,0.04189836154365589,0.10038983076810837,1.5021789518740705,1.527945637702942,-0.025766685828871427,-0.06430265307426453,-0.12159225532433346,0.07568100094795227,-0.19727325627228573,-0.3941269516944885,0.08758851993875649,-1.2137230109843244e-09,0.0875885211524795,3.0868250178173184e-09,0.2419679448574215,7.293599197463291,-0.6491098852150443,0.39889343763040597,7.001060056442167,-0.5091701741080352,-0.15692549277298445,0.2925391410211242,-0.1399397111070091,-3.054004133651037,1.3379624577461784,-1.5818930059786913,3.1415926523760698,1.1568208771886783,-1.6046433766656607,-6.195596786027107,0.18114158055750007,0.02275037068696939,-0.5317720792194945,0.5763194647790344,0.411261533676102,0.46469159794186427,-0.5819791879940622,0.6020185153430743,0.3799735931691527,0.393057248273093
11.975926876,1.5602528753923388,1.5369492769241333,0.02330359846820551,0.027558237314224243,-0.26966015750021916,-0.3135931193828583,0.04393296188263912,0.10038983076810837,1.5008753227689606,1.527945637702942,-0.027070314933981265,-0.06430265307426453,-0.12959225812433256,0.07568100094795227,-0.20527325907228483,-0.3941269516944885,0.08362413120035615,-1.2137230109843244e-09,0.08362413241407916,3.0868250178173184e-09,0.23803230139213585,7.30489917751747,-0.6557897857870092,0.39889343763040597,7.001060056442167,-0.5091701741080352,-0.1608611362382701,0.30383912107530264,-0.14661961167897397,-3.0579685223894364,1.3452314893123059,-1.5813397781974534,3.1415926523760698,1.1568208771886783,-1.6046433766656607,-6.199561174765506,0.18841061212362753,0.023303598468207287,-0.531179020832412,0.5738349336304006,0.41459921016533846,0.46547804642452406,-0.5819791879940622,0.6020185153430743,0.3799735931691527,0.393057248273093
11.995898247,1.5608026926541707,1.538071632385254,0.022731060268916803,0.027889274060726166,-0.26763809999472016,-0.3095466196537018,0.041908519658981624,0.10193368792533875,1.4995797302312677,1.5253530740737915,-0.025773343842523833,-0.0653274729847908,-0.13754294278500415,0.05981144309043884,-0.197354385875443,-0.39935117959976196,0.07968418198792059,-1.0223653035268399e-09,0.07968418301028589,3.738023224286735e-09,0.23410797561581365,7.316067593239413,-0.6623602961676522,0.3918038757623797,7.026027487988683,-0.5259918004006039,-0.15769590014656604,0.2900401052507293,-0.13636849576704835,-3.061908471601872,1.352455709005171,-1.5807899609356217,3.1415926525674283,1.1712364989461859,-1.603521021204539,-6.2035011241693,0.18121921005898511,0.022731060268917247,-0.5305869412649035,0.5713482326786663,0.4179037439734344,0.4662565340529875,-0.579561465831696,0.5988446767916443,0.38438142626055355,0.3971705925005395
12.005711794,1.561077663555125,1.538071632385254,0.02300603116987099,0.027889274060726166,-0.2666268422320664,-0.3095466196537018,0.042919777421635386,0.10193368792533875,1.4989317872289467,1.5253530740737915,-0.026421286844844794,-0.0653274729847908,-0.14151918557713591,0.05981144309043884,-0.20133062866757476,-0.39935117959976196,0.07771376115928358,-1.0223653035268399e-09,0.07771376218164888,3.738023224286735e-09,0.23214055712283457,7.321629745868684,-0.6656208577485341,0.3918038757623797,7.026027487988683,-0.5259918004006039,-0.1596633186395451,0.2956022578800006,-0.13962905734793019,-3.06387889243051,1.3560686370369701,-1.5805149900346687,3.1415926525674283,1.1712364989461859,-1.603521021204539,-6.205471544997938,0.18483213809078425,0.023006031169870322,-0.5302898292407163,0.5700980848053372,0.41955165413517886,0.4666447044782292,-0.579561465831696,0.5988446767916443,0.38438142626055355,0.3971705925005395
12.025959015,1.5616274640432748,1.5391924381256104,0.022435025917664442,0.028150254860520363,-0.2646048464149714,-0.3054647445678711,0.0408598981528997,0.105707548558712,1.4976362342168537,1.52273690700531,-0.025100672788456402,-0.06785055249929428,-0.14946962768038963,0.04382245987653732,-0.19329208755692695,-0.41172119975090027,0.07377393214579292,-1.0538884209765342e-09,0.07377393319968134,2.3155735107138753e-09,0.22819717117317612,7.332704224566277,-0.6720895848403945,0.3846697320644063,7.050991109475534,-0.5426763850509349,-0.15647256089123018,0.28171311509074304,-0.12941319978945964,-3.0678187214440005,1.3632926363352214,-1.579965189546518,3.141592652535904,1.1857597741427377,-1.6024002154641834,-6.209411373979904,0.17753286219248365,0.02243502591766533,-0.5296937401047063,0.567585450437825,0.42283710529630286,0.4674185282269226,-0.5770888498813904,0.5956214956339642,0.3888047657589932,0.40129085138391585
12.045643330,1.5621768582371887,1.5391924381256104,0.022984420111578308,0.028150254860520363,-0.26258434482216914,-0.3054647445678711,0.04288039974570196,0.105707548558712,1.4963416385988197,1.52273690700531,-0.026395268406490313,-0.06785055249929428,-0.15741419452731076,0.04382245987653732,-0.20123665440384808,-0.41172119975090027,0.06983701460628826,-1.0538884209765342e-09,0.06983701566017668,2.3155735107138753e-09,0.2242440479730512,7.343707518029619,-0.6784861756474738,0.3846697320644063,7.050991109475534,-0.5426763850509349,-0.1604256840913551,0.2927164085540852,-0.13580979059653897,-3.0717556389835052,1.3705112972073732,-1.5794157953526045,3.141592652535904,1.1857597741427377,-1.6024002154641834,-6.213348291519409,0.1847515230646355,0.022984420111578974,-0.5290953937574921,0.5650574481282172,0.42610736393977106,0.4681887002221762,-0.5770888498813904,0.5956214956339642,0.3888047657589932,0.40129085138391585
12.055787802,1.5624519735030256,1.5391924381256104,0.023259535377415208,0.028150254860520363,-0.26157255613021524,-0.3054647445678711,0.043892188437655855,0.105707548558712,1.495693355414265,1.52273690700531,-0.02704355159104499,-0.06785055249929428,-0.1613925249215167,0.04382245987653732,-0.20521498479805403,-0.41172119975090027,0.06786555926974418,-1.0538884209765342e-09,0.0678655603236326,2.3155735107138753e-09,0.22225975574010656,7.349193705825601,-0.6816641117840081,0.3846697320644063,7.050991109475534,-0.5426763850509349,-0.16240997632429974,0.29820259635006696,-0.13898772673307325,-3.073727094320049,1.3741261220941816,-1.5791406800867676,3.141592652535904,1.1857597741427377,-1.6024002154641834,-6.215319746855953,0.1883663479514439,0.023259535377415874,-0.5287947478901193,0.5637850764905857,0.42774015648363783,0.4685732180371417,-0.5770888498813904,0.5956214956339642,0.3888047657589932,0.40129085138391585
12.075468302,1.563000462200375,1.5403201580047607,0.022680304195614287,0.028132952749729156,-0.25955538467317185,-0.3013511896133423,0.04179580494017043,0.10526378452777863,1.4944008935135102,1.520099401473999,-0.02569850796048878,-0.06755919754505157,-0.16932399774948736,0.027731088921427727,-0.1970550866709151,-0.4102325439453125,0.06393513045062693,-5.866082619654378e-10,0.0639351310372352,2.4519977159798145e-09,0.21829439230829462,7.360083546119795,-0.6879497687043679,0.3774298806491564,7.075918494237794,-0.5592050032197566,-0.15913548834086177,0.2841650518820007,-0.12874476548461122,-3.077657523139166,1.381332885365863,-1.578592191389418,3.141592653003185,1.2003750956746297,-1.6012724955850326,-6.219250176142351,0.18095778969123333,0.02268030419561451,-0.5281933259682374,0.5612355987296715,0.43098573123911954,0.4693375252304463,-0.5745663063204549,0.5923492400798689,0.3932401737582811,0.4054110298951275
12.086113930,1.5632764396423164,1.5403201580047607,0.022956281637555698,0.028132952749729156,-0.25854042516468545,-0.3013511896133423,0.042810764448656835,0.10526378452777863,1.4937505786922554,1.520099401473999,-0.026348822781743664,-0.06755919754505157,-0.17331479572302672,0.027731088921427727,-0.20104588464445444,-0.4102325439453125,0.06195749682485718,-5.866082619654378e-10,0.061957497411465445,2.4519977159798145e-09,0.21629450038907705,7.365538664037901,-0.6910872858469777,0.3774298806491564,7.075918494237794,-0.5592050032197566,-0.16113538026007934,0.28962016980010663,-0.13188228262722101,-3.0796351567649354,1.384959038652171,-1.5783162139474758,3.141592653003185,1.2003750956746297,-1.6012724955850326,-6.22122780976812,0.18458394297754133,0.022956281637556808,-0.5278896871983614,0.5599463810802427,0.432613876971944,0.4697209404700407,-0.5745663063204549,0.5923492400798689,0.3932401737582811,0.4054110298951275
12.105646610,1.5638261586572157,1.5414413213729858,0.022384837284229908,0.02779442071914673,-0.2565187289809579,-0.29732003808021545,0.040801309099257554,0.10199008136987686,1.4924552176641952,1.5175169706344604,-0.02506175297026525,-0.06537134200334549,-0.18126405967461479,0.011904931627213955,-0.19316899130182874,-0.3996264338493347,0.05801825164256162,-9.056985023070396e-11,0.05801825173313147,1.7253114492632449e-09,0.21230164434528753,7.376356070176884,-0.6972868356662494,0.37016296570848584,7.1002246878356665,-0.5750912064640838,-0.1578613213631983,0.2761313823412177,-0.12219562920216553,-3.0835744019472315,1.3921819674480926,-1.5777664949325796,3.1415926534992233,1.2147525322752553,-1.600151332216808,-6.225167055446455,0.17742943517283738,0.022384837284228354,-0.5272828122159773,0.5573656256721361,0.43584714725240814,0.4704823689498434,-0.572054919642776,0.5890989831082718,0.3975899572765142,0.40943593257817124
12.115581274,1.5641013053413808,1.5414413213729858,0.02265998396839497,0.02779442071914673,-0.2555068247421285,-0.29732003808021545,0.04181321333808696,0.10199008136987686,1.491806860445312,1.5175169706344604,-0.025710110189148372,-0.06537134200334549,-0.18524284439653796,0.011904931627213955,-0.19714777602375191,-0.3996264338493347,0.05604657116463563,-9.056985023070396e-11,0.05604657125520548,1.7253114492632449e-09,0.21029851824756943,7.381745972314588,-0.7003648765456991,0.37016296570848584,7.1002246878356665,-0.5750912064640838,-0.1598644474609164,0.2815212844789219,-0.12527367008161527,-3.085546082425158,1.3957972051500678,-1.5774913482484114,3.1415926534992233,1.2147525322752553,-1.600151332216808,-6.227138735924381,0.18104467287481252,0.022659983968396524,-0.5269780258496533,0.5560675365051186,0.43746053130987944,0.4708623351498913,-0.572054919642776,0.5890989831082718,0.3975899572765142,0.40943593257817124
12.135942221,1.5646508594031845,1.5425602197647095,0.022090639638475018,0.027775276452302933,-0.2534857352047699,-0.29329225420951843,0.03980651900474852,0.10191185772418976,1.4905118881136696,1.5149370431900024,-0.024425155076332805,-0.06531345099210739,-0.1931897230282389,-0.003917141817510128,-0.18927258121072876,-0.3995426595211029,0.05210850802383859,-5.414245718426969e-10,0.05210850856526316,-1.6189005691558123e-10,0.20628850184230313,7.3924621327457904,-0.7064629730754071,0.36285231360339637,7.124318011122481,-0.59067673506939,-0.15656381176109324,0.26814412162330914,-0.11578623800601706,-3.0894841455659536,1.4030179665760543,-1.5769417941866082,3.141592653048369,1.229126749293741,-1.5990324338250839,-6.231076798614323,0.17389121728231327,0.022090639638475684,-0.5263672038950965,0.5534621878735129,0.44067303785239925,0.4716189637491906,-0.5695104747179587,0.5858226126420828,0.4019224326325229,0.41343444927882445
12.145955563,1.5649258114201565,1.5425602197647095,0.022365591655447048,0.027775276452302933,-0.2524745468915505,-0.29329225420951843,0.04081770731796791,0.10191185772418976,1.4898639896096721,1.5149370431900024,-0.025073053580330296,-0.06531345099210739,-0.19716569274675586,-0.003917141817510128,-0.19324855092924573,-0.3995426595211029,0.05013822251639963,-5.414245718426969e-10,0.0501382230578242,-1.6189005691558123e-10,0.2042776673775913,7.397798901804602,-0.7094891579583709,0.36285231360339637,7.124318011122481,-0.59067673506939,-0.15857464622580508,0.2734808906821211,-0.11881242288898086,-3.091454431073393,1.4066306464853482,-1.5766668421696357,3.141592653048369,1.229126749293741,-1.5990324338250839,-6.233047084121762,0.1775038971916072,0.022365591655448158,-0.5260605608695558,0.5521523719215509,0.44227532430957206,0.4719963792084391,-0.5695104747179587,0.5858226126420828,0.4019224326325229,0.41343444927882445
12.156096458,1.5652012758060183,1.5425602197647095,0.022641056041308838,0.027775276452302933,-0.2514614742443336,-0.29329225420951843,0.041830779965184806,0.10191185772418976,1.4892148837566954,1.5149370431900024,-0.025722159433307024,-0.06531345099210739,-0.20114907162419565,-0.003917141817510128,-0.19723192980668552,-0.3995426595211029,0.04816426541197137,-5.414245718426969e-10,0.04816426595339594,-1.6189005691558123e-10,0.20226006033685898,7.403128991922704,-0.712504434050909,0.36285231360339637,7.124318011122481,-0.59067673506939,-0.1605922532665374,0.2788109808002224,-0.12182769898151902,-3.093428388177823,1.4102500585685491,-1.5763913777837777,3.141592653048369,1.229126749293741,-1.5990324338250839,-6.235021041226192,0.18112330927480813,0.022641056041306173,-0.525752650453347,0.5508359067075704,0.44387724306003684,0.47237373711538055,-0.5695104747179587,0.5858226126420828,0.4019224326325229,0.41343444927882445
12.175592661,1.5657502548821765,1.5436780452728271,0.022072209609349303,0.027753164991736412,-0.24944249932599652,-0.28923681378364563,0.03979431445764911,0.10259810835123062,1.4879212663245138,1.512338638305664,-0.024417371981150238,-0.06577318906784058,-0.20908763562143584,-0.019830811768770218,-0.18925682385266562,-0.40181583166122437,0.044230322575134755,-6.891811010767412e-10,0.044230323264315856,7.967173587530851e-10,0.1982301474338154,7.413701558962244,-0.7184643735407112,0.3554941084782866,7.148342014384822,-0.6060927238787666,-0.1572639610444712,0.2653595445774224,-0.11237164966194468,-3.0973623310146587,1.4174632650796328,-1.575842398707618,3.1415926529006124,1.2435833837034673,-1.5979146083169666,-6.238954983915271,0.1738798813761655,0.022072209609348636,-0.5251369253943666,0.5481997708390643,0.44705968314542555,0.4731235151049465,-0.5669160556284705,0.5825021335449597,0.4062618703202209,0.41743112367208957
12.186520338,1.566025299394927,1.5436780452728271,0.022347254122099924,0.027753164991736412,-0.24843097084196694,-0.28923681378364563,0.04080584294167869,0.10259810835123062,1.4872731498629352,1.512338638305664,-0.025065488442728823,-0.06577318906784058,-0.21306494288393216,-0.019830811768770218,-0.19323413111516194,-0.40181583166122437,0.042259374249891665,-6.891811010767412e-10,0.042259374939072766,7.967173587530851e-10,0.19620664694771126,7.418973417453277,-0.7214257595548115,0.3554941084782866,7.148342014384822,-0.6060927238787666,-0.15928746153057535,0.2706314030684549,-0.11533303567604491,-3.099333279339901,1.421077160319679,-1.5755673541948672,3.1415926529006124,1.2435833837034673,-1.5979146083169666,-6.240925932240513,0.17749377661621168,0.02234725412209948,-0.5248273940457642,0.5468727867670414,0.44864905887831097,0.47349802905649796,-0.5669160556284705,0.5825021335449597,0.4062618703202209,0.41743112367208957
12.205628872,1.566574820334171,1.5436780452728271,0.0228967750613438,0.027753164991736412,-0.24641000311911843,-0.28923681378364563,0.042826810664527204,0.10259810835123062,1.4859782555814816,1.512338638305664,-0.026360382724182507,-0.06577318906784058,-0.22101134254371776,-0.019830811768770218,-0.20118053077494755,-0.40181583166122437,0.03832154846286996,-6.891811010767412e-10,0.03832154915205106,7.967173587530851e-10,0.19215495461656124,7.429455711075607,-0.7272933775230461,0.3554941084782866,7.148342014384822,-0.6060927238787666,-0.16333915386172537,0.28111369669078545,-0.12120065364427957,-3.1032711051269235,1.4282974865380695,-1.5750178332556237,3.1415926529006124,1.2435833837034673,-1.5979146083169666,-6.244863758027536,0.1847141028346022,0.02289677506134291,-0.5242068712373098,0.5442091115109146,0.4518143479828734,0.4742440237397859,-0.5669160556284705,0.5825021335449597,0.4062618703202209,0.41743112367208957
12.215814829,1.5668502521472252,1.5436780452728271,0.023172206874398027,0.027753164991736412,-0.24539705026459396,-0.28923681378364563,0.04383976351905167,0.10259810835123062,1.4853292264832547,1.512338638305664,-0.027009411822409346,-0.06577318906784058,-0.22499425039898358,-0.019830811768770218,-0.20516343863021336,-0.40181583166122437,0.03634782477273528,-6.891811010767412e-10,0.03634782546191638,7.967173587530851e-10,0.1901197369949045,7.434684191966646,-0.7302098302399074,0.3554941084782866,7.148342014384822,-0.6060927238787666,-0.1653743714833821,0.28634217758182423,-0.12411710636114082,-3.105244828817059,1.431916470637036,-1.5747424014425688,3.1415926529006124,1.2435833837034673,-1.5979146083169666,-6.246837481717671,0.18833308693356865,0.023172206874397805,-0.523894795989312,0.5428677977140369,0.4533957307202427,0.4746168015410808,-0.5669160556284705,0.5825021335449597,0.4062618703202209,0.41743112367208957
12.235754967,1.5673984587118341,1.544777274131775,0.02262118458005924,0.026771295815706253,-0.2433809164043398,-0.28532806038856506,0.04194714398422528,0.09520559012889862,1.484037429401702,1.5098379850387573,-0.0258005556370553,-0.06084178388118744,-0.23292164341970184,-0.03526482731103897,-0.19765681610866287,-0.37764787673950195,0.032419417695651195,-5.766402355611433e-10,0.03241941827229143,9.890754881780595e-10,0.18606021576713128,7.4450397736807705,-0.7359660302470841,0.34819226075527693,7.1714214158070115,-0.6206324681644322,-0.16213204498814565,0.273618357873759,-0.11533356208265189,-3.109173235894141,1.4391195268790544,-1.5741941948779579,3.141592653013153,1.2576092991175607,-1.5968153794580184,-6.250765888907294,0.18151022776149373,0.02262118458006057,-0.5232715507033775,0.5401857955353222,0.4565329891188048,0.47535651922804534,-0.5643714903442171,0.5792503074072786,0.41045920950629056,0.4212803574660129
12.246126652,1.5676745746363112,1.544777274131775,0.02289730050453631,0.026771295815706253,-0.2423654476000015,-0.28532806038856506,0.04296261278856356,0.09520559012889862,1.4833867882594087,1.5098379850387573,-0.026451196779348596,-0.06084178388118744,-0.23691444393308314,-0.03526482731103897,-0.20164961662204417,-0.37764787673950195,0.03044079171442908,-5.766402355611433e-10,0.030440792291069316,9.890754881780595e-10,0.18401118315988377,7.450229773816516,-0.7388408461034484,0.34819226075527693,7.1714214158070115,-0.6206324681644322,-0.16418107759539316,0.27880835800950443,-0.11820837793901617,-3.111151861875363,1.442747499730392,-1.5739180789534837,3.141592653013153,1.2576092991175607,-1.5968153794580184,-6.252744514888516,0.18513820061283126,0.022897300504534757,-0.5229565756878221,0.53882876088256,0.4581079444088108,0.4757279660269788,-0.5643714903442171,0.5792503074072786,0.41045920950629056,0.4212803574660129
12.265911102,1.568224192331912,1.5458842515945435,0.022339940737368558,0.027989545837044716,-0.24034412403725647,-0.2813256084918976,0.040981484454641115,0.10491441190242767,1.4820916659807228,1.507274866104126,-0.025183200123403138,-0.06732236593961716,-0.24486224274734342,-0.05100700631737709,-0.19385523642996633,-0.4094610810279846,0.026502272578619694,-4.504842610053572e-10,0.026502273029103955,3.2023308449424803e-09,0.17992387580561578,7.460508851449423,-0.7445147427474899,0.34079048550564356,7.194757133176207,-0.6352780680893058,-0.16086660970002778,0.26575171827321586,-0.1092366746581841,-3.1150903810111727,1.4499690972605916,-1.5733684612578818,3.141592653139309,1.2719121451618634,-1.5957084019952505,-6.256683034150482,0.1780569520987283,0.02233994073736878,-0.5223274783631896,0.536115253684298,0.46123253214880827,0.47646509987759966,-0.5617405629738594,0.575911938030535,0.4147201356073629,0.42518253570147424
12.285546780,1.568774320774634,1.5458842515945435,0.022890069180090622,0.027989545837044716,-0.23832092210487582,-0.2813256084918976,0.04300468638702176,0.10491441190242767,1.4807953401746021,1.507274866104126,-0.02647952592952385,-0.06732236593961716,-0.25281742726878964,-0.05100700631737709,-0.20181042095141255,-0.4094610810279846,0.022560093467292174,-4.504842610053572e-10,0.022560093917776435,3.2023308449424803e-09,0.17582134242294722,7.470728016615642,-0.7501294620012893,0.34079048550564356,7.194757133176207,-0.6352780680893058,-0.16496914308269633,0.27597088343943454,-0.11485139391198351,-3.119032560122501,1.4571974056557797,-1.5728183328151606,3.141592653139309,1.2719121451618634,-1.5957084019952505,-6.26062521326181,0.18528526049391636,0.022890069180089956,-0.5216949481378794,0.5333829153599934,0.4643460643951404,0.4771999362638618,-0.5617405629738594,0.575911938030535,0.4147201356073629,0.42518253570147424
12.305664778,1.5693236494655938,1.5470138788223267,0.022309770643267113,0.027741199359297752,-0.23630066141163988,-0.2771415412425995,0.0408408798309596,0.1042880266904831,1.4795008989081035,1.5045901536941528,-0.025089254786049286,-0.06691275537014008,-0.2607610469040309,-0.06734156608581543,-0.19341948081821547,-0.4072670042514801,0.018623645317037807,-4.321124569273138e-10,0.018623645749150264,1.9525714378687553e-09,0.17171347609601062,7.480862467982987,-0.7556719548801265,0.33318895502282203,7.218757967476032,-0.6503614869144112,-0.1614754789268114,0.2621045005069549,-0.1053104679657153,-3.122969008272757,1.4644152058642812,-1.5722690041241998,3.141592653157681,1.2867473500909756,-1.5945787747674658,-6.264561661430438,0.17766785577330557,0.022309770643266003,-0.5210604825184167,0.5306383498808452,0.46744104064161585,0.47793073631781796,-0.5589723119531315,0.57242666457749,0.41911794475391856,0.4292060304046437
12.325629950,1.569873359601998,1.5470138788223267,0.02285948077967137,0.027741199359297752,-0.23427899788026643,-0.2771415412425995,0.042862543362333055,0.1042880266904831,1.4782055588013803,1.5045901536941528,-0.02638459489277256,-0.06691275537014008,-0.2687101824672965,-0.06734156608581543,-0.20136861638148107,-0.4072670042514801,0.014684463757372465,-4.321124569273138e-10,0.014684464189484922,1.9525714378687553e-09,0.167591569075632,7.490933567088284,-0.7611544914233708,0.33318895502282203,7.218757967476032,-0.6503614869144112,-0.16559738594719003,0.27217559961225213,-0.11079300450895957,-3.126908189832423,1.4716380180028978,-1.5717192939877977,3.141592653157681,1.2867473500909756,-1.5945787747674658,-6.268500842990104,0.1848906679119222,0.02285948077966804,-0.5204227090599727,0.527875757016437,0.470524037780806,0.4786590842337053,-0.5589723119531315,0.57242666457749,0.41911794475391856,0.4292060304046437
12.335789919,1.5701483031802765,1.5470138788223267,0.02313442435794988,0.027741199359297752,-0.2332678406019471,-0.2771415412425995,0.04387370064065238,0.1042880266904831,1.4775576801823689,1.5045901536941528,-0.02703247351178395,-0.06691275537014008,-0.272686030157284,-0.06734156608581543,-0.20534446407146856,-0.4072670042514801,0.012714238720978335,-4.321124569273138e-10,0.012714239153090792,1.9525714378687553e-09,0.1655257884537547,7.495944162927938,-0.7638727852330596,0.33318895502282203,7.218757967476032,-0.6503614869144112,-0.16766316656906732,0.2771861954519066,-0.11351129831864837,-3.1288784148688134,1.4752505870335795,-1.5714443504095175,3.141592653157681,1.2867473500909756,-1.5945787747674658,-6.270471068026494,0.18850323694260385,0.023134424357948324,-0.5201026400258585,0.5264879915036699,0.47206070125263194,0.47902226772190615,-0.5589723119531315,0.57242666457749,0.41911794475391856,0.4292060304046437
12.345429659,1.5704232374127707,1.548124074935913,0.022299162476857592,0.02765820361673832,-0.23225671769452685,-0.27314072847366333,0.040884010779136476,0.10244698822498322,1.4769098235858173,1.5020275115966797,-0.025117688010862338,-0.06568782031536102,-0.27666174270166877,-0.08307240158319473,-0.19358934111847403,-0.40122607350349426,0.010744080655773924,-6.656570850083199e-10,0.01074408132143101,-2.2612312022829428e-10,0.16345732101265964,7.500936784316129,-0.7665751267444845,0.32564952833768257,7.241627798506506,-0.6644443565468148,-0.16219220732502293,0.25930898580962314,-0.1021307701976697,-3.130848572934021,1.4788630332670927,-1.5711694161770229,3.141592652924136,1.3010400149168924,-1.5934685786538805,-6.272441225858157,0.1778230183502003,0.022299162476857592,-0.5197818601262563,0.525096270279357,0.47359374199725474,0.4793847018454334,-0.5562788645639969,0.569036123163719,0.423342261524109,0.4330508572694992
12.355540514,1.5706986761252126,1.548124074935913,0.022574601189299548,0.02765820361673832,-0.2312437394661916,-0.27314072847366333,0.04189698900747174,0.10244698822498322,1.4762607782298334,1.5020275115966797,-0.025766733366846317,-0.06568782031536102,-0.2806447503261883,-0.08307240158319473,-0.19757234874299356,-0.40122607350349426,0.008770307525143309,-6.656570850083199e-10,0.008770308190800394,-2.2612312022829428e-10,0.16138230794771002,7.505920650559258,-0.7692665595409403,0.32564952833768257,7.241627798506506,-0.6644443565468148,-0.16426722038997255,0.2642928520527521,-0.10482220299412548,-3.1328223460646516,1.48248210801926,-1.5708939774645811,3.141592652924136,1.3010400149168924,-1.5934685786538805,-6.274414998988787,0.1814420931023677,0.022574601189299326,-0.5194597664931223,0.5236979920717497,0.47512600378043596,0.4797470631765884,-0.5562788645639969,0.569036123163719,0.423342261524109,0.4330508572694992
12.375403166,1.5712477979719723,1.5492080450057983,0.022039752966173998,0.02666320651769638,-0.22922423948182535,-0.2693425714969635,0.04011833201513815,0.0949527695775032,1.4749668243721905,1.4996006488800049,-0.024633824507814372,-0.060674477368593216,-0.2885853788712528,-0.09814969450235367,-0.19043568436889913,-0.37693241238594055,0.004835341604896695,-4.959680999228055e-10,0.004835342100864795,5.964011506875977e-09,0.15723735087310672,7.515802853689355,-0.7745850223776005,0.3182257079439147,7.263312112570138,-0.677476891565618,-0.16098835707080797,0.25249074111921654,-0.09710813081198255,-3.136757311984895,1.4896971904376044,-1.5703448556178217,3.141592653093825,1.3147460135760265,-1.592384608583995,-6.27834996507872,0.1749511768615779,0.02203975296617333,-0.5188154607538605,0.5208984329062766,0.4781699861934318,0.48046727732730987,-0.5536713727217892,0.5657550887627478,0.4273812218570853,0.4367086921179491
12.385528564,1.571522914337313,1.5492080450057983,0.02231486933151472,0.02666320651769638,-0.22821244674623625,-0.2693425714969635,0.04113012475072725,0.0949527695775032,1.474318538596758,1.4996006488800049,-0.025282110283246784,-0.060674477368593216,-0.2925637251649414,-0.09814969450235367,-0.19441403066258772,-0.37693241238594055,0.0028638783893891184,-4.959680999228055e-10,0.0028638788853572184,5.964011506875977e-09,0.15515662381004036,7.520726900293083,-0.7772260437280534,0.3182257079439147,7.263312112570138,-0.677476891565618,-0.16306908413387433,0.25741478772294535,-0.0997491521624354,-3.138728775200406,1.493312029771131,-1.5700697392524805,3.141592653093825,1.3147460135760265,-1.592384608583995,-6.280321428294231,0.1785660161951046,0.022314869331514497,-0.518491565901739,0.5194898754811575,0.4796896370275088,0.48082701410148626,-0.5536713727217892,0.5657550887627478,0.4273812218570853,0.4367086921179491
12.410197735,1.5720725147707002,1.5492080450057983,0.022864469764901862,0.02666320651769638,-0.22619118666856367,-0.2693425714969635,0.043151384828399836,0.0949527695775032,1.4730234569948513,1.4996006488800049,-0.026577191885153617,-0.060674477368593216,-0.30051127435732383,-0.09814969450235367,-0.20236157985497016,-0.37693241238594055,-0.0010745170466933823,-4.959680999228055e-10,-0.0010745165507252824,5.964011506875977e-09,0.15099191779966417,7.530509293852856,-0.7824550476508378,0.3182257079439147,7.263312112570138,-0.677476891565618,-0.16723379014425052,0.2671971812827181,-0.10497815608521988,3.1405181365431,1.5005334004877515,-1.5695201388190934,3.141592653093825,1.3147460135760265,-1.592384608583995,-0.00107451655072488,0.18578738691172503,0.02286446976490164,0.5178423344210832,-0.5166641656585567,-0.48271455588872214,-0.481543470663682,-0.5536713727217892,0.5657550887627478,0.4273812218570853,0.4367086921179491
12.419031382,1.572347588585234,1.5492080450057983,0.023139543579435706,0.02666320651769638,-0.22517955042165633,-0.2693425714969635,0.044163021075307174,0.0949527695775032,1.4723752714863836,1.4996006488800049,-0.027225377393621297,-0.060674477368593216,-0.30448900534103324,-0.09814969450235367,-0.20633931083867957,-0.37693241238594055,-0.003045675346313642,-4.959680999228055e-10,-0.003045674850345542,5.964011506875977e-09,0.1489035002540654,7.5353780189873145,-0.7850487202735781,0.3182257079439147,7.263312112570138,-0.677476891565618,-0.1693222076898493,0.27206590641717643,-0.10757182870796012,3.1385469782434807,1.5041476807330203,-1.5692450650045593,3.141592653093825,1.3147460135760265,-1.592384608583995,-0.0030456748503442377,0.1894016671569938,0.023139543579435706,0.5175162986169148,-0.5152440037392262,-0.4842230479290426,-0.4819009619526907,-0.5536713727217892,0.5657550887627478,0.4273812218570853,0.4367086921179491
12.435453415,1.5728975696394372,1.550313115119934,0.022584454519503083,0.02765297144651413,-0.22315689053857263,-0.26533132791519165,0.04217443737661902,0.10270930081605911,1.4710792929874101,1.4970314502716064,-0.02595215728419631,-0.06585247814655304,-0.31244205853682794,-0.11392530053853989,-0.19851675799828805,-0.4023495316505432,-0.006986798282584486,-5.820699477965263e-10,-0.006986797700514538,1.12277120933868e-09,0.14472002021440988,7.545057519630672,-0.7901878098769779,0.31061706984416537,7.285792440258867,-0.6910609036257844,-0.1658970496297555,0.2592650793718043,-0.09912690625119347,3.13460585530721,1.511374052544705,-1.5686950839503544,3.141592653007723,1.329079574638839,-1.5912795384698586,-0.0069867977005131365,0.18229447790586595,0.022584454519504193,0.5168622235388275,-0.5123927910333268,-0.48722811306669,-0.4826135466530642,-0.5509050106860405,0.5623064823962213,0.4315817185606076,0.4405136879377009
12.456045628,1.5734458616355114,1.550313115119934,0.023132746515577285,0.02765297144651413,-0.22114044248786435,-0.26533132791519165,0.0441908854273273,0.10270930081605911,1.4697872945946648,1.4970314502716064,-0.027244155676941606,-0.06585247814655304,-0.3203706869473495,-0.11392530053853989,-0.2064453864088096,-0.4023495316505432,-0.01091581755513224,-5.820699477965263e-10,-0.010915816973062292,1.12277120933868e-09,0.1405389907880809,7.554633894468152,-0.7952494134596884,0.31061706984416537,7.285792440258867,-0.6910609036257844,-0.17007807905608446,0.2688414542092845,-0.10418850983390393,3.1306768360346613,1.518578231297263,-1.5681467919542826,3.141592653007723,1.329079574638839,-1.5912795384698586,-0.010915816973061876,0.18949865665842403,0.023132746515575953,0.5162072274913801,-0.5095348147835043,-0.49020926878858595,-0.48332105644484635,-0.5509050106860405,0.5623064823962213,0.4315817185606076,0.4405136879377009
12.476060867,1.5739968291372652,1.550313115119934,0.02368371401733116,0.02765297144651413,-0.21911415475638107,-0.26533132791519165,0.046217173158810576,0.10270930081605911,1.4684889916250465,1.4970314502716064,-0.02854245864655991,-0.06585247814655304,-0.32833800476150604,-0.11392530053853989,-0.21441270422296616,-0.4023495316505432,-0.014864009300477918,-5.820699477965263e-10,-0.01486400871840797,1.12277120933868e-09,0.1363272224325782,7.564182684721828,-0.8002739619503527,0.31061706984416537,7.285792440258867,-0.6910609036257844,-0.17428984741158718,0.2783902444629609,-0.10921305832456829,3.12672864428931,1.5258175643495528,-1.5675958244525345,3.141592653007723,1.329079574638839,-1.5912795384698586,-0.014864008718413313,0.19673798971071377,0.023683714017324053,0.5155460778499673,-0.5066473695725983,-0.4931901154501069,-0.4840291257155841,-0.5509050106860405,0.5623064823962213,0.4315817185606076,0.4405136879377009
12.495562315,1.574433017717683,1.5525485277175903,0.021884490000092738,0.02772514894604683,-0.21750998832859675,-0.2570258677005768,0.039515879371980034,0.10331927239894867,1.4674611543615645,1.491702675819397,-0.024241521457832427,-0.06628049165010452,-0.3346455510977818,-0.1463765949010849,-0.18826895619669692,-0.40400198101997375,-0.017989703914293907,-8.380329069579417e-11,-0.017989703830490616,2.0190782379359007e-09,0.13298559193304954,7.57168909056759,-0.8042080848631223,0.2950759101550661,7.331310674917259,-0.7184685600764711,-0.16209031822201658,0.2403784156503308,-0.08573952478665126,3.123602949675502,1.531548781521529,-1.5671596358721067,3.14159265350599,1.3585541832389785,-1.5890441258722023,-0.017989703830488146,0.17299459828255048,0.021884490000095624,0.5150205509530286,-0.5043504660732794,-0.49553936297056334,-0.4845876383219377,-0.5451058949038069,0.5551447497808739,0.44015471164614833,0.4482607499520192
12.515510798,1.5748693530876652,1.5525485277175903,0.022320825370074848,0.02772514894604683,-0.21590528205428344,-0.2570258677005768,0.04112058564629334,0.10331927239894867,1.4664329712023143,1.491702675819397,-0.025269704617082667,-0.06628049165010452,-0.34095522009847523,-0.1463765949010849,-0.19457862519739033,-0.40400198101997375,-0.0211164504111058,-8.380329069579417e-11,-0.02111645032730251,2.0190782379359007e-09,0.1296364770938381,7.57915075909111,-0.8081050633872133,0.2950759101550661,7.331310674917259,-0.7184685600764711,-0.16543943306122802,0.24784008417385106,-0.08963650331074224,3.1204762031786824,1.5372819274071732,-1.5667233005021477,3.14159265350599,1.3585541832389785,-1.5890441258722023,-0.02111645032730758,0.1787277441681947,0.022320825370054642,0.5144929762203033,-0.5020431307003419,-0.49787996080044683,-0.4851445320416585,-0.5451058949038069,0.5551447497808739,0.44015471164614833,0.4482607499520192
12.535665512,1.575305717164727,1.5525485277175903,0.02275718944713656,0.02772514894604683,-0.214300470204228,-0.2570258677005768,0.042725397496348794,0.10331927239894867,1.4654047203975382,1.491702675819397,-0.026297955421858754,-0.06628049165010452,-0.3472653042206135,-0.1463765949010849,-0.20088870931952862,-0.40400198101997375,-0.02424340262069338,-8.380329069579417e-11,-0.02424340253689009,2.0190782379359007e-09,0.12628084209714838,7.586565401121227,-0.8119639768261648,0.2950759101550661,7.331310674917259,-0.7184685600764711,-0.16879506805791775,0.25525472620396794,-0.09349541674969375,3.117349250969101,1.5430154504840259,-1.566286936425077,3.14159265350599,1.3585541832389785,-1.5890441258722023,-0.024243402536888947,0.1844612672450474,0.022757189447125237,0.5139634900661764,-0.49972602604536576,-0.5002112251377623,-0.4856996603026205,-0.5451058949038069,0.5551447497808739,0.44015471164614833,0.4482607499520192
12.555887222,1.5757415459943658,1.5525485277175903,0.023193018276775446,0.02772514894604683,-0.21269762682832502,-0.2570258677005768,0.04432824087225176,0.10331927239894867,1.4643777308528476,1.491702675819397,-0.027324944966549358,-0.06628049165010452,-0.3535676483466309,-0.1463765949010849,-0.207191053445546,-0.40400198101997375,-0.027366519287441226,-8.380329069579417e-11,-0.027366519203637935,2.0190782379359007e-09,0.12292309666503261,7.593923276995028,-0.8157800627622858,0.2950759101550661,7.331310674917259,-0.7184685600764711,-0.17215281349003353,0.2626126020777688,-0.09731150268581468,3.1142261343023536,1.5487419407788348,-1.565851107595442,3.14159265350599,1.3585541832389785,-1.5890441258722023,-0.027366519203636308,0.19018775753985628,0.023193018276760347,0.5134327748820711,-0.49740220756537745,-0.5025301151824932,-0.4862523140517236,-0.5451058949038069,0.5551447497808739,0.44015471164614833,0.4482607499520192
12.566002369,1.5759601458670558,1.5525485277175903,0.023411618149465463,0.02772514894604683,-0.2118936842387436,-0.2570258677005768,0.045132183461833175,0.10331927239894867,1.4638626208636594,1.491702675819397,-0.027840054955737603,-0.06628049165010452,-0.3567287325381846,-0.1463765949010849,-0.2103521376370997,-0.40400198101997375,-0.02893298956044318,-8.380329069579417e-11,-0.02893298947663989,2.0190782379359007e-09,0.12123661924811191,7.597595771515071,-0.8176798210611231,0.2950759101550661,7.331310674917259,-0.7184685600764711,-0.1738392909069542,0.2662850965978114,-0.09921126098465205,3.1126596640293527,1.5516141923699935,-1.565632507722744,3.14159265350599,1.3585541832389785,-1.5890441258722023,-0.02893298947663725,0.19306000913101506,0.023411618149458358,0.513165874023013,-0.4962330610526563,-0.5036896125986733,-0.48652883677815695,-0.5451058949038069,0.5551447497808739,0.44015471164614833,0.4482607499520192
12.585893631,1.5763970063628157,1.554801106452942,0.02159589990987376,0.02695014886558056,-0.21028704671455165,-0.24897131323814392,0.038684266523592276,0.09407084435224533,1.4628332002950257,1.4865354299545288,-0.023702229659503082,-0.060197945684194565,-0.36304599516999103,-0.1778603345155716,-0.18518566065441944,-0.3714452087879181,-0.03206349906914654,-5.533610375474396e-11,-0.032063499013810434,-2.0227162167429924e-09,0.11786166985780028,7.604898851678557,-0.821447894349725,0.27916799276207377,7.3744830482756285,-0.7439626529447885,-0.1613063229042735,0.2304158034029289,-0.07748524140493651,3.1095291545206405,1.5573542380462182,-1.5651956472269735,3.1415926535344565,1.3871506142559018,-1.5867915471368528,-0.032063499013816,0.1702036237903164,0.021595899909879313,0.5126310650212922,-0.49388943975560096,-0.5059995851899205,-0.48708010866864865,-0.5393745922744536,0.5480717496029414,0.4484169712311891,0.45564748041417363
12.605991125,1.5768322078249737,1.554801106452942,0.02203110137203179,0.02695014886558056,-0.20868651060182775,-0.24897131323814392,0.040284802636316175,0.09407084435224533,1.4618076890826524,1.4865354299545288,-0.024727740871876458,-0.060197945684194565,-0.3693392671890499,-0.1778603345155716,-0.19147893267347832,-0.3714452087879181,-0.035182120067635395,-5.533610375474396e-11,-0.03518212001229929,-2.0227162167429924e-09,0.11449347716428307,7.612126008274069,-0.8251640248948429,0.27916799276207377,7.3744830482756285,-0.7439626529447885,-0.1646745155977907,0.23764295999844087,-0.08120137195005439,3.106410533522165,1.563072485164944,-1.5647604457648085,3.1415926535344565,1.3871506142559018,-1.5867915471368528,-0.035182120012291485,0.1759218709090422,0.022031101372044226,0.5120963987495547,-0.49154528882596765,-0.5082911757169472,-0.48762750959007295,-0.5393745922744536,0.5480717496029414,0.4484169712311891,0.45564748041417363
12.617426872,1.5770510279525125,1.554801106452942,0.022249921499570613,0.02695014886558056,-0.2078817579831671,-0.24897131323814392,0.04108955525497682,0.09407084435224533,1.4612920600836796,1.4865354299545288,-0.025243369870849186,-0.060197945684194565,-0.3725035363967358,-0.1778603345155716,-0.19464320188116419,-0.3714452087879181,-0.03675016867034566,-5.533610375474396e-11,-0.03675016861500956,-2.0227162167429924e-09,0.11279767812261772,7.6157415908808215,-0.8270183625356964,0.27916799276207377,7.3744830482756285,-0.7439626529447885,-0.16637031463945606,0.24125854260519297,-0.08305570959090791,3.1048424849194687,1.5659476307529432,-1.564541625637256,3.1415926535344565,1.3871506142559018,-1.5867915471368528,-0.03675016861498781,0.17879701649704138,0.022249921499596814,0.5118268538980111,-0.49036310343395767,-0.5094397544131485,-0.48790207525993645,-0.5393745922744536,0.5480717496029414,0.4484169712311891,0.45564748041417363
12.636142731,1.577487120795664,1.5559349060058594,0.021552214789804625,0.02857287786900997,-0.2062779436473804,-0.24490034580230713,0.03862240215492674,0.10562431067228317,1.4602644484160392,1.4839218854904175,-0.023657437074378285,-0.0679086446762085,-0.3788096983151912,-0.19372767210006714,-0.18508202621512404,-0.4093010127544403,-0.03987517723809971,3.735270148741421e-10,-0.039875177611626726,6.266418495215476e-10,0.10941359117119108,7.622910629442769,-0.8306858088750211,0.27108274305735386,7.395862365645226,-0.7564811350005014,-0.16166915188616277,0.22704826379754284,-0.07420467387451968,-0.03987517723806336,1.569915063586854,1.5774871207960393,-3.1415926532162666,1.40156052886867,-1.5856577475839335,3.1017174759782034,0.16835453471818385,3.1631448683799728,-0.5112882430308303,0.4880000525138582,0.5117215032606968,0.488447934160368,-0.5364385416595422,0.5444706125495989,0.45255193510500286,0.4593279755520725
12.656109810,1.577923340006681,1.5559349060058594,0.02198843400082162,0.02857287786900997,-0.204673664569744,-0.24490034580230713,0.04022668123256312,0.10562431067228317,1.4592365389744382,1.4839218854904175,-0.02468534651597931,-0.0679086446762085,-0.3851176875881532,-0.19372767210006714,-0.19139001548808604,-0.4093010127544403,-0.043001091348490214,3.735270148741421e-10,-0.04300109172201723,6.266418495215476e-10,0.10602260696044767,7.6300328417792,-0.8343169958084404,0.27108274305735386,7.395862365645226,-0.7564811350005014,-0.16506013609690617,0.2341704761339738,-0.07783586080793903,-0.04300109134847957,1.5641834439496214,1.5779233400067028,-3.1415926532162666,1.40156052886867,-1.5856577475839335,3.098591561867787,0.16262291508095128,3.1635810875906363,-0.5107475703176111,0.4856269747012595,0.5139941693472425,0.48899218269231803,-0.5364385416595422,0.5444706125495989,0.45255193510500286,0.4593279755520725
12.665704966,1.5781415821315723,1.5570193529129028,0.021122229218669464,0.02686384692788124,-0.20387103766570283,-0.24114350974559784,0.03727247207989501,0.09584617614746094,1.458722271984207,1.4815194606781006,-0.022797188693893577,-0.061348654329776764,-0.38827359853373616,-0.20859858393669128,-0.17967501459704488,-0.3780857026576996,-0.044564998027630996,5.473496100805164e-10,-0.044564998574980606,-9.38598532229662e-10,0.10432388398507411,7.6335776822847095,-0.8361197351372693,0.2632950159586672,7.415630579266875,-0.7676333324107969,-0.1589711319735931,0.21794710301783482,-0.06848640272647244,-0.044564998027616175,1.5613158929178472,1.5781415821315743,-3.141592653042443,1.4150770294609032,-1.584573300676891,3.0970276550148266,0.14623886345694403,3.1627148828084652,-0.5104763528151726,0.48443622239002515,0.515127521790089,0.48926381017545423,-0.5336613114508343,0.5410646646537728,0.45641793934805813,0.4627497141705746
12.686610699,1.5785776840711159,1.5570193529129028,0.02155833115821304,0.02686384692788124,-0.2022671898762045,-0.24114350974559784,0.03887631986939333,0.09584617614746094,1.4576946388817762,1.4815194606781006,-0.02382482179632439,-0.061348654329776764,-0.3945798919914336,-0.20859858393669128,-0.18598130805474233,-0.3780857026576996,-0.04769007177944847,5.473496100805164e-10,-0.04769007232679808,-9.38598532229662e-10,0.10092505746446623,7.640624188675184,-0.8396942751489069,0.2632950159586672,7.415630579266875,-0.7676333324107969,-0.162369958494201,0.22499360940830915,-0.07206094273811003,-0.04769007177944518,1.5555858141472154,1.5785776840711059,-3.141592653042443,1.4150770294609032,-1.584573300676891,3.0939025812629977,0.14050878468631223,3.163150984747997,-0.5099329575756,0.4820498544936781,0.5173848800652646,0.48980526991925766,-0.5336613114508343,0.5410646646537728,0.45641793934805813,0.4627497141705746
12.705834389,1.579013922980076,1.55808424949646,0.020929673483615963,0.02655203454196453,-0.2006628383556387,-0.23760052025318146,0.03693768189754276,0.09146453440189362,1.4566666830238302,1.4792603254318237,-0.022593642407993553,-0.05841144174337387,-0.40088816610836586,-0.22277995944023132,-0.17810820666813454,-0.3640081584453583,-0.05081612704381804,4.2758732665681976e-10,-0.05081612747140537,6.83940015733242e-10,0.09751940818904019,7.6476234202520965,-0.8432330305072453,0.25559614896489874,7.43424783384062,-0.7778220816647097,-0.15807674077585854,0.2133755864114768,-0.06541094884253562,-0.050816127043821636,1.5498539356929109,1.579013922980077,-3.1415926531622063,1.4279745507183035,-1.583508404093334,3.090776526118385,0.12187938497460737,3.162522327073411,-0.5093874734686799,0.47965350785470184,0.5196330947901325,0.4903451448466719,-0.530993324145086,0.537786622472876,0.4600980569804483,0.46598435206065036
12.725874186,1.5794503035920664,1.55808424949646,0.021366054095606435,0.02655203454196453,-0.19905796569523937,-0.23760052025318146,0.03854255455794209,0.09146453440189362,1.4556383932560533,1.4792603254318237,-0.023621932175770466,-0.05841144174337387,-0.4071984893354094,-0.22277995944023132,-0.1844185298951781,-0.3640081584453583,-0.05394319774146335,4.2758732665681976e-10,-0.053943198169050674,6.83940015733242e-10,0.09410695915365197,7.654575175256752,-0.8467361736719459,0.25559614896489874,7.43424783384062,-0.7778220816647097,-0.16148918981124677,0.22032734141613197,-0.0689140920072362,-0.05394319774146444,1.5441201953584842,1.5794503035920648,-3.1415926531622063,1.4279745507183035,-1.583508404093334,3.087649455420742,0.11614564464018073,3.162958707685399,-0.5088398878946403,0.4772471934395788,0.521872138109725,0.4908834447261379,-0.530993324145086,0.537786622472876,0.4600980569804483,0.46598435206065036
12.745630503,1.5798868901708076,1.5591187477111816,0.020768142459625993,0.02511342614889145,-0.1974523355529577,-0.23414598405361176,0.03669364850065407,0.08447754383087158,1.4546096181470478,1.4770588874816895,-0.02244926933464164,-0.05379614233970642,-0.4135117909641881,-0.2366458773612976,-0.1768659136028905,-0.3401939272880554,-0.05707174438137923,6.071579905508884e-10,-0.05707174498853722,-3.601599019020796e-10,0.0906872669515088,7.661480188612531,-0.8502043475018182,0.2480782331706202,7.452238786003568,-0.7875251761819049,-0.1573909662191114,0.20924140260896262,-0.0626791713199133,-0.05707174438137313,1.5383837487629766,1.5798868901708085,-3.141592652982637,1.4405873703899323,-1.582473905878613,3.084520908601264,0.09779637837304422,3.1623607960494216,-0.5082901131064689,0.47483059195572885,0.5241022852622347,0.49142025237477566,-0.5283577908810442,0.534564038552589,0.46368026448563826,0.4691267907806772
12.765639067,1.5803227922733036,1.5591187477111816,0.021204044562121993,0.02511342614889145,-0.19584922270219315,-0.23414598405361176,0.0382967613514186,0.08447754383087158,1.453582455941778,1.4770588874816895,-0.023476431539911413,-0.05379614233970642,-0.41981519465930395,-0.2366458773612976,-0.18316931729800634,-0.3401939272880554,-0.06019538611591851,6.071579905508884e-10,-0.0601953867230765,-3.601599019020796e-10,0.08726738165595346,7.668324231748437,-0.8536307104051091,0.2480782331706202,7.452238786003568,-0.7875251761819049,-0.16081085151466673,0.2160854457448682,-0.0661055342232042,-0.060195386115912644,1.5326562957133656,1.5803227922733114,-3.141592652982637,1.4405873703899323,-1.582473905878613,3.081397266866724,0.09206892532343325,3.1627966981519244,-0.5077392688205913,0.4724086933717811,0.5263189617359462,0.4919544814731273,-0.5283577908810442,0.534564038552589,0.46368026448563826,0.4691267907806772
12.785686970,1.5807589327579912,1.5601552724838257,0.02060366027416549,0.025868277996778488,-0.19424523315560036,-0.23061278462409973,0.036367551468499376,0.09025469422340393,1.4525547320113499,1.4748042821884155,-0.022249550177065647,-0.05765214562416077,-0.4261220455027106,-0.25075840950012207,-0.17536363600258853,-0.35912373661994934,-0.06332073607934285,3.4511440927254e-10,-0.06332073642445726,-2.6047928258776665e-09,0.0838401380080143,7.675121644957052,-0.8570227452341572,0.24050933393809568,7.47034367364073,-0.7972973346518382,-0.15666919593008138,0.20477797131632247,-0.05972541058231906,-0.06332073607934371,1.5269257104861225,1.5807589327579916,-3.1415926532446785,1.4534213083925205,-1.5814373811059683,3.0782719171653348,0.07350440209360198,3.16219631386396,-0.5071861870861807,0.46997643048949744,0.5285268336706218,0.4924872714126115,-0.5256469193000797,0.5312703294479527,0.4673059910935152,0.47230526565634096
12.795865059,1.580977268137263,1.5601552724838257,0.02082199565343723,0.025868277996778488,-0.1934422632908467,-0.23061278462409973,0.03717052133325302,0.09025469422340393,1.4520402452759638,1.4748042821884155,-0.02276403691245177,-0.05765214562416077,-0.4292793049621061,-0.25075840950012207,-0.17852089546198402,-0.35912373661994934,-0.06488531101237123,3.4511440927254e-10,-0.06488531135748564,-2.6047928258776665e-09,0.0821223916943123,7.678505487713481,-0.8587072777913092,0.24050933393809568,7.47034367364073,-0.7972973346518382,-0.15838694224378336,0.20816181407275103,-0.06140994313947101,-0.06488531101237356,1.5240569341560934,1.580977268137263,-3.1415926532446785,1.4534213083925205,-1.5814373811059683,3.076707342232305,0.07063562576357296,3.1624146492432312,-0.5069085810744567,0.4687554386223036,0.5296283352905717,0.49275334159438283,-0.5256469193000797,0.5312703294479527,0.4673059910935152,0.47230526565634096
12.815355778,1.5814125574875844,1.5601552724838257,0.021257285003758675,0.025868277996778488,-0.19184140395269347,-0.23061278462409973,0.03877138067140626,0.09025469422340393,1.4510145269634196,1.4748042821884155,-0.023789755224995934,-0.05765214562416077,-0.43557384789628784,-0.25075840950012207,-0.18481543839616577,-0.35912373661994934,-0.06800456181083976,3.4511440927254e-10,-0.06800456215595417,-2.6047928258776665e-09,0.07869374529015559,7.685213801200481,-0.8620388209586718,0.24050933393809568,7.47034367364073,-0.7972973346518382,-0.1618155886479401,0.21487012755975154,-0.06474148630683363,-0.06800456181083918,1.5183375322475197,1.58141255748759,-3.1415926532446785,1.4534213083925205,-1.5814373811059683,3.073588091433839,0.06491622385499918,3.162849938593558,-0.5063536712440893,0.46631447569380685,0.5318168238826386,0.49328251054687267,-0.5256469193000797,0.5312703294479527,0.4673059910935152,0.47230526565634096
12.825589418,1.5816315865267492,1.5611852407455444,0.020446345781204744,0.025653153657913208,-0.19103588302181215,-0.22704721987247467,0.03601133685066252,0.0910622626543045,1.4504984056838977,1.472527265548706,-0.022028859864808403,-0.058211516588926315,-0.43874113809035553,-0.2649618089199066,-0.17377932917044892,-0.361388236284256,-0.06957410745857492,5.012928405712103e-10,-0.06957410795986776,5.475158104673028e-10,0.0769665088955159,7.6885701142619265,-0.8637017004627556,0.23295149463349565,7.488348400266822,-0.8069825091609772,-0.15598498573797975,0.2002217139951048,-0.05671919130177838,-0.06957410745858049,1.5154596417048127,1.5816315865267472,-3.1415926530885008,1.4663361597003899,-1.58040741284425,3.0720185456299203,0.04912348200442285,3.1620389993709974,-0.5060737178636369,0.4650828658052177,0.5329142170841756,0.4935481306333175,-0.5228903374168039,0.5279401878272627,0.4709354793871155,0.47548357213208037
12.845687151,1.5820678002406658,1.5611852407455444,0.02088255949512141,0.025653153657913208,-0.18943162416080725,-0.22704721987247467,0.03761559571166742,0.0910622626543045,1.4494705091956952,1.472527265548706,-0.023056756353010854,-0.058211516588926315,-0.445049047871977,-0.2649618089199066,-0.1800872389520704,-0.361388236284256,-0.07269998217715733,5.012928405712103e-10,-0.07269998267845017,5.475158104673028e-10,0.07352261630955198,7.695216089693846,-0.8669866684696663,0.23295149463349565,7.488348400266822,-0.8069825091609772,-0.15942887832394367,0.20686768942702471,-0.060004159308689076,-0.07269998217715581,1.5097280942959903,1.58206780024067,-3.1415926530885008,1.4663361597003899,-1.58040741284425,3.068892670911345,0.04339193459560042,3.16247521308492,-0.5055147024023188,0.4626233345057654,0.5350921357029692,0.49407584674288313,-0.5228903374168039,0.5279401878272627,0.4709354793871155,0.47548357213208037
12.865549088,1.5825040789817892,1.5611852407455444,0.021318838236244808,0.025653153657913208,-0.187827126149888,-0.22704721987247467,0.03922009372258667,0.0910622626543045,1.4484424594770116,1.472527265548706,-0.024084806071694498,-0.058211516588926315,-0.45135789798568626,-0.2649618089199066,-0.18639608906577965,-0.361388236284256,-0.07582632287581899,5.012928405712103e-10,-0.07582632337711183,5.475158104673028e-10,0.0700729877857415,7.7018117472302565,-0.8702365991365995,0.23295149463349565,7.488348400266822,-0.8069825091609772,-0.16287850684775415,0.21346334696343483,-0.06325408997562221,-0.07582632287582154,1.50399569247452,1.5825040789817915,-3.1415926530885008,1.4663361597003899,-1.58040741284425,3.0657663302126794,0.03765953277413003,3.1629114918260415,-0.5049536473546566,0.4601545764475785,0.5372601871739676,0.4946019319365546,-0.5228903374168039,0.5279401878272627,0.4709354793871155,0.47548357213208037
12.875590563,1.5827222351599533,1.562203288078308,0.020518947081645145,0.025196444243192673,-0.18702481533127538,-0.22359757125377655,0.03657275592250117,0.08720383793115616,1.4479283950121395,1.4703266620635986,-0.022398267051459086,-0.055659376084804535,-0.454512566090469,-0.27876773476600647,-0.1757448313244625,-0.3483053743839264,-0.0773896136671663,4.521073793117836e-10,-0.07738961411927368,-1.6134436009451747e-09,0.06834610320868253,7.705090517022498,-0.8718484206728339,0.2254404635610321,7.505630142563016,-0.8161052370653499,-0.15709436035234955,0.19946037445948228,-0.05574318360748398,-0.07738961366716446,1.5011292707234736,1.5827222351599546,-3.141592653137686,1.4788930404129017,-1.579389365511487,3.0642030394705215,0.02223623031057187,3.162111600671442,-0.5046723630829135,0.4589167939459625,0.5383404609526242,0.4948643554308422,-0.5201904525172462,0.5246797855620052,0.47445276519626134,0.4785473741753604
12.886975765,1.5829406233288392,1.562203288078308,0.02073733525053112,0.025196444243192673,-0.18622165132267982,-0.22359757125377655,0.037375919931096735,0.08720383793115616,1.4474137838830048,1.4703266620635986,-0.022912878180593843,-0.055659376084804535,-0.45767058891908696,-0.27876773476600647,-0.1789028541530805,-0.3483053743839264,-0.07895456688660589,4.521073793117836e-10,-0.07895456733871327,-1.6134436009451747e-09,0.066616099969559,7.7083598402433715,-0.8734531257531462,0.2254404635610321,7.505630142563016,-0.8161052370653499,-0.1588243635914731,0.20272969768035587,-0.05734788868779628,-0.07895456688660465,1.4982598007743175,1.5829406233288417,-3.141592653137686,1.4788930404129017,-1.579389365511487,3.062638086251081,0.019366760361415825,3.1623299888403285,-0.504390288045673,0.45767549387217177,0.5394193154592456,0.4951266320281566,-0.5201904525172462,0.5246797855620052,0.47445276519626134,0.4785473741753604
12.896821737,1.5831661004230508,1.562203288078308,0.02096281234474273,0.025196444243192673,-0.18539241644353152,-0.22359757125377655,0.03820515481024503,0.08720383793115616,1.446882468369723,1.4703266620635986,-0.023444193693875626,-0.055659376084804535,-0.4609311218247084,-0.27876773476600647,-0.18216338705870194,-0.3483053743839264,-0.08057031881262158,4.521073793117836e-10,-0.08057031926472896,-1.6134436009451747e-09,0.06482860354231658,7.711721680260512,-0.875100673917022,0.2254404635610321,7.505630142563016,-0.8161052370653499,-0.16061186001871552,0.2060915376974961,-0.05899543685167208,-0.08057031881262154,1.4952971872345613,1.583166100423051,-3.141592653137686,1.4788930404129017,-1.579389365511487,3.0610223343250644,0.016404146821659582,3.1625554659345383,-0.5040985400880029,0.4563915963930089,0.5405304884915424,0.49539697580231506,-0.5201904525172462,0.5246797855620052,0.47445276519626134,0.4785473741753604
12.916593790,1.5835949029986705,1.5632129907608032,0.020381912237867228,0.02501862123608589,-0.1838154134525376,-0.22018861770629883,0.03637320425376123,0.08618560433387756,1.445872035530155,1.468152642250061,-0.02228060671990595,-0.05499448999762535,-0.46713186213809266,-0.2924286723136902,-0.17470318982440247,-0.3446778655052185,-0.08364308587066913,5.187187901434243e-10,-0.08364308638938792,-6.96672941558063e-10,0.061425506434107394,7.718076833104353,-0.8782080798229406,0.2179545167592463,7.522518379902842,-0.8249164931989672,-0.15652901032513888,0.1955584532015111,-0.053291586623973375,-0.08364308587066469,1.4896630170726017,1.5835949029986713,-3.1415926530710756,1.4913190442266366,-1.5783796628289863,3.057949567200411,-0.0016560271540349003,3.1619745658276575,-0.5035422558072481,0.45394349884789403,0.5426360766624023,0.4959098554926239,-0.5174959687565714,0.5214352702343463,0.47791870688041266,0.4815567369377005
12.935951471,1.5840313186655823,1.5632129907608032,0.02081832790477911,0.02501862123608589,-0.18221041187100026,-0.22018861770629883,0.03797820583529857,0.08618560433387756,1.444843663158761,1.468152642250061,-0.02330897909130014,-0.05499448999762535,-0.473442692280153,-0.2924286723136902,-0.18101401996646282,-0.3446778655052185,-0.0867704077692495,5.187187901434243e-10,-0.0867704082879683,-6.96672941558063e-10,0.05795704878758931,7.724493159484014,-0.8813360426248114,0.2179545167592463,7.522518379902842,-0.8249164931989672,-0.15999746797165698,0.20197477958117194,-0.05641954942584415,-0.08677040776924969,1.4839288161406883,1.584031318665583,-3.1415926530710756,1.4913190442266366,-1.5783796628289863,3.054822245301826,-0.007390228085948358,3.1624109814945696,-0.502974139069492,0.4514433132191388,0.5447687958205226,0.4964301657607923,-0.5174959687565714,0.5214352702343463,0.47791870688041266,0.4815567369377005
12.955918074,1.5844666028678256,1.5642443895339966,0.02022221333382901,0.025188574567437172,-0.18060957146588286,-0.21658320724964142,0.03597363578375856,0.08830723911523819,1.4438179569771774,1.465847134590149,-0.022029177612971518,-0.05642971768975258,-0.47973716077006345,-0.3067253828048706,-0.17301177796519285,-0.3512330651283264,-0.0898896216769771,4.5632747580626187e-10,-0.08988962213330458,4.2746250983327627e-10,0.05449268761866588,7.730840726997135,-0.8844212957580087,0.21027404826645033,7.539978691785477,-0.8341600618446976,-0.15578136064778444,0.19086203521165768,-0.050261233913311054,-0.08988962167697927,1.4782094818743117,1.5844666028678251,-3.1415926531334666,1.504315851921078,-1.5773482640557996,3.0517030314564875,-0.026106370046766303,3.161814866923625,-0.5024055253811388,0.4489409911944833,0.546885643291906,0.49694744958900333,-0.5146465711377916,0.5180295981965904,0.4815215066810183,0.48468678629815687
12.975869179,1.5849028354943853,1.5642443895339966,0.020658445960388683,0.025188574567437172,-0.1790052430500387,-0.21658320724964142,0.037577964199602715,0.08830723911523819,1.4427900159231155,1.465847134590149,-0.023057118667033416,-0.05642971768975258,-0.4860453440397494,-0.3067253828048706,-0.1793199612348788,-0.3512330651283264,-0.0930156319221374,4.5632747580626187e-10,-0.09301563237846487,4.2746250983327627e-10,0.05101594245277854,7.737149684446839,-0.8874787874930814,0.21027404826645033,7.539978691785477,-0.8341600618446976,-0.15925810581367178,0.19717099266136184,-0.0533187256483838,-0.09301563192213795,1.4724776859664097,1.584902835494386,-3.1415926531334666,1.504315851921078,-1.5773482640557996,3.0485770212113286,-0.03183816595466826,3.1622510995501854,-0.5018336947206011,0.4464246295155979,0.5489967002472328,0.49746418576876655,-0.5146465711377916,0.5180295981965904,0.4815215066810183,0.48468678629815687
12.986567020,1.5850389740268414,1.5652509927749634,0.019787981251877973,0.025172287598252296,-0.17850456771579565,-0.21309992671012878,0.034595358994333136,0.08995606005191803,1.442469218307277,1.463621735572815,-0.021152517265538018,-0.057553358376026154,-0.4880139882000254,-0.32059580087661743,-0.16741818732340796,-0.35618090629577637,-0.09399119042305651,5.66885649533333e-10,-0.09399119098994216,-9.331415640190244e-10,0.04992994734956324,7.739107788443622,-0.8884259244367854,0.20274181720111623,7.556688849165243,-0.8428478788705789,-0.15281186985155298,0.18241893927837882,-0.04557804556620648,-0.09399119042305824,1.470688919524538,1.585038974026844,-3.1415926530229097,1.516928388470646,-1.5763416608148317,3.0476014625998515,-0.046239468946107865,3.1613806348416755,-0.5016548329596161,0.4456375763522834,0.549653375870061,0.4976251053813184,-0.5118588707540895,0.5147051986525495,0.48500293127731503,0.4876999195845739
13.005802393,1.585309292149528,1.5652509927749634,0.020058299374564603,0.025172287598252296,-0.1775104214297553,-0.21309992671012878,0.035589505280373496,0.08995606005191803,1.441832239138254,1.463621735572815,-0.02178949643456085,-0.057553358376026154,-0.4919229490507378,-0.32059580087661743,-0.17132714817412037,-0.35618090629577637,-0.09592826979200546,5.66885649533333e-10,-0.09592827035889111,-9.331415640190244e-10,0.04777221516451467,7.742980578424017,-0.890296679857677,0.20274181720111623,7.556688849165243,-0.8428478788705789,-0.15496960203660154,0.18629172925877402,-0.04744880098709814,-0.09592826979200449,1.4671371257908423,1.5853092921495318,-3.1415926530229097,1.516928388470646,-1.5763416608148317,3.045664383230905,-0.049791262679803605,3.1616509529643633,-0.5012991097520997,0.44407233313606925,0.5509542552783041,0.49794414756634076,-0.5118588707540895,0.5147051986525495,0.48500293127731503,0.4876999195845739
13.025480986,1.585579561792201,1.5662509202957153,0.01932864149648572,0.024974355474114418,-0.17651645343818156,-0.20967240631580353,0.033155952877621964,0.08857116103172302,1.4411953742078125,1.4614332914352417,-0.02023791722742918,-0.05663670226931572,-0.495831208851615,-0.33427703380584717,-0.16155417504576786,-0.35148167610168457,-0.09786500175681703,4.498882377745872e-10,-0.09786500220670527,-1.7407728591933846e-09,0.04561306394732493,7.746832363292203,-0.8921539858601468,0.19522482543998226,7.572948672545612,-0.8511833839706842,-0.14961176149265734,0.1738836907465906,-0.040970601889462666,-0.097865001756817,1.463585969051095,1.5855795617922013,-3.141592653139899,1.5293705451431276,-1.575341733294078,3.043727651383082,-0.06578457609203259,3.160921295086279,-0.5009426870388597,0.4425041063025655,0.5522508739981128,0.49826249344695356,-0.5090874925839944,0.5114067774410821,0.4884232071125835,0.49064835028330367
13.046131849,1.5858499061213962,1.5662509202957153,0.01959898582568087,0.024974355474114418,-0.17552221077272365,-0.20967240631580353,0.03415019554307988,0.08857116103172302,1.440558333285623,1.4614332914352417,-0.020874958149618594,-0.05663670226931572,-0.4997405486640309,-0.33427703380584717,-0.16546351485818372,-0.35148167610168457,-0.09980226891963895,4.498882377745872e-10,-0.09980226936952719,-1.7407728591933846e-09,0.04345152637592355,7.750664845204552,-0.8939987316584495,0.19522482543998226,7.572948672545612,-0.8511833839706842,-0.1517732990640587,0.1777161726589398,-0.04281534768776529,-0.09980226891963792,1.4600338309819485,1.5858499061213986,-3.141592653139899,1.5293705451431276,-1.575341733294078,3.041790384220261,-0.06933671416117915,3.1611916394154767,-0.5005854012858029,0.44093219225851404,0.5535438129053938,0.49858028946579,-0.5090874925839944,0.5114067774410821,0.4884232071125835,0.49064835028330367
13.055784941,1.5859850925110328,1.5662509202957153,0.01973417221531748,0.024974355474114418,-0.17502503712471,-0.20967240631580353,0.03464736919109354,0.08857116103172302,1.4402397793045654,1.4614332914352417,-0.02119351213067633,-0.05663670226931572,-0.5016954242727623,-0.33427703380584717,-0.1674183904669151,-0.35148167610168457,-0.10077100443661015,4.498882377745872e-10,-0.10077100488649839,-1.7407728591933846e-09,0.04236997783010052,7.752573632287795,-0.8949163117394412,0.19522482543998226,7.572948672545612,-0.8511833839706842,-0.15285484760988174,0.17962495974218307,-0.043732927768757035,-0.10077100443661091,1.4582575750401727,1.585985092511034,-3.141592653139899,1.5293705451431276,-1.575341733294078,3.040821648703288,-0.07111297010295492,3.161326825805112,-0.5004064525157911,0.4401449356106194,0.5541888327349092,0.498738965400543,-0.5090874925839944,0.5114067774410821,0.4884232071125835,0.49064835028330367
13.075809717,1.5862552800336716,1.5672342777252197,0.01902100230845183,0.024250004440546036,-0.174031371145174,-0.20662546157836914,0.03259409043319514,0.07736522704362869,1.4396031078822418,1.4594919681549072,-0.019888860272665454,-0.04933207109570503,-0.5056024965690957,-0.3465409278869629,-0.15906156868213284,-0.3105064630508423,-0.10270714793542265,4.3311715325344835e-10,-0.10270714836853981,-2.1464074961841106e-09,0.04020704286067519,7.756373264892107,-0.8967404732879245,0.1877950880688344,7.587334159141386,-0.8583498309868554,-0.1475880452081592,0.16903910575072167,-0.038390642301069144,-0.10270714793542231,1.4547074973010503,1.5862552800336718,-3.1415926531566734,1.540528817767141,-1.5743583758645787,3.038885505221251,-0.0858213204660907,3.1606136558982505,-0.5000482260170896,0.43856907717400606,0.5554749505581452,0.4990556236596562,-0.5066046407580872,0.5084124131590975,0.4914984404628373,0.49325230778042134
13.085970163,1.5863905338249886,1.5672342777252197,0.019156256099768898,0.024250004440546036,-0.1735339496146666,-0.20662546157836914,0.03309151196370255,0.07736522704362869,1.439284395075479,1.4594919681549072,-0.02020757307942822,-0.04933207109570503,-0.5075583468462207,-0.3465409278869629,-0.1610174189592578,-0.3105064630508423,-0.10367636644777525,4.3311715325344835e-10,-0.1036763668808924,-2.1464074961841106e-09,0.03912363764961976,7.758267645995326,-0.8976487686207042,0.1877950880688344,7.587334159141386,-0.8583498309868554,-0.14867145041921465,0.17093348685394005,-0.03929893763384884,-0.10367636644777402,1.4529303557476705,1.5863905338249886,-3.1415926531566734,1.540528817767141,-1.5743583758645787,3.0379162867088993,-0.08759846201947052,3.160748909689567,-0.49986861286707507,0.4377790038637682,0.5561172478792415,0.4992139023080298,-0.5066046407580872,0.5084124131590975,0.4914984404628373,0.49325230778042134
13.096053600,1.586526015608876,1.5672342777252197,0.019291737883656346,0.024250004440546036,-0.1730356895981381,-0.20662546157836914,0.033589771980231053,0.07736522704362869,1.4389651450257206,1.4594919681549072,-0.020526823129186633,-0.04933207109570503,-0.5095174940315337,-0.3465409278869629,-0.1629765661445708,-0.3105064630508423,-0.10464721873776746,4.3311715325344835e-10,-0.10464721917088461,-2.1464074961841106e-09,0.03803796982499616,7.760160071273173,-0.8985553479172936,0.1877950880688344,7.587334159141386,-0.8583498309868554,-0.14975711824383825,0.17282591213178744,-0.04020551693043828,-0.1046472187377679,1.4511502185291298,1.5865260156088776,-3.1415926531566734,1.540528817767141,-1.5743583758645787,3.0369454344189055,-0.08937859923801117,3.1608843914734566,-0.4996885043320178,0.4369867908719187,0.5567596073977646,0.4993722887908181,-0.5066046407580872,0.5084124131590975,0.4914984404628373,0.49325230778042134
13.116406918,1.5867960284710139,1.5672342777252197,0.019561750745794138,0.024250004440546036,-0.17204266596579815,-0.20662546157836914,0.03458279561257099,0.07736522704362869,1.438328885174399,1.4594919681549072,-0.021163082980508285,-0.04933207109570503,-0.5134220406331305,-0.3465409278869629,-0.16688111274616757,-0.3105064630508423,-0.10658211063254673,4.3311715325344835e-10,-0.10658211106566388,-2.1464074961841106e-09,0.03587295857084734,7.763916247474946,-0.9003524748871792,0.1877950880688344,7.587334159141386,-0.8583498309868554,-0.15192212949798706,0.1765820883335607,-0.04200264390032382,-0.10658211063254629,1.4476024357085482,1.5867960284710143,-3.1415926531566734,1.540528817767141,-1.5743583758645787,3.035010542524127,-0.09292638205859283,3.1611544043355932,-0.49932897567721235,0.4354055183160933,0.5580367680190825,0.4996874765369416,-0.5066046407580872,0.5084124131590975,0.4914984404628373,0.49325230778042134
13.135600567,1.5870662985326667,1.5691403150558472,0.017925983476819507,0.023281654343008995,-0.1710486964333467,-0.20079177618026733,0.029743079746920642,0.07388854026794434,1.437692019256671,1.4557814598083496,-0.018089440551678715,-0.04702116549015045,-0.5173303064927043,-0.3701918125152588,-0.1471384939774455,-0.2990218698978424,-0.10851884559973585,4.3453596276776807e-10,-0.10851884603427181,-3.077730070799589e-09,0.033704173570826106,7.767655428924147,-0.9021384550225029,0.17331268151339174,7.614556354070246,-0.8715085811374115,-0.13960850794256563,0.15309907485390095,-0.03062987388509142,-0.10851884559973413,1.4440512734636999,1.5870662985326685,-3.1415926531552856,1.562056525343879,-1.5724523385339424,3.0330738075555512,-0.11800525188017907,3.159518637066611,-0.4989683362946242,0.4338195408130136,0.5593110686433466,0.5000023338717516,-0.5017641890739474,0.5025958054508968,0.49739792204494593,0.49822230184075267
13.155742168,1.587336586313109,1.5691403150558472,0.018196271257261865,0.023281654343008995,-0.1700546617366784,-0.20079177618026733,0.030737114443588925,0.07388854026794434,1.4370551115862862,1.4557814598083496,-0.018726348222063427,-0.04702116549015045,-0.521238828576514,-0.3701918125152588,-0.15104701606125526,-0.2990218698978424,-0.11045570753843992,4.3453596276776807e-10,-0.11045570797297588,-3.077730070799589e-09,0.03153355109594244,7.771374221909765,-0.903911731798378,0.17331268151339174,7.614556354070246,-0.8715085811374115,-0.1417791304174493,0.15681786783951868,-0.03240315066096655,-0.11045570753844068,1.4404998784061727,1.5873365863131081,-3.1415926531552856,1.562056525343879,-1.5724523385339424,3.031136945616845,-0.12155664693770629,3.1597889248470503,-0.4986069036089814,0.43223027046294143,0.5605813646691192,0.5003165823303325,-0.5017641890739474,0.5025958054508968,0.49739792204494593,0.49822230184075267
13.165849686,1.5874718224396984,1.5691403150558472,0.018331507383851253,0.023281654343008995,-0.1695573051715649,-0.20079177618026733,0.03123447100870244,0.07388854026794434,1.4367364404047884,1.4557814598083496,-0.01904501940356118,-0.04702116549015045,-0.5231944234111705,-0.3701918125152588,-0.15300261089591172,-0.2990218698978424,-0.11142479946668113,4.3453596276776807e-10,-0.11142479990121709,-3.077730070799589e-09,0.030446868180830908,7.773227127239634,-0.9047941774421058,0.17331268151339174,7.614556354070246,-0.8715085811374115,-0.14286581333256082,0.15867077316938794,-0.0332855963046943,-0.1114247994666805,1.4387229689551337,1.587471822439702,-3.1415926531552856,1.562056525343879,-1.5724523385339424,3.030167853688605,-0.12333355638874521,3.1599241609736444,-0.4984257747338585,0.431433899653189,0.5612154087894698,0.5004735779721677,-0.5017641890739474,0.5025958054508968,0.49739792204494593,0.49822230184075267
13.186006784,1.5877420318303779,1.5691403150558472,0.018601716774530708,0.023281654343008995,-0.16856355876815182,-0.20079177618026733,0.03222821741211551,0.07388854026794434,1.4360997174524888,1.4557814598083496,-0.019681742355860843,-0.04702116549015045,-0.5271018119323808,-0.3701918125152588,-0.15690999941712203,-0.2990218698978424,-0.11336109967023136,4.3453596276776807e-10,-0.11336110010476733,-3.077730070799589e-09,0.028274364929116592,7.7769138035333665,-0.9065477976139036,0.17331268151339174,7.614556354070246,-0.8715085811374115,-0.14503831658427516,0.16235744946312014,-0.03503921647649211,-0.11336109967023168,1.4351726038850334,1.5877420318303759,-3.1415926531552856,1.562056525343879,-1.5724523385339424,3.0282315534850537,-0.12688392145884553,3.1601943703643185,-0.4980632907464765,0.42984032948744005,0.5624791876867812,0.5007867939314478,-0.5017641890739474,0.5025958054508968,0.49739792204494593,0.49822230184075267
13.195895195,1.587877253441346,1.5691403150558472,0.018736938385498725,0.023281654343008995,-0.16806625558699625,-0.20079177618026733,0.03272552059327108,0.07388854026794434,1.4357810804756848,1.4557814598083496,-0.020000379332664853,-0.04702116549015045,-0.5290571968625146,-0.3701918125152588,-0.15886538434725583,-0.2990218698978424,-0.11433008758061823,4.3453596276776807e-10,-0.1143300880151542,-3.077730070799589e-09,0.027186552282504307,7.778750951832563,-0.9074205960847297,0.17331268151339174,7.614556354070246,-0.8715085811374115,-0.14612612923088744,0.16419459776231626,-0.035912014947318216,-0.11433008758061877,1.4333958851592534,1.5878772534413466,-3.1415926531552856,1.562056525343879,-1.5724523385339424,3.027262565574667,-0.12866064018462553,3.160329591975289,-0.49788160228447714,0.4290416686053782,0.5631100819164194,0.5009433025313723,-0.5017641890739474,0.5025958054508968,0.49739792204494593,0.49822230184075267
13.205675125,1.5880125149364843,1.5691403150558472,0.018872199880637153,0.023281654343008995,-0.16756880572422067,-0.20079177618026733,0.03322297045604666,0.07388854026794434,1.435462349515593,1.4557814598083496,-0.02031911029275668,-0.04702116549015045,-0.5310131585414813,-0.3701918125152588,-0.16082134602622256,-0.2990218698978424,-0.11529936129797733,4.3453596276776807e-10,-0.11529936173251329,-3.077730070799589e-09,0.02609800724516262,7.780583438604026,-0.9082904762023967,0.17331268151339174,7.614556354070246,-0.8715085811374115,-0.14721467426822912,0.16602708453377968,-0.03678189506498519,-0.11529936129797763,1.431618642382968,1.5880125149364828,-3.1415926531552856,1.562056525343879,-1.5724523385339424,3.026293291857308,-0.13043788296091097,3.160464853470425,-0.49769966679479993,0.4282419824561087,0.5637401316296032,0.5010997007828326,-0.5017641890739474,0.5025958054508968,0.49739792204494593,0.49822230184075267
13.215873480,1.5881487901869569,1.5691403150558472,0.019008475131109703,0.023281654343008995,-0.16706762758348048,-0.20079177618026733,0.03372414859678685,0.07388854026794434,1.435141229736639,1.4557814598083496,-0.020640230071710564,-0.04702116549015045,-0.5329837797256022,-0.3701918125152588,-0.1627919672103434,-0.2990218698978424,-0.11627589950993682,4.3453596276776807e-10,-0.11627589994447278,-3.077730070799589e-09,0.025000889770611802,7.782424390494937,-0.9091636697048155,0.17331268151339174,7.614556354070246,-0.8715085811374115,-0.14831179174277995,0.16786803642469028,-0.03765508856740407,-0.11627589950993694,1.4298280795606382,1.5881487901869586,-3.1415926531552856,1.562056525343879,-1.5724523385339424,3.0253167536453485,-0.13222844578324078,3.1606011287209013,-0.4975161719729826,0.4274355056134992,0.5643738598972671,0.501257113097602,-0.5017641890739474,0.5025958054508968,0.49739792204494593,0.49822230184075267
13.236994982,1.588417797524686,1.5691403150558472,0.01927748246883887,0.023281654343008995,-0.16607830195831336,-0.20079177618026733,0.03471347422195398,0.07388854026794434,1.4345073393087806,1.4557814598083496,-0.021274120499569005,-0.04702116549015045,-0.5368737858461178,-0.3701918125152588,-0.166681973330859,-0.2990218698978424,-0.11820358589230683,4.3453596276776807e-10,-0.11820358632684279,-3.077730070799589e-09,0.022833968723646382,7.786042881489629,-0.9108779303529659,0.17331268151339174,7.614556354070246,-0.8715085811374115,-0.15047871278974537,0.17148652741938264,-0.03936934921555446,-0.11820358589230821,1.4262935086374275,1.5884177975246823,-3.1415926531552856,1.562056525343879,-1.5724523385339424,3.0233890672629773,-0.1357630167064514,3.160870136058625,-0.4971533759586019,0.4258411773839124,0.5656217603835976,0.5015673799180009,-0.5017641890739474,0.5025958054508968,0.49739792204494593,0.49822230184075267
13.246044636,1.588553042436335,1.5691403150558472,0.019412727380487826,0.023281654343008995,-0.16558091308447298,-0.20079177618026733,0.035210863095794354,0.07388854026794434,1.4341886474261183,1.4557814598083496,-0.02159281238223132,-0.04702116549015045,-0.5388295077179621,-0.3701918125152588,-0.16863769520270333,-0.2990218698978424,-0.11917274077362562,4.3453596276776807e-10,-0.11917274120816158,-3.077730070799589e-09,0.02174393425755307,7.787854288696607,-0.9117350703072682,0.17331268151339174,7.614556354070246,-0.8715085811374115,-0.1515687472558387,0.173297934626361,-0.040226489169856716,-0.11917274077362638,1.4245164837567632,1.5885530424363359,-3.1415926531552856,1.562056525343879,-1.5724523385339424,3.0224199123816593,-0.13754004158711575,3.1610053809702783,-0.49697068857030346,0.4250384481319161,0.5662476028261054,0.5017231354096203,-0.5017641890739474,0.5025958054508968,0.49739792204494593,0.49822230184075267
13.265759468,1.58882329695519,1.5719207525253296,0.0169025444298605,0.02294350601732731,-0.1645870007136152,-0.1920109987258911,0.027423998012275907,0.07610183954238892,1.4335518181335278,1.4501910209655762,-0.01663920283204834,-0.04856551066040993,-0.5427375488194344,-0.40568020939826965,-0.13705733942116471,-0.3048679232597351,-0.12110936436229286,2.1743956635233985e-10,-0.12110936457973243,6.225491233635694e-10,0.019564563937103596,7.79145826916321,-0.9134384392000048,0.15200095452269527,7.654134939471171,-0.8904138576444525,-0.13243639058559167,0.1373233296920393,-0.023024581555552315,-0.12110936436229287,1.4209655257335594,1.5888232969551919,2.1743916677875172e-10,1.5472380699744952,1.5719207525253387,-0.12110936457973204,-0.1262725442409358,0.016902544429853172,-0.4966050503725197,0.4234320444268917,0.5674950936285077,0.5020339096162146,-0.4943535830875777,0.4937980315884816,0.5061390594752886,0.5055702635255407
13.285520315,1.589093653732139,1.5719207525253296,0.017172901206809366,0.02294350601732731,-0.1635927122691766,-0.1920109987258911,0.028418286456714514,0.07610183954238892,1.4329147478793802,1.4501910209655762,-0.017276273086195948,-0.04856551066040993,-0.5466470686337734,-0.40568020939826965,-0.14096685923550378,-0.3048679232597351,-0.12304672072478318,2.1743956635233985e-10,-0.12304672094222274,6.225491233635694e-10,0.01738278597412033,7.795042657782018,-0.9151299284556327,0.15200095452269527,7.654134939471171,-0.8904138576444525,-0.13461816854857495,0.1409077183108467,-0.024716070811180213,-0.12304672072478248,1.417413224109507,1.589093653732138,2.1743916677875172e-10,1.5472380699744952,1.5719207525253387,-0.12304672094222165,-0.12982484586498821,0.017172901206799374,-0.4962384978248441,0.4218219194803031,0.5687389074774267,0.5023441814571735,-0.4943535830875777,0.4937980315884816,0.5061390594752886,0.5055702635255407
13.305709839,1.5893639190093132,1.5728739500045776,0.01648996900473554,0.02382795885205269,-0.16259876033255483,-0.18882416188716888,0.02622540155461406,0.08086400479078293,1.432277893235825,1.4481531381607056,-0.01587524492488046,-0.051742784678936005,-0.5505552653069403,-0.41834259033203125,-0.13221267497490907,-0.3204696774482727,-0.12498342140675774,2.8157715048493515e-10,-0.12498342168833489,-3.2741809263825417e-10,0.015200181438275263,7.798604836830311,-0.9168083719634146,0.14464383339293468,7.667893224760794,-0.8971931907482023,-0.12944365195465943,0.13071161206951665,-0.01961518121521233,-0.1249834214067586,1.4138621247294079,1.5893639190093114,2.815808726632162e-10,1.5357246430745914,1.5728739500045867,-0.12498342168833947,-0.12186251834518358,0.01648996900472466,-0.4958712926719317,0.42020923891204487,0.5699781437031137,0.5026537300543784,-0.49166560697944395,0.49064517091997684,0.509218756165101,0.5081618891023896
13.326026201,1.5896341895034611,1.5728739500045776,0.0167602394988835,0.02382795885205269,-0.1616047892095199,-0.18882416188716888,0.027219372677648984,0.08086400479078293,1.431641026298963,1.4481531381607056,-0.016512111861742618,-0.051742784678936005,-0.5544635374206527,-0.41834259033203125,-0.13612094708862144,-0.3204696774482727,-0.12692015947317528,2.8157715048493515e-10,-0.12692015975475243,-3.2741809263825417e-10,0.013015987599595054,7.8021460436948775,-0.9184744233838513,0.14464383339293468,7.667893224760794,-0.8971931907482023,-0.13162784579333964,0.13425281893408325,-0.021281232635649072,-0.12692015947317478,1.41031095680187,1.5896341895034616,2.815808726632162e-10,1.5357246430745914,1.5728739500045867,-0.12692015975475565,-0.12541368627272154,0.01676023949887484,-0.49550330297709183,0.4185934389880043,0.5712132387886,0.5029626680059129,-0.49166560697944395,0.49064517091997684,0.509218756165101,0.5081618891023896
13.335792303,1.5897693798666477,1.5728739500045776,0.016895429862070044,0.02382795885205269,-0.16110760094802057,-0.18882416188716888,0.027716560939148316,0.08086400479078293,1.4313224629546093,1.4481531381607056,-0.01683067520609627,-0.051742784678936005,-0.5564184704892814,-0.41834259033203125,-0.13807588015725014,-0.3204696774482727,-0.12788892346430775,2.8157715048493515e-10,-0.1278889237458849,-3.2741809263825417e-10,0.011922870259226743,7.80390945978921,-0.9193031418425703,0.14464383339293468,7.667893224760794,-0.8971931907482023,-0.13272096313370793,0.13601623502841598,-0.022109951094368085,-0.12788892346430752,1.4085346486503874,1.589769379866649,2.815808726632162e-10,1.5357246430745914,1.5728739500045867,-0.1278889237458884,-0.1271899944242041,0.016895429862062272,-0.4953189410993421,0.4177840545161146,0.5718294726425744,0.5031169691012399,-0.49166560697944395,0.49064517091997684,0.509218756165101,0.5081618891023896
13.355733395,1.5900396144907216,1.5737028121948242,0.0163368022958974,0.04068785905838013,-0.16011376174400274,-0.18650299310684204,0.0263892313628393,0.05557709187269211,1.4306856805421948,1.4466898441314697,-0.016004163589274922,-0.034852635115385056,-0.5603262239003836,-0.42809733748435974,-0.13222888641602382,-0.23550847172737122,-0.12982540448846697,1.6859973139826678e-10,-0.1298254046570667,-8.985807653516531e-10,0.009736678691223681,7.807418547771003,-0.9209504245530913,0.13822952977461048,7.678323333372594,-0.9015195920835104,-0.1284928510833868,0.12909521439840876,-0.019430832469580883,-0.12982540448846727,1.4049839520308889,1.5900396144907225,1.686031728567953e-10,1.5268277706733497,1.573702812194829,-0.12982540465707043,-0.12184381864246085,0.016336802295893404,-0.49494983242529794,0.41616385919599513,0.5730581396484709,0.5034249440223431,-0.48959788039554786,0.4881769353681586,0.5116123103306358,0.5101274734856855
13.366711140,1.5901748126658535,1.5737028121948242,0.016472000471029258,0.04068785905838013,-0.15961654475258935,-0.18650299310684204,0.02688644835425269,0.05557709187269211,1.4303670987897286,1.4466898441314697,-0.016322745341741163,-0.034852635115385056,-0.5622812699343884,-0.42809733748435974,-0.1341839324500287,-0.23550847172737122,-0.13079422445941302,1.6859973139826678e-10,-0.13079422462801277,-8.985807653516531e-10,0.008642363685298936,7.809166205940232,-0.9217699385398108,0.13822952977461048,7.678323333372594,-0.9015195920835104,-0.12958716608931153,0.13084287256763805,-0.020250346456300417,-0.13079422445941405,1.4032075412358291,1.5901748126658515,1.686031728567953e-10,1.5268277706733497,1.573702812194829,-0.1307942246280172,-0.1236202294375206,0.016472000471022374,-0.49476487515660605,0.41535212845420516,0.573671270250752,0.5035787936249083,-0.48959788039554786,0.4881769353681586,0.5116123103306358,0.5101274734856855
13.375663280,1.5903100214100878,1.5737028121948242,0.016607209215263596,0.04068785905838013,-0.15911928889129223,-0.18650299310684204,0.02738370421554981,0.05557709187269211,1.430048492132169,1.4466898441314697,-0.016641351999300724,-0.034852635115385056,-0.5642364688039025,-0.42809733748435974,-0.1361391313195428,-0.23550847172737122,-0.13176312016775396,1.6859973139826678e-10,-0.13176312033635368,-8.985807653516531e-10,0.00754758920121671,7.810908699623344,-0.9225864427426358,0.13822952977461048,7.678323333372594,-0.9015195920835104,-0.13068194057339377,0.13258536625074946,-0.02106685065912539,-0.1317631201677546,1.401430991570055,1.5903100214100898,1.686031728567953e-10,1.5268277706733497,1.573702812194829,-0.13176312033635776,-0.12539677910329483,0.01660720921526071,-0.49457970819331026,0.414539570346629,0.5742833997238809,0.5037325020899821,-0.48959788039554786,0.4881769353681586,0.5116123103306358,0.5101274734856855
13.395691395,1.5905803258551126,1.5745285749435425,0.016051750911570073,0.02037956379354,-0.15812519290745436,-0.18416298925876617,0.026037796351311815,0.060288362205028534,1.4294115451932672,1.445213794708252,-0.015802249514984767,-0.038097407668828964,-0.5681452318674854,-0.4379086494445801,-0.13023658242290537,-0.25114619731903076,-0.13370010152360365,1.7794934970005727e-10,-0.133700101701553,-2.079104888252914e-09,0.005357843372227888,7.81437631394697,-0.9242095768619183,0.131822096986276,7.688694794077114,-0.9058145138856173,-0.12646425361404812,0.12568151986985576,-0.018395062976301002,-0.1337001015236044,1.3978793775514051,1.5905803258551114,1.7794643948021754e-10,1.5178804131379853,1.5745285749435376,-0.13370010170155083,-0.12000103558658015,0.016051750911573848,-0.4942089433192977,0.41291284926094357,0.5755039973480734,0.504039332091079,-0.4875047729011356,0.4856886711693368,0.5140089649526274,0.5120941271335815
13.405588627,1.5907156949334427,1.5745285749435425,0.01618711998990019,0.02037956379354,-0.15762734738703882,-0.18416298925876617,0.026535641871727356,0.060288362205028534,1.4290925607235276,1.445213794708252,-0.016121233984724315,-0.038097407668828964,-0.570102749263399,-0.4379086494445801,-0.1321940998188189,-0.25114619731903076,-0.13467014617403592,1.7794934970005727e-10,-0.13467014635198526,-2.079104888252914e-09,0.004260660968042132,7.816104917371456,-0.9250178530712627,0.131822096986276,7.688694794077114,-0.9058145138856173,-0.1275614360182339,0.1274101232943421,-0.01920333918564543,-0.13467014617403586,1.3961007212061685,1.590715694933443,1.7794643948021754e-10,1.5178804131379853,1.5745285749435376,-0.1346701463519823,-0.12177969193181681,0.016187119989905296,-0.4940229697468105,0.4120970422693953,0.5761136952673738,0.5041927639710131,-0.4875047729011356,0.4856886711693368,0.5140089649526274,0.5120941271335815
13.425811052,1.590985763614498,1.5753310918807983,0.01565467173369961,0.04085822403430939,-0.1566341184700189,-0.18170049786567688,0.02506637939565798,0.06222222372889519,1.4284561693401905,1.4436534643173218,-0.015197294977131293,-0.039351340383291245,-0.5740081030397434,-0.4480879306793213,-0.12592017236042208,-0.25644445419311523,-0.13660543806298506,3.4562380735181364e-10,-0.13660543840860886,2.7539499569684267e-09,0.0020706313828293965,7.819537623745882,-0.9266212799968343,0.1255760624079163,7.699338820329853,-0.9103816448438518,-0.1235054310250869,0.12019880341602907,-0.016239635152982546,-0.13660543806298567,1.3925522049635097,1.5909857636144995,3.456220242140688e-10,1.5086032929054038,1.5753310918808017,-0.1366054384086077,-0.11605108794189412,0.015654671733697834,-0.49365135622989703,0.41046719460766123,0.5773269196838998,0.5044984127344702,-0.4853091676971236,0.4831133797341123,0.5164710895572923,0.5141343090307358
13.446547031,1.591255983317486,1.5753310918807983,0.015924891436687627,0.04085822403430939,-0.15564033414113104,-0.18170049786567688,0.026060163724545837,0.06222222372889519,1.4278194220879081,1.4436534643173218,-0.015834042229413647,-0.039351340383291245,-0.577915640683068,-0.4480879306793213,-0.1298277100037467,-0.25644445419311523,-0.1385418121637633,3.4562380735181364e-10,-0.1385418125093871,2.7539499569684267e-09,-0.0001220626098603142,7.8229509422102135,-0.9282134725736022,0.1255760624079163,7.699338820329853,-0.9103816448438518,-0.1256981250177766,0.12361212188036053,-0.01783182772975045,-0.13854181216376402,1.3890017043967897,1.5912559833174877,3.456220242140688e-10,1.5086032929054038,1.5753310918808017,-0.13854181250938605,-0.11960158850861413,0.015924891436686073,-0.4932787526953696,0.4088334211260376,0.5785366070022747,0.5048036254505075,-0.4853091676971236,0.4831133797341123,0.5164710895572923,0.5141343090307358
13.465805769,1.5915263829925568,1.5753310918807983,0.016195291111758436,0.04085822403430939,-0.15464588793069378,-0.18170049786567688,0.027054609934983098,0.06222222372889519,1.427182250748381,1.4436534643173218,-0.01647121356894088,-0.039351340383291245,-0.5818257808297674,-0.4480879306793213,-0.13373785015044615,-0.25644445419311523,-0.14047947593097398,3.4562380735181364e-10,-0.1404794762765978,2.7539499569684267e-09,-0.002317640656017538,7.826345153278177,-0.9297946272724734,0.1255760624079163,7.699338820329853,-0.9103816448438518,-0.12789370306393383,0.12700633294832375,-0.01941298242862166,-0.14047947593097423,1.385448839121,1.5915263829925583,3.456220242140688e-10,1.5086032929054038,1.5753310918808017,-0.14047947627659627,-0.12315445378440382,0.01619529111175666,-0.49290511693297095,0.407195553313941,0.5797428703214945,0.5051084352632044,-0.4853091676971236,0.4831133797341123,0.5164710895572923,0.5141343090307358
13.485428572,1.5917137678836144,1.576123595237732,0.015590172645882472,0.044778186827898026,-0.15395674437030868,-0.17928552627563477,0.025328781905326087,0.06164364144206047,1.4267406959202884,1.442123293876648,-0.015382597956359545,-0.038985200226306915,-0.5845354778189251,-0.4580610394477844,-0.1264744383711407,-0.25324729084968567,-0.1418222619895358,3.8113048828058993e-10,-0.14182226237066628,-9.524228516966105e-09,-0.0038399852855270783,7.828684744801217,-0.9308832813456782,0.11939231476916384,7.709638375959907,-0.9147801969358045,-0.12323230005469092,0.11904636884131037,-0.016103084409873736,-0.14182226198953704,1.382986730864132,1.591713767883612,3.8113306519230555e-10,1.499514985286311,1.5761235952377357,-0.1418222623706701,-0.11652825442217907,0.015590172645876255,-0.492645729684342,0.40605876583978,0.5805763148900229,0.5053193112252664,-0.4831477098767706,0.48058068407275595,0.5188756227394892,0.5161187699199684
13.495878458,1.5917660236565725,1.576123595237732,0.01564242841884056,0.044778186827898026,-0.15376456383097145,-0.17928552627563477,0.025520962444663314,0.06164364144206047,1.4266175601182758,1.442123293876648,-0.015505733758372164,-0.038985200226306915,-0.5852911273798465,-0.4580610394477844,-0.12723008793206203,-0.25324729084968567,-0.1421967229346612,3.8113048828058993e-10,-0.1421967233157917,-9.524228516966105e-09,-0.004264639094348099,7.829335346007326,-0.93118584278773,0.11939231476916384,7.709638375959907,-0.9147801969358045,-0.12365695386351194,0.11969697004741953,-0.0164056458519255,-0.14219672293466226,1.3823001260405372,1.5917660236565716,3.8113306519230555e-10,1.499514985286311,1.5761235952377357,-0.14219672331579533,-0.1172148592457738,0.015642428418835896,-0.4925733274340351,0.4057414955028735,0.5808083729879108,0.5053780661987524,-0.4831477098767706,0.48058068407275595,0.5188756227394892,0.5161187699199684
13.515596628,1.5918702167269068,1.576900601387024,0.014969615339882836,0.04546382278203964,-0.15338137400679494,-0.17695537209510803,0.023573998088313092,0.05892733484506607,1.426372038971932,1.4406477212905884,-0.01427568231865628,-0.03721911087632179,-0.5867978211553303,-0.46772482991218567,-0.11907299124314463,-0.24354907870292664,-0.14294336265280566,3.697436246064001e-10,-0.14294336302254929,2.6266206987202168e-09,-0.0051115134780351755,7.830630189184832,-0.9317877831476319,0.11331507828664353,7.719497815969512,-0.9188965725759641,-0.11842659176467871,0.11113237321531955,-0.012891210571667755,-0.142943362652806,1.3809311009428855,1.591870216726905,3.697445127958245e-10,1.4907057764163754,1.5769006013870273,-0.1429433630225505,-0.10977467547348985,0.014969615339877729,-0.4924288765781121,0.40510855586119277,0.5812706013480724,0.5054951508061453,-0.481043374531639,0.47811587990004306,0.5211999520108967,0.5180280757164228
13.525733232,1.5919224665419796,1.576900601387024,0.015021865154955627,0.04546382278203964,-0.15318921537871394,-0.17695537209510803,0.023766156716394093,0.05892733484506607,1.4262489172091146,1.4406477212905884,-0.01439880408147376,-0.03721911087632179,-0.5875533845616847,-0.46772482991218567,-0.11982855464949904,-0.24354907870292664,-0.14331778090417163,3.697436246064001e-10,-0.14331778127391526,2.6266206987202168e-09,-0.005536273904688041,7.831278314449266,-0.9320889683327791,0.11331507828664353,7.719497815969512,-0.9188965725759641,-0.11885135219133157,0.11178049847975391,-0.013192395756814967,-0.14331778090417235,1.3802445744017957,1.5919224665419798,3.697445127958245e-10,1.4907057764163754,1.5769006013870273,-0.14331778127391687,-0.11046120201457965,0.015021865154952518,-0.49235639469986436,0.40479098831109156,0.5815021579338687,0.5055538316525108,-0.481043374531639,0.47811587990004306,0.5211999520108967,0.5180280757164228
13.535727739,1.5919747291388555,1.576900601387024,0.01507412775183159,0.04546382278203964,-0.15299700974312178,-0.17695537209510803,0.023958362351986257,0.05892733484506607,1.4261257653271833,1.4406477212905884,-0.014521955963405109,-0.03721911087632179,-0.5883091328005164,-0.46772482991218567,-0.12058430288833077,-0.24354907870292664,-0.14369229074897952,3.697436246064001e-10,-0.14369229111872314,2.6266206987202168e-09,-0.00596118977701271,7.831925795172089,-0.9323897796120677,0.11331507828664353,7.719497815969512,-0.9188965725759641,-0.11927626806365624,0.11242797920257708,-0.013493207036103572,-0.14369229074898024,1.3795578799166248,1.591974729138855,3.697445127958245e-10,1.4907057764163754,1.5769006013870273,-0.14369229111872475,-0.11114789649975054,0.015074127751827815,-0.49228386571654487,0.4044732318645607,0.581733612323129,0.5056125043486323,-0.481043374531639,0.47811587990004306,0.5211999520108967,0.5180280757164228
13.555631876,1.592079011906146,1.577680230140686,0.014398781765460056,0.04593246430158615,-0.1526134900413372,-0.1747085452079773,0.022095055166640093,0.05237835645675659,1.4258800328184198,1.4392237663269043,-0.013343733508484501,-0.033047985285520554,-0.5898171236473403,-0.4770216941833496,-0.11279542946399068,-0.21738779544830322,-0.14443957322877563,4.722618962560432e-10,-0.14443957370103752,5.0240487325936556e-09,-0.006809204010995853,7.833215351630195,-0.932988670489552,0.10720547741850639,7.728871466036425,-0.9228081788897096,-0.11401468142950225,0.10434388559376995,-0.010180491599842467,-0.14443957322877518,1.378187676262823,1.5920790119061479,4.722622194349831e-10,1.4822317840686574,1.5776802301406887,-0.1444395737010374,-0.10404410780583451,0.014398781765459168,-0.492139056368363,0.40383886088975873,0.582194972479774,0.5057295103624018,-0.47901622382873416,0.4757300206644032,0.5234361294007256,0.5198451915575382
13.575819254,1.592183321510006,1.577680230140686,0.014503091369320043,0.04593246430158615,-0.15222987164296592,-0.1747085452079773,0.022478673565011376,0.05237835645675659,1.4256342370718103,1.4392237663269043,-0.013589529255094046,-0.033047985285520554,-0.5913255025669246,-0.4770216941833496,-0.11430380838357501,-0.21738779544830322,-0.14518704801741467,4.722618962560432e-10,-0.14518704848967656,5.0240487325936556e-09,-0.0076576402165929695,7.834502036930699,-0.933585936739074,0.10720547741850639,7.728871466036425,-0.9228081788897096,-0.11486311763509936,0.10563057089427375,-0.010777757849364411,-0.14518704801741436,1.3768171199950001,1.5921833215100074,4.722622194349831e-10,1.4822317840686574,1.5776802301406887,-0.1451870484896766,-0.1054146640736573,0.01450309136931871,-0.4919940926719124,0.40320388470495405,0.5826558178739117,0.5058464569733181,-0.47901622382873416,0.4757300206644032,0.5234361294007256,0.5198451915575382
13.595934391,1.5922876987687329,1.578452467918396,0.013835230850336888,0.04599643871188164,-0.15184600443095994,-0.17259813845157623,0.020752134020616292,0.05283975601196289,1.4253882819028858,1.4378867149353027,-0.012498433032416933,-0.03335709869861603,-0.5928348598161279,-0.48577767610549927,-0.10705718371062867,-0.21889914572238922,-0.1459350076157494,6.228742521763309e-10,-0.14593500823862365,-1.3969838619232178e-09,-0.008506829639421318,7.835786347621934,-0.934181812470178,0.1011436337160524,7.737597335270901,-0.9263873698567067,-0.10965046335547371,0.09818901235103272,-0.007794442613471286,-0.14593500761575023,1.3754456747888766,1.5922876987687316,6.228759359207192e-10,1.4742491575113086,1.5784524679183982,-0.14593500823862618,-0.098803482722432,0.013835230850333335,-0.4918489176934478,0.4025680549304853,0.5831163274854809,0.5059633899138505,-0.4771060664484263,0.4734671875093886,0.5255452732276994,0.5215369493123975
13.615460873,1.5923918194262394,1.578452467918396,0.013939351507843423,0.04599643871188164,-0.1514630809187243,-0.17259813845157623,0.021135057532851942,0.05283975601196289,1.4251429313905435,1.4378867149353027,-0.012743783544759246,-0.03335709869861603,-0.5943405064590462,-0.48577767610549927,-0.10856283035354697,-0.21889914572238922,-0.14668112842900669,6.228742521763309e-10,-0.14668112905188094,-1.3969838619232178e-09,-0.009354132618568673,7.837064300012851,-0.9347744541709311,0.1011436337160524,7.737597335270901,-0.9263873698567067,-0.11049776633462106,0.09946696474194994,-0.008387084314224413,-0.14668112842900732,1.3740776011458524,1.5923918194262388,6.228759359207192e-10,1.4742491575113086,1.5784524679183982,-0.14668112905188327,-0.10017155636545616,0.013939351507840536,-0.4917039827012541,0.4019333487166113,0.5835750719338487,0.506079946256102,-0.4771060664484263,0.4734671875093886,0.5255452732276994,0.5215369493123975
13.625821590,1.592444194299518,1.5791856050491333,0.0132585892503847,0.04454907029867172,-0.15127046236531658,-0.1706608682870865,0.01939040592176991,0.04693097993731499,1.4250195149398552,1.4366638660430908,-0.011644351103235584,-0.029448093846440315,-0.5950978782814472,-0.493932843208313,-0.10116503507313424,-0.1987099051475525,-0.14705644283808522,5.412379988634086e-10,-0.14705644337932322,-4.773028194904327e-09,-0.009780419418193582,7.837705927488985,-0.9350718982986255,0.0953783283898352,7.745629006342061,-0.9294911162938986,-0.10515874780802878,0.09207692114692367,-0.005580782004726892,-0.14705644283808475,1.3733894314261696,1.592444194299518,5.412375251233921e-10,1.4668084116807723,1.5791856050491355,-0.14705644337932228,-0.0934189802546026,0.01325858925038248,-0.4916310332058689,0.40161391244400363,0.5838055908392995,0.5061385429159948,-0.4753203585320384,0.4713493975274199,0.5275084325581997,0.5231014775313717
13.647124767,1.5925493299574076,1.5791856050491333,0.01336372490827431,0.04454907029867172,-0.15088380599621162,-0.1706608682870865,0.019777062290874864,0.04693097993731499,1.4247717726748101,1.4366638660430908,-0.011892093368280676,-0.029448093846440315,-0.5966182024336703,-0.493932843208313,-0.10268535922535726,-0.1987099051475525,-0.14780983706787118,5.412379988634086e-10,-0.14780983760910918,-4.773028194904327e-09,-0.010636286166142782,7.838991465083892,-0.9356676322456758,0.0953783283898352,7.745629006342061,-0.9294911162938986,-0.10601461455597799,0.09336245874183113,-0.006176515951777262,-0.14780983706787135,1.372008021378008,1.5925493299574074,5.412375251233921e-10,1.4668084116807723,1.5791856050491355,-0.14780983760910887,-0.09480039030276433,0.013363724908271868,-0.49148450746207484,0.4009723517925885,0.5842678436452255,0.506256100116177,-0.4753203585320384,0.4713493975274199,0.5275084325581997,0.5231014775313717
13.656929255,1.5926048654106386,1.5791856050491333,0.013419260361505314,0.04454907029867172,-0.15067956380917444,-0.1706608682870865,0.01998130447791205,0.04693097993731499,1.4246409086154608,1.4366638660430908,-0.012022957427630043,-0.029448093846440315,-0.5974212781222312,-0.493932843208313,-0.10348843491391824,-0.1987099051475525,-0.148207799955561,5.412379988634086e-10,-0.148207800496799,-4.773028194904327e-09,-0.011088459462258185,7.839669202095543,-0.9359815903270006,0.0953783283898352,7.745629006342061,-0.9294911162938986,-0.10646678785209339,0.09404019575348155,-0.0064904740331019894,-0.14820779995556152,1.3712783238171335,1.5926048654106375,5.412375251233921e-10,1.4668084116807723,1.5791856050491355,-0.14820780049679905,-0.0955300878636387,0.013419260361501983,-0.49140706056426975,0.40063328237993684,0.584511757208166,0.5063181604114984,-0.4753203585320384,0.4713493975274199,0.5275084325581997,0.5231014775313717
13.676030874,1.5927050707774932,1.5798734426498413,0.012831628127651928,0.04377451539039612,-0.1503110395226426,-0.16892865300178528,0.018617613479142675,0.04407402127981186,1.4244047841163845,1.4355764389038086,-0.011171654787424101,-0.027580754831433296,-0.5988703073333419,-0.5013797879219055,-0.09749051941143638,-0.1884341984987259,-0.14892586409000616,5.087144594462245e-10,-0.14892586459872062,-8.036295184865594e-09,-0.011904480381594244,7.840889769535581,-0.936546815069511,0.08996108371915548,7.752880555240736,-0.932054437437388,-0.10186556410074973,0.08800921429484454,-0.004492377632122957,-0.14892586409000624,1.3699616943934803,1.5927050707774943,5.0871448649302e-10,1.4600062551131978,1.5798734426498415,-0.14892586459872073,-0.09004456071971756,0.012831628127652817,-0.49126723514052384,0.4000211682626896,0.5849514063122149,0.5064300750078934,-0.47368498053863245,0.4694046843425406,0.5293024036994756,0.5245195391664191
13.697302103,1.5928091860770763,1.580536127090454,0.012273058986622232,0.04318372160196304,-0.14992813571518818,-0.1672613024711609,0.017333166755972712,0.04199695214629173,1.424159446229483,1.4345307350158691,-0.010371288786386046,-0.026234205812215805,-0.6003758764975035,-0.5085778832435608,-0.09179799325394267,-0.18071714043617249,-0.149671946508788,5.132982927591456e-10,-0.1496719470220863,-7.759808795526624e-09,-0.012752534852362926,7.842154815740184,-0.9371323718779901,0.08473292037390662,7.759820042035042,-0.9344440711481681,-0.09748545522626954,0.08233477370514208,-0.0026883007298220685,-0.1496719465087881,1.3685936911498713,1.5928091860770779,5.132977223810071e-10,1.4534298064342253,1.5805361270904525,-0.1496719470220858,-0.08483611528435397,0.01227305898662534,-0.4911218390929214,0.3993847419575845,0.5854075879035282,0.506546269438867,-0.4720968931507673,0.46752101187368067,0.5310313986710513,0.5258842843815259
13.705778599,1.5928615654631142,1.580536127090454,0.012325438372660091,0.04318372160196304,-0.149735500565251,-0.1672613024711609,0.017525801905909882,0.04199695214629173,1.4240360191449035,1.4345307350158691,-0.01049471587096562,-0.026234205812215805,-0.6011333135770853,-0.5085778832435608,-0.09255543033352454,-0.18071714043617249,-0.1500472932559593,5.132982927591456e-10,-0.1500472937692576,-7.759808795526624e-09,-0.013179256812447651,7.842790034728036,-0.9374262968873033,0.08473292037390662,7.759820042035042,-0.9344440711481681,-0.09791217718635427,0.08296999269299477,-0.0029822257391352025,-0.15004729325595828,1.3679054621356455,1.5928615654631149,5.132977223810071e-10,1.4534298064342253,1.5805361270904525,-0.150047293769256,-0.0855243442985798,0.012325438372662312,-0.49104864753699295,0.39906439742569694,0.5856368484576702,0.5066046922284901,-0.4720968931507673,0.46752101187368067,0.5310313986710513,0.5258842843815259
13.725736618,1.5929659206693176,1.580536127090454,0.012429793578863535,0.04318372160196304,-0.14935171445559187,-0.1672613024711609,0.017909588015569022,0.04199695214629173,1.423790115940671,1.4345307350158691,-0.010740619075198188,-0.026234205812215805,-0.6026423519336838,-0.5085778832435608,-0.09406446869012297,-0.18071714043617249,-0.15079509482756798,5.132982927591456e-10,-0.15079509534086627,-7.759808795526624e-09,-0.014029560128634641,7.844053155885159,-0.9380105614084331,0.08473292037390662,7.759820042035042,-0.9344440711481681,-0.09876248050254126,0.08423311385011711,-0.0035664902602650095,-0.15079509482756667,1.366534306684476,1.59296592066932,5.132977223810071e-10,1.4534298064342253,1.5805361270904525,-0.15079509534086438,-0.0868954997497493,0.012429793578867532,-0.4909027400575536,0.3984258483164165,0.5860931241370277,0.5067210209144956,-0.4720968931507673,0.46752101187368067,0.5310313986710513,0.5258842843815259
13.746023417,1.5930702351824335,1.5811619758605957,0.01190825932183781,0.04185914993286133,-0.14896807800249892,-0.16572637856006622,0.0167583005575673,0.037118565291166306,1.4235443086258628,1.4335706233978271,-0.010026314771964362,-0.023075954988598824,-0.6041508018440278,-0.5152763724327087,-0.08887442941131907,-0.16254092752933502,-0.1515426047955657,5.063133801108677e-10,-0.15154260530187907,-6.806658348068595e-09,-0.014879726827489052,7.845312558175388,-0.9385928425503619,0.07978853038626084,7.766214766386896,-0.9365270748098968,-0.09466825721374988,0.07909779178849252,-0.0020657677404650743,-0.1515426047955651,1.365163685912417,1.593070235182436,5.063129350611833e-10,1.4473061295381313,1.5811619758605964,-0.15154260530187805,-0.08214244362571432,0.011908259321839587,-0.49075677194355505,0.39778711202047257,0.5865485839428524,0.5068372154613239,-0.47061452156156586,0.4657614062449186,0.5326393747786858,0.5271466408728268
13.765670061,1.5931743622099734,1.5811619758605957,0.012012386349377735,0.04185914993286133,-0.14858513106325463,-0.16572637856006622,0.01714124749681159,0.037118565291166306,1.4232989431031375,1.4335706233978271,-0.010271680294689611,-0.023075954988598824,-0.6056565406014175,-0.5152763724327087,-0.09038016816870875,-0.16254092752933502,-0.1522887712560036,5.063133801108677e-10,-0.15228877176231698,-6.806658348068595e-09,-0.015728558861968788,7.846566477381215,-0.9391723295004943,0.07978853038626084,7.766214766386896,-0.9365270748098968,-0.09551708924822963,0.08035171099431881,-0.0026452546905975094,-0.1522887712560039,1.3637955285715448,1.5931743622099734,5.063129350611833e-10,1.4473061295381313,1.5811619758605964,-0.15228877176231684,-0.08351060096658647,0.012012386349377069,-0.4906109489421508,0.3971490895051318,0.5870025885509069,0.5069531127410718,-0.47061452156156586,0.4657614062449186,0.5326393747786858,0.5271466408728268
13.775440931,1.59322672440579,1.5811619758605957,0.012064748545194348,0.04185914993286133,-0.14839255913362331,-0.16572637856006622,0.01733381942644291,0.037118565291166306,1.4231755565256932,1.4335706233978271,-0.010395066872133985,-0.023075954988598824,-0.6064137291001778,-0.5152763724327087,-0.09113735666746903,-0.16254092752933502,-0.15266399481934181,5.063133801108677e-10,-0.1526639953256552,-6.806658348068595e-09,-0.01615548236896944,7.847195817488723,-0.9394630762926486,0.07978853038626084,7.766214766386896,-0.9365270748098968,-0.09594401275523028,0.08098105110182718,-0.002936001482751749,-0.15266399481934181,1.3631075254249712,1.593226724405789,5.063129350611833e-10,1.4473061295381313,1.5811619758605964,-0.15266399532565475,-0.08419860411316016,0.012064748545192572,-0.4905375748816044,0.3968280844044951,0.5872306526506536,0.5070113604689945,-0.47061452156156586,0.4657614062449186,0.5326393747786858,0.5271466408728268
13.796011925,1.5933311799778427,1.581777572631836,0.011553607346006745,0.04216517508029938,-0.14800840390947437,-0.16420790553092957,0.016199501621455198,0.03850238770246506,1.4229294168188007,1.4326204061508179,-0.009690989332017175,-0.023999998345971107,-0.6079242188066534,-0.5218989849090576,-0.08602523389759575,-0.16707389056682587,-0.1534125156050873,6.779168337800456e-10,-0.15341251628300415,-9.080395102500916e-09,-0.01700728222852988,7.848448833742694,-0.9400417618193897,0.07491755587630546,7.77247990055323,-0.9385535084607797,-0.09192483810483534,0.07596893318946396,-0.0014882533586100255,-0.1534125156050869,1.361735051235753,1.5933311799778438,6.779163547935936e-10,1.441251772843909,1.5817775726318355,-0.15341251628300326,-0.07951672160815604,0.011553607346008299,-0.49039111491397597,0.39618739536287234,0.5876851289467127,0.5071274902663989,-0.46914281984647976,0.464019128339339,0.5342242289705799,0.5283897579462369
13.815612316,1.5934354383657998,1.581777572631836,0.01165786573396388,0.04216517508029938,-0.14762497386732235,-0.16420790553092957,0.01658293166360722,0.03850238770246506,1.4226837417576372,1.4326204061508179,-0.009936664393180639,-0.023999998345971107,-0.6094318571138173,-0.5218989849090576,-0.08753287220475969,-0.16707389056682587,-0.15415962338441241,6.779168337800456e-10,-0.15415962406232925,-9.080395102500916e-09,-0.01785766534041956,7.849696250433023,-0.940617609898444,0.07491755587630546,7.77247990055323,-0.9385535084607797,-0.09277522121672502,0.07721634987979353,-0.002064101437664334,-0.15415962338441228,1.3603651679095787,1.593435438365802,6.779163547935936e-10,1.441251772843909,1.5817775726318355,-0.15415962406232864,-0.0808866049343302,0.011657865733966544,-0.49024481376973067,0.3955474821873402,0.5881381078606571,0.5072433124144904,-0.46914281984647976,0.464019128339339,0.5342242289705799,0.5283897579462369
13.835678577,1.5935398421428555,1.5823750495910645,0.011164792551791036,0.041588328778743744,-0.14724100912912072,-0.16271494328975677,0.015473934160636055,0.03763410076498985,1.422437724100771,1.4316856861114502,-0.009247962010679123,-0.023460326716303825,-0.6109415978338297,-0.5284024477005005,-0.08253915013332924,-0.1633404940366745,-0.15490777301110029,6.315689637936828e-10,-0.15490777364266925,5.980837158858776e-09,-0.0187094247064431,7.850942166195826,-0.94119251680605,0.07018234871113706,7.778576803133038,-0.9405173504225961,-0.08889177341758016,0.07236536306278829,-0.0006751663834538846,-0.15490777301110017,1.3589933742708997,1.5935398421428548,6.315695800540201e-10,1.4353065522542716,1.5823750495910645,-0.15490777364266975,-0.0763131779833719,0.01116479255179037,-0.4900981907731035,0.3949062432739666,0.5885910777835663,0.5073592076406548,-0.4676908386499293,0.46230668705758116,0.5357746832100168,0.5296067365281296
13.855580091,1.5936441157802865,1.5823750495910645,0.011269066189222077,0.041588328778743744,-0.14685752300412985,-0.16271494328975677,0.015857420285626922,0.03763410076498985,1.4221920131056607,1.4316856861114502,-0.009493673005789516,-0.023460326716303825,-0.6124494566574554,-0.5284024477005005,-0.08404700895695494,-0.1633404940366745,-0.15565499006700934,6.315689637936828e-10,-0.1556549906985783,5.980837158858776e-09,-0.01956031146533174,7.852183289725456,-0.9417649677884026,0.07018234871113706,7.778576803133038,-0.9405173504225961,-0.0897426601764688,0.07360648659241864,-0.0012476173658064749,-0.15565499006701003,1.3576232905771535,1.5936441157802848,6.315695800540201e-10,1.4353065522542716,1.5823750495910645,-0.1556549906985796,-0.07768326167711814,0.0112690661892203,-0.48995163280088305,0.39426537150619173,0.5890428426701321,0.5074748701619846,-0.4676908386499293,0.46230668705758116,0.5357746832100168,0.5296067365281296
13.876020193,1.5937484172037926,1.5829659700393677,0.010782447164424891,0.04120378941297531,-0.14647393469056572,-0.16124512255191803,0.014771187861352314,0.03555537760257721,1.421946236635284,1.4307652711868286,-0.008819034551544647,-0.022130165249109268,-0.6139577172842543,-0.5348040461540222,-0.07915367113023208,-0.1552244871854782,-0.15640240623584553,5.752166520878177e-10,-0.15640240681106218,6.260961527004838e-09,-0.02041161298090988,7.853421502977444,-0.9423358352512324,0.06549290384831975,7.7845236699202385,-0.9424163698501675,-0.08590451682922963,0.0688978330572052,8.053459893508919e-05,-0.15640240623584578,1.3562528417935444,1.5937484172037935,5.752176374931983e-10,1.4294543596139697,1.5829659700393712,-0.15640240681106343,-0.07320151782042528,0.010782447164422226,-0.48980491801437787,0.3936238976051926,0.5894940871897687,0.50759047537491,-0.4662572248168643,0.46061728943218744,0.5372977493446298,0.5307984942814139
13.885716677,1.5938006672640672,1.5829659700393677,0.010834697224699541,0.04120378941297531,-0.14628177516070798,-0.16124512255191803,0.014963347391210052,0.03555537760257721,1.4218231142946716,1.4307652711868286,-0.00894215689215705,-0.022130165249109268,-0.6147132842363746,-0.5348040461540222,-0.0799092380823524,-0.1552244871854782,-0.1567768262443102,5.752166520878177e-10,-0.15677682681952684,6.260961527004838e-09,-0.020838144980467904,7.854040569598615,-0.9426211608710275,0.06549290384831975,7.7845236699202385,-0.9424163698501675,-0.08633104882878766,0.06951689967837638,-0.00020479102086001788,-0.15677682624431086,1.3555663120306674,1.593800667264066,5.752176374931983e-10,1.4294543596139697,1.5829659700393712,-0.1567768268195285,-0.07388804758330236,0.010834697224694878,-0.4897313765807821,0.3933023876711821,0.5897198981902595,0.5076483549888734,-0.4662572248168643,0.46061728943218744,0.5372977493446298,0.5307984942814139
13.905754566,1.5939049706231034,1.5835390090942383,0.010365961528865153,0.040755048394203186,-0.14589817972886357,-0.1598389744758606,0.013940794746997026,0.03445010259747505,1.4215773332634005,1.4298852682113647,-0.008307934947964224,-0.021440183743834496,-0.6162215728520914,-0.5409491062164307,-0.07527246663566078,-0.15051430463790894,-0.15752425628301045,6.328603752159268e-10,-0.15752425691587083,-8.536517270840704e-09,-0.021689742568109252,7.855273935723252,-0.9431894381251961,0.06094000202930691,7.790180830897109,-0.9441774925860802,-0.08262974459741616,0.06509310482614339,0.0009880544608841246,-0.15752425628301067,1.3541958378155243,1.593904970623103,6.328601092442229e-10,1.423835444652152,1.583539009094237,-0.15752425691587077,-0.06963960683662762,0.010365961528866041,-0.4895844822058892,0.3926602556403704,0.5901701882870497,0.5077638302211557,-0.46487740048611387,0.45899104016164594,0.5387579892028693,0.5319361396245648
13.917231560,1.5939580931849153,1.5835390090942383,0.010419084090677044,0.040755048394203186,-0.14570281140873256,-0.1598389744758606,0.014136163067128033,0.03445010259747505,1.4214521549551797,1.4298852682113647,-0.00843311325618501,-0.021440183743834496,-0.6169897566954404,-0.5409491062164307,-0.07604065047900976,-0.15051430463790894,-0.1579049285719744,6.328603752159268e-10,-0.1579049292048348,-8.536517270840704e-09,-0.022123539580398248,7.8559008511063535,-0.9434782016154387,0.06094000202930691,7.790180830897109,-0.9441774925860802,-0.08306354160970517,0.06572002020924472,0.0006992909706414752,-0.15790492857197436,1.353497843984086,1.5939580931849155,6.328601092442229e-10,1.423835444652152,1.583539009094237,-0.15790492920483445,-0.07033760066806605,0.010419084090678599,-0.48950962237839146,0.39233304730894486,0.5903992780004007,0.5078226089146164,-0.46487740048611387,0.45899104016164594,0.5387579892028693,0.5319361396245648
13.928933144,1.5940161267137627,1.5835390090942383,0.010477117619524412,0.040755048394203186,-0.14548938207371065,-0.1598389744758606,0.014349592402149947,0.03445010259747505,1.4213154044161733,1.4298852682113647,-0.008569863795191424,-0.021440183743834496,-0.6178289560433726,-0.5409491062164307,-0.07687984982694196,-0.15051430463790894,-0.158320792481949,6.328603752159268e-10,-0.15832079311480937,-8.536517270840704e-09,-0.02259749418674961,7.8565847589942095,-0.9437931479070497,0.06094000202930691,7.790180830897109,-0.9441774925860802,-0.08353749621605652,0.06640392809710072,0.0003843446790304794,-0.15832079248194908,1.3527353234321697,1.5940161267137622,6.328601092442229e-10,1.423835444652152,1.583539009094237,-0.15832079311480918,-0.07110012121998222,0.0104771176195253,-0.48942780710188266,0.39197546260979793,0.5906493557038984,0.5078867954119766,-0.46487740048611387,0.45899104016164594,0.5387579892028693,0.5319361396245648
13.945704937,1.5941136620245346,1.5835390090942383,0.010574652930296358,0.040755048394203186,-0.14513067742602315,-0.1598389744758606,0.014708297049837449,0.03445010259747505,1.4210855716525075,1.4298852682113647,-0.008799696558857262,-0.021440183743834496,-0.619239374655269,-0.5409491062164307,-0.07829026843883835,-0.15051430463790894,-0.15901972319500238,6.328603752159268e-10,-0.15901972382786275,-8.536517270840704e-09,-0.023394184713760265,7.857731916608814,-0.9443212657235114,0.06094000202930691,7.790180830897109,-0.9441774925860802,-0.08433418674306717,0.0675510857117052,-0.00014377313743119124,-0.15901972319500227,1.3514537767042958,1.594113662024537,6.328601092442229e-10,1.423835444652152,1.583539009094237,-0.15901972382786236,-0.07238166794785617,0.010574652930300132,-0.4892902202287638,0.3913741810737587,0.5910692060719549,0.5079946106119648,-0.46487740048611387,0.45899104016164594,0.5387579892028693,0.5319361396245648
13.966117859,1.594218012269312,1.584092617034912,0.010125395234399814,0.040259819477796555,-0.14474690956295302,-0.15849877893924713,0.013751869376294107,0.0327201709151268,1.4208396801394088,1.4290475845336914,-0.00820790439428265,-0.020328311249613762,-0.6207483412666895,-0.5468366146087646,-0.07391172665792489,-0.14386193454265594,-0.15976748921340156,6.710773603479936e-10,-0.15976748988447892,-8.918505045585334e-09,-0.02424671861935223,7.858956078229637,-0.9448846152535885,0.0565365205727018,7.795552853686675,-0.9457925899425197,-0.08078323919205403,0.0634032245429621,0.0009079746889312235,-0.15976748921340217,1.350082686442846,1.5942180122693115,6.710770618019996e-10,1.418450448118758,1.5840926170349108,-0.15976748988447922,-0.06836776167591219,0.010125395234400703,-0.4891429057268151,0.3907304724984792,0.5915177693886811,0.5081098740781195,-0.46355174807926425,0.4574288455933133,0.540155279298185,0.5330205458686623
13.985680342,1.594275549514487,1.5846155881881714,0.009659961326315525,0.03960651904344559,-0.14453530540548343,-0.1572628766298294,0.01272757122434598,0.031467776745557785,1.4207040990460833,1.4282770156860352,-0.007572916639951854,-0.019536752253770828,-0.6215803640575116,-0.5523220896720886,-0.06925827438542298,-0.13874518871307373,-0.16017979679184735,5.550622184102849e-10,-0.16017979734690957,-5.073161446489394e-09,-0.024716871809444263,7.859629670136509,-0.9451945014317924,0.052372773685048224,7.8005152185071065,-0.9471941348443167,-0.07708964549449249,0.05911445162940243,0.001999633412524293,-0.16017979679184757,1.3493266867161686,1.5942755495144885,5.550614964740209e-10,1.4134303065171963,1.5846155881881712,-0.16017979734690907,-0.06410361980102763,0.009659961326317301,-0.4890616280758789,0.39037535764640185,0.5917648253876129,0.5081733911965313,-0.4623137062657992,0.4559686138786102,0.5414567826697959,0.5340254794083075
14.005836964,1.5942862282575119,1.5846155881881714,0.009670640069340486,0.03960651904344559,-0.14449603229788624,-0.1572628766298294,0.012766844331943167,0.031467776745557785,1.4206789355949963,1.4282770156860352,-0.007598080091038906,-0.019536752253770828,-0.6217347850338195,-0.5523220896720886,-0.06941269536173089,-0.13874518871307373,-0.16025631986249525,5.550622184102849e-10,-0.16025632041755747,-5.073161446489394e-09,-0.024804136942209395,7.859754577784518,-0.9452519578257323,0.052372773685048224,7.8005152185071065,-0.9471941348443167,-0.07717691062725762,0.0592393592774112,0.0019421770185843457,-0.1602563198624956,1.349186375396369,1.5942862282575108,5.550614964740209e-10,1.4134303065171963,1.5846155881881712,-0.1602563204175571,-0.06424393112082716,0.009670640069339598,-0.4890465392314491,0.3903094350727169,0.5918106567013001,0.5081851768536103,-0.4623137062657992,0.4559686138786102,0.5414567826697959,0.5340254794083075
14.025880098,1.5942969030446654,1.5851229429244995,0.009173960120165914,0.0392160564661026,-0.1444567737387579,-0.1560600996017456,0.011603325862987707,0.030379440635442734,1.4206537814655469,1.4275267124176025,-0.006872930952055656,-0.018854904919862747,-0.6218891488058749,-0.5576574802398682,-0.0642316685660067,-0.13413947820663452,-0.16033281458566628,6.394451634861298e-10,-0.16033281522511145,3.2741809263825417e-10,-0.024891371650128166,7.859879405039911,-0.945309374929528,0.04832871910197584,7.8053040826786475,-0.9485367759108687,-0.073220090752104,0.05457532236126372,0.0032274009813406668,-0.16033281458566664,1.3490461160539946,1.594296903044667,6.394455344575558e-10,1.4085473897090686,1.5851229429244995,-0.16033281522511217,-0.05950127365507396,0.009173960120167468,-0.4890314547398044,0.39024353244547666,0.5918564642921891,0.5081969572273095,-0.46110570847762916,0.45454649779717937,0.5427196221936653,0.5349994566685351
14.045661688,1.594304568787004,1.5851229429244995,0.009181625862504594,0.0392160564661026,-0.14442858151398222,-0.1560600996017456,0.011631518087763387,0.030379440635442734,1.4206357178664943,1.4275267124176025,-0.006890994551108198,-0.018854904919862747,-0.622,-0.5576574802398682,-0.06434251976013183,-0.13413947820663452,-0.1603877467196435,6.394451634861298e-10,-0.16038774735908867,3.2741809263825417e-10,-0.0249540175183959,7.859969024522555,-0.9453505960034114,0.04832871910197584,7.8053040826786475,-0.9485367759108687,-0.07328273662037174,0.05466494184390758,0.003186179907457287,-0.16038774671964404,1.348945393485592,1.594304568787005,6.394455344575558e-10,1.4085473897090686,1.5851229429244995,-0.16038774735908956,-0.059601996223476617,0.009181625862505483,-0.48902062155241044,0.39019620391271115,0.5918893553252178,0.5082054163439252,-0.46110570847762916,0.45454649779717937,0.5427196221936653,0.5349994566685351
14.066289663,1.594304568787004,1.5856107473373413,0.008693821449662797,0.03851260244846344,-0.14442858151398222,-0.1550704389810562,0.010641857467073995,0.024867907166481018,1.4206357178664943,1.4269131422042847,-0.006277424337790327,-0.015314098447561264,-0.622,-0.5621622800827026,-0.05983771991729736,-0.11277494579553604,-0.1603877467196435,6.360982296449436e-10,-0.16038774735574174,-1.021544449031353e-08,-0.0249540175183959,7.859969024522555,-0.9453505960034114,0.04444468492878181,7.80931362061047,-0.949495480951418,-0.0693987024471777,0.050655403912085006,0.0041448849480065775,-0.16038774671964404,1.348945393485592,1.594304568787005,6.360983551050415e-10,1.4044186802736058,1.5856107473373413,-0.1603877473557424,-0.05547328678801389,0.008693821449663686,-0.48902062155241044,0.39019620391271115,0.5918893553252178,0.5082054163439252,-0.46009494254880506,0.45332889670395976,0.5438010508097724,0.5358040429040918
14.075775146,1.594304568787004,1.5856107473373413,0.008693821449662797,0.03851260244846344,-0.14442858151398222,-0.1550704389810562,0.010641857467073995,0.024867907166481018,1.4206357178664943,1.4269131422042847,-0.006277424337790327,-0.015314098447561264,-0.622,-0.5621622800827026,-0.05983771991729736,-0.11277494579553604,-0.1603877467196435,6.360982296449436e-10,-0.16038774735574174,-1.021544449031353e-08,-0.0249540175183959,7.859969024522555,-0.9453505960034114,0.04444468492878181,7.80931362061047,-0.949495480951418,-0.0693987024471777,0.050655403912085006,0.0041448849480065775,-0.16038774671964404,1.348945393485592,1.594304568787005,6.360983551050415e-10,1.4044186802736058,1.5856107473373413,-0.1603877473557424,-0.05547328678801389,0.008693821449663686,-0.48902062155241044,0.39019620391271115,0.5918893553252178,0.5082054163439252,-0.46009494254880506,0.45332889670395976,0.5438010508097724,0.5358040429040918
14.095852137,1.594304568787004,1.5856107473373413,0.008693821449662797,0.03851260244846344,-0.14442858151398222,-0.1550704389810562,0.010641857467073995,0.024867907166481018,1.4206357178664943,1.4269131422042847,-0.006277424337790327,-0.015314098447561264,-0.622,-0.5621622800827026,-0.05983771991729736,-0.11277494579553604,-0.1603877467196435,6.360982296449436e-10,-0.16038774735574174,-1.021544449031353e-08,-0.0249540175183959,7.859969024522555,-0.9453505960034114,0.04444468492878181,7.80931362061047,-0.949495480951418,-0.0693987024471777,0.050655403912085006,0.0041448849480065775,-0.16038774671964404,1.348945393485592,1.594304568787005,6.360983551050415e-10,1.4044186802736058,1.5856107473373413,-0.1603877473557424,-0.05547328678801389,0.008693821449663686,-0.48902062155241044,0.39019620391271115,0.5918893553252178,0.5082054163439252,-0.46009494254880506,0.45332889670395976,0.5438010508097724,0.5358040429040918
14.115487099,1.594304568787004,1.5860741138458252,0.00823045494117891,0.03793943673372269,-0.14442858151398222,-0.1541902869939804,0.00976170547999819,0.021921174600720406,1.4206357178664943,1.4263708591461182,-0.005735141279623823,-0.013400210067629814,-0.622,-0.5662630200386047,-0.05573697996139526,-0.10185714066028595,-0.1603877467196435,7.408174629297548e-10,-0.16038774746046097,-7.585185812786222e-09,-0.0249540175183959,7.859969024522555,-0.9453505960034114,0.04075439872893826,7.8129370909863916,-0.950228609654276,-0.06570841624733416,0.04703193353616353,0.004878013650864599,-0.16038774671964404,1.348945393485592,1.594304568787005,7.408174260852832e-10,1.4006558092466117,1.5860741138458245,-0.16038774746046147,-0.05171041576101976,0.008230454941180465,-0.48902062155241044,0.39019620391271115,0.5918893553252178,0.5082054163439252,-0.4591757848439093,0.45221364302429834,0.5447900463575076,0.536529798860657
14.125664949,1.594304568787004,1.5860741138458252,0.00823045494117891,0.03793943673372269,-0.14442858151398222,-0.1541902869939804,0.00976170547999819,0.021921174600720406,1.4206357178664943,1.4263708591461182,-0.005735141279623823,-0.013400210067629814,-0.622,-0.5662630200386047,-0.05573697996139526,-0.10185714066028595,-0.1603877467196435,7.408174629297548e-10,-0.16038774746046097,-7.585185812786222e-09,-0.0249540175183959,7.859969024522555,-0.9453505960034114,0.04075439872893826,7.8129370909863916,-0.950228609654276,-0.06570841624733416,0.04703193353616353,0.004878013650864599,-0.16038774671964404,1.348945393485592,1.594304568787005,7.408174260852832e-10,1.4006558092466117,1.5860741138458245,-0.16038774746046147,-0.05171041576101976,0.008230454941180465,-0.48902062155241044,0.39019620391271115,0.5918893553252178,0.5082054163439252,-0.4591757848439093,0.45221364302429834,0.5447900463575076,0.536529798860657
14.136420727,1.594304568787004,1.5860741138458252,0.00823045494117891,0.03793943673372269,-0.14442858151398222,-0.1541902869939804,0.00976170547999819,0.021921174600720406,1.4206357178664943,1.4263708591461182,-0.005735141279623823,-0.013400210067629814,-0.622,-0.5662630200386047,-0.05573697996139526,-0.10185714066028595,-0.1603877467196435,7.408174629297548e-10,-0.16038774746046097,-7.585185812786222e-09,-0.0249540175183959,7.859969024522555,-0.9453505960034114,0.04075439872893826,7.8129370909863916,-0.950228609654276,-0.06570841624733416,0.04703193353616353,0.004878013650864599,-0.16038774671964404,1.348945393485592,1.594304568787005,7.408174260852832e-10,1.4006558092466117,1.5860741138458245,-0.16038774746046147,-0.05171041576101976,0.008230454941180465,-0.48902062155241044,0.39019620391271115,0.5918893553252178,0.5082054163439252,-0.4591757848439093,0.45221364302429834,0.5447900463575076,0.536529798860657
14.156017780,1.594304568787004,1.5865250825881958,0.007779486198808305,0.037489794194698334,-0.14442858151398222,-0.1533420830965042,0.008913501582521993,0.020648861303925514,1.4206357178664943,1.425849199295044,-0.0052134814285496045,-0.012574666179716587,-0.622,-0.5702425837516785,-0.05175741624832153,-0.09712046384811401,-0.1603877467196435,8.462097134120938e-10,-0.16038774756585322,1.69893610291183e-09,-0.0249540175183959,7.859969024522555,-0.9453505960034114,0.03716009300588357,7.816431352627356,-0.9508908056596981,-0.06211411052427947,0.04353767189519875,0.005540209656286654,-0.16038774671964404,1.348945393485592,1.594304568787005,8.462097092539836e-10,1.3970027895799406,1.5865250825881947,-0.16038774756585375,-0.04805739609434867,0.007779486198810304,-0.48902062155241044,0.39019620391271115,0.5918893553252178,0.5082054163439252,-0.45828168937572833,0.45112958843243406,0.5457489774617765,0.5372318319153626
14.165940762,1.594304568787004,1.5865250825881958,0.007779486198808305,0.037489794194698334,-0.14442858151398222,-0.1533420830965042,0.008913501582521993,0.020648861303925514,1.4206357178664943,1.425849199295044,-0.0052134814285496045,-0.012574666179716587,-0.622,-0.5702425837516785,-0.05175741624832153,-0.09712046384811401,-0.1603877467196435,8.462097134120938e-10,-0.16038774756585322,1.69893610291183e-09,-0.0249540175183959,7.859969024522555,-0.9453505960034114,0.03716009300588357,7.816431352627356,-0.9508908056596981,-0.06211411052427947,0.04353767189519875,0.005540209656286654,-0.16038774671964404,1.348945393485592,1.594304568787005,8.462097092539836e-10,1.3970027895799406,1.5865250825881947,-0.16038774756585375,-0.04805739609434867,0.007779486198810304,-0.48902062155241044,0.39019620391271115,0.5918893553252178,0.5082054163439252,-0.45828168937572833,0.45112958843243406,0.5457489774617765,0.5372318319153626
14.185599566,1.594304568787004,1.5869532823562622,0.007351286430741899,0.03695167973637581,-0.14442858151398222,-0.15254980325698853,0.008121221743006307,0.01912591978907585,1.4206357178664943,1.4253634214401245,-0.004727703573630171,-0.011602253653109074,-0.622,-0.5740070343017578,-0.047992965698242185,-0.09110254049301147,-0.1603877467196435,7.281391045665941e-10,-0.1603877474477826,-2.9958755476400256e-09,-0.0249540175183959,7.859969024522555,-0.9453505960034114,0.03374482566146876,7.81971703754453,-0.9514439853989614,-0.058698843179864665,0.04025198697802512,0.006093389395549931,-0.16038774671964404,1.348945393485592,1.594304568787005,7.28139046719106e-10,1.3935448410144573,1.586953282356262,-0.16038774744778309,-0.044599447528865355,0.007351286430743009,-0.48902062155241044,0.39019620391271115,0.5918893553252178,0.5082054163439252,-0.45743379624444097,0.4501021283440336,0.5466556942015691,0.537893993376549
14.206222773,1.594304568787004,1.5869532823562622,0.007351286430741899,0.03695167973637581,-0.14442858151398222,-0.15254980325698853,0.008121221743006307,0.01912591978907585,1.4206357178664943,1.4253634214401245,-0.004727703573630171,-0.011602253653109074,-0.622,-0.5740070343017578,-0.047992965698242185,-0.09110254049301147,-0.1603877467196435,7.281391045665941e-10,-0.1603877474477826,-2.9958755476400256e-09,-0.0249540175183959,7.859969024522555,-0.9453505960034114,0.03374482566146876,7.81971703754453,-0.9514439853989614,-0.058698843179864665,0.04025198697802512,0.006093389395549931,-0.16038774671964404,1.348945393485592,1.594304568787005,7.28139046719106e-10,1.3935448410144573,1.586953282356262,-0.16038774744778309,-0.044599447528865355,0.007351286430743009,-0.48902062155241044,0.39019620391271115,0.5918893553252178,0.5082054163439252,-0.45743379624444097,0.4501021283440336,0.5466556942015691,0.537893993376549
14.225811958,1.594304568787004,1.5873485803604126,0.006955988426591508,0.0363503023982048,-0.14442858151398222,-0.15185923874378204,0.007430657229799825,0.017344336956739426,1.4206357178664943,1.4249426126480103,-0.004306894781515913,-0.010463942773640156,-0.622,-0.5773706436157227,-0.04462935638427734,-0.08409072458744049,-0.1603877467196435,7.930952006240943e-10,-0.1603877475127387,-9.75887815002352e-10,-0.0249540175183959,7.859969024522555,-0.9453505960034114,0.030591336542885327,7.8226361394082735,-0.9518230426669232,-0.05554535406128123,0.037332885114281567,0.006472446663511766,-0.16038774671964404,1.348945393485592,1.594304568787005,7.9309477674601e-10,1.3904509874215851,1.5873485803604124,-0.16038774751273882,-0.04150559393599318,0.006955988426592619,-0.48902062155241044,0.39019620391271115,0.5918893553252178,0.5082054163439252,-0.4566764016574126,0.4491792546581871,0.5474690974434779,0.5384814283690541
14.236063004,1.594304568787004,1.5873485803604126,0.006955988426591508,0.0363503023982048,-0.14442858151398222,-0.15185923874378204,0.007430657229799825,0.017344336956739426,1.4206357178664943,1.4249426126480103,-0.004306894781515913,-0.010463942773640156,-0.622,-0.5773706436157227,-0.04462935638427734,-0.08409072458744049,-0.1603877467196435,7.930952006240943e-10,-0.1603877475127387,-9.75887815002352e-10,-0.0249540175183959,7.859969024522555,-0.9453505960034114,0.030591336542885327,7.8226361394082735,-0.9518230426669232,-0.05554535406128123,0.037332885114281567,0.006472446663511766,-0.16038774671964404,1.348945393485592,1.594304568787005,7.9309477674601e-10,1.3904509874215851,1.5873485803604124,-0.16038774751273882,-0.04150559393599318,0.006955988426592619,-0.48902062155241044,0.39019620391271115,0.5918893553252178,0.5082054163439252,-0.4566764016574126,0.4491792546581871,0.5474690974434779,0.5384814283690541
14.255542278,1.594304568787004,1.5877231359481812,0.006581432838822954,0.03582489863038063,-0.14442858151398222,-0.1512325406074524,0.006803959093470174,0.015747617930173874,1.4206357178664943,1.424562692642212,-0.003926974775717573,-0.009444386698305607,-0.622,-0.5804812908172607,-0.041518709182739255,-0.07776540517807007,-0.1603877467196435,6.989988587946527e-10,-0.16038774741864237,2.4647306418046355e-10,-0.0249540175183959,7.859969024522555,-0.9453505960034114,0.027602529347697528,7.825321188267172,-0.9520931126361813,-0.05255654686609343,0.03464783625538281,0.006742516632769924,-0.16038774671964404,1.348945393485592,1.594304568787005,6.989978842465436e-10,1.387587118350578,1.5877231359481796,-0.16038774741864192,-0.03864172486498596,0.006581432838825396,-0.48902062155241044,0.39019620391271115,0.5918893553252178,0.5082054163439252,-0.4559759626636369,0.44832233792586557,0.5482234230315579,0.5390214107335785
14.265739202,1.594304568787004,1.5877231359481812,0.006581432838822954,0.03582489863038063,-0.14442858151398222,-0.1512325406074524,0.006803959093470174,0.015747617930173874,1.4206357178664943,1.424562692642212,-0.003926974775717573,-0.009444386698305607,-0.622,-0.5804812908172607,-0.041518709182739255,-0.07776540517807007,-0.1603877467196435,6.989988587946527e-10,-0.16038774741864237,2.4647306418046355e-10,-0.0249540175183959,7.859969024522555,-0.9453505960034114,0.027602529347697528,7.825321188267172,-0.9520931126361813,-0.05255654686609343,0.03464783625538281,0.006742516632769924,-0.16038774671964404,1.348945393485592,1.594304568787005,6.989978842465436e-10,1.387587118350578,1.5877231359481796,-0.16038774741864192,-0.03864172486498596,0.006581432838825396,-0.48902062155241044,0.39019620391271115,0.5918893553252178,0.5082054163439252,-0.4559759626636369,0.44832233792586557,0.5482234230315579,0.5390214107335785
14.285668373,1.594304568787004,1.5877231359481812,0.006581432838822954,0.03582489863038063,-0.14442858151398222,-0.1512325406074524,0.006803959093470174,0.015747617930173874,1.4206357178664943,1.424562692642212,-0.003926974775717573,-0.009444386698305607,-0.622,-0.5804812908172607,-0.041518709182739255,-0.07776540517807007,-0.1603877467196435,6.989988587946527e-10,-0.16038774741864237,2.4647306418046355e-10,-0.0249540175183959,7.859969024522555,-0.9453505960034114,0.027602529347697528,7.825321188267172,-0.9520931126361813,-0.05255654686609343,0.03464783625538281,0.006742516632769924,-0.16038774671964404,1.348945393485592,1.594304568787005,6.989978842465436e-10,1.387587118350578,1.5877231359481796,-0.16038774741864192,-0.03864172486498596,0.006581432838825396,-0.48902062155241044,0.39019620391271115,0.5918893553252178,0.5082054163439252,-0.4559759626636369,0.44832233792586557,0.5482234230315579,0.5390214107335785
14.295730114,1.594304568787004,1.5880783796310425,0.006226189155961626,0.03533569350838661,-0.14442858151398222,-0.15065789222717285,0.006229310713190633,0.014446677640080452,1.4206357178664943,1.4242157936096191,-0.0035800757431248,-0.00862039253115654,-0.622,-0.5833789110183716,-0.038621088981628415,-0.07244057953357697,-0.1603877467196435,6.342155689509354e-10,-0.16038774735385908,-5.6215867516584694e-09,-0.0249540175183959,7.859969024522555,-0.9453505960034114,0.024766932772885608,7.827810179233078,-0.9522821197354286,-0.04972095029128151,0.032158845289477433,0.00693152373201722,-0.16038774671964404,1.348945393485592,1.594304568787005,6.342153732570594e-10,1.3849172474971543,1.5880783796310423,-0.1603877473538594,-0.03597185401156233,0.006226189155962736,-0.48902062155241044,0.39019620391271115,0.5918893553252178,0.5082054163439252,-0.45532321051955493,0.44752151159122183,0.5489274723860202,0.539521918632754
14.315685749,1.594304568787004,1.5880783796310425,0.006226189155961626,0.03533569350838661,-0.14442858151398222,-0.15065789222717285,0.006229310713190633,0.014446677640080452,1.4206357178664943,1.4242157936096191,-0.0035800757431248,-0.00862039253115654,-0.622,-0.5833789110183716,-0.038621088981628415,-0.07244057953357697,-0.1603877467196435,6.342155689509354e-10,-0.16038774735385908,-5.6215867516584694e-09,-0.0249540175183959,7.859969024522555,-0.9453505960034114,0.024766932772885608,7.827810179233078,-0.9522821197354286,-0.04972095029128151,0.032158845289477433,0.00693152373201722,-0.16038774671964404,1.348945393485592,1.594304568787005,6.342153732570594e-10,1.3849172474971543,1.5880783796310423,-0.1603877473538594,-0.03597185401156233,0.006226189155962736,-0.48902062155241044,0.39019620391271115,0.5918893553252178,0.5082054163439252,-0.45532321051955493,0.44752151159122183,0.5489274723860202,0.539521918632754
14.325977325,1.594304568787004,1.5880783796310425,0.006226189155961626,0.03533569350838661,-0.14442858151398222,-0.15065789222717285,0.006229310713190633,0.014446677640080452,1.4206357178664943,1.4242157936096191,-0.0035800757431248,-0.00862039253115654,-0.622,-0.5833789110183716,-0.038621088981628415,-0.07244057953357697,-0.1603877467196435,6.342155689509354e-10,-0.16038774735385908,-5.6215867516584694e-09,-0.0249540175183959,7.859969024522555,-0.9453505960034114,0.024766932772885608,7.827810179233078,-0.9522821197354286,-0.04972095029128151,0.032158845289477433,0.00693152373201722,-0.16038774671964404,1.348945393485592,1.594304568787005,6.342153732570594e-10,1.3849172474971543,1.5880783796310423,-0.1603877473538594,-0.03597185401156233,0.006226189155962736,-0.48902062155241044,0.39019620391271115,0.5918893553252178,0.5082054163439252,-0.45532321051955493,0.44752151159122183,0.5489274723860202,0.539521918632754
14.345502853,1.594304568787004,1.5884075164794922,0.0058970523075119186,0.03455222770571709,-0.14442858151398222,-0.1501530110836029,0.005724429569620687,0.012143144384026527,1.4206357178664943,1.423912763595581,-0.003277045729086714,-0.007172349840402603,-0.622,-0.5859836935997009,-0.03601630640029907,-0.06275409460067749,-0.1603877467196435,6.002095487289694e-10,-0.16038774731985306,4.462890501599759e-09,-0.0249540175183959,7.859969024522555,-0.9453505960034114,0.022139500356765304,7.830037919433894,-0.9523748815719446,-0.04709351787516121,0.029931105088660814,0.007024285568533184,-0.16038774671964404,1.348945393485592,1.594304568787005,6.002094814503959e-10,1.3825143160453568,1.5884075164794917,-0.16038774731985353,-0.03356892255976485,0.005897052307513251,-0.48902062155241044,0.39019620391271115,0.5918893553252178,0.5082054163439252,-0.4547368995326445,0.4467981423571168,0.5495630005525225,0.5399687774430808
14.365735531,1.594304568787004,1.5884075164794922,0.0058970523075119186,0.03455222770571709,-0.14442858151398222,-0.1501530110836029,0.005724429569620687,0.012143144384026527,1.4206357178664943,1.423912763595581,-0.003277045729086714,-0.007172349840402603,-0.622,-0.5859836935997009,-0.03601630640029907,-0.06275409460067749,-0.1603877467196435,6.002095487289694e-10,-0.16038774731985306,4.462890501599759e-09,-0.0249540175183959,7.859969024522555,-0.9453505960034114,0.022139500356765304,7.830037919433894,-0.9523748815719446,-0.04709351787516121,0.029931105088660814,0.007024285568533184,-0.16038774671964404,1.348945393485592,1.594304568787005,6.002094814503959e-10,1.3825143160453568,1.5884075164794917,-0.16038774731985353,-0.03356892255976485,0.005897052307513251,-0.48902062155241044,0.39019620391271115,0.5918893553252178,0.5082054163439252,-0.4547368995326445,0.4467981423571168,0.5495630005525225,0.5399687774430808
14.385809898,1.594304568787004,1.588727355003357,0.0055772137836471725,0.034524474292993546,-0.14442858151398222,-0.14967051148414612,0.0052419299701639,0.012143092229962349,1.4206357178664943,1.42362380027771,-0.00298808241121562,-0.007172778248786926,-0.622,-0.5884938836097717,-0.03350611639022827,-0.0627540796995163,-0.1603877467196435,5.805644298639834e-10,-0.16038774730020794,-8.467395673505962e-09,-0.0249540175183959,7.859969024522555,-0.9453505960034114,0.01958534505696697,7.832176008404067,-0.9524343311123298,-0.04453936257536287,0.027793016118487834,0.007083735108918354,-0.16038774671964404,1.348945393485592,1.594304568787005,5.805645890141248e-10,1.3801976623168708,1.5887273550033565,-0.16038774730020863,-0.03125226883127885,0.005577213783648505,-0.48902062155241044,0.39019620391271115,0.5918893553252178,0.5082054163439252,-0.454171366779012,0.4460997573667702,0.5501757928066207,0.5403979765737463
14.395844698,1.594304568787004,1.588727355003357,0.0055772137836471725,0.034524474292993546,-0.14442858151398222,-0.14967051148414612,0.0052419299701639,0.012143092229962349,1.4206357178664943,1.42362380027771,-0.00298808241121562,-0.007172778248786926,-0.622,-0.5884938836097717,-0.03350611639022827,-0.0627540796995163,-0.1603877467196435,5.805644298639834e-10,-0.16038774730020794,-8.467395673505962e-09,-0.0249540175183959,7.859969024522555,-0.9453505960034114,0.01958534505696697,7.832176008404067,-0.9524343311123298,-0.04453936257536287,0.027793016118487834,0.007083735108918354,-0.16038774671964404,1.348945393485592,1.594304568787005,5.805645890141248e-10,1.3801976623168708,1.5887273550033565,-0.16038774730020863,-0.03125226883127885,0.005577213783648505,-0.48902062155241044,0.39019620391271115,0.5918893553252178,0.5082054163439252,-0.454171366779012,0.4460997573667702,0.5501757928066207,0.5403979765737463
14.415789604,1.594304568787004,1.588727355003357,0.0055772137836471725,0.034524474292993546,-0.14442858151398222,-0.14967051148414612,0.0052419299701639,0.012143092229962349,1.4206357178664943,1.42362380027771,-0.00298808241121562,-0.007172778248786926,-0.622,-0.5884938836097717,-0.03350611639022827,-0.0627540796995163,-0.1603877467196435,5.805644298639834e-10,-0.16038774730020794,-8.467395673505962e-09,-0.0249540175183959,7.859969024522555,-0.9453505960034114,0.01958534505696697,7.832176008404067,-0.9524343311123298,-0.04453936257536287,0.027793016118487834,0.007083735108918354,-0.16038774671964404,1.348945393485592,1.594304568787005,5.805645890141248e-10,1.3801976623168708,1.5887273550033565,-0.16038774730020863,-0.03125226883127885,0.005577213783648505,-0.48902062155241044,0.39019620391271115,0.5918893553252178,0.5082054163439252,-0.454171366779012,0.4460997573667702,0.5501757928066207,0.5403979765737463
14.425715685,1.594304568787004,1.58903169631958,0.005272872467424028,0.03414825350046158,-0.14442858151398222,-0.14921805262565613,0.00478947111167391,0.011392331682145596,1.4206357178664943,1.4233534336090088,-0.0027177157425144483,-0.006705008912831545,-0.622,-0.5908731818199158,-0.031126818180084226,-0.059481795877218246,-0.1603877467196435,5.277910331003e-10,-0.16038774724743454,-3.3023752621375024e-09,-0.0249540175183959,7.859969024522555,-0.9453505960034114,0.01715392851266216,7.834195488302234,-0.9524558244728454,-0.042107946031058066,0.025773536220321525,0.007105228469433955,-0.16038774671964404,1.348945393485592,1.594304568787005,5.277916026375505e-10,1.3780004562965156,1.5890316963195803,-0.16038774724743565,-0.029055062810923626,0.005272872467424694,-0.48902062155241044,0.39019620391271115,0.5918893553252178,0.5082054163439252,-0.4536344557162738,0.4454367807267936,0.5507567156045103,0.5408039341381338
14.445908308,1.594304568787004,1.58903169631958,0.005272872467424028,0.03414825350046158,-0.14442858151398222,-0.14921805262565613,0.00478947111167391,0.011392331682145596,1.4206357178664943,1.4233534336090088,-0.0027177157425144483,-0.006705008912831545,-0.622,-0.5908731818199158,-0.031126818180084226,-0.059481795877218246,-0.1603877467196435,5.277910331003e-10,-0.16038774724743454,-3.3023752621375024e-09,-0.0249540175183959,7.859969024522555,-0.9453505960034114,0.01715392851266216,7.834195488302234,-0.9524558244728454,-0.042107946031058066,0.025773536220321525,0.007105228469433955,-0.16038774671964404,1.348945393485592,1.594304568787005,5.277916026375505e-10,1.3780004562965156,1.5890316963195803,-0.16038774724743565,-0.029055062810923626,0.005272872467424694,-0.48902062155241044,0.39019620391271115,0.5918893553252178,0.5082054163439252,-0.4536344557162738,0.4454367807267936,0.5507567156045103,0.5408039341381338
14.455662012,1.594304568787004,1.58903169631958,0.005272872467424028,0.03414825350046158,-0.14442858151398222,-0.14921805262565613,0.00478947111167391,0.011392331682145596,1.4206357178664943,1.4233534336090088,-0.0027177157425144483,-0.006705008912831545,-0.622,-0.5908731818199158,-0.031126818180084226,-0.059481795877218246,-0.1603877467196435,5.277910331003e-10,-0.16038774724743454,-3.3023752621375024e-09,-0.0249540175183959,7.859969024522555,-0.9453505960034114,0.01715392851266216,7.834195488302234,-0.9524558244728454,-0.042107946031058066,0.025773536220321525,0.007105228469433955,-0.16038774671964404,1.348945393485592,1.594304568787005,5.277916026375505e-10,1.3780004562965156,1.5890316963195803,-0.16038774724743565,-0.029055062810923626,0.005272872467424694,-0.48902062155241044,0.39019620391271115,0.5918893553252178,0.5082054163439252,-0.4536344557162738,0.4454367807267936,0.5507567156045103,0.5408039341381338
14.475943565,1.594304568787004,1.5893211364746094,0.004983432312394731,0.033774640411138535,-0.14442858151398222,-0.14881190657615662,0.004383325062174398,0.010234209708869457,1.4206357178664943,1.4231120347976685,-0.0024763169311741162,-0.005982935428619385,-0.622,-0.5930516123771667,-0.02894838762283325,-0.05446140840649605,-0.1603877467196435,4.1635520031668705e-10,-0.1603877471359987,-9.291397873312235e-09,-0.0249540175183959,7.859969024522555,-0.9453505960034114,0.014841858647781508,7.836037255361017,-0.952422015403144,-0.03979587616617741,0.023931769161538163,0.007071419399732548,-0.16038774671964404,1.348945393485592,1.594304568787005,4.1635551124989586e-10,1.3759867729774258,1.5893211364746105,-0.16038774713599954,-0.027041379491833828,0.004983432312394509,-0.48902062155241044,0.39019620391271115,0.5918893553252178,0.5082054163439252,-0.45314408117016647,0.4448264766933367,0.5512914987410419,0.5411723669487329
14.495665550,1.594304568787004,1.5893211364746094,0.004983432312394731,0.033774640411138535,-0.14442858151398222,-0.14881190657615662,0.004383325062174398,0.010234209708869457,1.4206357178664943,1.4231120347976685,-0.0024763169311741162,-0.005982935428619385,-0.622,-0.5930516123771667,-0.02894838762283325,-0.05446140840649605,-0.1603877467196435,4.1635520031668705e-10,-0.1603877471359987,-9.291397873312235e-09,-0.0249540175183959,7.859969024522555,-0.9453505960034114,0.014841858647781508,7.836037255361017,-0.952422015403144,-0.03979587616617741,0.023931769161538163,0.007071419399732548,-0.16038774671964404,1.348945393485592,1.594304568787005,4.1635551124989586e-10,1.3759867729774258,1.5893211364746105,-0.16038774713599954,-0.027041379491833828,0.004983432312394509,-0.48902062155241044,0.39019620391271115,0.5918893553252178,0.5082054163439252,-0.45314408117016647,0.4448264766933367,0.5512914987410419,0.5411723669487329
14.515705585,1.594304568787004,1.5895960330963135,0.0047085356906906295,0.03342382237315178,-0.14442858151398222,-0.14844319224357605,0.004014610729593832,0.009298473596572876,1.4206357178664943,1.4228938817977905,-0.0022581639312961865,-0.005400854162871838,-0.622,-0.5950658917427063,-0.0269341082572937,-0.050357282161712646,-0.1603877467196435,5.083142240458471e-10,-0.16038774722795773,-4.870344127994031e-09,-0.0249540175183959,7.859969024522555,-0.9453505960034114,0.012645931939048661,7.8377346583659255,-0.9523454762879355,-0.03759994945744456,0.022234366156629548,0.006994880284524108,-0.16038774671964404,1.348945393485592,1.594304568787005,5.083140693897493e-10,1.3741230549445875,1.5895960330963141,-0.1603877472279581,-0.02517766145899558,0.0047085356906908515,-0.48902062155241044,0.39019620391271115,0.5918893553252178,0.5082054163439252,-0.4526912255501888,0.4442597698596618,0.551787960655569,0.541510810298074
14.525872469,1.594304568787004,1.5895960330963135,0.0047085356906906295,0.03342382237315178,-0.14442858151398222,-0.14844319224357605,0.004014610729593832,0.009298473596572876,1.4206357178664943,1.4228938817977905,-0.0022581639312961865,-0.005400854162871838,-0.622,-0.5950658917427063,-0.0269341082572937,-0.050357282161712646,-0.1603877467196435,5.083142240458471e-10,-0.16038774722795773,-4.870344127994031e-09,-0.0249540175183959,7.859969024522555,-0.9453505960034114,0.012645931939048661,7.8377346583659255,-0.9523454762879355,-0.03759994945744456,0.022234366156629548,0.006994880284524108,-0.16038774671964404,1.348945393485592,1.594304568787005,5.083140693897493e-10,1.3741230549445875,1.5895960330963141,-0.1603877472279581,-0.02517766145899558,0.0047085356906908515,-0.48902062155241044,0.39019620391271115,0.5918893553252178,0.5082054163439252,-0.4526912255501888,0.4442597698596618,0.551787960655569,0.541510810298074
14.546000242,1.594304568787004,1.5898571014404297,0.0044474673465744186,0.03306158632040024,-0.14442858151398222,-0.1481042057275772,0.0036756242135949913,0.008555551059544086,1.4206357178664943,1.4226940870285034,-0.002058369162009077,-0.004941937979310751,-0.622,-0.5969460606575012,-0.025053939342498777,-0.04700449854135513,-0.1603877467196435,4.0045952665046514e-10,-0.16038774712010304,-3.613422450143844e-09,-0.0249540175183959,7.859969024522555,-0.9453505960034114,0.010560204623346413,7.839314268937506,-0.9522393018056432,-0.03551422214174231,0.020654755585049145,0.006888705802231776,-0.16038774671964404,1.348945393485592,1.594304568787005,4.004599294085563e-10,1.3723820777765037,1.5898571014404301,-0.16038774712010398,-0.023436684290911725,0.004447467346574863,-0.48902062155241044,0.39019620391271115,0.5918893553252178,0.5082054163439252,-0.4522686546812448,0.4437291898582926,0.5522525455296631,0.5418252449051517
14.556174994,1.594304568787004,1.5898571014404297,0.0044474673465744186,0.03306158632040024,-0.14442858151398222,-0.1481042057275772,0.0036756242135949913,0.008555551059544086,1.4206357178664943,1.4226940870285034,-0.002058369162009077,-0.004941937979310751,-0.622,-0.5969460606575012,-0.025053939342498777,-0.04700449854135513,-0.1603877467196435,4.0045952665046514e-10,-0.16038774712010304,-3.613422450143844e-09,-0.0249540175183959,7.859969024522555,-0.9453505960034114,0.010560204623346413,7.839314268937506,-0.9522393018056432,-0.03551422214174231,0.020654755585049145,0.006888705802231776,-0.16038774671964404,1.348945393485592,1.594304568787005,4.004599294085563e-10,1.3723820777765037,1.5898571014404301,-0.16038774712010398,-0.023436684290911725,0.004447467346574863,-0.48902062155241044,0.39019620391271115,0.5918893553252178,0.5082054163439252,-0.4522686546812448,0.4437291898582926,0.5522525455296631,0.5418252449051517
14.575445652,1.594304568787004,1.5901052951812744,0.004199273605729692,0.032763898372650146,-0.14442858151398222,-0.14779312908649445,0.0033645475725122276,0.007857712917029858,1.4206357178664943,1.4225114583969116,-0.0018757405304172803,-0.004513275343924761,-0.622,-0.5986979603767395,-0.023302039623260495,-0.04379674419760704,-0.1603877467196435,3.4664246473248284e-10,-0.16038774706628597,-4.2391548049636185e-09,-0.0249540175183959,7.859969024522555,-0.9453505960034114,0.008577212445134725,7.840781906135597,-0.9521084427946565,-0.033531229963530626,0.019187118386958524,0.006757846791245026,-0.16038774671964404,1.348945393485592,1.594304568787005,3.4664179624697533e-10,1.370758626066758,1.590105295181275,-0.16038774706628584,-0.021813232581165964,0.004199273605729914,-0.48902062155241044,0.39019620391271115,0.5918893553252178,0.5082054163439252,-0.45187523540263763,0.44323315725594586,0.5526867609602386,0.5421166702823452
14.585786343,1.594304568787004,1.5901052951812744,0.004199273605729692,0.032763898372650146,-0.14442858151398222,-0.14779312908649445,0.0033645475725122276,0.007857712917029858,1.4206357178664943,1.4225114583969116,-0.0018757405304172803,-0.004513275343924761,-0.622,-0.5986979603767395,-0.023302039623260495,-0.04379674419760704,-0.1603877467196435,3.4664246473248284e-10,-0.16038774706628597,-4.2391548049636185e-09,-0.0249540175183959,7.859969024522555,-0.9453505960034114,0.008577212445134725,7.840781906135597,-0.9521084427946565,-0.033531229963530626,0.019187118386958524,0.006757846791245026,-0.16038774671964404,1.348945393485592,1.594304568787005,3.4664179624697533e-10,1.370758626066758,1.590105295181275,-0.16038774706628584,-0.021813232581165964,0.004199273605729914,-0.48902062155241044,0.39019620391271115,0.5918893553252178,0.5082054163439252,-0.45187523540263763,0.44323315725594586,0.5526867609602386,0.5421166702823452
14.595766783,1.594304568787004,1.5901052951812744,0.004199273605729692,0.032763898372650146,-0.14442858151398222,-0.14779312908649445,0.0033645475725122276,0.007857712917029858,1.4206357178664943,1.4225114583969116,-0.0018757405304172803,-0.004513275343924761,-0.622,-0.5986979603767395,-0.023302039623260495,-0.04379674419760704,-0.1603877467196435,3.4664246473248284e-10,-0.16038774706628597,-4.2391548049636185e-09,-0.0249540175183959,7.859969024522555,-0.9453505960034114,0.008577212445134725,7.840781906135597,-0.9521084427946565,-0.033531229963530626,0.019187118386958524,0.006757846791245026,-0.16038774671964404,1.348945393485592,1.594304568787005,3.4664179624697533e-10,1.370758626066758,1.590105295181275,-0.16038774706628584,-0.021813232581165964,0.004199273605729914,-0.48902062155241044,0.39019620391271115,0.5918893553252178,0.5082054163439252,-0.45187523540263763,0.44323315725594586,0.5526867609602386,0.5421166702823452
14.619983196,1.594304568787004,1.5901052951812744,0.004199273605729692,0.032763898372650146,-0.14442858151398222,-0.14779312908649445,0.0033645475725122276,0.007857712917029858,1.4206357178664943,1.4225114583969116,-0.0018757405304172803,-0.004513275343924761,-0.622,-0.5986979603767395,-0.023302039623260495,-0.04379674419760704,-0.1603877467196435,3.4664246473248284e-10,-0.16038774706628597,-4.2391548049636185e-09,-0.0249540175183959,7.859969024522555,-0.9453505960034114,0.008577212445134725,7.840781906135597,-0.9521084427946565,-0.033531229963530626,0.019187118386958524,0.006757846791245026,-0.16038774671964404,1.348945393485592,1.594304568787005,3.4664179624697533e-10,1.370758626066758,1.590105295181275,-0.16038774706628584,-0.021813232581165964,0.004199273605729914,-0.48902062155241044,0.39019620391271115,0.5918893553252178,0.5082054163439252,-0.45187523540263763,0.44323315725594586,0.5526867609602386,0.5421166702823452
14.629568338,1.594304568787004,1.590341567993164,0.0039630007938400436,0.032197803258895874,-0.14442858151398222,-0.14750748872756958,0.003078907213587362,0.006586010102182627,1.4206357178664943,1.422344446182251,-0.0017087283157566358,-0.0037348102778196335,-0.622,-0.6003308296203613,-0.02166917037963867,-0.037844739854335785,-0.1603877467196435,3.2271138539208266e-10,-0.1603877470423549,-2.8549038688652217e-09,-0.0249540175183959,7.859969024522555,-0.9453505960034114,0.006689419368318024,7.8421460027696615,-0.951957907522976,-0.03164343688671392,0.01782302175289363,0.006607311519564618,-0.16038774671964404,1.348945393485592,1.594304568787005,3.2271154590366263e-10,1.3692443849673988,1.5903415679931636,-0.1603877470423556,-0.020298991481806805,0.003963000793841376,-0.48902062155241044,0.39019620391271115,0.5918893553252178,0.5082054163439252,-0.45150896574811583,0.442769246023012,0.5530928060326304,0.542386759185944
14.645917892,1.594304568787004,1.590341567993164,0.0039630007938400436,0.032197803258895874,-0.14442858151398222,-0.14750748872756958,0.003078907213587362,0.006586010102182627,1.4206357178664943,1.422344446182251,-0.0017087283157566358,-0.0037348102778196335,-0.622,-0.6003308296203613,-0.02166917037963867,-0.037844739854335785,-0.1603877467196435,3.2271138539208266e-10,-0.1603877470423549,-2.8549038688652217e-09,-0.0249540175183959,7.859969024522555,-0.9453505960034114,0.006689419368318024,7.8421460027696615,-0.951957907522976,-0.03164343688671392,0.01782302175289363,0.006607311519564618,-0.16038774671964404,1.348945393485592,1.594304568787005,3.2271154590366263e-10,1.3692443849673988,1.5903415679931636,-0.1603877470423556,-0.020298991481806805,0.003963000793841376,-0.48902062155241044,0.39019620391271115,0.5918893553252178,0.5082054163439252,-0.45150896574811583,0.442769246023012,0.5530928060326304,0.542386759185944
14.665684938,1.594304568787004,1.5905653238296509,0.003739244957353227,0.032158300280570984,-0.14442858151398222,-0.1472472846508026,0.002818703136820394,0.006585891358554363,1.4206357178664943,1.4221930503845215,-0.0015573325180271436,-0.0037351115606725216,-0.622,-0.6018446683883667,-0.020155331611633298,-0.03784473240375519,-0.1603877467196435,4.143747844853607e-10,-0.1603877471340183,-1.0295480024069548e-09,-0.0249540175183959,7.859969024522555,-0.9453505960034114,0.004901629303666059,7.8434074149540125,-0.9517881760973121,-0.02985564682206196,0.01656160956854258,0.006437580093900719,-0.16038774671964404,1.348945393485592,1.594304568787005,4.143761943158323e-10,1.3678393544784309,1.5905653238296518,-0.16038774713402024,-0.01889396099283891,0.003739244957353227,-0.48902062155241044,0.39019620391271115,0.5918893553252178,0.5082054163439252,-0.45116978884769793,0.44233762868530474,0.5534705738573927,0.5426357597451107
14.676114321,1.594304568787004,1.5905653238296509,0.003739244957353227,0.032158300280570984,-0.14442858151398222,-0.1472472846508026,0.002818703136820394,0.006585891358554363,1.4206357178664943,1.4221930503845215,-0.0015573325180271436,-0.0037351115606725216,-0.622,-0.6018446683883667,-0.020155331611633298,-0.03784473240375519,-0.1603877467196435,4.143747844853607e-10,-0.1603877471340183,-1.0295480024069548e-09,-0.0249540175183959,7.859969024522555,-0.9453505960034114,0.004901629303666059,7.8434074149540125,-0.9517881760973121,-0.02985564682206196,0.01656160956854258,0.006437580093900719,-0.16038774671964404,1.348945393485592,1.594304568787005,4.143761943158323e-10,1.3678393544784309,1.5905653238296518,-0.16038774713402024,-0.01889396099283891,0.003739244957353227,-0.48902062155241044,0.39019620391271115,0.5918893553252178,0.5082054163439252,-0.45116978884769793,0.44233762868530474,0.5534705738573927,0.5426357597451107
14.695611238,1.594304568787004,1.5905653238296509,0.003739244957353227,0.032158300280570984,-0.14442858151398222,-0.1472472846508026,0.002818703136820394,0.006585891358554363,1.4206357178664943,1.4221930503845215,-0.0015573325180271436,-0.0037351115606725216,-0.622,-0.6018446683883667,-0.020155331611633298,-0.03784473240375519,-0.1603877467196435,4.143747844853607e-10,-0.1603877471340183,-1.0295480024069548e-09,-0.0249540175183959,7.859969024522555,-0.9453505960034114,0.004901629303666059,7.8434074149540125,-0.9517881760973121,-0.02985564682206196,0.01656160956854258,0.006437580093900719,-0.16038774671964404,1.348945393485592,1.594304568787005,4.143761943158323e-10,1.3678393544784309,1.5905653238296518,-0.16038774713402024,-0.01889396099283891,0.003739244957353227,-0.48902062155241044,0.39019620391271115,0.5918893553252178,0.5082054163439252,-0.45116978884769793,0.44233762868530474,0.5534705738573927,0.5426357597451107
14.715744019,1.594304568787004,1.5907835960388184,0.0035209727481857467,0.0318787656724453,-0.14442858151398222,-0.14699570834636688,0.002567126832384664,0.006154773291200399,1.4206357178664943,1.4220468997955322,-0.0014111819290378858,-0.003473445540294051,-0.622,-0.6033169627189636,-0.018683037281036374,-0.035769376903772354,-0.1603877467196435,4.200136627385831e-10,-0.16038774713965717,-3.3219293982256204e-09,-0.0249540175183959,7.859969024522555,-0.9453505960034114,0.0031572281687966552,7.844631318854292,-0.9516121546740719,-0.028111245687192556,0.01533770566826309,0.006261558670660472,-0.16038774671964404,1.348945393485592,1.594304568787005,4.2001348942342783e-10,1.36647248586328,1.5907835960388177,-0.16038774713965753,-0.017527092377688014,0.003520972748187301,-0.48902062155241044,0.39019620391271115,0.5918893553252178,0.5082054163439252,-0.4508396545662921,0.44191746926524583,0.5538380403202722,0.5428775012127021
14.725912094,1.594304568787004,1.5907835960388184,0.0035209727481857467,0.0318787656724453,-0.14442858151398222,-0.14699570834636688,0.002567126832384664,0.006154773291200399,1.4206357178664943,1.4220468997955322,-0.0014111819290378858,-0.003473445540294051,-0.622,-0.6033169627189636,-0.018683037281036374,-0.035769376903772354,-0.1603877467196435,4.200136627385831e-10,-0.16038774713965717,-3.3219293982256204e-09,-0.0249540175183959,7.859969024522555,-0.9453505960034114,0.0031572281687966552,7.844631318854292,-0.9516121546740719,-0.028111245687192556,0.01533770566826309,0.006261558670660472,-0.16038774671964404,1.348945393485592,1.594304568787005,4.2001348942342783e-10,1.36647248586328,1.5907835960388177,-0.16038774713965753,-0.017527092377688014,0.003520972748187301,-0.48902062155241044,0.39019620391271115,0.5918893553252178,0.5082054163439252,-0.4508396545662921,0.44191746926524583,0.5538380403202722,0.5428775012127021
14.745663643,1.594304568787004,1.5909854173660278,0.003319151420976274,0.03158634528517723,-0.14442858151398222,-0.14677773416042328,0.0023491526464410606,0.005530275870114565,1.4206357178664943,1.4219210147857666,-0.0012852969192722608,-0.003095105290412903,-0.622,-0.6046265959739685,-0.01737340402603149,-0.03274169936776161,-0.1603877467196435,3.8169437055479705e-10,-0.16038774710133788,-4.209596227155998e-09,-0.0249540175183959,7.859969024522555,-0.9453505960034114,0.001544718638120536,7.84571815113066,-0.9514181350532926,-0.026498736156516437,0.014250873391895347,0.006067539049881221,-0.16038774671964404,1.348945393485592,1.594304568787005,3.8169380477798017e-10,1.3652549417844544,1.5909854173660267,-0.16038774710133785,-0.016309548298862442,0.0033191514209782724,-0.48902062155241044,0.39019620391271115,0.5918893553252178,0.5082054163439252,-0.45054696847594106,0.44154143599814116,0.5541672027058486,0.5430905089752662
14.765681744,1.594304568787004,1.5909854173660278,0.003319151420976274,0.03158634528517723,-0.14442858151398222,-0.14677773416042328,0.0023491526464410606,0.005530275870114565,1.4206357178664943,1.4219210147857666,-0.0012852969192722608,-0.003095105290412903,-0.622,-0.6046265959739685,-0.01737340402603149,-0.03274169936776161,-0.1603877467196435,3.8169437055479705e-10,-0.16038774710133788,-4.209596227155998e-09,-0.0249540175183959,7.859969024522555,-0.9453505960034114,0.001544718638120536,7.84571815113066,-0.9514181350532926,-0.026498736156516437,0.014250873391895347,0.006067539049881221,-0.16038774671964404,1.348945393485592,1.594304568787005,3.8169380477798017e-10,1.3652549417844544,1.5909854173660267,-0.16038774710133785,-0.016309548298862442,0.0033191514209782724,-0.48902062155241044,0.39019620391271115,0.5918893553252178,0.5082054163439252,-0.45054696847594106,0.44154143599814116,0.5541672027058486,0.5430905089752662
14.775791645,1.594304568787004,1.5911766290664673,0.003127939720536821,0.031308237463235855,-0.14442858151398222,-0.14658045768737793,0.0021518761733957115,0.005012742709368467,1.4206357178664943,1.4218077659606934,-0.0011720480941990186,-0.002782257739454508,-0.622,-0.6058351397514343,-0.01616486024856567,-0.030212203040719032,-0.1603877467196435,2.532896392626327e-10,-0.16038774697293315,2.162323653465137e-10,-0.0249540175183959,7.859969024522555,-0.9453505960034114,1.7155519621614435e-05,7.846718776520115,-0.9512142223775817,-0.024971173038017516,0.013250248002440124,0.005863626374170261,-0.16038774671964404,1.348945393485592,1.594304568787005,2.532900796756763e-10,1.3641304256549598,1.5911766290664675,-0.16038774697293412,-0.01518503216936784,0.003127939720537487,-0.48902062155241044,0.39019620391271115,0.5918893553252178,0.5082054163439252,-0.45027749501762854,0.4411929620206925,0.5544723826148008,0.5432856750012125
14.795706987,1.594304568787004,1.5911766290664673,0.003127939720536821,0.031308237463235855,-0.14442858151398222,-0.14658045768737793,0.0021518761733957115,0.005012742709368467,1.4206357178664943,1.4218077659606934,-0.0011720480941990186,-0.002782257739454508,-0.622,-0.6058351397514343,-0.01616486024856567,-0.030212203040719032,-0.1603877467196435,2.532896392626327e-10,-0.16038774697293315,2.162323653465137e-10,-0.0249540175183959,7.859969024522555,-0.9453505960034114,1.7155519621614435e-05,7.846718776520115,-0.9512142223775817,-0.024971173038017516,0.013250248002440124,0.005863626374170261,-0.16038774671964404,1.348945393485592,1.594304568787005,2.532900796756763e-10,1.3641304256549598,1.5911766290664675,-0.16038774697293412,-0.01518503216936784,0.003127939720537487,-0.48902062155241044,0.39019620391271115,0.5918893553252178,0.5082054163439252,-0.45027749501762854,0.4411929620206925,0.5544723826148008,0.5432856750012125
14.805560589,1.594304568787004,1.5911766290664673,0.003127939720536821,0.031308237463235855,-0.14442858151398222,-0.14658045768737793,0.0021518761733957115,0.005012742709368467,1.4206357178664943,1.4218077659606934,-0.0011720480941990186,-0.002782257739454508,-0.622,-0.6058351397514343,-0.01616486024856567,-0.030212203040719032,-0.1603877467196435,2.532896392626327e-10,-0.16038774697293315,2.162323653465137e-10,-0.0249540175183959,7.859969024522555,-0.9453505960034114,1.7155519621614435e-05,7.846718776520115,-0.9512142223775817,-0.024971173038017516,0.013250248002440124,0.005863626374170261,-0.16038774671964404,1.348945393485592,1.594304568787005,2.532900796756763e-10,1.3641304256549598,1.5911766290664675,-0.16038774697293412,-0.01518503216936784,0.003127939720537487,-0.48902062155241044,0.39019620391271115,0.5918893553252178,0.5082054163439252,-0.45027749501762854,0.4411929620206925,0.5544723826148008,0.5432856750012125
14.815589905,1.594304568787004,1.5911766290664673,0.003127939720536821,0.031308237463235855,-0.14442858151398222,-0.14658045768737793,0.0021518761733957115,0.005012742709368467,1.4206357178664943,1.4218077659606934,-0.0011720480941990186,-0.002782257739454508,-0.622,-0.6058351397514343,-0.01616486024856567,-0.030212203040719032,-0.1603877467196435,2.532896392626327e-10,-0.16038774697293315,2.162323653465137e-10,-0.0249540175183959,7.859969024522555,-0.9453505960034114,1.7155519621614435e-05,7.846718776520115,-0.9512142223775817,-0.024971173038017516,0.013250248002440124,0.005863626374170261,-0.16038774671964404,1.348945393485592,1.594304568787005,2.532900796756763e-10,1.3641304256549598,1.5911766290664675,-0.16038774697293412,-0.01518503216936784,0.003127939720537487,-0.48902062155241044,0.39019620391271115,0.5918893553252178,0.5082054163439252,-0.45027749501762854,0.4411929620206925,0.5544723826148008,0.5432856750012125
14.835503340,1.594304568787004,1.5913535356521606,0.0029510331348434615,0.030850334092974663,-0.14442858151398222,-0.14640650153160095,0.001977920017618734,0.004244487266987562,1.4206357178664943,1.4217084646224976,-0.0010727467560032178,-0.0023228232748806477,-0.622,-0.6069248914718628,-0.015075108528137204,-0.02628728188574314,-0.1603877467196435,2.224873341116762e-10,-0.16038774694213084,-5.151491677679587e-09,-0.0249540175183959,7.859969024522555,-0.9453505960034114,-0.0013959650131736834,7.847619701264082,-0.9510050560944716,-0.023558052505222218,0.012349323258472822,0.005654460091060187,-0.16038774671964404,1.348945393485592,1.594304568787005,2.2248662832147063e-10,1.3631153287521134,1.59135353565216,-0.16038774694213068,-0.014169935266521438,0.002951033134845016,-0.48902062155241044,0.39019620391271115,0.5918893553252178,0.5082054163439252,-0.4500350142562752,0.440877356040022,0.5547489218773436,0.5434604645698148
14.845540524,1.594304568787004,1.5913535356521606,0.0029510331348434615,0.030850334092974663,-0.14442858151398222,-0.14640650153160095,0.001977920017618734,0.004244487266987562,1.4206357178664943,1.4217084646224976,-0.0010727467560032178,-0.0023228232748806477,-0.622,-0.6069248914718628,-0.015075108528137204,-0.02628728188574314,-0.1603877467196435,2.224873341116762e-10,-0.16038774694213084,-5.151491677679587e-09,-0.0249540175183959,7.859969024522555,-0.9453505960034114,-0.0013959650131736834,7.847619701264082,-0.9510050560944716,-0.023558052505222218,0.012349323258472822,0.005654460091060187,-0.16038774671964404,1.348945393485592,1.594304568787005,2.2248662832147063e-10,1.3631153287521134,1.59135353565216,-0.16038774694213068,-0.014169935266521438,0.002951033134845016,-0.48902062155241044,0.39019620391271115,0.5918893553252178,0.5082054163439252,-0.4500350142562752,0.440877356040022,0.5547489218773436,0.5434604645698148
14.868153334,1.594304568787004,1.5915254354476929,0.002779133339311235,0.030664537101984024,-0.14442858151398222,-0.14623995125293732,0.0018113697389550987,0.0042440141551196575,1.4206357178664943,1.4216135740280151,-0.000977856161520796,-0.0023232793901115656,-0.622,-0.6079764366149902,-0.014023563385009763,-0.026287276297807693,-0.1603877467196435,2.2110491215698858e-10,-0.16038774694074842,-1.073044586519245e-08,-0.0249540175183959,7.859969024522555,-0.9453505960034114,-0.0027692499202417037,7.848487638873999,-0.9507942023887435,-0.022184767598154197,0.011481385648556497,0.005443606385332034,-0.16038774671964404,1.348945393485592,1.594304568787005,2.2110479732670074e-10,1.3621354432931678,1.5915254354476938,-0.16038774694074884,-0.013190049807575877,0.002779133339311235,-0.48902062155241044,0.39019620391271115,0.5918893553252178,0.5082054163439252,-0.44980103386483755,0.4405723799065246,0.5550160735514864,0.543628702422081
14.876894712,1.594304568787004,1.5915254354476929,0.002779133339311235,0.030664537101984024,-0.14442858151398222,-0.14623995125293732,0.0018113697389550987,0.0042440141551196575,1.4206357178664943,1.4216135740280151,-0.000977856161520796,-0.0023232793901115656,-0.622,-0.6079764366149902,-0.014023563385009763,-0.026287276297807693,-0.1603877467196435,2.2110491215698858e-10,-0.16038774694074842,-1.073044586519245e-08,-0.0249540175183959,7.859969024522555,-0.9453505960034114,-0.0027692499202417037,7.848487638873999,-0.9507942023887435,-0.022184767598154197,0.011481385648556497,0.005443606385332034,-0.16038774671964404,1.348945393485592,1.594304568787005,2.2110479732670074e-10,1.3621354432931678,1.5915254354476938,-0.16038774694074884,-0.013190049807575877,0.002779133339311235,-0.48902062155241044,0.39019620391271115,0.5918893553252178,0.5082054163439252,-0.44980103386483755,0.4405723799065246,0.5550160735514864,0.543628702422081
14.896921635,1.594304568787004,1.5915254354476929,0.002779133339311235,0.030664537101984024,-0.14442858151398222,-0.14623995125293732,0.0018113697389550987,0.0042440141551196575,1.4206357178664943,1.4216135740280151,-0.000977856161520796,-0.0023232793901115656,-0.622,-0.6079764366149902,-0.014023563385009763,-0.026287276297807693,-0.1603877467196435,2.2110491215698858e-10,-0.16038774694074842,-1.073044586519245e-08,-0.0249540175183959,7.859969024522555,-0.9453505960034114,-0.0027692499202417037,7.848487638873999,-0.9507942023887435,-0.022184767598154197,0.011481385648556497,0.005443606385332034,-0.16038774671964404,1.348945393485592,1.594304568787005,2.2110479732670074e-10,1.3621354432931678,1.5915254354476938,-0.16038774694074884,-0.013190049807575877,0.002779133339311235,-0.48902062155241044,0.39019620391271115,0.5918893553252178,0.5082054163439252,-0.44980103386483755,0.4405723799065246,0.5550160735514864,0.543628702422081
14.915629864,1.594304568787004,1.5915254354476929,0.002779133339311235,0.030664537101984024,-0.14442858151398222,-0.14623995125293732,0.0018113697389550987,0.0042440141551196575,1.4206357178664943,1.4216135740280151,-0.000977856161520796,-0.0023232793901115656,-0.622,-0.6079764366149902,-0.014023563385009763,-0.026287276297807693,-0.1603877467196435,2.2110491215698858e-10,-0.16038774694074842,-1.073044586519245e-08,-0.0249540175183959,7.859969024522555,-0.9453505960034114,-0.0027692499202417037,7.848487638873999,-0.9507942023887435,-0.022184767598154197,0.011481385648556497,0.005443606385332034,-0.16038774671964404,1.348945393485592,1.594304568787005,2.2110479732670074e-10,1.3621354432931678,1.5915254354476938,-0.16038774694074884,-0.013190049807575877,0.002779133339311235,-0.48902062155241044,0.39019620391271115,0.5918893553252178,0.5082054163439252,-0.44980103386483755,0.4405723799065246,0.5550160735514864,0.543628702422081
14.935988665,1.594304568787004,1.5915254354476929,0.002779133339311235,0.030664537101984024,-0.14442858151398222,-0.14623995125293732,0.0018113697389550987,0.0042440141551196575,1.4206357178664943,1.4216135740280151,-0.000977856161520796,-0.0023232793901115656,-0.622,-0.6079764366149902,-0.014023563385009763,-0.026287276297807693,-0.1603877467196435,2.2110491215698858e-10,-0.16038774694074842,-1.073044586519245e-08,-0.0249540175183959,7.859969024522555,-0.9453505960034114,-0.0027692499202417037,7.848487638873999,-0.9507942023887435,-0.022184767598154197,0.011481385648556497,0.005443606385332034,-0.16038774671964404,1.348945393485592,1.594304568787005,2.2110479732670074e-10,1.3621354432931678,1.5915254354476938,-0.16038774694074884,-0.013190049807575877,0.002779133339311235,-0.48902062155241044,0.39019620391271115,0.5918893553252178,0.5082054163439252,-0.44980103386483755,0.4405723799065246,0.5550160735514864,0.543628702422081
14.955555916,1.594304568787004,1.5918446779251099,0.0024598908618942428,0.00354611873626709,-0.14442858151398222,-0.14595194160938263,0.0015233600954004112,0.003499142359942198,1.4206357178664943,1.4214504957199097,-0.0008147778534153272,-0.0019796008709818125,-0.622,-0.6098417043685913,-0.012158295631408689,-0.02278965152800083,-0.1603877467196435,2.2247570452549326e-10,-0.1603877469421192,3.4583536034915596e-10,-0.0249540175183959,7.859969024522555,-0.9453505960034114,-0.0053188546977307495,7.850023754401983,-0.9503719280682631,-0.01963516282066515,0.009945270120572225,0.005021332064851669,-0.16038774671964404,1.348945393485592,1.594304568787005,2.2247514608666156e-10,1.3603951068750142,1.591844677925109,-0.16038774694211919,-0.011449713389422245,0.002459890861896019,-0.48902062155241044,0.39019620391271115,0.5918893553252178,0.5082054163439252,-0.44938814973903835,0.4400274384661125,0.5554940947073047,0.5439232069110372
14.966025352,1.594304568787004,1.5918446779251099,0.0024598908618942428,0.00354611873626709,-0.14442858151398222,-0.14595194160938263,0.0015233600954004112,0.003499142359942198,1.4206357178664943,1.4214504957199097,-0.0008147778534153272,-0.0019796008709818125,-0.622,-0.6098417043685913,-0.012158295631408689,-0.02278965152800083,-0.1603877467196435,2.2247570452549326e-10,-0.1603877469421192,3.4583536034915596e-10,-0.0249540175183959,7.859969024522555,-0.9453505960034114,-0.0053188546977307495,7.850023754401983,-0.9503719280682631,-0.01963516282066515,0.009945270120572225,0.005021332064851669,-0.16038774671964404,1.348945393485592,1.594304568787005,2.2247514608666156e-10,1.3603951068750142,1.591844677925109,-0.16038774694211919,-0.011449713389422245,0.002459890861896019,-0.48902062155241044,0.39019620391271115,0.5918893553252178,0.5082054163439252,-0.44938814973903835,0.4400274384661125,0.5554940947073047,0.5439232069110372
14.975946426,1.594304568787004,1.5918446779251099,0.0024598908618942428,0.00354611873626709,-0.14442858151398222,-0.14595194160938263,0.0015233600954004112,0.003499142359942198,1.4206357178664943,1.4214504957199097,-0.0008147778534153272,-0.0019796008709818125,-0.622,-0.6098417043685913,-0.012158295631408689,-0.02278965152800083,-0.1603877467196435,2.2247570452549326e-10,-0.1603877469421192,3.4583536034915596e-10,-0.0249540175183959,7.859969024522555,-0.9453505960034114,-0.0053188546977307495,7.850023754401983,-0.9503719280682631,-0.01963516282066515,0.009945270120572225,0.005021332064851669,-0.16038774671964404,1.348945393485592,1.594304568787005,2.2247514608666156e-10,1.3603951068750142,1.591844677925109,-0.16038774694211919,-0.011449713389422245,0.002459890861896019,-0.48902062155241044,0.39019620391271115,0.5918893553252178,0.5082054163439252,-0.44938814973903835,0.4400274384661125,0.5554940947073047,0.5439232069110372
14.995507717,1.594304568787004,1.5918446779251099,0.0024598908618942428,0.00354611873626709,-0.14442858151398222,-0.14595194160938263,0.0015233600954004112,0.003499142359942198,1.4206357178664943,1.4214504957199097,-0.0008147778534153272,-0.0019796008709818125,-0.622,-0.6098417043685913,-0.012158295631408689,-0.02278965152800083,-0.1603877467196435,2.2247570452549326e-10,-0.1603877469421192,3.4583536034915596e-10,-0.0249540175183959,7.859969024522555,-0.9453505960034114,-0.0053188546977307495,7.850023754401983,-0.9503719280682631,-0.01963516282066515,0.009945270120572225,0.005021332064851669,-0.16038774671964404,1.348945393485592,1.594304568787005,2.2247514608666156e-10,1.3603951068750142,1.591844677925109,-0.16038774694211919,-0.011449713389422245,0.002459890861896019,-0.48902062155241044,0.39019620391271115,0.5918893553252178,0.5082054163439252,-0.44938814973903835,0.4400274384661125,0.5554940947073047,0.5439232069110372
15.005984545,1.594304568787004,1.59199857711792,0.002305991669084184,0.003700884059071541,-0.14442858151398222,-0.14581194519996643,0.0013833636859842124,0.0034995810128748417,1.4206357178664943,1.421371340751648,-0.0007356228851536084,-0.0019793063402175903,-0.622,-0.6107532978057861,-0.011246702194213865,-0.022789660841226578,-0.1603877467196435,2.759517059303107e-10,-0.16038774699559522,1.3629630757350242e-10,-0.0249540175183959,7.859969024522555,-0.9453505960034114,-0.006548505688810123,7.8507730790188965,-0.9501598101930422,-0.018405511829585778,0.009195945503658542,0.004809214189630762,-0.16038774671964404,1.348945393485592,1.594304568787005,2.759519753760979e-10,1.3595443548789752,1.5919985771179208,-0.16038774699559602,-0.010598961393383233,0.002305991669084184,-0.48902062155241044,0.39019620391271115,0.5918893553252178,0.5082054163439252,-0.4491856560163952,0.4397614634477393,0.5557270707911094,0.5440675734551332
15.025670528,1.594304568787004,1.59199857711792,0.002305991669084184,0.003700884059071541,-0.14442858151398222,-0.14581194519996643,0.0013833636859842124,0.0034995810128748417,1.4206357178664943,1.421371340751648,-0.0007356228851536084,-0.0019793063402175903,-0.622,-0.6107532978057861,-0.011246702194213865,-0.022789660841226578,-0.1603877467196435,2.759517059303107e-10,-0.16038774699559522,1.3629630757350242e-10,-0.0249540175183959,7.859969024522555,-0.9453505960034114,-0.006548505688810123,7.8507730790188965,-0.9501598101930422,-0.018405511829585778,0.009195945503658542,0.004809214189630762,-0.16038774671964404,1.348945393485592,1.594304568787005,2.759519753760979e-10,1.3595443548789752,1.5919985771179208,-0.16038774699559602,-0.010598961393383233,0.002305991669084184,-0.48902062155241044,0.39019620391271115,0.5918893553252178,0.5082054163439252,-0.4491856560163952,0.4397614634477393,0.5557270707911094,0.5440675734551332
15.035783291,1.594304568787004,1.592140793800354,0.002163774986650102,0.005902603268623352,-0.14442858151398222,-0.14569362998008728,0.001265048466105062,0.002965110121294856,1.4206357178664943,1.421305775642395,-0.0006700577759006787,-0.0016355477273464203,-0.622,-0.6108680963516235,-0.011131903648376462,-0.019758958369493484,-0.1603877467196435,3.454734831542794e-10,-0.160387747065117,-7.78982212068513e-10,-0.0249540175183959,7.859969024522555,-0.9453505960034114,-0.007670128737194137,7.85076774149525,-0.9507890151138648,-0.017283888781201764,0.009201283027304719,0.005438419110453396,-0.16038774671964404,1.348945393485592,1.594304568787005,3.454735938174976e-10,1.3594823064437649,1.592140793800356,-0.16038774706511763,-0.01053691295817294,0.002163774986648992,-0.48902062155241044,0.39019620391271115,0.5918893553252178,0.5082054163439252,-0.4491996831560502,0.43971264325200043,0.5557796934496534,0.5440416972676384
15.055709839,1.594304568787004,1.592140793800354,0.002163774986650102,0.005902603268623352,-0.14442858151398222,-0.14569362998008728,0.001265048466105062,0.002965110121294856,1.4206357178664943,1.421305775642395,-0.0006700577759006787,-0.0016355477273464203,-0.622,-0.6108680963516235,-0.011131903648376462,-0.019758958369493484,-0.1603877467196435,3.454734831542794e-10,-0.160387747065117,-7.78982212068513e-10,-0.0249540175183959,7.859969024522555,-0.9453505960034114,-0.007670128737194137,7.85076774149525,-0.9507890151138648,-0.017283888781201764,0.009201283027304719,0.005438419110453396,-0.16038774671964404,1.348945393485592,1.594304568787005,3.454735938174976e-10,1.3594823064437649,1.592140793800356,-0.16038774706511763,-0.01053691295817294,0.002163774986648992,-0.48902062155241044,0.39019620391271115,0.5918893553252178,0.5082054163439252,-0.4491996831560502,0.43971264325200043,0.5557796934496534,0.5440416972676384
15.065608740,1.594304568787004,1.592140793800354,0.002163774986650102,0.005902603268623352,-0.14442858151398222,-0.14569362998008728,0.001265048466105062,0.002965110121294856,1.4206357178664943,1.421305775642395,-0.0006700577759006787,-0.0016355477273464203,-0.622,-0.6108680963516235,-0.011131903648376462,-0.019758958369493484,-0.1603877467196435,3.454734831542794e-10,-0.160387747065117,-7.78982212068513e-10,-0.0249540175183959,7.859969024522555,-0.9453505960034114,-0.007670128737194137,7.85076774149525,-0.9507890151138648,-0.017283888781201764,0.009201283027304719,0.005438419110453396,-0.16038774671964404,1.348945393485592,1.594304568787005,3.454735938174976e-10,1.3594823064437649,1.592140793800356,-0.16038774706511763,-0.01053691295817294,0.002163774986648992,-0.48902062155241044,0.39019620391271115,0.5918893553252178,0.5082054163439252,-0.4491996831560502,0.43971264325200043,0.5557796934496534,0.5440416972676384
15.075721979,1.594304568787004,1.592140793800354,0.002163774986650102,0.005902603268623352,-0.14442858151398222,-0.14569362998008728,0.001265048466105062,0.002965110121294856,1.4206357178664943,1.421305775642395,-0.0006700577759006787,-0.0016355477273464203,-0.622,-0.6108680963516235,-0.011131903648376462,-0.019758958369493484,-0.1603877467196435,3.454734831542794e-10,-0.160387747065117,-7.78982212068513e-10,-0.0249540175183959,7.859969024522555,-0.9453505960034114,-0.007670128737194137,7.85076774149525,-0.9507890151138648,-0.017283888781201764,0.009201283027304719,0.005438419110453396,-0.16038774671964404,1.348945393485592,1.594304568787005,3.454735938174976e-10,1.3594823064437649,1.592140793800356,-0.16038774706511763,-0.01053691295817294,0.002163774986648992,-0.48902062155241044,0.39019620391271115,0.5918893553252178,0.5082054163439252,-0.4491996831560502,0.43971264325200043,0.5557796934496534,0.5440416972676384
15.096043110,1.594304568787004,1.592408537864685,0.0018960309223190475,0.005562501028180122,-0.14442858151398222,-0.1454807072877884,0.001052125773806173,0.002452031010761857,1.4206357178664943,1.4211883544921875,-0.0005526366256931592,-0.0013425253564491868,-0.622,-0.6108679175376892,-0.011132082462310788,-0.01831189915537834,-0.1603877467196435,4.3989725750925857e-10,-0.16038774715954077,-1.6099193089758046e-09,-0.0249540175183959,7.859969024522555,-0.9453505960034114,-0.009777377105555821,7.850554811324246,-0.9521767472689125,-0.01517664041284008,0.009414213198309263,0.006826151265501124,-0.16038774671964404,1.348945393485592,1.594304568787005,4.398968264614521e-10,1.3595779867997901,1.5924085378646848,-0.16038774715954085,-0.010632593314198191,0.0018960309223201577,-0.48902062155241044,0.39019620391271115,0.5918893553252178,0.5082054163439252,-0.4492851358995176,0.43967852705259675,0.5558310271711878,0.543946255380468
