t,swing_joint_ref,swing_joint_fb,swing_joint_err,swing_joint_vel,boom_joint_ref,boom_joint_fb,boom_joint_err,boom_joint_vel,arm_joint_ref,arm_joint_fb,arm_joint_err,arm_joint_vel,bucket_joint_ref,bucket_joint_fb,bucket_joint_err,bucket_joint_vel,bucket_end_joint_ref,bucket_end_joint_fb,bucket_end_joint_err,bucket_end_joint_vel
0.015652895,0.0012585497492309927,5.056026202510111e-05,0.0012079894872058915,9.540468454360962e-06,-0.7996707843843286,-0.7998232245445251,0.00015244016019655415,-0.0003172164724674076,1.2004814827410257,1.2000256776809692,0.00045580506005649113,0.0001421997876605019,0.0006435829402721106,-0.0005245632492005825,0.001168146189472693,0.0011566794710233808,0.0005637924545743179,-1.3672099563599716e-10,0.0005637925912953135,-1.3019416655879468e-09
0.025688410,0.0018588618092309915,5.063720891484991e-05,0.0018082246003161416,6.418675184249878e-06,-0.7995823565056743,-0.7998349070549011,0.0002525505492267932,-0.00029133984935469925,1.2006854855247358,1.2000309228897095,0.000654562635026279,0.0001299363939324394,0.00109163304190477,-0.00048141664592549205,0.0015730496878302621,0.0010786239290609956,0.000845938523801366,-3.8095615551014816e-10,0.0008459389047575215,6.574509825441055e-10
0.045594454,0.0030585318692309895,5.063720891484991e-05,0.0030078946603161395,6.418675184249878e-06,-0.7994056412844429,-0.7998349070549011,0.00042926577045820924,-0.00029133984935469925,1.2010931668759541,1.2000309228897095,0.0010622439862446598,0.0001299363939324394,0.0019870211710532313,-0.00048141664592549205,0.0024684378169787234,0.0010786239290609956,0.0014097822550073937,-3.8095615551014816e-10,0.0014097826359635492,6.574509825441055e-10
0.067093611,0.004256519469230987,5.063720891484991e-05,0.004205882260316137,6.418675184249878e-06,-0.7992291738949286,-0.7998349070549011,0.0006057331599724769,-0.00029133984935469925,1.2015002764803324,1.2000309228897095,0.001469353590622946,0.0001299363939324394,0.0028811535760138542,-0.00048141664592549205,0.0033625702219393463,0.0010786239290609956,0.001972835231692128,-3.8095615551014816e-10,0.0019728356126482837,6.574509825441055e-10
0.075930595,0.004858571169230985,5.073379725217819e-05,0.004807837371978807,7.653608918190002e-06,-0.799140489761761,-0.7998047471046448,0.0006642573428837784,0.0017728055827319622,1.2017048704422415,1.200116753578186,0.0015881168640554666,0.004169854335486889,0.0033305020788127406,-0.00027600364410318434,0.003606505722915925,0.009270680136978626,0.0022557989299834165,-2.816768485125465e-10,0.002255799211660265,1.1187353265995625e-09
0.096105814,0.006056370729230983,5.073379725217819e-05,0.006005636931978805,7.653608918190002e-06,-0.7989640500711377,-0.7998047471046448,0.0008406970335070874,0.0017728055827319622,1.2021119161453824,1.200116753578186,0.0019951625671963402,0.004169854335486889,0.004224494137865419,-0.00027600364410318434,0.004500497781968604,0.009270680136978626,0.002818763528055772,-2.816768485125465e-10,0.0028187638097326205,1.1187353265995625e-09
0.106241703,0.006658214409230982,0.00016598685760982335,0.006492227551621159,0.0036065001040697098,-0.7988753965799786,-0.7996990084648132,0.0008236118848345964,0.002856080885976553,1.2023164394162928,1.200364589691162,0.0019518497251307387,0.006707489490509033,0.00467368738244387,0.00023528073506895453,0.004438406647374916,0.013677497394382954,0.0031016294571546165,-3.6640537826038155e-10,0.003101629823559995,2.422211764496751e-09
0.125569820,0.007858357329230979,0.00016598685760982335,0.007692370471621156,0.0036065001040697098,-0.7986986117049629,-0.7996990084648132,0.0010003967598503083,0.002856080885976553,1.2027242814585297,1.200364589691162,0.002359691767367611,0.006707489490509033,0.0055694284363212755,0.00023528073506895453,0.005334147701252321,0.013677497394382954,0.0036656954320888387,-3.6640537826038155e-10,0.003665695798494217,2.422211764496751e-09
0.135869741,0.008458715469230977,0.00016598685760982335,0.008292728611621154,0.0036065001040697098,-0.798610177038578,-0.7996990084648132,0.0010888314262352816,0.002856080885976553,1.2029282999015092,1.200364589691162,0.00256371021034707,0.006707489490509033,0.0060175129303142744,0.00023528073506895453,0.00578223219524532,0.013677497394382954,0.00394786315886991,-3.6640537826038155e-10,0.003947863525275288,2.422211764496751e-09
0.155895233,0.009658485309230976,0.00038188532926142216,0.009276599979969553,0.007202170789241791,-0.7984334471194346,-0.7995733022689819,0.0011398551495472864,0.003430638462305069,1.2033360151607548,1.2006633281707764,0.0026726869899784678,0.008231770247220993,0.0069129755314617505,0.0008308928809128702,0.00608208265054888,0.016103200614452362,0.00451175378657638,-5.011754344863562e-10,0.004511754287751814,1.451383013773011e-09
0.166304588,0.010275665109230975,0.00038188532926142216,0.009893779779969553,0.007202170789241791,-0.7983425345689483,-0.7995733022689819,0.0012307677000336081,0.003430638462305069,1.2035457500730429,1.2006633281707764,0.0028824219022665076,0.008231770247220993,0.007373615073028889,0.0008308928809128702,0.006542722192116019,0.016103200614452362,0.004801827676773315,-5.011754344863562e-10,0.00480182817794875,1.451383013773011e-09
0.186190128,0.011458590309230972,0.00038188532926142216,0.01107670497996955,0.007202170789241791,-0.7981682859189334,-0.7995733022689819,0.0014050163500485269,0.003430638462305069,1.2039477410537351,1.2006633281707764,0.003284412882958776,0.008231770247220993,0.008256505475203775,0.0008308928809128702,0.0074256125942909045,0.016103200614452362,0.005357801340486849,-5.011754344863562e-10,0.005357801841662284,1.451383013773011e-09
0.205963850,0.01265625936923097,0.0007217959500849247,0.011934463419146045,0.00922442227602005,-0.7979918654513759,-0.7994378805160522,0.0014460150646763426,0.0035972651094198227,1.2043547424093355,1.2009884119033813,0.0033663305059541404,0.008635548874735832,0.009150400134017212,0.0014706276124343276,0.007679772521582884,0.016889136284589767,0.005920704603689414,-4.726400382182305e-10,0.005920705076329452,1.3432099876808934e-09
0.215873241,0.013257359829230968,0.0007217959500849247,0.012535563879146044,0.00922442227602005,-0.7979033214388903,-0.7994378805160522,0.0015345590771619344,0.0035972651094198227,1.204559013113358,1.2009884119033813,0.0035706012099765427,0.008635548874735832,0.009599038667440041,0.0014706276124343276,0.008128411055005714,0.016889136284589767,0.006203221220129821,-4.726400382182305e-10,0.006203221692769859,1.3432099876808934e-09
0.225796938,0.013858529349230968,0.0007217959500849247,0.013136733399146044,0.00922442227602005,-0.7978147672536468,-0.7994378805160522,0.0016231132624054956,0.0035972651094198227,1.2047633072858948,1.2009884119033813,0.00377489538251341,0.008635548874735832,0.010047728744621662,0.0014706276124343276,0.008577101132187334,0.016889136284589767,0.006485770294701322,-4.726400382182305e-10,0.00648577076734136,1.3432099876808934e-09
0.245828152,0.015056199849230966,0.001119202352128923,0.013936997497102043,0.00994478352367878,-0.7976383465739726,-0.7992855310440063,0.001647184470033758,0.0038094893097877502,1.2051703091308474,1.2013541460037231,0.0038161631271242946,0.009145594201982021,0.01094162447819636,0.0021820389665663242,0.008759585511630036,0.017785321921110153,0.007048674234702449,-5.838939887148342e-10,0.007048674818596438,2.909246177296154e-09
0.255436897,0.015656460009230964,0.001119202352128923,0.01453725765710204,0.00994478352367878,-0.7975499263403536,-0.7992855310440063,0.0017356047036527489,0.0038094893097877502,1.2053742942774897,1.2013541460037231,0.004020148273766511,0.009145594201982021,0.011389635843641919,0.0021820389665663242,0.009207596877075595,0.017785321921110153,0.007330795910981281,-5.838939887148342e-10,0.00733079649487527,2.909246177296154e-09
0.265697479,0.016258422189230962,0.001650181133300066,0.014608241055930896,0.013284596614539623,-0.7974612553937671,-0.7991074323654175,0.0016461769716503705,0.004453409928828478,1.2055788578180058,1.201779842376709,0.0037990154412967936,0.010642461478710175,0.011838917532115772,0.0030055155511945486,0.008833401980921224,0.020586924627423286,0.007613717534961889,-6.154715626038865e-10,0.0076137181504334515,1.381522451993078e-09
0.289631367,0.01688090058923096,0.001650181133300066,0.015230719455930894,0.013284596614539623,-0.7973695623426228,-0.7991074323654175,0.0017378700227946853,0.004453409928828478,1.2057903933423784,1.201779842376709,0.004010550965669379,0.010642461478710175,0.012303511747304678,0.0030055155511945486,0.00929799619611013,0.020586924627423286,0.007906281761872042,-6.154715626038865e-10,0.007906282377343605,1.381522451993078e-09
0.301674366,0.01814949690923096,0.001650181133300066,0.016499315775930893,0.013284596614539623,-0.7971826940637377,-0.7991074323654175,0.0019247383016798292,0.004453409928828478,1.2062214977594448,1.201779842376709,0.004441655382735776,0.010642461478710175,0.013250343816790036,0.0030055155511945486,0.010244828265595488,0.020586924627423286,0.008502520766505565,-6.154715626038865e-10,0.008502521381977128,1.381522451993078e-09
0.307981014,0.01875103428923096,0.0022416224237531424,0.016509411865477816,0.016001388430595398,-0.7970940856915444,-0.7989263534545898,0.0018322677630454587,0.004747526720166206,1.2064259169410712,1.2022106647491455,0.004215252191925645,0.011281324550509453,0.013699308450692017,0.0038469573482871056,0.009852351102404911,0.022026248276233673,0.008785242734910026,-9.135584511099637e-10,0.008785243648468477,3.5238372220192105e-09
0.326953888,0.019867296669230955,0.0022416224237531424,0.017625674245477813,0.016001388430595398,-0.7969296566872612,-0.7989263534545898,0.0019966967673286096,0.004747526720166206,1.206805254035966,1.2022106647491455,0.0045945892868204385,0.011281324550509453,0.014532444258104772,0.0038469573482871056,0.010685486909817667,0.022026248276233673,0.009309884939737677,-9.135584511099637e-10,0.009309885853296129,3.5238372220192105e-09
0.336539984,0.020491553349230956,0.0022416224237531424,0.018249930925477813,0.016001388430595398,-0.7968377016898085,-0.7989263534545898,0.0020886517647813463,0.004747526720166206,1.2070173938694877,1.2022106647491455,0.00480672912034219,0.011281324550509453,0.014998365713887064,0.0038469573482871056,0.011151408365599958,0.022026248276233673,0.009603284956473519,-9.135584511099637e-10,0.00960328587003197,3.5238372220192105e-09
0.356203794,0.021658643649230952,0.002940334379673004,0.018718309269557948,0.01752510853111744,-0.7966657855710035,-0.7987263798713684,0.002060594300364871,0.004827654920518398,1.2074140037094447,1.2026854753494263,0.004728528360018469,0.011446880176663399,0.015869437548641625,0.004773363471031189,0.011096074077610436,0.02250577136874199,0.01015181623298663,-9.144679458117366e-10,0.010151817147454575,4.148660082137212e-09
0.375687122,0.02285641590923095,0.002940334379673004,0.019916081529557945,0.01752510853111744,-0.7964893499017573,-0.7987263798713684,0.0022370299696110596,0.004827654920518398,1.207821040135284,1.2026854753494263,0.005135564785857749,0.011446880176663399,0.01676340923201207,0.004773363471031189,0.01199004576098088,0.02250577136874199,0.010714768000086224,-9.144679458117366e-10,0.01071476891455417,4.148660082137212e-09
0.386280060,0.02345715954923095,0.002940334379673004,0.020516825169557946,0.01752510853111744,-0.7964008584499943,-0.7987263798713684,0.0023255214213740993,0.004827654920518398,1.208025189581917,1.2026854753494263,0.005339714232490689,0.011446880176663399,0.017211781448550872,0.004773363471031189,0.012438417977519683,0.02250577136874199,0.010997116911482656,-9.144679458117366e-10,0.010997117825950602,4.148660082137212e-09
0.405843496,0.024658472229230947,0.0037136762402951717,0.020944795988935776,0.02042256109416485,-0.7962239012656045,-0.7985174655914307,0.0022935643258261695,0.0053968350403010845,1.2084334291412322,1.2031809091567993,0.00525251998443288,0.012795573100447655,0.01810839556682563,0.005742496345192194,0.012365899221633437,0.025021636858582497,0.011561732672449728,-5.807380132338835e-10,0.011561733253187741,4.001776687800884e-09
0.428564072,0.025868948709230944,0.004582667723298073,0.02128628098593287,0.02173895202577114,-0.7960455942242846,-0.7982960939407349,0.002250499716450305,0.0055352915078401566,1.208844782815412,1.2037049531936646,0.005139829621747527,0.013100053183734417,0.019011849197072443,0.0067725637927651405,0.012239285404307302,0.025751687586307526,0.01213065541027344,-8.922399485911114e-10,0.01213065630251339,9.968061931431293e-10
0.437466621,0.026472702009230943,0.004582667723298073,0.02189003428593287,0.02173895202577114,-0.7959566594400166,-0.7982960939407349,0.0023394345007182737,0.0055352915078401566,1.2090499550284675,1.2037049531936646,0.005345001834802909,0.013100053183734417,0.01946246770942759,0.0067725637927651405,0.01268990391666245,0.025751687586307526,0.012414418858866925,-8.922399485911114e-10,0.012414419751106874,9.968061931431293e-10
0.455883741,0.027658683129230942,0.004582667723298073,0.02307601540593287,0.02173895202577114,-0.7957819606432515,-0.7982960939407349,0.0025141332974834008,0.0055352915078401566,1.2094529844960205,1.2037049531936646,0.005748031302355905,0.013100053183734417,0.020347638934124317,0.0067725637927651405,0.013575075141359177,0.025751687586307526,0.012971828801931356,-8.922399485911114e-10,0.012971829694171304,9.968061931431293e-10
0.475787878,0.02885821548923094,0.004582667723298073,0.024275547765932867,0.02173895202577114,-0.7956052657056686,-0.7982960939407349,0.0026908282350662782,0.0055352915078401566,1.2098606190529377,1.2037049531936646,0.006155665859273185,0.013100053183734417,0.021242924289227236,0.0067725637927651405,0.014470360496462095,0.025751687586307526,0.013535607814274778,-8.922399485911114e-10,0.013535608706514726,9.968061931431293e-10
0.486020565,0.029458730049230938,0.004582667723298073,0.024876062325932865,0.02173895202577114,-0.7955168079981193,-0.7982960939407349,0.0027792859426155614,0.0055352915078401566,1.2100646906517964,1.2037049531936646,0.006359737458131898,0.013100053183734417,0.021691125529162164,0.0067725637927651405,0.014918561736397024,0.025751687586307526,0.013817849058299777,-8.922399485911114e-10,0.013817849950539725,9.968061931431293e-10
0.506005287,0.03179080555682575,0.004582667723298073,0.027208137833527678,0.02173895202577114,-0.7951732858473264,-0.7982960939407349,0.00312280809340848,0.0055352915078401566,1.21085719496259,1.2037049531936646,0.0071522417689253714,0.013100053183734417,0.02343169803772195,0.0067725637927651405,0.01665913424495681,0.025751687586307526,0.014913922219995962,-8.922399485911114e-10,0.01491392311223591,9.968061931431293e-10
0.525762558,0.035257475500913085,0.004582667723298073,0.030674807777615012,0.02173895202577114,-0.7946626343219345,-0.7982960939407349,0.00363345961880035,0.0055352915078401566,1.2120352661124474,1.2037049531936646,0.008330312918782834,0.013100053183734417,0.026019088703795233,0.0067725637927651405,0.019246524911030093,0.025751687586307526,0.016543253634780125,-8.922399485911114e-10,0.016543254527020074,9.968061931431293e-10
0.545771837,0.03872331622318851,0.007792211603373289,0.03093110461981522,0.028416110202670097,-0.7941521049435569,-0.797508716583252,0.0033566116396950285,0.0069082435220479965,1.213213055469602,1.205567479133606,0.0076455763359959406,0.016341838985681534,0.028605860470229703,0.010410464368760586,0.018195396101469117,0.03185902163386345,0.01817219531614006,-7.465934537265184e-10,0.018172196062733514,5.4296833695843816e-09
0.555647135,0.04045752479011765,0.007792211603373289,0.03266531318674436,0.028416110202670097,-0.7938966504975516,-0.797508716583252,0.003612066085700305,0.0069082435220479965,1.2138023879164417,1.205567479133606,0.008234908782835726,0.016341838985681534,0.029900207821280472,0.010410464368760586,0.019489743452519886,0.03185902163386345,0.018987271612256662,-7.465934537265184e-10,0.018987272358850116,5.4296833695843816e-09
0.577318430,0.04392376521671963,0.007792211603373289,0.03613155361334634,0.028416110202670097,-0.7933860622414536,-0.797508716583252,0.004122654341798371,0.0069082435220479965,1.2149803131042762,1.205567479133606,0.009412833970670276,0.016341838985681534,0.032487277911830134,0.010410464368760586,0.02207681354306955,0.03185902163386345,0.02061640115425127,-7.465934537265184e-10,0.020616401900844725,5.4296833695843816e-09
0.586309195,0.04571501138305065,0.007792211603373289,0.03792279977967736,0.028416110202670097,-0.7931222059753705,-0.797508716583252,0.004386510607881422,0.0069082435220479965,1.2155890285184583,1.205567479133606,0.010021549384852335,0.016341838985681534,0.03382419595887674,0.010410464368760586,0.023413731590116157,0.03185902163386345,0.02145828506517639,-7.465934537265184e-10,0.021458285811769843,5.4296833695843816e-09
0.605789661,0.049118593563157315,0.009096303023397923,0.04002229053975939,0.036807142198085785,-0.7926208474785709,-0.7971161603927612,0.004495312914190364,0.012719662860035896,1.21674566068628,1.2064940929412842,0.010251567744995915,0.029986346140503883,0.03636450031610039,0.012231973931193352,0.024132526384907038,0.05921640992164612,0.02305796529383667,-4.317627366745569e-10,0.023057965725599407,1.724401954561472e-09
0.616284609,0.050862135382110804,0.009096303023397923,0.04176583235871288,0.036807142198085785,-0.7923640182148126,-0.7971161603927612,0.004752142177948615,0.012719662860035896,1.217338164832509,1.2064940929412842,0.010844071891224827,0.029986346140503883,0.03766581365167273,0.012231973931193352,0.025433839720479377,0.05921640992164612,0.023877428209092288,-4.317627366745569e-10,0.023877428640855024,1.724401954561472e-09
0.638336182,0.05449491350037043,0.010580543428659439,0.04391437007171099,0.037113822996616364,-0.7918288984262492,-0.796644926071167,0.004816027644917842,0.011780591681599617,1.2185726841735425,1.20759916305542,0.010973521118122553,0.02762613072991371,0.04037718114459822,0.01446768082678318,0.02590950031781504,0.05589272454380989,0.025584830299999792,-1.3970580248212627e-10,0.025584830439705594,2.928572939708829e-09
0.656150579,0.05779066755176601,0.010580543428659439,0.04721012412310657,0.037113822996616364,-0.7913434233562812,-0.796644926071167,0.005301502714885831,0.011780591681599617,1.2196926733353597,1.20759916305542,0.012093510279939768,0.02762613072991371,0.04283700668547448,0.01446768082678318,0.0283693258586913,0.05589272454380989,0.027133831415753457,-1.3970580248212627e-10,0.02713383155545926,2.928572939708829e-09
0.675984859,0.06125743716193652,0.012533443979918957,0.04872399318201756,0.05011014640331268,-0.7908327571497578,-0.7960684299468994,0.005235672797141655,0.013967531733214855,1.2208707783545325,1.2089574337005615,0.01191334465397098,0.03289337828755379,0.04542447173852357,0.01714327186346054,0.02828119987506303,0.06489812582731247,0.028763209673497263,-3.461247399805245e-10,0.028763210019622003,-6.148184183984995e-10
0.685930252,0.0629962457952675,0.012533443979918957,0.05046280181534854,0.05011014640331268,-0.7905766250993186,-0.7960684299468994,0.005491804847580828,0.013967531733214855,1.2214616740322546,1.2089574337005615,0.012504240331693062,0.03289337828755379,0.04672225240427214,0.01714327186346054,0.0295789805408116,0.06489812582731247,0.029580447996232932,-3.461247399805245e-10,0.029580448342357672,-6.148184183984995e-10
0.707101107,0.06645690145456598,0.012533443979918957,0.053923457474647024,0.05011014640331268,-0.7900668594972339,-0.7960684299468994,0.006001570449665539,0.013967531733214855,1.2226377013603722,1.2089574337005615,0.013680267659810674,0.03289337828755379,0.04930515423680292,0.01714327186346054,0.03216188237334238,0.06489812582731247,0.0312069527031672,-3.461247399805245e-10,0.03120695304929194,-6.148184183984995e-10
0.725988865,0.06992367193139808,0.014640532433986664,0.05528313949741141,0.05268624424934387,-0.7895561931630485,-0.7954961061477661,0.005939912984717632,0.014308630488812923,1.2238158066740608,1.2103049755096436,0.013510831164417203,0.03368901461362839,0.05189261993669529,0.019803838804364204,0.03208878113233109,0.06651416420936584,0.03283633136824109,9.363412822871453e-11,0.03283633127460696,2.6957422960549593e-09
0.745775700,0.07339030443570461,0.014640532433986664,0.05874977200171795,0.05268624424934387,-0.7890455471526556,-0.7954961061477661,0.006450558995110489,0.014308630488812923,1.2249938651008363,1.2103049755096436,0.014688889591192744,0.03368901461362839,0.05447998265913939,0.019803838804364204,0.03467614385477519,0.06651416420936584,0.03446564518636563,9.363412822871453e-11,0.0344656450927315,2.6957422960549593e-09
0.756554365,0.07512477629442561,0.014640532433986664,0.06048424386043895,0.05268624424934387,-0.7887900539229307,-0.7954961061477661,0.006706052224835446,0.014308630488812923,1.2255832870215715,1.2103049755096436,0.015278311511927933,0.03368901461362839,0.05577452652117497,0.019803838804364204,0.035970687716810765,0.06651416420936584,0.03528084522936171,9.363412822871453e-11,0.03528084513572758,2.6957422960549593e-09
0.776133060,0.07858472111788575,0.01690564677119255,0.0616790743466932,0.05664095655083656,-0.7882803930292293,-0.7948771715164185,0.006596778487189203,0.015473751351237297,1.2267590727878424,1.2117645740509033,0.014994498736939033,0.03648896515369415,0.05835689781285735,0.02266119420528412,0.03569570360757323,0.07143381983041763,0.0369070158441612,1.9404233775333068e-10,0.03690701565011886,1.0986695997416973e-09
0.785809994,0.08032379338967324,0.01948368176817894,0.0608401116214943,0.06423882395029068,-0.7880242221440057,-0.7942251563072205,0.006200934163214766,0.015885397791862488,1.2273500580572663,1.2132995128631592,0.014050545194107089,0.03734195977449417,0.05965487524832804,0.025688594207167625,0.033966281041160416,0.07415204495191574,0.03772437807670838,2.909581187093835e-10,0.03772437778575026,-2.815795596688986e-09
0.805898666,0.08379050840016342,0.01948368176817894,0.06430682663198448,0.06423882395029068,-0.7875135639801891,-0.7942251563072205,0.006711592327031335,0.015885397791862488,1.2285281445219445,1.2132995128631592,0.015228631658785297,0.03734195977449417,0.06224229955025126,0.025688594207167625,0.03655370534308364,0.07415204495191574,0.039353730672656906,2.909581187093835e-10,0.03935373038169879,-2.815795596688986e-09
0.825657368,0.08725630249604514,0.022260820493102074,0.06499548200294307,0.07256437093019485,-0.7870030414700279,-0.7935283184051514,0.006525276935123503,0.01833903044462204,1.2297059180341499,1.2149406671524048,0.014765250881745073,0.04323834553360939,0.06482903651651792,0.02891380898654461,0.03591522752997331,0.08451230823993683,0.040982650439658326,4.4928294418156156e-10,0.04098264999037538,-1.775333657860756e-09
0.836162806,0.08899105185980813,0.022260820493102074,0.06673023136670606,0.07256437093019485,-0.7867475073629263,-0.7935283184051514,0.0067808110422250545,0.01833903044462204,1.2302954342588392,1.2149406671524048,0.015354767106434464,0.04323834553360939,0.0661237874977679,0.02891380898654461,0.03720997851122329,0.08451230823993683,0.041797980909747255,4.4928294418156156e-10,0.04179798046046431,-1.775333657860756e-09
0.857813358,0.0924569705816269,0.022260820493102074,0.07019615008852483,0.07256437093019485,-0.7862369664949675,-0.7935283184051514,0.007291351910183819,0.01833903044462204,1.2314732501224146,1.2149406671524048,0.016532582970009813,0.04323834553360939,0.06871061748009649,0.02891380898654461,0.03979680849355188,0.08451230823993683,0.04342695925081473,4.4928294418156156e-10,0.04342695880153179,-1.775333657860756e-09
0.866926670,0.09419177003842996,0.025324750691652298,0.06886701934677766,0.07923547923564911,-0.7859814250090016,-0.7927983999252319,0.006816974916230345,0.018649689853191376,1.2320627833701165,1.2166571617126465,0.015405621657470059,0.04385596886277199,0.07000540584888737,0.03230813145637512,0.03769727439251225,0.0867377445101738,0.04424231326458251,6.12555450807406e-10,0.044242312652027056,-8.221832104027271e-10
0.886167526,0.09765696371116026,0.025324750691652298,0.07233221301950796,0.07923547923564911,-0.7854709909430831,-0.7927983999252319,0.0073274089821487864,0.018649689853191376,1.2332403528417861,1.2166571617126465,0.01658319112913964,0.04385596886277199,0.07259169468213797,0.03230813145637512,0.04028356322576285,0.0867377445101738,0.04587095083330184,6.12555450807406e-10,0.04587095022074639,-8.221832104027271e-10
0.905876160,0.10112349550938972,0.028493328019976616,0.0726301674894131,0.07923827320337296,-0.7849603597670162,-0.7920523881912231,0.007092028424206975,0.01864968053996563,1.2344183770458275,1.2184114456176758,0.016006931428151683,0.04385601356625557,0.07517898224139433,0.03577764332294464,0.039401338918449685,0.086737722158432,0.047500217319670635,1.9383803451233916e-09,0.04750021538129029,-3.1868694350123405e-09
0.925849915,0.10458970161619263,0.028493328019976616,0.07609637359621602,0.07923827320337296,-0.7844497765663339,-0.7920523881912231,0.007602611624889288,0.01864968053996563,1.235596290570837,1.2184114456176758,0.017184844953161305,0.04385601356625557,0.07776602671695058,0.03577764332294464,0.04198838339400594,0.086737722158432,0.049129330731393916,1.9383803451233916e-09,0.04912932879301357,-3.1868694350123405e-09
0.945592165,0.10805674699808195,0.028493328019976616,0.07956341897810533,0.07923827320337296,-0.7839390697377578,-0.7920523881912231,0.008113318453465301,0.01864968053996563,1.2367744893049324,1.2184114456176758,0.01836304368725661,0.04385601356625557,0.08035369759552755,0.03577764332294464,0.044576054272582905,0.086737722158432,0.05075883860157041,1.9383803451233916e-09,0.05075883666319007,-3.1868694350123405e-09
0.965996265,0.11152423975068541,0.031813111156225204,0.07971112859446021,0.08679165691137314,-0.7834282970100506,-0.7913001179695129,0.007871820959462372,0.018962163478136063,1.237952840068076,1.2201778888702393,0.017774951197836675,0.04446727782487869,0.08294170237459945,0.03929426521062851,0.043647437163970945,0.08909326046705246,0.052388556735536176,1.2822345407670355e-09,0.052388555453301636,-5.711626727133989e-09
0.985658169,0.11498979291464438,0.035381413996219635,0.07960837891842475,0.09131136536598206,-0.782917809989929,-0.7905397415161133,0.007621931526184289,0.019622603431344032,1.2391305317048933,1.2219579219818115,0.017172609723081766,0.04597140848636627,0.08552825951843762,0.04289089888334274,0.04263736063509488,0.09250295162200928,0.05401736326477429,1.6870687069570067e-09,0.054017361577705585,7.712515071034431e-10
0.996004105,0.11672441591914715,0.035381413996219635,0.08134300192292751,0.09131136536598206,-0.782662294495949,-0.7905397415161133,0.007877447020164241,0.019622603431344032,1.2397200049891812,1.2219579219818115,0.0177620830073697,0.04597140848636627,0.08682291618993913,0.04289089888334274,0.04393201730659639,0.09250295162200928,0.05483263434613699,1.6870687069570067e-09,0.054832632659068285,7.712515071034431e-10
1.016116619,0.12072302158153143,0.035381413996219635,0.0853416075853118,0.09131136536598206,-0.7820732871448397,-0.7905397415161133,0.00846645437127358,0.019622603431344032,1.241078842734478,1.2219579219818115,0.01912092075266658,0.04597140848636627,0.0898073234554207,0.04289089888334274,0.04691642457207795,0.09250295162200928,0.05671197501777158,1.6870687069570067e-09,0.056711973330702874,7.712515071034431e-10
1.035917044,0.12472340898153146,0.039244651794433594,0.08547875718709787,0.0977269783616066,-0.7814840173381041,-0.7897063493728638,0.008222332034759638,0.020818764343857765,1.2424382859639183,1.223912239074707,0.018526046889211223,0.04879635572433472,0.09279306054212862,0.04680319130420685,0.04598986923792177,0.09793628007173538,0.058592153104307806,1.7522612250076008e-09,0.05859215135204658,2.0372681319713593e-10
1.056139469,0.12872319918153147,0.039244651794433594,0.08947854738709787,0.0977269783616066,-0.7808948355008309,-0.7897063493728638,0.008811513872032828,0.020818764343857765,1.2437975262481396,1.223912239074707,0.01988528717343252,0.04879635572433472,0.09577835190145818,0.04680319130420685,0.048975160597251335,0.09793628007173538,0.0604720505074399,1.7522612250076008e-09,0.06047204875517868,2.0372681319713593e-10
1.076325893,0.1327245161815315,0.043150708079338074,0.08957380810219343,0.09760930389165878,-0.7803054287610542,-0.7888882160186768,0.008582787257622515,0.0200877133756876,1.245157285381591,1.2258280515670776,0.019329233814513458,0.04699144884943962,0.09876478280626876,0.05066666007041931,0.048098122735849444,0.09523718804121017,0.0623526655050486,1.5657055651985274e-09,0.062352663939343037,-6.05359673500061e-09
1.095904827,0.13674591418153154,0.043150708079338074,0.09359520610219346,0.09760930389165878,-0.7797130640260121,-0.7888882160186768,0.00917515199266461,0.0200877133756876,1.2465238685990025,1.2258280515670776,0.020695817031924912,0.04699144884943962,0.10176620140613062,0.05066666007041931,0.051099541335711304,0.09523718804121017,0.06424271855262109,1.5657055651985274e-09,0.06424271698691553,-6.05359673500061e-09
1.115843058,0.14072338838153156,0.04725278541445732,0.09347060296707424,0.10497375577688217,-0.7791271694066236,-0.7880297899246216,0.00890262051799795,0.022168681025505066,1.2478755252839184,1.227833867073059,0.020041658210859348,0.05184749513864517,0.10473483695136904,0.05475625768303871,0.049978579268330325,0.10523144155740738,0.0661121274580194,1.4871253117831884e-09,0.0661121259708941,-7.30506144464016e-09
1.126692295,0.14272364998153156,0.04725278541445732,0.09547086456707424,0.10497375577688217,-0.7788325245013695,-0.7880297899246216,0.009197265423252055,0.022168681025505066,1.2485552699729525,1.227833867073059,0.020721402899893437,0.05184749513864517,0.10622775617270187,0.05475625768303871,0.05147149848966316,0.10523144155740738,0.06705224841421978,1.4871253117831884e-09,0.06705224692709447,-7.30506144464016e-09
1.146113634,0.1467217851815316,0.051549509167671204,0.09517227601386039,0.10748744010925293,-0.778243586450868,-0.7871227860450745,0.008879199594206466,0.022473182529211044,1.2499139478420076,1.2299551963806152,0.019958751461392366,0.0525178536772728,0.10921181230294374,0.05906067416071892,0.05015113814222483,0.10700329393148422,0.06893136796900318,1.1955049172840404e-09,0.06893136677349826,-1.1918018572032452e-08
1.156257391,0.1487234517815316,0.051549509167671204,0.09717394261386039,0.10748744010925293,-0.7779487345846385,-0.7871227860450745,0.009174051460435928,0.022473182529211044,1.2505941699892342,1.2299551963806152,0.020638973608618993,0.0525178536772728,0.11070578016286765,0.05906067416071892,0.051645106002148736,0.10700329393148422,0.06987214927380167,1.1955049172840404e-09,0.06987214807829675,-1.1918018572032452e-08
1.165772200,0.15072484178153162,0.051549509167671204,0.09917533261386041,0.10748744010925293,-0.7776539234624701,-0.7871227860450745,0.009468862582604376,0.022473182529211044,1.2512742981400653,1.2299551963806152,0.021319101759450065,0.0525178536772728,0.11219954157906609,0.05906067416071892,0.05313886741834717,0.10700329393148422,0.07081280057687615,1.1955049172840404e-09,0.07081279938137124,-1.1918018572032452e-08
1.185769796,0.15472244178153163,0.0558486208319664,0.09887382094956523,0.1074896901845932,-0.7770650642486334,-0.786223828792572,0.009158764543938602,0.022473204880952835,1.252632794133231,1.232055902481079,0.02057689165215182,0.052517879754304886,0.11518319825637277,0.06334080547094345,0.05184239278542932,0.10700331628322601,0.07269166858819356,1.4292087513467777e-09,0.07269166715898481,-6.097252480685711e-09
1.205823421,0.15872466058153167,0.0558486208319664,0.10287603974956527,0.1074896901845932,-0.7764755246708441,-0.786223828792572,0.009748304121727891,0.022473204880952835,1.253992859723478,1.232055902481079,0.021936957242398858,0.052517879754304886,0.1181703022304228,0.06334080547094345,0.054829496759479346,0.10700331628322601,0.07457270743090247,1.4292087513467777e-09,0.07457270600169372,-6.097252480685711e-09
1.225646496,0.1627232195815317,0.06042362377047539,0.1022995958110563,0.11900787800550461,-0.7758865241932528,-0.7852990627288818,0.009412538535629067,0.0241226889193058,1.255351681611595,1.2342160940170288,0.02113558759456624,0.05638720840215683,0.12115467466887456,0.06775087863206863,0.05340379603680592,0.1147315576672554,0.07645202617126302,1.075888267365599e-09,0.07645202509537476,3.259629011154175e-09
1.245815992,0.16672398458153173,0.06042362377047539,0.10630036081105634,0.11900787800550461,-0.7752971987648344,-0.7852990627288818,0.010001863964047453,0.0241226889193058,1.2567112531600484,1.2342160940170288,0.022495159143019583,0.05638720840215683,0.12414069358186858,0.06775087863206863,0.05638981494979994,0.1147315576672554,0.07833238172942249,1.075888267365599e-09,0.07833238065353422,3.259629011154175e-09
1.267491341,0.17076398898153175,0.06042362377047539,0.11034036521105636,0.11900787800550461,-0.7747020932478039,-0.7852990627288818,0.010596969481077911,0.0241226889193058,1.258084159351206,1.2342160940170288,0.02386806533417718,0.05638720840215683,0.1271559992913964,0.06775087863206863,0.059405120659327765,0.1147315576672554,0.08023117976643009,1.075888267365599e-09,0.08023117869054182,3.259629011154175e-09
1.285915136,0.17472348238153176,0.06042362377047539,0.11429985861105638,0.11900787800550461,-0.7741188472575309,-0.7852990627288818,0.011180215471350952,0.0241226889193058,1.259429705658707,1.2342160940170288,0.025213611641678124,0.05638720840215683,0.13011121465102762,0.06775087863206863,0.06236033601895899,0.1147315576672554,0.08209213771376908,1.075888267365599e-09,0.08209213663788081,3.259629011154175e-09
1.296045303,0.1767245537815318,0.06536797434091568,0.11135657944061611,0.1258356124162674,-0.7738240830661574,-0.7842925190925598,0.010468436026402461,0.025497697293758392,1.2601097255403704,1.236570119857788,0.023539605682582287,0.05962450057268143,0.13160473827629715,0.07252669334411621,0.05907804493218094,0.12108694761991501,0.08303263927516145,8.113344440729975e-10,0.08303263846382701,-1.6007106751203537e-09
1.315912247,0.1807158649815318,0.06536797434091568,0.11534789064061612,0.1258356124162674,-0.7732361502125928,-0.7842925190925598,0.011056368879966971,0.025497697293758392,1.2614660844238699,1.236570119857788,0.024895964566081785,0.05962450057268143,0.13458370123234303,0.07252669334411621,0.06205700788822682,0.12108694761991501,0.08490855155675364,8.113344440729975e-10,0.0849085507454192,-1.6007106751203537e-09
1.325849771,0.18271695938153182,0.06536797434091568,0.11734898504061614,0.1258356124162674,-0.772941382633246,-0.7842925190925598,0.011351136459313849,0.025497697293758392,1.262146112121575,1.236570119857788,0.025575992263786818,0.05962450057268143,0.13607724202393823,0.07252669334411621,0.06355054867982202,0.12108694761991501,0.08584906392812307,8.113344440729975e-10,0.08584906311678862,-1.6007106751203537e-09
1.335881710,0.18472366118153183,0.07027783989906311,0.11444582128246872,0.12275426834821701,-0.7726457890660176,-0.7833462357521057,0.01070044668608816,0.023657578974962234,1.2628280453702188,1.2387762069702148,0.02405183840000391,0.05515455827116966,0.13757496796573665,0.07707532495260239,0.06049964301313426,0.11371579021215439,0.0867922117718976,7.900886611622582e-10,0.08679221098180893,-5.8353180065751076e-09
1.356089592,0.18872347618153185,0.07533161342144012,0.11339186276009172,0.12995171546936035,-0.7720566035756252,-0.7823575139045715,0.010300910328946311,0.025778861716389656,1.264187294082172,1.241084337234497,0.023102956847674827,0.06025230512022972,0.14056027783484348,0.0818030908703804,0.05875718696446308,0.12267275899648666,0.08867212083100494,4.987593116290157e-10,0.08867212033224563,1.881562639027834e-08
1.375800848,0.1927182009815319,0.07533161342144012,0.11738658756009177,0.12995171546936035,-0.7714681678879072,-0.7823575139045715,0.010889346016664359,0.025778861716389656,1.2655448130021736,1.241084337234497,0.024460475767676515,0.06025230512022972,0.14354178857216654,0.0818030908703804,0.06173869770178614,0.12267275899648666,0.09054963750119113,4.987593116290157e-10,0.09054963700243182,1.881562639027834e-08
1.385869741,0.1947241041815319,0.07533161342144012,0.11939249076009179,0.12995171546936035,-0.7711726919570024,-0.7823575139045715,0.01118482194756909,0.025778861716389656,1.2662264748642604,1.241084337234497,0.02514213762976336,0.06025230512022972,0.14503891846928252,0.0818030908703804,0.06323582759890212,0.12267275899648666,0.09149241000376249,4.987593116290157e-10,0.09149240950500317,1.881562639027834e-08
1.405714512,0.1987225301815319,0.0806984230875969,0.11802410709393502,0.13840773701667786,-0.7705837110707348,-0.7812953591346741,0.010711648063939316,0.027327708899974823,1.2675852515552672,1.2435675859451294,0.02401766561013785,0.06390795111656189,0.14802319164159006,0.0868515744805336,0.06117161716105646,0.12975119054317474,0.09337166623425573,1.2781598002220562e-09,0.09337166495609593,9.47329681366682e-09
1.415836096,0.20072371518153193,0.0806984230875969,0.12002529209393503,0.13840773701667786,-0.7702889301457193,-0.7812953591346741,0.011006428988954764,0.027327708899974823,1.2682653100413799,1.2435675859451294,0.024697724096250484,0.06390795111656189,0.14951680005358126,0.0868515744805336,0.06266522557304766,0.12975119054317474,0.09431222118753477,1.2781598002220562e-09,0.09431221990937497,9.47329681366682e-09
1.435750008,0.20471561698153196,0.08604469895362854,0.11867091802790342,0.133574441075325,-0.7697009102948935,-0.7803054451942444,0.01060453489935087,0.024747570976614952,1.269621869627234,1.2458714246749878,0.023750444952246097,0.05759308114647865,0.15249620381101636,0.09164508432149887,0.06085111948951749,0.11983758211135864,0.09618841105053766,1.4469619946666512e-09,0.09618840960357566,-9.764335118234158e-09
1.445906639,0.20672335998153196,0.08604469895362854,0.12067866102790342,0.133574441075325,-0.7694051633555884,-0.7803054451942444,0.01090028183865599,0.024747570976614952,1.270304156704682,1.2458714246749878,0.024432732029694204,0.05759308114647865,0.15399470686491518,0.09164508432149887,0.062349622543416305,0.11983758211135864,0.09713204825727331,1.4469619946666512e-09,0.09713204681031132,-9.764335118234158e-09
1.465677261,0.210722675981532,0.09158256649971008,0.11914010948182191,0.13846249878406525,-0.7688160513694856,-0.7792587876319885,0.010442736262502916,0.026165280491113663,1.2716632358425155,1.2483114004135132,0.02335183542900232,0.060998596251010895,0.1569796442993907,0.09667783230543137,0.06030181199395934,0.1258188635110855,0.09901172278687854,1.1090665053004045e-09,0.09901172167781204,1.0710209608078003e-08
1.485815525,0.21472297178153202,0.09158256649971008,0.12314040528182194,0.13846249878406525,-0.7682267950557218,-0.7792587876319885,0.011031992576266747,0.026165280491113663,1.2730226479437206,1.2483114004135132,0.02471124753020737,0.060998596251010895,0.15996531301934064,0.09667783230543137,0.06328748071390927,0.1258188635110855,0.10089185782150617,1.1090665053004045e-09,0.10089185671243966,1.0710209608078003e-08
1.506204367,0.21872328658153206,0.09158256649971008,0.12714072008182198,0.13846249878406525,-0.7676375359431975,-0.7792587876319885,0.011621251688791023,0.026165280491113663,1.2743820665016556,1.2483114004135132,0.026070666088142458,0.060998596251010895,0.16295099592016835,0.09667783230543137,0.06627316361473698,0.1258188635110855,0.10277200178611483,1.1090665053004045e-09,0.10277200067704832,1.0710209608078003e-08
1.526610613,0.22273752718153209,0.09745500236749649,0.1252825248140356,0.14709298312664032,-0.7670462255159743,-0.7781516313552856,0.0111054058393113,0.027806174010038376,1.2757462174348912,1.250893473625183,0.024852743809708144,0.06484733521938324,0.1659470725087479,0.10199341922998428,0.06395365327876362,0.1335603892803192,0.10465869086282877,6.009136521711866e-10,0.10465869026191511,-1.1204974725842476e-08
1.546326399,0.22678738818153213,0.10326892882585526,0.12351845935567687,0.14536841213703156,-0.7664496680903671,-0.7770944237709045,0.010644755680537465,0.02643001265823841,1.277122473173679,1.2533525228500366,0.023769950323642375,0.06147541105747223,0.16896973480983205,0.10712485015392303,0.06184488465590901,0.12828576564788818,0.10656212149200175,3.9194816836563007e-10,0.10656212110005359,2.648448571562767e-09
1.566552162,0.23072424298153216,0.10326892882585526,0.1274553141556769,0.14536841213703156,-0.7658697568379864,-0.7770944237709045,0.011224666932918126,0.02643001265823841,1.2784603262533953,1.2533525228500366,0.02510780340335872,0.06147541105747223,0.17190805357899527,0.10712485015392303,0.06478320342507224,0.12828576564788818,0.10841243931992886,3.9194816836563007e-10,0.10841243892798069,2.648448571562767e-09
1.585666418,0.2347230813815322,0.10326892882585526,0.13145415255567694,0.14536841213703156,-0.765280715203885,-0.7770944237709045,0.011813708567019576,0.02643001265823841,1.2798192430894262,1.2533525228500366,0.026466720239389563,0.06147541105747223,0.17489263455098608,0.10712485015392303,0.06776778439706305,0.12828576564788818,0.11029188937801063,3.9194816836563007e-10,0.11029188898606246,2.648448571562767e-09
1.605880260,0.2387226251815322,0.10923326760530472,0.12948935757622748,0.1503334939479828,-0.7646915696621166,-0.7760292887687683,0.011337719106651711,0.026983726769685745,1.281178399640054,1.255828619003296,0.02534978063675819,0.06275533139705658,0.17787774200672218,0.11230671405792236,0.06557102794879982,0.13104969263076782,0.11217167097338858,4.932295127879627e-10,0.11217167048015907,9.720679372549057e-09
1.626495838,0.24272214618153223,0.10923326760530472,0.13348887857622752,0.1503334939479828,-0.7641024274788608,-0.7760292887687683,0.011926861289907498,0.026983726769685745,1.2825375484426063,1.255828619003296,0.026708929439310358,0.06275533139705658,0.18086283244540496,0.11230671405792236,0.0685561183874826,0.13104969263076782,0.11405144185278927,4.932295127879627e-10,0.11405144135955976,9.720679372549057e-09
1.645768166,0.24672342478153228,0.11530230194330215,0.13142112283823013,0.15294410288333893,-0.7635130263955264,-0.774941623210907,0.011428596815380554,0.02754521369934082,1.2838972945266665,1.258357286453247,0.025540008073419385,0.06406745314598083,0.18384923468991526,0.11759746074676514,0.06625177394315013,0.1337636411190033,0.1159320388024363,1.4107316703704242e-10,0.11593203866136313,9.575160220265388e-09
1.665748596,0.2507223707815323,0.12156327813863754,0.12915909264289477,0.16013175249099731,-0.7629239689116023,-0.7737974524497986,0.010873483538196282,0.029663193970918655,1.2852562479281788,1.2610218524932861,0.024234395434892697,0.06915713101625443,0.18683389597045583,0.12312686443328857,0.06370703153716725,0.14270654320716858,0.11781153943241071,1.8356474673630885e-10,0.11781153924884596,-1.4784745872020721e-08
1.675732613,0.25272423418153234,0.12156327813863754,0.1311609560428948,0.16013175249099731,-0.7626290880561059,-0.7737974524497986,0.011168364393692731,0.029663193970918655,1.2859365369535352,1.2610218524932861,0.024914684460249026,0.06915713101625443,0.18832801071441868,0.12312686443328857,0.0652011462811301,0.14270654320716858,0.11875241323301285,1.8356474673630885e-10,0.1187524130494481,-1.4784745872020721e-08
1.695883989,0.25672186318153234,0.12156327813863754,0.1351585850428948,0.16013175249099731,-0.7620402245704768,-0.7737974524497986,0.011757227879321763,0.029663193970918655,1.2872950428017098,1.2610218524932861,0.026273190308423677,0.06915713101625443,0.19131168903622298,0.12312686443328857,0.0681848246029344,0.14270654320716858,0.12063129487430133,1.8356474673630885e-10,0.12063129469073658,-1.4784745872020721e-08
1.705771208,0.2587224931815324,0.12787137925624847,0.13085111392528392,0.1552964299917221,-0.7617455253987292,-0.7726621627807617,0.010916637382032524,0.02710215374827385,1.2879749126833404,1.2636635303497314,0.024311382333608966,0.06292471289634705,0.19280488321731165,0.12863318622112274,0.06417169699618891,0.13260962069034576,0.12157158897813411,-3.8454200934623373e-10,0.12157158936267612,9.225914254784584e-09
1.725536346,0.2627233311815324,0.12787137925624847,0.13485195192528393,0.1552964299917221,-0.7611561892171783,-0.7726621627807617,0.011505973563583405,0.02710215374827385,1.28933450903923,1.2636635303497314,0.025670978689498636,0.06292471289634705,0.1957909566147307,0.12863318622112274,0.06715777039360796,0.13260962069034576,0.12345197884622075,-3.8454200934623373e-10,0.12345197923076276,9.225914254784584e-09
1.735911131,0.2647235679815324,0.12787137925624847,0.13685218872528393,0.1552964299917221,-0.7608615479650432,-0.7726621627807617,0.01180061481571848,0.02710215374827385,1.2900142453005325,1.2636635303497314,0.026350714950801102,0.06292471289634705,0.19728385732628628,0.12863318622112274,0.06865067110516354,0.13260962069034576,0.12439208814644585,-3.8454200934623373e-10,0.12439208853098786,9.225914254784584e-09
1.756572247,0.2687189455815325,0.1343168467283249,0.13440209885320759,0.16219033300876617,-0.7602730161178057,-0.7715282440185547,0.011255227900748954,0.028176769614219666,1.2913719860601842,1.2662990093231201,0.0250729767370641,0.06544463336467743,0.20026585528871413,0.1341586709022522,0.06610718438646193,0.1376827210187912,0.1262699116319807,-9.910658960166074e-10,0.1262699126230466,1.367880031466484e-09
1.765492678,0.2707238937815325,0.1343168467283249,0.1364070470532076,0.16219033300876617,-0.7599776808614431,-0.7715282440185547,0.01155056315711156,0.028176769614219666,1.2920533233866311,1.2662990093231201,0.02575431406351103,0.06544463336467743,0.201762272410133,0.1341586709022522,0.0676036015078808,0.1376827210187912,0.12721223528550493,-9.910658960166074e-10,0.12721223627657083,1.367880031466484e-09
1.785705566,0.2747237677815325,0.1343168467283249,0.14040692105320762,0.16219033300876617,-0.7593884866801629,-0.7715282440185547,0.012139757338391788,0.028176769614219666,1.29341259214843,1.2662990093231201,0.027113582825309956,0.06544463336467743,0.20474762631459703,0.1341586709022522,0.07058895541234483,0.1376827210187912,0.12909217207455342,-9.910658960166074e-10,0.12909217306561932,1.367880031466484e-09
1.796421289,0.2767237725815325,0.1343168467283249,0.14240692585320763,0.16219033300876617,-0.7590938796023669,-0.7715282440185547,0.012434364416187837,0.028176769614219666,1.294092249569661,1.2662990093231201,0.02779324024654084,0.06544463336467743,0.20624035387017176,0.1341586709022522,0.07208168296791956,0.1376827210187912,0.13003217233501002,-9.910658960166074e-10,0.13003217332607592,1.367880031466484e-09
1.815776110,0.28071485538153257,0.1343168467283249,0.14639800865320768,0.16219033300876617,-0.7585059803928499,-0.7715282440185547,0.0130222636257048,0.028176769614219666,1.295448530836469,1.2662990093231201,0.02914952151334882,0.06544463336467743,0.2092191463571399,0.1341586709022522,0.0750604754548877,0.1376827210187912,0.13190797726883008,-9.910658960166074e-10,0.13190797825989597,1.367880031466484e-09
1.826088428,0.28272419018153255,0.14080412685871124,0.1419200633228213,0.16219088435173035,-0.7582099989763343,-0.770401120185852,0.012191121209517708,0.02817673794925213,1.2961313588519603,1.2689168453216553,0.027214513530305018,0.06544460356235504,0.21071883747004883,0.13966599106788635,0.07105284640216247,0.13768279552459717,0.1328523626199775,-9.89319737243477e-10,0.13285236360929722,2.6135239750146866e-08
1.846360683,0.28672269838153264,0.14731410145759583,0.1394085969239368,0.16368943452835083,-0.7576210059817448,-0.7692798376083374,0.011658831626592647,0.027978064492344856,1.2974901634768203,1.271518349647522,0.025971813829298362,0.06488992273807526,0.21370317199331168,0.1451694518327713,0.06853372016054038,0.13752521574497223,0.13473165748438873,-9.782602505836735e-10,0.13473165846264898,-1.4551915228366852e-10
1.865934849,0.29073553158153265,0.14731410145759583,0.14342143012393682,0.16368943452835083,-0.7570299028690247,-0.7692798376083374,0.012249934739312685,0.027978064492344856,1.2988538361362765,1.271518349647522,0.0273354864887545,0.06488992273807526,0.2166981981520314,0.1451694518327713,0.0715287463192601,0.13752521574497223,0.13661768508450692,-9.782602505836735e-10,0.13661768606276717,-1.4551915228366852e-10
1.886131525,0.2947631077815327,0.15400537848472595,0.14075772929680674,0.17088589072227478,-0.7564366280654427,-0.7681182622909546,0.011681634225511939,0.03009917587041855,1.300222518878389,1.2742159366607666,0.02600658221762231,0.06998720020055771,0.21970422792551839,0.1508495807647705,0.06885464716074788,0.14648133516311646,0.138510641879915,-8.432184395168463e-10,0.13851064272313343,2.287561073899269e-08
1.905536890,0.2987226057815327,0.16081668436527252,0.13790592141626018,0.16728757321834564,-0.7558533813975751,-0.7669366002082825,0.011083218810707396,0.028277598321437836,1.3015680667490983,1.2769606113433838,0.024607455405714518,0.06554459035396576,0.22265944671841476,0.15662725269794464,0.06603219402047011,0.13941682875156403,0.14037160198924942,-7.356393272317518e-12,0.1403716019966058,-1.9121216610074043e-08
1.926018000,0.30271640838153274,0.16081668436527252,0.14189972401626022,0.16728757321834564,-0.7552650815528544,-0.7669366002082825,0.011671518655428037,0.028277598321437836,1.3029252722798152,1.2769606113433838,0.02596466093643146,0.06554459035396576,0.22564026916071384,0.15662725269794464,0.0690130164627692,0.13941682875156403,0.14224868522635575,-7.356393272317518e-12,0.14224868523371215,-1.9121216610074043e-08
1.945801497,0.3067222389815328,0.16758769750595093,0.13913454147558185,0.16645696759223938,-0.7546750099454202,-0.7657989263534546,0.01112391640803434,0.027186669409275055,1.3042865652604536,1.279597282409668,0.024689282850785643,0.06287822872400284,0.22863006884498677,0.16223981976509094,0.06639024907989582,0.13522110879421234,0.14413142161146092,-6.261038354438142e-10,0.14413142223756475,6.257323548197746e-09
1.955996752,0.30872341338153275,0.16758769750595093,0.14113571587558182,0.16645696759223938,-0.7543802305818186,-0.7657989263534546,0.011418695771636012,0.027186669409275055,1.3049666201443904,1.279597282409668,0.025369337734722386,0.06287822872400284,0.2301236693455409,0.16223981976509094,0.06788384958044996,0.13522110879421234,0.14507197158275054,-6.261038354438142e-10,0.14507197220885437,6.257323548197746e-09
1.975563288,0.31272716758153285,0.16758769750595093,0.14513947007558192,0.16645696759223938,-0.7537904648347186,-0.7657989263534546,0.012008461518736024,0.027186669409275055,1.3063272075063876,1.279597282409668,0.026729925096719676,0.06287822872400284,0.23311191928378505,0.16223981976509094,0.07087209951869411,0.13522110879421234,0.14695373206192747,-6.261038354438142e-10,0.1469537326880313,6.257323548197746e-09
1.995933056,0.31672404698153284,0.17430277168750763,0.1424212752940252,0.17027762532234192,-0.7532017117675572,-0.7646971940994263,0.011495482331869034,0.02824818342924118,1.307685458619572,1.2821452617645264,0.025540196855045716,0.06539574265480042,0.23609503813264426,0.1677204668521881,0.06837457128045615,0.13999713957309723,0.14883226139196387,-1.749944772422296e-10,0.14883226156695833,1.6385456547141075e-08
2.015528440,0.32072262818153285,0.17430277168750763,0.14641985649402522,0.17027762532234192,-0.7526127080198352,-0.7646971940994263,0.012084486079591117,0.02824818342924118,1.3090442880518682,1.2821452617645264,0.026899026287341865,0.06539574265480042,0.23907942714033212,0.1677204668521881,0.07135896028814401,0.13999713957309723,0.15071159056630226,-1.749944772422296e-10,0.15071159074129675,1.6385456547141075e-08
2.027249336,0.3227235965815329,0.17430277168750763,0.14842082489402525,0.17027762532234192,-0.7523179590006897,-0.7646971940994263,0.012379235098736618,0.02824818342924118,1.3097242729312586,1.2821452617645264,0.027579011166732226,0.06539574265480042,0.24057287389031703,0.1677204668521881,0.07285240703812892,0.13999713957309723,0.15165204371779742,-1.749944772422296e-10,0.1516520438927919,1.6385456547141075e-08
2.046126842,0.3267163713815329,0.18102900683879852,0.1456873645427344,0.16936179995536804,-0.751729810554183,-0.7635969519615173,0.011867141407334358,0.02785956673324108,1.3110811291868651,1.2846888303756714,0.02639229881119376,0.0644407570362091,0.24355292922176638,0.17320384085178375,0.07034908836998263,0.1385779231786728,0.15352864388992926,9.450698557067483e-11,0.15352864379542228,1.0477378964424133e-08
2.056149006,0.32872359278153296,0.18102900683879852,0.14769458594273444,0.16936179995536804,-0.7514341404482194,-0.7635969519615173,0.0121628115132979,0.02785956673324108,1.3117632390100833,1.2846888303756714,0.027074408634411906,0.0644407570362091,0.245051042973253,0.17320384085178375,0.07184720212146925,0.1385779231786728,0.15447203594518535,9.450698557067483e-11,0.15447203585067837,1.0477378964424133e-08
2.075663805,0.332722598781533,0.1878989189863205,0.1448236797952125,0.1717490404844284,-0.7508450741261041,-0.7624543309211731,0.011609256795068967,0.0285642147064209,1.3131222128012692,1.2873340845108032,0.02578812829046595,0.06613412499427795,0.24803574903551273,0.17886598408222198,0.06916976495329075,0.14155326783657074,0.1563515647750999,4.6528977892812406e-10,0.15635156430981012,5.180481821298599e-09
2.085646868,0.334723731181533,0.1878989189863205,0.14682481219521248,0.1717490404844284,-0.7505503009492362,-0.7624543309211731,0.011904029971936847,0.0285642147064209,1.3138022534124345,1.2873340845108032,0.026468168901631284,0.06613412499427795,0.24952931818886345,0.17886598408222198,0.07066333410664147,0.14155326783657074,0.1572920950064314,4.6528977892812406e-10,0.15729209454114162,5.180481821298599e-09
2.106071711,0.33872232218153303,0.1950051635503769,0.14371715863115614,0.17481814324855804,-0.7499612957579428,-0.7612650990486145,0.01130380329067171,0.02880125120282173,1.315161086175044,1.2900910377502441,0.025070048424799873,0.06668560951948166,0.25251371451089877,0.18473362922668457,0.0677800852842142,0.14283707737922668,0.15917142878676002,5.106917666530819e-10,0.15917142827606826,-2.62516550719738e-08
2.118049145,0.340729877781533,0.1950051635503769,0.14572471423115613,0.17481814324855804,-0.7496655764232547,-0.7612650990486145,0.011599522625359793,0.02880125120282173,1.3158433095687445,1.2900910377502441,0.025752271818500372,0.06668560951948166,0.2540120776965613,0.18473362922668457,0.06927844846987674,0.14283707737922668,0.16011497791568266,5.106917666530819e-10,0.1601149774049909,-2.62516550719738e-08
2.138363600,0.34472367378153307,0.1950051635503769,0.14971851023115618,0.17481814324855804,-0.7490772775507352,-0.7612650990486145,0.012187821497879336,0.02880125120282173,1.3172005128565973,1.2900910377502441,0.027109475106353198,0.06668560951948166,0.2569928952128713,0.18473362922668457,0.0722592659861867,0.14283707737922668,0.16199205805079558,5.106917666530819e-10,0.16199205754010382,-2.62516550719738e-08
2.156006336,0.3487235949815331,0.20200437307357788,0.14671922190795522,0.176184743642807,-0.7484880764167446,-0.7601292729377747,0.011641196521030017,0.028748808428645134,1.318559797658273,1.292718529701233,0.025841267957040115,0.06653659790754318,0.2599782843456211,0.19038870930671692,0.06958957503890417,0.14287053048610687,0.16387201702379697,6.719270140287392e-10,0.16387201635186996,-8.702045306563377e-09
2.175926208,0.35272325538153315,0.20200437307357788,0.15071888230795527,0.176184743642807,-0.7478989136994248,-0.7601292729377747,0.012230359238349808,0.028748808428645134,1.3199189938328335,1.292718529701233,0.0272004641316006,0.06653659790754318,0.2629634788271648,0.19038870930671692,0.07257476952044789,0.14287053048610687,0.16575185342105858,6.719270140287392e-10,0.16575185274913157,-8.702045306563377e-09
2.195736885,0.35672266518153317,0.2090945988893509,0.14762806629218228,0.17965704202651978,-0.7473097878962832,-0.7589821815490723,0.011672393652789048,0.029382573440670967,1.3212781048465236,1.2953717708587646,0.02590633398775899,0.06802961975336075,0.2659484862703947,0.19610169529914856,0.06984679097124613,0.14580556750297546,0.16763157203657025,1.345971778476951e-09,0.16763157069059847,-1.1437805369496346e-08
2.215811968,0.3607243431815332,0.2090945988893509,0.1516297442921823,0.17965704202651978,-0.7467203279800566,-0.7589821815490723,0.012261853569015657,0.029382573440670967,1.322637986657845,1.2953717708587646,0.027266215799080395,0.06802961975336075,0.2689351866118824,0.19610169529914856,0.07283349131273387,0.14580556750297546,0.16951235670381876,1.345971778476951e-09,0.16951235535784698,-1.1437805369496346e-08
2.235749245,0.3647197859815332,0.2090945988893509,0.15562518709218232,0.17965704202651978,-0.7461317865286514,-0.7589821815490723,0.012850395020420846,0.029382573440670967,1.3239957495742756,1.2953717708587646,0.028623978715510923,0.06802961975336075,0.2719172332371118,0.19610169529914856,0.07581553793796325,0.14580556750297546,0.17139021083328854,1.345971778476951e-09,0.17139020948731676,-1.1437805369496346e-08
2.246270418,0.36676067438153326,0.2090945988893509,0.15766607549218237,0.17965704202651978,-0.745831157166346,-0.7589821815490723,0.013151024382726306,0.029382573440670967,1.3246893003832356,1.2953717708587646,0.029317529524470975,0.06802961975336075,0.27344047475759853,0.19610169529914856,0.07733877945844997,0.14580556750297546,0.17234942634495273,1.345971778476951e-09,0.17234942499898095,-1.1437805369496346e-08
2.269250870,0.3707626417815333,0.2090945988893509,0.1616680428921824,0.17965704202651978,-0.7452416546205776,-0.7589821815490723,0.0137405269284947,0.029382573440670967,1.3260492805407498,1.2953717708587646,0.030677509681985127,0.06802961975336075,0.27642739109624515,0.19610169529914856,0.08032569579709659,0.14580556750297546,0.1742303470299125,1.345971778476951e-09,0.17423034568394072,-1.1437805369496346e-08
2.286355972,0.3747246799815333,0.22341883182525635,0.15130584815627696,0.1808588057756424,-0.7446580337731584,-0.7566649913787842,0.012006957605625757,0.02949514612555504,1.327395691642278,1.3007328510284424,0.026662840613835614,0.06828685849905014,0.2793845057978597,0.2076369673013687,0.07174753849649096,0.1464298963546753,0.1760925010307124,8.657585759408448e-10,0.1760925001649538,-6.111804395914078e-09
2.306347847,0.37872332998153335,0.22341883182525635,0.155304498156277,0.1808588057756424,-0.7440690198909771,-0.7566649913787842,0.012595971487807112,0.02949514612555504,1.3287545444547335,1.3007328510284424,0.028021693426291128,0.06828685849905014,0.2823689461552522,0.2076369673013687,0.0747319788538835,0.1464298963546753,0.17797186254098213,8.657585759408448e-10,0.17797186167522355,-6.111804395914078e-09
2.315634251,0.38072564298153333,0.23065295815467834,0.15007268482685499,0.1808590143918991,-0.7437740728079686,-0.7554851770401001,0.011711104232131508,0.029495134949684143,1.3294349862667114,1.303464412689209,0.02597057357750243,0.06828682124614716,0.2838633964635642,0.2134941667318344,0.07036922973172977,0.14642995595932007,0.17891294765313567,1.0673070066635759e-10,0.17891294754640497,1.0797521099448204e-08
2.335985422,0.3847232839815334,0.23065295815467834,0.15407032582685504,0.1808590143918991,-0.7431852075547013,-0.7554851770401001,0.012299969485398798,0.029495134949684143,1.330793496192821,1.303464412689209,0.02732908350361196,0.06828682124614716,0.2868470837417123,0.2134941667318344,0.0733529170098779,0.14642995595932007,0.18079183493441217,1.0673070066635759e-10,0.18079183482768146,1.0797521099448204e-08
2.356061935,0.38872334558153343,0.2384125143289566,0.15031083125257683,0.1939908266067505,-0.7425959857393435,-0.7541654109954834,0.011569425256139909,0.03299275413155556,1.332152828706333,1.3065316677093506,0.025621160996982306,0.07668080925941467,0.28983257766368503,0.219947949051857,0.06988462861182804,0.16134481132030487,0.1826718598952735,-1.144584149681549e-10,0.1826718600097319,-1.3969838619232178e-09
2.376010180,0.39272340618153345,0.2384125143289566,0.15431089185257685,0.1939908266067505,-0.742006764071289,-0.7541654109954834,0.012158646924194438,0.03299275413155556,1.333512160880017,1.3065316677093506,0.02698049317066631,0.07668080925941467,0.29281807083929573,0.219947949051857,0.07287012178743874,0.16134481132030487,0.1845518843861358,-1.144584149681549e-10,0.1845518845005942,-1.3969838619232178e-09
2.395994902,0.3967223733815335,0.24569331109523773,0.15102906228629576,0.1800842136144638,-0.7414177034645372,-0.753013014793396,0.011595311328858826,0.028099603950977325,1.3348711214858806,1.309194803237915,0.02567631824796557,0.06486204266548157,0.29580274794271044,0.22571520507335663,0.07008754286935381,0.14130695164203644,0.18643139498008904,-1.225642587421305e-09,0.18643139620573163,-8.64383764564991e-09
2.405772924,0.3987235863815335,0.24569331109523773,0.15303027528629576,0.1800842136144638,-0.7411229184150325,-0.753013014793396,0.011890096378363468,0.028099603950977325,1.335551189487174,1.309194803237915,0.026356386249259067,0.06486204266548157,0.29729637725283725,0.22571520507335663,0.07158117217948062,0.14130695164203644,0.18737196309334014,-1.225642587421305e-09,0.18737196431898273,-8.64383764564991e-09
2.425671816,0.40272255178153354,0.2530039846897125,0.14971856709182102,0.18517433106899261,-0.7405338580734266,-0.7519023418426514,0.011368483769224724,0.02847426012158394,1.3369101494813478,1.3117551803588867,0.02515496912246107,0.06570810824632645,0.30028105301280034,0.2313288152217865,0.06895223779101384,0.1433258354663849,0.18925147284129518,-1.0772130965008841e-09,0.18925147391850827,-2.7939677238464355e-09
2.436033487,0.4047241261815336,0.2530039846897125,0.15172014149182106,0.18517433106899261,-0.7402390197885508,-0.7519023418426514,0.011663322054100589,0.02847426012158394,1.3375903402964424,1.3117551803588867,0.025835159937555696,0.06570810824632645,0.3017749520581491,0.2313288152217865,0.07044613683636258,0.1433258354663849,0.19019221081218568,-1.0772130965008841e-09,0.19019221188939878,-2.7939677238464355e-09
2.456193209,0.4087223413815336,0.2530039846897125,0.1557183566918211,0.18517433106899261,-0.7396500699537945,-0.7519023418426514,0.012252271888856914,0.02847426012158394,1.3389490453517292,1.3117551803588867,0.027193864992842487,0.06570810824632645,0.30475906789734986,0.2313288152217865,0.07343025267556336,0.1433258354663849,0.19207136796688928,-1.0772130965008841e-09,0.19207136904410238,-2.7939677238464355e-09
2.466478825,0.4107224671815336,0.2603010833263397,0.15042138385519388,0.1860375702381134,-0.739355445052313,-0.7507641911506653,0.011408746098352296,0.029515132308006287,1.339628743892135,1.3143815994262695,0.025247144465865512,0.06821002066135406,0.30625188576272494,0.23705905675888062,0.06919282900384432,0.14773954451084137,0.19301142509722513,-1.8839712012663767e-09,0.19301142698119633,-2.1798769012093544e-08
2.485830784,0.41472255778153366,0.2603010833263397,0.15442147445519394,0.1860375702381134,-0.7387662189651628,-0.7507641911506653,0.01199797218550247,0.029515132308006287,1.340988086260656,1.3143815994262695,0.02660648683438649,0.06821002066135406,0.30923740132919525,0.23705905675888062,0.07217834457031463,0.14773954451084137,0.1948914636880575,-1.8839712012663767e-09,0.1948914655720287,-2.1798769012093544e-08
2.505924225,0.41872322378153365,0.2674875855445862,0.15123563823694747,0.17966580390930176,-0.7381769081197598,-0.7496649622917175,0.011488054171957751,0.027481570839881897,1.3423476241661478,1.3169152736663818,0.025432350499766,0.06333886086940765,0.3122233463523526,0.24262280762195587,0.06960053873039673,0.1390937715768814,0.19677177271631574,-1.7233180438225304e-09,0.19677177443963378,-2.1391315385699272e-09
2.526975393,0.4227245051815337,0.2674875855445862,0.15523691963694752,0.17966580390930176,-0.7375875066239765,-0.7496649622917175,0.012077455667740988,0.027481570839881897,1.3437073712017262,1.3169152736663818,0.026792097535344395,0.06333886086940765,0.3152097506866765,0.24262280762195587,0.07258694306472063,0.1390937715768814,0.19865237098195998,-1.7233180438225304e-09,0.19865237270527802,-2.1391315385699272e-09
2.538078070,0.4247690073815337,0.2674875855445862,0.15728142183694754,0.17966580390930176,-0.7372863449374197,-0.7496649622917175,0.012378617354297794,0.027481570839881897,1.3444021500807333,1.3169152736663818,0.027486876414351435,0.06333886086940765,0.3167356894101101,0.24262280762195587,0.07411288178815423,0.1390937715768814,0.19961328497601843,-1.7233180438225304e-09,0.19961328669933648,-2.1391315385699272e-09
2.556047440,0.42871742618153375,0.2749309837818146,0.15378644239971917,0.18530578911304474,-0.7367047302710034,-0.7484972476959229,0.01179251742491949,0.02878418192267418,1.3457439329302279,1.3196133375167847,0.026130595413443203,0.06646731495857239,0.3196826391092854,0.24847707152366638,0.07120556758561902,0.1446632444858551,0.20146903787240733,-1.4037579987302706e-09,0.20146903927616533,2.0925654098391533e-08
2.565815687,0.4307238799815338,0.2749309837818146,0.1557928961997192,0.18530578911304474,-0.7364091732349649,-0.7484972476959229,0.012088074460957943,0.02878418192267418,1.3464257819015537,1.3196133375167847,0.02681244438476904,0.06646731495857239,0.3211801799533112,0.24847707152366638,0.07270310842964484,0.1446632444858551,0.20241206915642931,-1.4037579987302706e-09,0.2024120705601873,2.0925654098391533e-08
2.586079836,0.4347227801815338,0.28241080045700073,0.1523119797245331,0.18628334999084473,-0.7358201224975266,-0.747319757938385,0.011499635440858413,0.0293816439807415,1.3477847197389483,1.3223347663879395,0.025449953351008858,0.06790550798177719,0.32416480705047274,0.254374235868454,0.06979057118201876,0.14720958471298218,0.2042915482604494,2.900849005449402e-10,0.2042915479703645,1.2485543265938759e-08
2.596094847,0.4367239837815338,0.28241080045700073,0.1543131833245331,0.18628334999084473,-0.7355253388326719,-0.747319757938385,0.011794419105713105,0.0293816439807415,1.3484647845458597,1.3223347663879395,0.026130018157920265,0.06790550798177719,0.3256584293447969,0.254374235868454,0.0712841934763429,0.14720958471298218,0.2052321119557099,2.900849005449402e-10,0.205232111665625,1.2485543265938759e-08
2.605962038,0.43872419458153383,0.28241080045700073,0.1563133941245331,0.18628334999084473,-0.7352307014104197,-0.747319757938385,0.012089056527965325,0.0293816439807415,1.3491445119716368,1.3223347663879395,0.02680974558369731,0.06790550798177719,0.32715131065094083,0.254374235868454,0.07277707478248685,0.14720958471298218,0.20617220903596092,2.900849005449402e-10,0.20617220874587602,1.2485543265938759e-08
2.625654697,0.4427225253815339,0.28241080045700073,0.16031172492453316,0.18628334999084473,-0.7346417345474151,-0.747319757938385,0.012678023390969906,0.0293816439807415,1.3505032563110282,1.3223347663879395,0.028168489923088735,0.06790550798177719,0.3301355127695873,0.254374235868454,0.07576127690113332,0.14720958471298218,0.20805142052254919,2.900849005449402e-10,0.20805142023246428,1.2485543265938759e-08
2.635969162,0.4447236479815339,0.2898886799812317,0.15483496800030222,0.18934856355190277,-0.7343469628141185,-0.7461539506912231,0.011806987877104658,0.029853299260139465,1.35118329359188,1.3250278234481812,0.02615547014369879,0.0690288245677948,0.33162907460859053,0.26022711396217346,0.07140196064641707,0.14931175112724304,0.20899194614789046,3.571742901442576e-11,0.20899194611217303,2.240994945168495e-09
2.656349182,0.44872283858153394,0.2898886799812317,0.15883415860030226,0.18934856355190277,-0.7337578692998351,-0.7461539506912231,0.012396081391388036,0.029853299260139465,1.3525423301152955,1.3250278234481812,0.027514506667114302,0.0690288245677948,0.33461391844927296,0.26022711396217346,0.0743868044870995,0.14931175112724304,0.21087156173962082,3.571742901442576e-11,0.2108715617039034,2.240994945168495e-09
2.675984383,0.452723950181534,0.2972956895828247,0.1554282605987093,0.18757447600364685,-0.7331684928161327,-0.7450210452079773,0.011852552391844573,0.029029445722699165,1.353902019448097,1.3276413679122925,0.02626065153580459,0.06703630089759827,0.3376001960513315,0.26594632863998413,0.07165386741134738,0.14596675336360931,0.21275208019943445,2.179074143349169e-10,0.21275207998152704,7.392372936010361e-09
2.696530104,0.456723687181534,0.2972956895828247,0.1594279975987093,0.18757447600364685,-0.7325793188153888,-0.7450210452079773,0.012441726392588448,0.029029445722699165,1.3552612416534744,1.3276413679122925,0.02761987374118191,0.06703630089759827,0.3405854477042034,0.26594632863998413,0.07463911906421927,0.14596675336360931,0.21463195259861964,2.179074143349169e-10,0.21463195238071223,7.392372936010361e-09
2.705690145,0.45872510058153404,0.3049551248550415,0.15376997572649254,0.19059470295906067,-0.732284504246326,-0.7438187599182129,0.011534255671886928,0.02967197448015213,1.355941377756278,1.3304215669631958,0.025519810793082298,0.06857354193925858,0.34207922658527234,0.2719603478908539,0.07011887869441846,0.1487656980752945,0.21557261489967078,3.08711362029257e-10,0.21557261459095942,4.249159246683121e-09
2.726064682,0.4627233619815341,0.3049551248550415,0.15776823712649257,0.19059470295906067,-0.7316955476061624,-0.7438187599182129,0.012123212312050491,0.02967197448015213,1.3573000985116135,1.3304215669631958,0.026878531548417683,0.06857354193925858,0.3450633769063969,0.2719603478908539,0.073103029015543,0.1487656980752945,0.21745179376832827,3.08711362029257e-10,0.2174517934596169,4.249159246683121e-09
2.746362925,0.4667240395815341,0.3123674690723419,0.15435657050919216,0.18651138246059418,-0.7311062350520424,-0.7426916360855103,0.011585401033467835,0.028532318770885468,1.358659640359109,1.3330210447311401,0.025638595627968774,0.06583739817142487,0.3480493305873533,0.27765917778015137,0.07039015280720196,0.143968865275383,0.21933210824857494,1.1195440130506995e-09,0.21933210712903092,1.714215613901615e-08
2.756604195,0.4687254311815341,0.3123674690723419,0.15635796210919217,0.18651138246059418,-0.7308114236941889,-0.7426916360855103,0.01188021239132131,0.028532318770885468,1.3593397690536644,1.3330210447311401,0.026318724322524245,0.06583739817142487,0.3495430931977309,0.27765917778015137,0.07188391541757955,0.143968865275383,0.2202727603036478,1.1195440130506995e-09,0.2202727591841038,1.714215613901615e-08
2.767487049,0.4709035567815341,0.3123674690723419,0.1585360877091922,0.18651138246059418,-0.7304905788551721,-0.7426916360855103,0.012201057230338153,0.028532318770885468,1.36007995689142,1.3330210447311401,0.02705891216027978,0.06583739817142487,0.3511687633474339,0.27765917778015137,0.07350958556728254,0.143968865275383,0.22129647716238096,1.1195440130506995e-09,0.22129647604283695,1.714215613901615e-08
2.785783768,0.47471664158153415,0.3123674690723419,0.16234917250919223,0.18651138246059418,-0.7299288993180447,-0.7426916360855103,0.012762736767465532,0.028532318770885468,1.361375749472569,1.3330210447311401,0.02835470474142876,0.06583739817142487,0.3540147048935257,0.27765917778015137,0.07635552711337434,0.143968865275383,0.22308862321380196,1.1195440130506995e-09,0.22308862209425795,1.714215613901615e-08
2.795844793,0.4767235991815342,0.31998008489608765,0.15674351428544653,0.18931612372398376,-0.7296332680706614,-0.7415116429328918,0.011878374862230423,0.029053393751382828,1.3620577696491882,1.335747241973877,0.02631052767531128,0.06707464158535004,0.3555126217547203,0.2835841178894043,0.07192850386531602,0.1463073045015335,0.22403189128332127,1.4047615293222293e-09,0.22403188987855974,-9.604264050722122e-10
2.815988541,0.48072705098153423,0.31998008489608765,0.16074696608544659,0.18931612372398376,-0.7290435468680446,-0.7415116429328918,0.012468096064847223,0.029053393751382828,1.36341825424723,1.335747241973877,0.027671012273353,0.06707464158535004,0.3585006459930997,0.2835841178894043,0.07491652810369542,0.1463073045015335,0.22591350963479992,1.4047615293222293e-09,0.2259135082300384,-9.604264050722122e-10
2.836229801,0.48472314858153426,0.327437162399292,0.15728598618224227,0.18762709200382233,-0.7284549089625136,-0.7403778433799744,0.011922934417460729,0.02869812399148941,1.364776239682966,1.3383620977401733,0.02641414194279257,0.06622239947319031,0.36148318133615787,0.2893175184726715,0.07216566286348636,0.14482852816581726,0.22779167151961638,1.3960304023896697e-09,0.22779167012358598,-1.3606040738523006e-08
2.856305122,0.4887232617815343,0.327437162399292,0.1612860993822423,0.18762709200382233,-0.7278656795463114,-0.7403778433799744,0.012512163833662937,0.02869812399148941,1.3661355897315974,1.3383620977401733,0.027773491991424093,0.06622239947319031,0.36446871377040907,0.2893175184726715,0.07515119529773756,0.14482852816581726,0.2296717207324262,1.3960304023896697e-09,0.2296717193363958,-1.3606040738523006e-08
2.875868797,0.4927157775815343,0.3351432979106903,0.15757247967084398,0.1904861330986023,-0.7272775692513299,-0.7391756176948547,0.011898048443524822,0.029296206310391426,1.367492357971779,1.3411413431167603,0.026351014855018784,0.06765274703502655,0.3674485757941039,0.2953416109085083,0.07210696488559559,0.14743414521217346,0.23154819917481648,1.6460323104539043e-09,0.23154819752878417,2.3414031602442265e-08
2.885891199,0.4947237221815343,0.3351432979106903,0.159580424270844,0.1904861330986023,-0.7269817926157026,-0.7391756176948547,0.01219382507915212,0.029296206310391426,1.368174713558531,1.3411413431167603,0.027033370441770677,0.06765274703502655,0.3689472293145792,0.2953416109085083,0.07360561840607088,0.14743414521217346,0.23249193113335098,1.6460323104539043e-09,0.23249192948731867,2.3414031602442265e-08
2.905729771,0.49872241778153437,0.34259700775146484,0.15612541003006952,0.1863422393798828,-0.726392772016496,-0.7380531430244446,0.011660371007948589,0.02806018851697445,1.3695335818671381,1.3437286615371704,0.02580492032996773,0.06468422710895538,0.3719317037060783,0.3010309338569641,0.0709007698491142,0.1422336995601654,0.23437131407557524,1.3686728417283689e-09,0.2343713127069024,-1.8888385966420174e-08
2.915873289,0.5007234115815344,0.34259700775146484,0.1581264038300696,0.1863422393798828,-0.7260980192558496,-0.7380531430244446,0.011955123768594977,0.02806018851697445,1.3702135753781572,1.3437286615371704,0.026484913840986835,0.06468422710895538,0.37342516941365766,0.3010309338569641,0.07239423555669355,0.1422336995601654,0.23531177916504503,1.3686728417283689e-09,0.2353117777963722,-1.8888385966420174e-08
2.925998688,0.5027232631815344,0.34259700775146484,0.16012625543006953,0.1863422393798828,-0.7258034347449016,-0.7380531430244446,0.01224970827954297,0.02806018851697445,1.3708931807377545,1.3437286615371704,0.027164519200584047,0.06468422710895538,0.37491778262657605,0.3010309338569641,0.07388684876961193,0.1422336995601654,0.23625170742165447,1.3686728417283689e-09,0.23625170605298162,-1.8888385966420174e-08
2.935637951,0.5047271291815344,0.34259700775146484,0.16213012143006955,0.1863422393798828,-0.7255082589000461,-0.7380531430244446,0.01254488412439847,0.02806018851697445,1.3715741503024534,1.3437286615371704,0.027845488765283033,0.06468422710895538,0.3764133920350531,0.3010309338569641,0.07538245817808897,0.1422336995601654,0.2371935224422585,1.3686728417283689e-09,0.23719352107358566,-1.8888385966420174e-08
2.955919743,0.5087235193815345,0.34259700775146484,0.16612651163006964,0.1863422393798828,-0.7249195778936032,-0.7380531430244446,0.013133565130841407,0.02806018851697445,1.3729322351718316,1.3437286615371704,0.029203573634661195,0.06468422710895538,0.37939614576362846,0.3010309338569641,0.07836521190666434,0.1422336995601654,0.239071821848783,1.3686728417283689e-09,0.23907182048011016,-1.8888385966420174e-08
2.977604628,0.5127223371815345,0.35024964809417725,0.16247268908735724,0.18908418715000153,-0.7243305392939473,-0.7368777394294739,0.01254720013552657,0.02858811989426613,1.3742911450074078,1.3464431762695312,0.02784796873787654,0.0659400224685669,0.3823807113605624,0.30694639682769775,0.07543431453286464,0.14458152651786804,0.24095126222488533,1.2589513875838065e-09,0.24095126096593394,-5.136826075613499e-09
2.985883474,0.5147229863815345,0.3579230010509491,0.15679998533058537,0.18963313102722168,-0.7240358372939786,-0.7356981635093689,0.011662326215390317,0.028971541672945023,1.374971021413734,1.3491674661636353,0.02580355525009881,0.06686721742153168,0.3838739198718012,0.31288161873817444,0.07099230113362676,0.14619623124599457,0.24189156535269896,1.0397096378289561e-11,0.24189156534230186,2.9482180252671242e-08
3.005742788,0.5187228641815346,0.3579230010509491,0.16079986313058547,0.18963313102722168,-0.7234466425529463,-0.7356981635093689,0.012251520956422568,0.028971541672945023,1.376330291466879,1.3491674661636353,0.027162825303243654,0.06686721742153168,0.3868592766124408,0.31288161873817444,0.07397765787426636,0.14619623124599457,0.24377150392774366,1.0397096378289561e-11,0.24377150391734656,2.9482180252671242e-08
3.015945196,0.5207239187815346,0.3579230010509491,0.16280091773058547,0.18963313102722168,-0.7231518808362662,-0.7356981635093689,0.012546282673102649,0.028971541672945023,1.377010305639434,1.3491674661636353,0.027842839475798797,0.06686721742153168,0.3883527876988289,0.31288161873817444,0.07547116896065448,0.14619623124599457,0.2447119975931528,1.0397096378289561e-11,0.2447119975827557,2.9482180252671242e-08
3.025816679,0.5227272003815345,0.3579230010509491,0.16480419933058543,0.18963313102722168,-0.7228567910753924,-0.7356981635093689,0.012841372433976539,0.028971541672945023,1.3776910766087112,1.3491674661636353,0.028523610445075898,0.06686721742153168,0.38984796093336105,0.31288161873817444,0.07696634219518661,0.14619623124599457,0.2456535379463399,1.0397096378289561e-11,0.2456535379359428,2.9482180252671242e-08
3.046485901,0.5267174603815346,0.3579230010509491,0.16879445933058546,0.18963313102722168,-0.7222690130669362,-0.7356981635093689,0.013429150442432647,0.028971541672945023,1.3790470782651272,1.3491674661636353,0.029879612101491926,0.06686721742153168,0.3928261393136867,0.31288161873817444,0.07994452057551227,0.14619623124599457,0.24752895616498094,1.0397096378289561e-11,0.24752895615458384,2.9482180252671242e-08
3.055765629,0.5287236129815346,0.3579230010509491,0.1708006119305855,0.18963313102722168,-0.7219735003986172,-0.7356981635093689,0.013724663110751711,0.028971541672945023,1.379728824880291,1.3491674661636353,0.030561358716655773,0.06686721742153168,0.3943234553534821,0.31288161873817444,0.08144183661530768,0.14619623124599457,0.24847184588530344,1.0397096378289561e-11,0.24847184587490634,2.9482180252671242e-08
3.075694323,0.5327230857815346,0.37347152829170227,0.15925155748983233,0.1905614584684372,-0.721384365315375,-0.7332884669303894,0.011904101615014429,0.02879387140274048,1.3810879573031385,1.3547372817993164,0.026350675503822085,0.06642631441354752,0.3973085098175172,0.3249707818031311,0.0723377280143861,0.1455828696489334,0.25035159411075225,1.2688468054022906e-09,0.25035159284190545,5.4569682106375694e-09
3.085945845,0.5347321173815347,0.37347152829170227,0.16126058908983243,0.1905614584684372,-0.7210884285611852,-0.7332884669303894,0.012200038369204247,0.02879387140274048,1.381770682282812,1.3547372817993164,0.027033400483495562,0.06642631441354752,0.3988079746334718,0.3249707818031311,0.07383719283034068,0.1455828696489334,0.2512958369582022,1.2688468054022906e-09,0.2512958356893554,5.4569682106375694e-09
3.106075764,0.5387173847815346,0.3814304769039154,0.15728690787761923,0.20002983510494232,-0.7205013859786124,-0.7320376634597778,0.01153627748116548,0.03162170946598053,1.3831249873144795,1.3576323986053467,0.025492588709132846,0.07322267442941666,0.40178242672694353,0.33121225237846375,0.07057017434847979,0.15752673149108887,0.25316890865982467,1.4944014914419768e-09,0.2531689071654232,5.922629497945309e-09
3.116136312,0.5407235869815347,0.3814304769039154,0.15929311007761926,0.20002983510494232,-0.7202058660040553,-0.7320376634597778,0.011831797455722493,0.03162170946598053,1.3838067507851068,1.3576323986053467,0.026174352179760163,0.07322267442941666,0.4032797797862935,0.33121225237846375,0.07206752740782973,0.15752673149108887,0.2541118216920977,1.4944014914419768e-09,0.2541118201976962,5.922629497945309e-09
3.125805616,0.5427243729815348,0.3814304769039154,0.16129389607761935,0.20002983510494232,-0.7199111438530108,-0.7320376634597778,0.012126519606767028,0.03162170946598053,1.384486673679889,1.3576323986053467,0.02685427507454241,0.07322267442941666,0.4047730903998521,0.33121225237846375,0.07356083802138835,0.15752673149108887,0.2550521891157748,1.4944014914419768e-09,0.2550521876213733,5.922629497945309e-09
3.145834923,0.5467230923815347,0.3814304769039154,0.1652926154776193,0.20002983510494232,-0.7193221197479884,-0.7320376634597778,0.012715543711789401,0.03162170946598053,1.3858455500764004,1.3576323986053467,0.028213151471053743,0.07322267442941666,0.40775758255476646,0.33121225237846375,0.07654533017630272,0.15752673149108887,0.2569315832439753,1.4944014914419768e-09,0.2569315817495738,5.922629497945309e-09
3.165743589,0.5507174205815348,0.38935184478759766,0.16136557579393718,0.17744916677474976,-0.7187337424807136,-0.7308028340339661,0.01206909155325242,0.029998095706105232,1.387202934220659,1.3604885339736938,0.026714400246965253,0.06939045339822769,0.4107387972849257,0.3373904824256897,0.07334831485923599,0.1513846516609192,0.25880891351255725,2.1579686926287422e-09,0.25880891135458856,-2.9598595574498177e-08
3.176428080,0.5527249063815348,0.38935184478759766,0.16337306159393716,0.17744916677474976,-0.7184380334277879,-0.7308028340339661,0.012364800606178172,0.029998095706105232,1.3878851338943725,1.3604885339736938,0.027396599920678666,0.06939045339822769,0.41223710837452154,0.3373904824256897,0.07484662594883185,0.1513846516609192,0.2597524298355495,2.1579686926287422e-09,0.25975242767758083,-2.9598595574498177e-08
3.195796013,0.5567239277815348,0.3969982862472534,0.15972564153428137,0.1911265254020691,-0.7178489648372035,-0.7296842932701111,0.011835328432907577,0.027963930740952492,1.3892441129189081,1.363063931465149,0.02618018145375922,0.0643841028213501,0.4152218259307559,0.34308984875679016,0.07213197717396574,0.14248420298099518,0.2616319659034487,1.5764741734258791e-09,0.26163196432697455,7.144990377128124e-09
3.215827227,0.5607230879815348,0.3969982862472534,0.1637248017342814,0.1911265254020691,-0.717259875800937,-0.7296842932701111,0.01242441746917411,0.027963930740952492,1.3906031391115556,1.363063931465149,0.027539207646406716,0.0643841028213501,0.4182066470820339,0.34308984875679016,0.07511679832524376,0.14248420298099518,0.2635115672072094,1.5764741734258791e-09,0.26351156563073524,7.144990377128124e-09
3.235650539,0.5647232351815349,0.40493443608283997,0.15978879909869492,0.17862845957279205,-0.7166706413764266,-0.7284771203994751,0.011806479023048544,0.029459211975336075,1.3919625007143355,1.365851640701294,0.026110860013041526,0.06802824139595032,0.4211922048925927,0.34916380047798157,0.07202840441461111,0.14927083253860474,0.2653916323999853,2.386433717305181e-09,0.2653916300135516,-2.708111423999071e-08
3.256467581,0.5687239919815349,0.40493443608283997,0.16378955589869493,0.17862845957279205,-0.7160813171558943,-0.7284771203994751,0.012395803243580805,0.029459211975336075,1.3933220694762,1.365851640701294,0.02747042877490613,0.06802824139595032,0.42417821768541847,0.34916380047798157,0.0750144172074369,0.14927083253860474,0.2672719841041529,2.386433717305181e-09,0.2672719817177192,-2.708111423999071e-08
3.266678095,0.5707263619815349,0.40493443608283997,0.16579192589869496,0.17862845957279205,-0.7157863616766043,-0.7284771203994751,0.012690758722870843,0.029459211975336075,1.394002530658368,1.365851640701294,0.028150889957074154,0.06802824139595032,0.4256727105363637,0.34916380047798157,0.07650891005838212,0.14927083253860474,0.2682130960062496,2.386433717305181e-09,0.2682130936198159,-2.708111423999071e-08
3.276283264,0.572724313581535,0.40493443608283997,0.167789877498695,0.17862845957279205,-0.7154920570417084,-0.7284771203994751,0.012985063357766724,0.029459211975336075,1.394681490344965,1.365851640701294,0.02882984964367097,0.06802824139595032,0.42716390566150764,0.34916380047798157,0.07800010518352607,0.14927083253860474,0.26915213126475485,2.386433717305181e-09,0.26915212887832113,-2.708111423999071e-08
3.295758247,0.576723034781535,0.4126494228839874,0.16407361189754754,0.1940721571445465,-0.7149030326715402,-0.7273147702217102,0.012411737550169999,0.02941100299358368,1.3960403673531663,1.3685322999954224,0.027508067357743915,0.0678655281662941,0.43014839915987363,0.35504835844039917,0.07510004071947446,0.1486065685749054,0.27103152623895355,1.7461494472570394e-09,0.2710315244928041,-8.13452061265707e-09
3.306009054,0.578723669381535,0.4126494228839874,0.16607424649754754,0.1940721571445465,-0.714608332822198,-0.7273147702217102,0.01270643739951216,0.02941100299358368,1.3967202387980053,1.3685322999954224,0.028187938802582968,0.0678655281662941,0.4316415967742274,0.35504835844039917,0.07659323833382825,0.1486065685749054,0.27197182250478175,1.7461494472570394e-09,0.2719718207586323,-8.13452061265707e-09
3.316105843,0.580725075381535,0.4126494228839874,0.16807565249754752,0.1940721571445465,-0.7143135193431787,-0.7273147702217102,0.013001250878531545,0.02941100299358368,1.3974003723860826,1.3685322999954224,0.02886807239066025,0.0678655281662941,0.43313537013221765,0.35504835844039917,0.07808701169181848,0.1486065685749054,0.27291248132784024,1.7461494472570394e-09,0.2729124795816908,-8.13452061265707e-09
3.335680246,0.5847231029815351,0.4202713966369629,0.16445170634457218,0.19174903631210327,-0.7137245971424999,-0.7261954545974731,0.012470857454973228,0.028335798531770706,1.3987590136896562,1.371108889579773,0.027650124109883212,0.06526453047990799,0.4361193459539098,0.3607509136199951,0.07536843233391466,0.14405710995197296,0.27479155031073105,2.0127406408221304e-09,0.2747915482979904,2.3006577976047993e-08
3.355771065,0.5887223071815351,0.42808544635772705,0.16063686082380801,0.1989489197731018,-0.7131355016248933,-0.7250195741653442,0.011884072540450985,0.030458100140094757,1.400118054834731,1.373821496963501,0.026296557871229975,0.07036463171243668,0.4391041999451153,0.3666924238204956,0.07241177612461969,0.15301808714866638,0.2766711722944478,9.053399141478735e-10,0.2766711713891079,8.87666828930378e-10
3.366027594,0.5907233055815351,0.42808544635772705,0.16263785922380802,0.1989489197731018,-0.7128407481866522,-0.7250195741653442,0.01217882597869202,0.030458100140094757,1.4007980499089583,1.373821496963501,0.02697655294545731,0.07036463171243668,0.44059766908595976,0.3666924238204956,0.07390524526546416,0.15301808714866638,0.277611639545913,9.053399141478735e-10,0.2776116386405731,8.87666828930378e-10
3.385851860,0.5947233861815351,0.42808544635772705,0.16663793982380803,0.1989489197731018,-0.7122515235725339,-0.7250195741653442,0.012768050592810387,0.030458100140094757,1.4021573888792003,1.373821496963501,0.028335891915699296,0.07036463171243668,0.44358317718881024,0.3666924238204956,0.07689075336831463,0.15301808714866638,0.27949167343675535,9.053399141478735e-10,0.27949167253141544,8.87666828930378e-10
3.396831989,0.5967241025815351,0.4360569417476654,0.16066716083386967,0.20408569276332855,-0.7119568116737911,-0.7237994074821472,0.011842595808356116,0.03191949054598808,1.402837288121961,1.3766409158706665,0.026196372251294564,0.07388820499181747,0.44507643585557455,0.3728249967098236,0.07225143914575094,0.1592906266450882,0.28043200814850194,2.3493873513302788e-11,0.28043200812500807,-9.240466170012951e-09
3.405847073,0.5987243503815352,0.4360569417476654,0.16266740863386975,0.20408569276332855,-0.7116621688013209,-0.7237994074821472,0.012137238680826279,0.03191949054598808,1.4035170281213702,1.3766409158706665,0.026876112250703743,0.07388820499181747,0.44656934477711197,0.3728249967098236,0.07374434806728836,0.1592906266450882,0.2813721226187161,2.3493873513302788e-11,0.2813721225952222,-9.240466170012951e-09
3.425970793,0.6027230229815351,0.4360569417476654,0.16666608123386972,0.20408569276332855,-0.7110731515900877,-0.7237994074821472,0.012726255892059557,0.03191949054598808,1.404875888613936,1.3766409158706665,0.028234972743269582,0.07388820499181747,0.4495538020022854,0.3728249967098236,0.07672880529246179,0.1592906266450882,0.2832514947509633,2.3493873513302788e-11,0.2832514947274694,-9.240466170012951e-09
3.446134806,0.6067223011815353,0.44390732049942017,0.16281498068211508,0.19516140222549438,-0.7104840451720453,-0.7226157188415527,0.012131673669507403,0.02902962826192379,1.4062349549062751,1.3793734312057495,0.026861523700525636,0.06696145981550217,0.4525387112242779,0.3788018226623535,0.0737368885619244,0.1470613330602646,0.2851311515146062,1.2855870534789204e-10,0.2851311513860475,2.1391315385699272e-09
3.455924034,0.6087225847815352,0.44390732049942017,0.16481526428211501,0.19516140222549438,-0.7101893970261212,-0.7226157188415527,0.012426321815431574,0.02902962826192379,1.406914707071523,1.3793734312057495,0.027541275865773596,0.06696145981550217,0.45403164686557446,0.3788018226623535,0.07522982420322094,0.1470613330602646,0.28607128281078464,1.2855870534789204e-10,0.2860712826822259,2.1391315385699272e-09
3.465961456,0.6107241265815352,0.44390732049942017,0.16681680608211502,0.19516140222549438,-0.7098945635433292,-0.7226157188415527,0.012721155298223485,0.02902962826192379,1.4075948868082284,1.3793734312057495,0.028221455602478906,0.06696145981550217,0.4555255215795224,0.3788018226623535,0.0767236989171689,0.1470613330602646,0.2870120054597077,1.2855870534789204e-10,0.28701200533114896,2.1391315385699272e-09
3.485928535,0.6147231297815353,0.4519061744213104,0.1628169553602249,0.19996146857738495,-0.7093054976336628,-0.7213979959487915,0.012092498315128708,0.030443791300058365,1.4089538596478963,1.3821877241134644,0.026766135534431967,0.07035987824201584,0.45851022555196863,0.3849231004714966,0.07358712508047205,0.1530323326587677,0.288891532973625,3.413077043212809e-10,0.2888915326323173,2.6091584004461765e-08
3.496435404,0.6167258245815352,0.4519061744213104,0.16481965016022482,0.19996146857738495,-0.7090104943102981,-0.7213979959487915,0.012387501638493448,0.030443791300058365,1.4096344312061648,1.3821877241134644,0.027446707092700473,0.07035987824201584,0.46000496082128706,0.3849231004714966,0.07508186034979047,0.1530323326587677,0.2898327975313976,3.413077043212809e-10,0.2898327971900899,2.6091584004461765e-08
3.515513182,0.6207221789815353,0.4597659409046173,0.16095623807691795,0.1929694414138794,-0.7084218185773091,-0.720227062702179,0.01180524412486983,0.028493057936429977,1.4109925039097044,1.384888768196106,0.026103735713598475,0.06565049290657043,0.46298768783010336,0.39085060358047485,0.0721370842496285,0.1449219435453415,0.29171108011195784,-1.0776440850790436e-10,0.29171108021972225,2.421438694000244e-08
3.526223660,0.6227413361815354,0.4597659409046173,0.16297539527691807,0.1929694414138794,-0.7081243902899855,-0.720227062702179,0.012102672412193427,0.028493057936429977,1.4116786698507118,1.384888768196106,0.02678990165460582,0.06565049290657043,0.4644947100089886,0.39085060358047485,0.07364410642851377,0.1449219435453415,0.2926600819813048,-1.0776440850790436e-10,0.2926600820890692,2.421438694000244e-08
3.536854744,0.6247239273815354,0.4597659409046173,0.16495798647691806,0.1929694414138794,-0.7078323482909382,-0.720227062702179,0.012394714411240737,0.028493057936429977,1.4123524096449096,1.384888768196106,0.027463641448803644,0.06565049290657043,0.4659744407154749,0.39085060358047485,0.07512383713500004,0.1449219435453415,0.29359189786713613,-1.0776440850790436e-10,0.29359189797490054,2.421438694000244e-08
3.555785894,0.6287186341815354,0.46777358651161194,0.16094504766992346,0.20017927885055542,-0.7072439152546776,-0.7190024256706238,0.011758510415946222,0.03061695024371147,1.4137099224480094,1.3877190351486206,0.02599088729938881,0.07075439393520355,0.4689559380182822,0.39700621366500854,0.07194972435327368,0.15388958156108856,0.2954694060773403,-4.4318104741591924e-11,0.2954694061216584,5.209585651755333e-09
3.565664053,0.6307235029815353,0.46777358651161194,0.1629499164699234,0.20017927885055542,-0.7069485916941878,-0.7190024256706238,0.012053833976436001,0.03061695024371147,1.4143912327921215,1.3877190351486206,0.026672197643500928,0.07075439393520355,0.47045229587855936,0.39700621366500854,0.07344608221355081,0.15388958156108856,0.29641169241294374,-4.4318104741591924e-11,0.29641169245726184,5.209585651755333e-09
3.585727215,0.6347223979815354,0.4756411910057068,0.15908120697582862,0.19556938111782074,-0.7063595417227261,-0.7178269624710083,0.01146742074828222,0.02923986315727234,1.4157501688624112,1.3904305696487427,0.025319599213668553,0.06743766367435455,0.4734369190946386,0.40295758843421936,0.07047933066041923,0.14815828204154968,0.29829116907296904,1.2868910381769183e-09,0.298291167786078,1.3300450518727303e-08
3.596239567,0.6367233767815355,0.4756411910057068,0.16108218577582867,0.19556938111782074,-0.7060647911716275,-0.7178269624710083,0.011762171299380841,0.02923986315727234,1.4164301572760116,1.3904305696487427,0.02599958762726895,0.06743766367435455,0.47493037360678814,0.40295758843421936,0.07197278517256878,0.14815828204154968,0.29923162711245377,1.2868910381769183e-09,0.29923162582556273,1.3300450518727303e-08
3.606218576,0.6387273391815355,0.4756411910057068,0.16308614817582867,0.19556938111782074,-0.705769601126745,-0.7178269624710083,0.012057361344263273,0.02923986315727234,1.4171111596001198,1.3904305696487427,0.02668058995137712,0.06743766367435455,0.4764260549645607,0.40295758843421936,0.07346846653034134,0.14815828204154968,0.3001734874409616,1.2868910381769183e-09,0.3001734861540706,1.3300450518727303e-08
3.626008511,0.6427233565815355,0.4756411910057068,0.16708216557582867,0.19556938111782074,-0.7051809750349295,-0.7178269624710083,0.01264598743607881,0.02923986315727234,1.4184691177816586,1.3904305696487427,0.028038548132915952,0.06743766367435455,0.4794085304493875,0.40295758843421936,0.07645094201516817,0.14815828204154968,0.30205161163185806,1.2868910381769183e-09,0.302051610344967,1.3300450518727303e-08
3.646060705,0.6467264677815355,0.4834153354167938,0.1633111323647417,0.19794191420078278,-0.7045913040037776,-0.7166931629180908,0.012101858914313257,0.029404589906334877,1.4198294866343193,1.3930416107177734,0.026787875916545856,0.06782092899084091,0.4823963004768743,0.40873658657073975,0.07365971390613457,0.14895270764827728,0.30393306990167657,1.2892193979041622e-09,0.30393306861245717,-2.6964698918163776e-08
3.666068077,0.6507238795815355,0.4834153354167938,0.16730854416474172,0.19794191420078278,-0.7040024725124004,-0.7166931629180908,0.012690690405690375,0.029404589906334877,1.4211879186718752,1.3930416107177734,0.02814630795410178,0.06782092899084091,0.48537981668885516,0.40873658657073975,0.07664323011811541,0.14895270764827728,0.3058118494591818,1.2892193979041622e-09,0.3058118481699624,-2.6964698918163776e-08
3.685999632,0.6547235297815356,0.49124380946159363,0.16347972031994196,0.19809973239898682,-0.7034133112975731,-0.715533971786499,0.012120660488925905,0.029687117785215378,1.422547111380191,1.3957138061523438,0.026833305227847326,0.06850209832191467,0.4883650035575066,0.4146227240562439,0.07374227950126272,0.1501380056142807,0.3076916810624536,7.394480583400309e-10,0.30769168032300553,-1.2223608791828156e-08
3.706145048,0.6587223461815356,0.4991738200187683,0.15954852616276727,0.19597315788269043,-0.7028242729041417,-0.7143449187278748,0.011520645823733022,0.029055587947368622,1.4239060207400083,1.3984578847885132,0.025448135951495088,0.06699852645397186,0.49134956810953373,0.42063286900520325,0.07071669910433048,0.14738336205482483,0.30957112078055726,2.2925791820505026e-10,0.3095711205512993,1.1539668776094913e-08
3.716106415,0.6607229915815356,0.4991738200187683,0.16154917156276727,0.19597315788269043,-0.7025295714639251,-0.7143449187278748,0.011815347263949616,0.029055587947368622,1.4245858958549886,1.3984578847885132,0.026128011066475443,0.06699852645397186,0.49284277378459695,0.42063286900520325,0.07220990477939371,0.14738336205482483,0.3105114221223747,2.2925791820505026e-10,0.31051142189311676,1.1539668776094913e-08
3.725839376,0.6627244161815357,0.4991738200187683,0.16355059616276735,0.19597315788269043,-0.7022347552450665,-0.7143449187278748,0.012110163482808245,0.029055587947368622,1.4252660357638647,1.3984578847885132,0.026808150975351497,0.06699852645397186,0.49433656102492013,0.42063286900520325,0.07370369201971688,0.14738336205482483,0.31145208968741467,2.2925791820505026e-10,0.3114520894581567,1.1539668776094913e-08
3.746173143,0.6667216677815356,0.5070212483406067,0.15970041944092894,0.19857674837112427,-0.7016459473516596,-0.7131831645965576,0.01153721724489798,0.029750877991318703,1.4266244133609916,1.4011369943618774,0.02548741899911411,0.06867410987615585,0.4973199576697107,0.4265252351760864,0.07079472249362428,0.15029524266719818,0.3133307939510797,1.4498725553480085e-09,0.31333079250120716,5.165929906070232e-09
3.757231951,0.6687276451815357,0.5070212483406067,0.16170639684092902,0.19857674837112427,-0.7013504604908586,-0.7131831645965576,0.011832704105699032,0.029750877991318703,1.427306100438308,1.4011369943618774,0.026169106076430637,0.06867410987615585,0.4988171429468861,0.4265252351760864,0.07229190777079969,0.15029524266719818,0.31427360132757703,1.4498725553480085e-09,0.3142735998777045,5.165929906070232e-09
3.775779009,0.6727237785815356,0.5070212483406067,0.16570253024092896,0.19857674837112427,-0.7007618173118736,-0.7131831645965576,0.012421347284684026,0.029750877991318703,1.4286640980398828,1.4011369943618774,0.02752710367800537,0.06867410987615585,0.5017997050097034,0.4265252351760864,0.07527446983361696,0.15029524266719818,0.31615178003835775,1.4498725553480085e-09,0.3161517785884852,5.165929906070232e-09
3.795817375,0.6767238735815357,0.5147760510444641,0.16194782253707163,0.19626210629940033,-0.7001725905765894,-0.7120456099510193,0.01187301937442986,0.02914530783891678,1.4300234419036466,1.4037575721740723,0.026265869729574343,0.06721371412277222,0.5047852238601664,0.43231716752052307,0.07246805633964337,0.14778520166873932,0.3180318206971857,4.2483572215701315e-10,0.31803182027235,1.2762029655277729e-08
3.815813541,0.6807234131815357,0.5147760510444641,0.16594736213707162,0.19626210629940033,-0.6995834456534944,-0.7120456099510193,0.012462164297524891,0.02914530783891678,1.4313825970269973,1.4037575721740723,0.027625024852925062,0.06721371412277222,0.5077703281811822,0.43231716752052307,0.0754531606606591,0.14778520166873932,0.31991160031856786,4.2483572215701315e-10,0.31991159989373213,1.2762029655277729e-08
3.835770607,0.6847224545815358,0.5225344300270081,0.16218802455452774,0.19163909554481506,-0.6989943741168464,-0.7109100222587585,0.01191564814191215,0.02763116918504238,1.432741582848091,1.406373381614685,0.026368201233405886,0.06357672810554504,0.5107550606646563,0.43810057640075684,0.07265448426389942,0.1413847953081131,0.3217911457864471,4.373503503796172e-10,0.3217911453490967,-1.1801603250205517e-08
3.846091032,0.6867242593815358,0.5225344300270081,0.16418982935452775,0.19163909554481506,-0.6986995018933166,-0.7109100222587585,0.012210520365441901,0.02763116918504238,1.4334218519595328,1.406373381614685,0.027048470344847697,0.06357672810554504,0.5122491316718067,0.43810057640075684,0.07414855527104991,0.1413847953081131,0.3227319920451077,4.373503503796172e-10,0.32273199160775734,-1.1801603250205517e-08
3.866090536,0.6907174189815358,0.5225344300270081,0.16818298895452777,0.19163909554481506,-0.6981112967645443,-0.7109100222587585,0.012798725494214236,0.02763116918504238,1.4347788389809133,1.406373381614685,0.028405457366228237,0.06357672810554504,0.5152294742033484,0.43810057640075684,0.07712889780259158,0.1413847953081131,0.3246087730728556,4.373503503796172e-10,0.32460877263550525,-1.1801603250205517e-08
3.876234055,0.6927231221815359,0.5304042100906372,0.16231891209089866,0.19913561642169952,-0.6978158502942767,-0.7097393870353699,0.011923536741093144,0.029972193762660027,1.435460432877421,1.4090739488601685,0.02638648401725252,0.0692128911614418,0.5167264548280671,0.4440293312072754,0.07269712362079173,0.1512037068605423,0.32555145157562654,-2.764210804695466e-10,0.3255514518520476,4.3655745685100555e-10
3.886161804,0.6947234013815359,0.5304042100906372,0.16431919129089867,0.19913561642169952,-0.6975212027964866,-0.7097393870353699,0.012218184238883323,0.029972193762660027,1.4361401835474261,1.4090739488601685,0.027066234687257662,0.0692128911614418,0.518219387185371,0.4440293312072754,0.07419005597809558,0.1512037068605423,0.3264915808038093,-2.764210804695466e-10,0.32649158108023035,4.3655745685100555e-10
3.906181574,0.6987220411815359,0.5383279323577881,0.16039410882374783,0.19702503085136414,-0.6969321904167978,-0.70854651927948,0.01161432886268221,0.029671071097254753,1.437499032893637,1.4118281602859497,0.0256708726076873,0.068498894572258,0.5212038199298712,0.45005089044570923,0.07115292948416196,0.14987464249134064,0.3283709375200893,-1.815426003970444e-10,0.3283709377016319,9.509676601737738e-09
3.915980577,0.7007234479815359,0.5383279323577881,0.16239551562374777,0.19702503085136414,-0.6966373768199358,-0.70854651927948,0.01190914245954422,0.029671071097254753,1.4381791667535766,1.4118281602859497,0.026351006467626892,0.068498894572258,0.522697593884951,0.45005089044570923,0.07264670343924173,0.14987464249134064,0.32931159671914695,-1.815426003970444e-10,0.32931159690068956,9.509676601737738e-09
3.936079741,0.704722115781536,0.5383279323577881,0.1663941834237479,0.19702503085136414,-0.6960483603157578,-0.70854651927948,0.012498158963722195,0.029671071097254753,1.4395380256149684,1.4118281602859497,0.027709865329018646,0.068498894572258,0.525682047527587,0.45005089044570923,0.07563115708187773,0.14987464249134064,0.331190966595399,-1.815426003970444e-10,0.3311909667769416,9.509676601737738e-09
3.946327925,0.706721353581536,0.5383279323577881,0.1683934212237479,0.19702503085136414,-0.6957538662195049,-0.70854651927948,0.012792653059975123,0.029671071097254753,1.4402174223882036,1.4118281602859497,0.028389262102253898,0.068498894572258,0.527174202623518,0.45005089044570923,0.07712331217780877,0.14987464249134064,0.33213060636662084,-1.815426003970444e-10,0.33213060654816345,9.509676601737738e-09
3.965925455,0.710722996381536,0.5463564991950989,0.16436649718643714,0.19957955181598663,-0.6951644114883504,-0.7073262929916382,0.012161881503287786,0.029928144067525864,1.4415772922375834,1.4146482944488525,0.026928997788730813,0.06911469250917435,0.5301608766930638,0.4561871588230133,0.07397371787005047,0.15097834169864655,0.3340113744899045,-6.888223325063336e-10,0.3340113751787268,1.917942427098751e-08
3.985843897,0.714715819181536,0.5463564991950989,0.16835931998643716,0.19957955181598663,-0.6945762559712909,-0.7073262929916382,0.012750037020347271,0.029928144067525864,1.4429341648049288,1.4146482944488525,0.028285870356076215,0.06911469250917435,0.5331409678498884,0.4561871588230133,0.0769538090268751,0.15097834169864655,0.3358879972219884,-6.888223325063336e-10,0.33588799791081075,1.917942427098751e-08
3.996028423,0.716726573581536,0.5540559887886047,0.16267058479293128,0.1924711912870407,-0.6942800654431733,-0.7062129974365234,0.011932931993350104,0.027832183986902237,1.4436174752400999,1.4172110557556152,0.026406419484484633,0.06407041847705841,0.5346417184982735,0.4618745744228363,0.07276714407543716,0.14218543469905853,0.3368330497837194,-5.190015084366451e-10,0.3368330503027209,-1.1918018572032452e-08
4.015600204,0.720722506381536,0.5540559887886047,0.16666651759293127,0.1924711912870407,-0.6936914518132073,-0.7062129974365234,0.012521545623316088,0.027832183986902237,1.4449754046721988,1.4172110557556152,0.027764348916583526,0.06407041847705841,0.5376241308408761,0.4618745744228363,0.07574955641803982,0.14218543469905853,0.3387111342127002,-5.190015084366451e-10,0.3387111347317017,-1.1918018572032452e-08
4.036071301,0.7247221057815358,0.5619954466819763,0.16272665909955952,0.20207205414772034,-0.6931022980813819,-0.7050290107727051,0.011926712691323171,0.030660293996334076,1.4463345801172578,1.4199438095092773,0.02639077060798045,0.07086648046970367,0.5406092797943386,0.46786054968833923,0.07274873010599936,0.15412625670433044,0.34059094194002265,-9.33003452274761e-10,0.3405909428730261,7.09405867382884e-09
4.045892000,0.7267237687815359,0.5619954466819763,0.16472832209955957,0.20207205414772034,-0.6928074467454438,-0.7050290107727051,0.012221564027261267,0.030660293996334076,1.447014801041104,1.4199438095092773,0.02707099153182657,0.07086648046970367,0.5421032449673593,0.46786054968833923,0.07424269527902005,0.15412625670433044,0.34153172155282474,-9.33003452274761e-10,0.3415317224858282,7.09405867382884e-09
4.065857410,0.7307231999815358,0.5698464512825012,0.16087674869903457,0.19287040829658508,-0.6922183177900142,-0.7038794159889221,0.011661098198907927,0.027677103877067566,1.448373919327111,1.4225937128067017,0.025780206520409354,0.06369758397340775,0.5450882683827356,0.4737032353878021,0.07138503299493348,0.14154133200645447,0.343411450226315,-8.481658708703321e-10,0.34341145107448084,3.302557161077857e-08
4.085748911,0.7347236005815357,0.5698464512825012,0.16487714929903452,0.19287040829658508,-0.6916290460388765,-0.7038794159889221,0.012250369950045581,0.027677103877067566,1.4497333670422794,1.4225937128067017,0.027139654235577737,0.06369758397340775,0.5480740153214216,0.4737032353878021,0.07437077993361951,0.14154133200645447,0.345291634516838,-8.481658708703321e-10,0.34529163536500385,3.302557161077857e-08
4.106152058,0.7387235705815356,0.5698464512825012,0.16887711929903437,0.19287040829658508,-0.6910398377164906,-0.7038794159889221,0.01283957827243154,0.027677103877067566,1.4510926684275562,1.4225937128067017,0.028498955620854582,0.06369758397340775,0.5510594408766364,0.4737032353878021,0.07735620548883426,0.14154133200645447,0.3471716164257906,-8.481658708703321e-10,0.34717161727395646,3.302557161077857e-08
4.125757217,0.7427234287815355,0.5698464512825012,0.1728769774990343,0.19287040829658508,-0.6904506458626007,-0.7038794159889221,0.013428770126321377,0.027677103877067566,1.4524519318200744,1.4225937128067017,0.02985821901337271,0.06369758397340775,0.554044782988581,0.4737032353878021,0.08034154760077883,0.14154133200645447,0.3490515457888548,-8.481658708703321e-10,0.34905154663702065,3.302557161077857e-08
4.146179199,0.7467241255815354,0.5698464512825012,0.17687767429903423,0.19287040829658508,-0.6898613304802597,-0.7038794159889221,0.014018085508662459,0.027677103877067566,1.4538114801922652,1.4225937128067017,0.03121776738556359,0.06369758397340775,0.5570307509996874,0.4737032353878021,0.08332751561188523,0.14154133200645447,0.3509318692930823,-8.481658708703321e-10,0.35093187014124816,3.302557161077857e-08
4.166156530,0.7507245933815354,0.5854288935661316,0.16529569981540382,0.19545316696166992,-0.689272048830348,-0.7015961408615112,0.012324092031163247,0.029050489887595177,1.4551709507438682,1.4278557300567627,0.027315220687105457,0.06700350344181061,0.5600165480938989,0.4853166937828064,0.0746998543110925,0.1473022997379303,0.3528120851675382,-3.3069980087674367e-10,0.352812085498238,-1.5046680346131325e-08
4.191693306,0.7547236057815353,0.5936799645423889,0.16104364123914638,0.209856778383255,-0.6886829815654923,-0.7003068327903748,0.011623851224882409,0.03329291567206383,1.4565299267099525,1.4308418035507202,0.0256881231592323,0.0771985650062561,0.5630012589328753,0.4917461574077606,0.07125510152511472,0.16521506011486053,0.3546916170054463,-1.446540665028806e-09,0.354691618451987,1.2172677088528872e-08
4.208572388,0.7587248495815352,0.5936799645423889,0.16504488503914627,0.209856778383255,-0.6880935856083088,-0.7003068327903748,0.012213247182065956,0.03329291567206383,1.457889660968002,1.4308418035507202,0.027047857417281884,0.0771985650062561,0.5659876352039884,0.4917461574077606,0.0742414777962278,0.16521506011486053,0.356572197599128,-1.446540665028806e-09,0.35657219904566867,1.2172677088528872e-08
4.218386412,0.7607297267815352,0.5936799645423889,0.16704976223914625,0.209856778383255,-0.6877982608104724,-0.7003068327903748,0.012508571979902405,0.03329291567206383,1.4585709741666686,1.4308418035507202,0.027729170615948373,0.0771985650062561,0.5674839993337062,0.4917461574077606,0.07573784192594557,0.16521506011486053,0.35751448788272305,-1.446540665028806e-09,0.3575144893292637,1.2172677088528872e-08
4.236070633,0.7647173387815351,0.6021236181259155,0.1625937206556196,0.21225890517234802,-0.6872108728608511,-0.6989609599113464,0.011750087050495295,0.03400013968348503,1.4599260759588186,1.4339637756347656,0.025962300324053,0.07889813929796219,0.5704602013474914,0.4984144866466522,0.0720457147008392,0.1682012379169464,0.3593886615440061,-1.4530843195359466e-10,0.35938866168931455,7.501512300223112e-09
4.255871296,0.7687256921815351,0.6021236181259155,0.16660207405561955,0.21225890517234802,-0.686620429636941,-0.6989609599113464,0.012340530274405404,0.03400013968348503,1.4612882262572706,1.4339637756347656,0.027324450622504992,0.07889813929796219,0.5734518839537839,0.4984144866466522,0.07503739730713166,0.1682012379169464,0.36127258364259407,-1.4530843195359466e-10,0.3612725837879025,7.501512300223112e-09
4.268948793,0.771132874981535,0.6100532412528992,0.16107963372863587,0.19565215706825256,-0.6862658439427322,-0.6977968811988831,0.0115310372561509,0.027835460379719734,1.4621062541211431,1.4366487264633179,0.025457527657825274,0.06406710296869278,0.5752485136903052,0.504315972328186,0.07093254136211913,0.1422971934080124,0.3624039571567809,6.21286411206512e-10,0.3624039565354945,2.561137080192566e-09
4.286054134,0.7747232227815349,0.6100532412528992,0.16466998152863577,0.19565215706825256,-0.6857369742752046,-0.6977968811988831,0.01205990692367842,0.027835460379719734,1.463326354456437,1.4366487264633179,0.026677627993119124,0.06406710296869278,0.5779282128066058,0.504315972328186,0.07361224047841974,0.1422971934080124,0.364091417040442,6.21286411206512e-10,0.3640914164191556,2.561137080192566e-09
4.296034098,0.7767239613815349,0.6100532412528992,0.1666707201286357,0.19565215706825256,-0.6854422591063312,-0.6977968811988831,0.012354622092551892,0.027835460379719734,1.464006261243377,1.4366487264633179,0.0273575347800592,0.06406710296869278,0.5794214880426061,0.504315972328186,0.07510551571442003,0.1422971934080124,0.36503176218616645,6.21286411206512e-10,0.36503176156488004,2.561137080192566e-09
4.315901279,0.7807204929815348,0.6181209683418274,0.1625995246397074,0.20286016166210175,-0.6848535572712178,-0.6966125965118408,0.011759039240623048,0.029959045350551605,1.4653643941644197,1.439381718635559,0.025982675528860577,0.06917039304971695,0.5824043473067664,0.5103070139884949,0.0720973333182715,0.15126372873783112,0.3669101280505498,-1.2042472574691487e-10,0.3669101281709745,-2.410524757578969e-08
4.325798273,0.7827253725815347,0.6181209683418274,0.16460440423970735,0.20286016166210175,-0.6845582321198537,-0.6966125965118408,0.012054364391987149,0.029959045350551605,1.466045708178673,1.439381718635559,0.026663989543113997,0.06917039304971695,0.5839007132277529,0.5103070139884949,0.07359369923925807,0.15126372873783112,0.3678524194621424,-1.2042472574691487e-10,0.36785241958256715,-2.410524757578969e-08
4.345842361,0.7867225223815347,0.6181209683418274,0.16860155403970734,0.20286016166210175,-0.683969439221911,-0.6966125965118408,0.012643157289929818,0.029959045350551605,1.4674040511813202,1.439381718635559,0.02802233254576114,0.06917039304971695,0.5868840338928931,0.5103070139884949,0.07657701990439825,0.15126372873783112,0.369731075879909,-1.2042472574691487e-10,0.3697310760003337,-2.410524757578969e-08
4.365765333,0.7907226285815346,0.6181209683418274,0.17260166023970724,0.20286016166210175,-0.6833802108368312,-0.6966125965118408,0.013232385675009617,0.029959045350551605,1.4687633988511564,1.439381718635559,0.029381680215597283,0.06917039304971695,0.5898695611026104,0.5103070139884949,0.07956254711411548,0.15126372873783112,0.37161112180272576,-1.2042472574691487e-10,0.3716111219231505,-2.410524757578969e-08
4.375845909,0.7927213221815346,0.6181209683418274,0.17460035383970718,0.20286016166210175,-0.6830857969029718,-0.6966125965118408,0.013526799608869045,0.029959045350551605,1.469442610690051,1.439381718635559,0.030060892054492028,0.06917039304971695,0.5913613100283484,0.5103070139884949,0.08105429603985348,0.15126372873783112,0.3725505058004906,-1.2042472574691487e-10,0.3725505059209153,-2.410524757578969e-08
4.385843039,0.7947263465815345,0.6181209683418274,0.17660537823970712,0.20286016166210175,-0.6827904504221065,-0.6966125965118408,0.01382214608973431,0.029959045350551605,1.4701239739113838,1.439381718635559,0.030742255275824748,0.06917039304971695,0.5928577840225505,0.5103070139884949,0.08255077003405564,0.15126372873783112,0.37349286526793873,-1.2042472574691487e-10,0.37349286538836346,-2.410524757578969e-08
4.405903578,0.7987179187815344,0.6261208653450012,0.1725970534365332,0.20001006126403809,-0.6822024791224106,-0.6954389214515686,0.013236442329157994,0.029976053163409233,1.4714804214899637,1.4420876502990723,0.029392771190891454,0.06917344778776169,0.5958369417790748,0.5162649154663086,0.07957202631276616,0.15160603821277618,0.37536890021927044,6.001901753371897e-11,0.3753689001592514,1.416628947481513e-08
4.416012287,0.8007238909815344,0.6338785886764526,0.16684530230508177,0.19511984288692474,-0.6819069930275862,-0.6943281888961792,0.012421195868593027,0.028121929615736008,1.4721621068001751,1.444642424583435,0.02751968221674006,0.06471557170152664,0.5973341231751679,0.5219571590423584,0.07537696413280948,0.14379633963108063,0.3763117051517729,2.8244503957886025e-10,0.37631170486932786,-1.590888132341206e-08
4.436271667,0.8047254287815344,0.6417319774627686,0.16299345131876586,0.19752129912376404,-0.6813175537632662,-0.6931891441345215,0.011871590371255292,0.028830692172050476,1.473521940967626,1.4472651481628418,0.0262567928047841,0.06641882658004761,0.6003207188767049,0.5277688503265381,0.07255186855016682,0.14678911864757538,0.3781924239251613,-6.143894282217843e-10,0.3781924245395507,7.334165275096893e-09
4.455762386,0.8087243987815342,0.6417319774627686,0.16699242131876568,0.19752129912376404,-0.6807284927440655,-0.6931891441345215,0.012460651390455935,0.028830692172050476,1.4748809025250076,1.4472651481628418,0.02761575436216579,0.06641882658004761,0.6033053980699331,0.5277688503265381,0.07553654774339502,0.14678911864757538,0.3800719358351117,-6.143894282217843e-10,0.3800719364495011,7.334165275096893e-09
4.476116657,0.8127234543815343,0.6500653028488159,0.16265815153271834,0.20711180567741394,-0.6801394191157123,-0.6919085383415222,0.011769119225809921,0.03166436031460762,1.4762398931716572,1.450228214263916,0.026011678907741143,0.0732402354478836,0.6062901411517473,0.5341765880584717,0.0721135530932756,0.15867732465267181,0.3819514879769767,-1.4872816866962069e-10,0.3819514881257049,4.234607331454754e-09
4.495893717,0.8167231865815341,0.6500653028488159,0.16665788373271817,0.20711180567741394,-0.6795502458220238,-0.6919085383415222,0.012358292519498382,0.03166436031460762,1.4775991137458604,1.450228214263916,0.027370899481944377,0.0732402354478836,0.6092753892220816,0.5341765880584717,0.0750988011636099,0.15867732465267181,0.3838313581201666,-1.4872816866962069e-10,0.3838313582688948,4.234607331454754e-09
4.505892277,0.8187231703815341,0.6582126617431641,0.16051050863837002,0.2002098560333252,-0.6792556418375947,-0.6906736493110657,0.011418007473470992,0.030078519135713577,1.4782787640307054,1.4530820846557617,0.02519667937494363,0.0694490596652031,0.6107681011040544,0.5403870940208435,0.07038100708321093,0.15184910595417023,0.38477134851064415,-2.1784973824878762e-10,0.3847713487284939,2.200249582529068e-08
4.527281523,0.822737398381534,0.6582126617431641,0.16452473663836997,0.2002098560333252,-0.6786643332663916,-0.6906736493110657,0.012009316044674034,0.030078519135713577,1.4796429106821096,1.4530820846557617,0.026560826026347906,0.0694490596652031,0.6137641682884729,0.5403870940208435,0.0733770742676294,0.15184910595417023,0.38665803166537055,-2.1784973824878762e-10,0.3866580318832203,2.200249582529068e-08
4.538627863,0.8247662537815339,0.6582126617431641,0.16655359203836984,0.2002098560333252,-0.6783654764033157,-0.6906736493110657,0.012308172907749992,0.030078519135713577,1.4803323723420085,1.4530820846557617,0.02725028768624682,0.0694490596652031,0.6152784288351758,0.5403870940208435,0.0748913348143323,0.15184910595417023,0.3876115916790409,-2.1784973824878762e-10,0.38761159189689065,2.200249582529068e-08
4.555698156,0.8287236417815338,0.6582126617431641,0.17051098003836973,0.2002098560333252,-0.6777825405451692,-0.6906736493110657,0.012891108765896497,0.030078519135713577,1.4816772031758592,1.4530820846557617,0.02859511852009744,0.0694490596652031,0.6182320728042806,0.5403870940208435,0.0778449787834371,0.15184910595417023,0.38947156009048056,-2.1784973824878762e-10,0.3894715603083303,2.200249582529068e-08
4.576837063,0.8327238617815338,0.6582126617431641,0.17451120003836973,0.2002098560333252,-0.6771932953969869,-0.6906736493110657,0.013480353914078758,0.030078519135713577,1.48303658951811,1.4530820846557617,0.029954504862348186,0.0694490596652031,0.6212176849499919,0.5403870940208435,0.08083059092914835,0.15184910595417023,0.39135165949918377,-2.1784973824878762e-10,0.3913516597170335,2.200249582529068e-08
4.595695496,0.8367231445815336,0.6582126617431641,0.17851048283836957,0.2002098560333252,-0.6766041883013499,-0.6906736493110657,0.014069461009715734,0.030078519135713577,1.4843956573736572,1.4530820846557617,0.03131357271789548,0.0694490596652031,0.6242025976052493,0.5403870940208435,0.08381550358440581,0.15184910595417023,0.39323131842482206,-2.1784973824878762e-10,0.3932313186426718,2.200249582529068e-08
4.615810394,0.8407231867815336,0.6740224957466125,0.16670069103492102,0.1973738819360733,-0.6760149693436739,-0.6883690357208252,0.012354066377151307,0.028698613867163658,1.485754983294508,1.45839262008667,0.027362363207838136,0.06610500812530518,0.6271880770477994,0.5521145462989807,0.07507353074881873,0.1462387889623642,0.3951113342677027,2.5749347098980024e-11,0.3951113342419533,8.678398444317281e-09
4.635805130,0.8447161851815335,0.6821128726005554,0.16260331258097804,0.20461860299110413,-0.6754267879601751,-0.6871644258499146,0.011737637889739472,0.03081512451171875,1.4871119155356318,1.4611730575561523,0.02593885797947948,0.0711912289261818,0.6301682992657889,0.558203399181366,0.07196490008442291,0.1551746279001236,0.3969880395316113,8.764179382225734e-10,0.3969880386551934,-1.5515979612246156e-08
4.645960808,0.8467235945815335,0.6821128726005554,0.16461072198097804,0.20461860299110413,-0.6751310901612126,-0.6871644258499146,0.012033335688701907,0.03081512451171875,1.487794089246494,1.4611730575561523,0.02662103169034169,0.0711912289261818,0.6316665533333289,0.558203399181366,0.07346315415196292,0.1551746279001236,0.3979315199466798,8.764179382225734e-10,0.39793151907026186,-1.5515979612246156e-08
4.665668726,0.8507226941815333,0.6901590824127197,0.16056361176881362,0.19025908410549164,-0.6745420100515191,-0.6859661936759949,0.011424183624475726,0.0290750190615654,1.489153094845571,1.4639384746551514,0.025214620190419534,0.06703807413578033,0.6346513292550705,0.5642622113227844,0.07038911793228608,0.14776717126369476,0.3998110927685009,-8.50785164541179e-10,0.3998110936192861,-7.574271876364946e-09
4.686184883,0.8547233357815333,0.6901590824127197,0.16456425336881353,0.19025908410549164,-0.6739527028003139,-0.6859661936759949,0.012013490875680932,0.0290750190615654,1.4905126244592621,1.4639384746551514,0.02657414980411077,0.06703807413578033,0.6376372560669953,0.5642622113227844,0.07337504474421086,0.14776717126369476,0.4016913903287835,-8.50785164541179e-10,0.40169139117956865,-7.574271876364946e-09
4.705664635,0.8587154239815331,0.6981116533279419,0.16060377065359122,0.19993402063846588,-0.6733646554921744,-0.6847979426383972,0.011433287146222826,0.029315901920199394,1.4918692473890358,1.4666321277618408,0.025237119627194993,0.06760600954294205,0.6406167989463046,0.5701921582221985,0.07042464072410615,0.1487303376197815,0.4035676677996003,-5.512522105455275e-10,0.4035676683508525,2.4538167053833604e-09
4.715868950,0.8607235909815331,0.6981116533279419,0.16261193765359117,0.19993402063846588,-0.6730688460963187,-0.6847979426383972,0.011729096542078543,0.029315901920199394,1.4925516785535113,1.4666321277618408,0.02591955079167052,0.06760600954294205,0.6421156184576856,0.5701921582221985,0.07192346023548712,0.1487303376197815,0.40451150428591287,-5.512522105455275e-10,0.4045115048371651,2.4538167053833604e-09
4.735870123,0.864716339781533,0.6981116533279419,0.16660468645359106,0.19993402063846588,-0.672480701479695,-0.6847979426383972,0.012317241158702252,0.029315901920199394,1.4939085259735927,1.4666321277618408,0.027276398211751873,0.06760600954294205,0.6450956543837232,0.5701921582221985,0.0749034961615247,0.1487303376197815,0.4063880922380706,-5.512522105455275e-10,0.4063880927893228,2.4538167053833604e-09
4.756582499,0.8687240265815329,0.7058678865432739,0.162856140038259,0.19507719576358795,-0.6718903564480881,-0.6836839914321899,0.011793634984101797,0.028202295303344727,1.4952704497427698,1.469195008277893,0.026075441464876725,0.06492142379283905,0.6480868394651155,0.5758950114250183,0.07219182804009716,0.14406533539295197,0.4082717010353237,2.0115853427427055e-12,0.4082717010333121,1.1459633242338896e-10
4.766076088,0.8707258295815329,0.7058678865432739,0.16485794303825896,0.19507719576358795,-0.6715954844897041,-0.6836839914321899,0.012088506942485866,0.028202295303344727,1.4959507182425213,1.469195008277893,0.026755709964628283,0.06492142379283905,0.6495809091288143,0.5758950114250183,0.07368589770379597,0.14406533539295197,0.40921254644798605,2.0115853427427055e-12,0.4092125464459745,1.1459633242338896e-10
4.785623789,0.8747224251815328,0.7138173580169678,0.16090506716456499,0.1975291669368744,-0.6710067732271868,-0.682513952255249,0.011507179028062198,0.02888554520905018,1.4973088729125492,1.4718928337097168,0.02541603920283242,0.06656915694475174,0.6525638161601416,0.5818345546722412,0.07072926148790037,0.14693959057331085,0.41109094239230554,-7.833280690761057e-10,0.4110909431756336,1.160697138402611e-08
4.795899391,0.8767239271815327,0.7138173580169678,0.16290656916456492,0.1975291669368744,-0.6707119456070616,-0.682513952255249,0.011802006648187424,0.02888554520905018,1.4979890391241044,1.4718928337097168,0.02609620541438762,0.06656915694475174,0.6540576611688825,0.5818345546722412,0.07222310649664132,0.14693959057331085,0.4120316463352683,-7.833280690761057e-10,0.41203164711859636,1.160697138402611e-08
4.815918207,0.8807236109815326,0.7138173580169678,0.16690625296456485,0.1975291669368744,-0.6701227794428474,-0.682513952255249,0.012391172812401652,0.02888554520905018,1.4993482432506375,1.4718928337097168,0.02745540954092074,0.06656915694475174,0.6570428731152966,0.5818345546722412,0.07520831844305542,0.14693959057331085,0.41391149373050645,-7.833280690761057e-10,0.4139114945138345,1.160697138402611e-08
4.835874081,0.8847233063815325,0.7217260003089905,0.16299730607254204,0.1978304386138916,-0.6695336115699161,-0.6813510060310364,0.01181739446112029,0.029264023527503014,1.5007074513191743,1.4745742082595825,0.02613324305959175,0.06749804317951202,0.6600280937195098,0.5877416133880615,0.07228648033144824,0.14841321110725403,0.4157913465777331,-1.1295540058853248e-09,0.4157913477072871,-1.0616020063025644e-08
4.845573187,0.8867233263815325,0.7217260003089905,0.16499732607254203,0.1978304386138916,-0.6692390022531116,-0.6813510060310364,0.012112003777924762,0.029264023527503014,1.501387113905789,1.4745742082595825,0.02681290564620653,0.06749804317951202,0.6615208326197867,0.5877416133880615,0.07377921923172515,0.14841321110725403,0.4167313539821745,-1.1295540058853248e-09,0.4167313551117285,-1.0616020063025644e-08
4.866153717,0.8907180889815324,0.7217260003089905,0.1689920886725419,0.1978304386138916,-0.6686505609973331,-0.6813510060310364,0.012700445033703267,0.029264023527503014,1.5027446456712854,1.4745742082595825,0.028170437411702887,0.06749804317951202,0.6645023715695927,0.5877416133880615,0.07676075818153116,0.14841321110725403,0.4186088884183229,-1.1295540058853248e-09,0.4186088895478769,-1.0616020063025644e-08
4.875859022,0.8927239601815323,0.7296898365020752,0.16303412367945713,0.1978878378868103,-0.6683550897801304,-0.6801686882972717,0.011813598517141366,0.029146376997232437,1.5034262966588794,1.4773024320602417,0.02612386459863769,0.06721769273281097,0.665999477583125,0.5937274694442749,0.07227200813885015,0.1478961706161499,0.41955164588092614,-1.898759149909779e-09,0.4195516477796853,-2.1137566363904625e-08
4.895773649,0.8967238069815322,0.7296898365020752,0.167033970479457,0.1978878378868103,-0.6677658996054968,-0.6801686882972717,0.012402788691774913,0.029146376997232437,1.5047855561773595,1.4773024320602417,0.02748312411711784,0.06721769273281097,0.668984811186543,0.5937274694442749,0.07525734174226806,0.1478961706161499,0.4214315698860017,-1.898759149909779e-09,0.42143157178476087,-2.1137566363904625e-08
4.915895224,0.9007233739815321,0.7375633120536804,0.1631600619278517,0.19800037145614624,-0.6671767506462946,-0.679018497467041,0.011841746820746457,0.02910812944173813,1.5061447206119947,1.4799535274505615,0.026191193161433146,0.06712575256824493,0.671969935957877,0.5995769500732422,0.07239298588463483,0.1477302759885788,0.4233113623853565,-1.957894513182623e-09,0.423311364343251,9.673385648056865e-09
4.936012030,0.9047237251815321,0.7375633120536804,0.16716041312785168,0.19800037145614624,-0.6665874861719343,-0.679018497467041,0.012431011295106709,0.02910812944173813,1.507504151539665,1.4799535274505615,0.02755062408910347,0.06712575256824493,0.674955646026281,0.5995769500732422,0.07537869595303881,0.1477302759885788,0.42519152345792877,-1.957894513182623e-09,0.4251915254158233,9.673385648056865e-09
4.956134081,0.908722891781532,0.7456299066543579,0.16309298512717407,0.20044593513011932,-0.6659983961929274,-0.6778115034103394,0.011813107217411911,0.029829509556293488,1.508863179907211,1.4827409982681274,0.02612218163908353,0.06885740906000137,0.6779404719542756,0.6056666374206543,0.07227383453362135,0.15078984200954437,0.42707112776968303,-1.4313472629368107e-09,0.4270711292010303,5.311449058353901e-10
4.965751886,0.9107237993815319,0.7456299066543579,0.165093892727174,0.20044593513011932,-0.6657036561298156,-0.6778115034103394,0.01210784728052372,0.029829509556293488,1.5095431441250653,1.4827409982681274,0.026802145856937853,0.06885740906000137,0.6794338733254517,0.6056666374206543,0.07376723590479739,0.15078984200954437,0.4280115523452388,-1.4313472629368107e-09,0.42801155377658606,5.311449058353901e-10
4.985574484,0.9147224233815319,0.7535115480422974,0.1612108753392345,0.20059967041015625,-0.6651146460775172,-0.6766576766967773,0.011543030619260097,0.02990489825606346,1.5109019881019954,1.485400915145874,0.025501072956121362,0.06904450803995132,0.6824182942774325,0.6115301251411438,0.0708881691362887,0.15106573700904846,0.4298909016355344,-1.7801810026085718e-10,0.4298909018135525,2.6768248062580824e-08
5.005808353,0.9187160111815317,0.7535115480422974,0.16520446313923431,0.20059967041015625,-0.6645263778735209,-0.6766576766967773,0.012131298823256476,0.02990489825606346,1.5122591206376805,1.485400915145874,0.02685820549180651,0.06904450803995132,0.6853989564011769,0.6115301251411438,0.07386883126003307,0.15106573700904846,0.431767883916855,-1.7801810026085718e-10,0.4317678840948731,2.6768248062580824e-08
5.015962839,0.9207229739815317,0.7535115480422974,0.16721142593923433,0.20059967041015625,-0.6642307458601611,-0.6766576766967773,0.012426930836616279,0.02990489825606346,1.512941142581405,1.485400915145874,0.027540227435530973,0.06904450803995132,0.6868968771434537,0.6115301251411438,0.07536675200230991,0.15106573700904846,0.4327111544303691,-1.7801810026085718e-10,0.4327111546083872,2.6768248062580824e-08
5.025718451,0.9227248927815316,0.7613900899887085,0.16133480279282308,0.19811761379241943,-0.6639358568440682,-0.675512433052063,0.011576576207994793,0.02898505888879299,1.5136214504332268,1.4880400896072388,0.025581360825988053,0.0668269544839859,0.6883910332358706,0.6173596382141113,0.07103139502175926,0.14723101258277893,0.43365205426891595,-1.9371598769524212e-10,0.43365205446263194,2.8612703317776322e-09
5.045804501,0.9267234089815315,0.7613900899887085,0.165333318992823,0.19811761379241943,-0.6633468626710531,-0.675512433052063,0.01216557038100985,0.02898505888879299,1.5149802577767097,1.4880400896072388,0.02694016816947098,0.0668269544839859,0.6913753737300292,0.6173596382141113,0.07401573551591789,0.14723101258277893,0.4355313528933191,-1.9371598769524212e-10,0.4355313530870351,2.8612703317776322e-09
5.055693865,0.9287242115815315,0.7613900899887085,0.16733412159282302,0.19811761379241943,-0.6630521380747757,-0.675512433052063,0.01246029497728729,0.02898505888879299,1.515660186312635,1.4880400896072388,0.027620096705396335,0.0668269544839859,0.6928686967331967,0.6173596382141113,0.0755090585190854,0.14723101258277893,0.43647172811897966,-1.9371598769524212e-10,0.43647172831269565,2.8612703317776322e-09
5.076044798,0.9327237161815314,0.769367516040802,0.16335620014072938,0.20065955817699432,-0.6624629983072923,-0.6743379831314087,0.011874984824116419,0.029735781252384186,1.5170193295420096,1.4907493591308594,0.0262699704111502,0.0686347484588623,0.6958537749315429,0.6233117580413818,0.07254201689016104,0.15037475526332855,0.4383514912903967,-9.987279891987555e-10,0.4383514922891247,2.2264430299401283e-09
5.095953703,0.9367250365815313,0.769367516040802,0.16735752054072928,0.20065955817699432,-0.6618735910666848,-0.6743379831314087,0.01246439206472394,0.029735781252384186,1.5183790898308758,1.4907493591308594,0.027629730700016397,0.0686347484588623,0.6988402083739841,0.6233117580413818,0.07552845033260225,0.15037475526332855,0.4402321078860019,-9.987279891987555e-10,0.4402321088847299,2.2264430299401283e-09
5.115786076,0.9407168301815312,0.7771615982055664,0.16355523197596478,0.19600161910057068,-0.6612855871540636,-0.6732086539268494,0.011923066772785762,0.02858543023467064,1.5197356126473516,1.493350625038147,0.026384987609204602,0.06587901711463928,0.7018195313750522,0.6290702223777771,0.07274930899727505,0.1454545110464096,0.44210824689511274,-7.868884988049274e-10,0.44210824768200124,2.8783688321709633e-08
5.125894070,0.9427242661815312,0.7771615982055664,0.16556266797596475,0.19600161910057068,-0.6609898854368365,-0.6732086539268494,0.01221876849001291,0.02858543023467064,1.5204177953976359,1.493350625038147,0.027067170359488912,0.06587901711463928,0.703317805295821,0.6290702223777771,0.0742475829180439,0.1454545110464096,0.4430517398121547,-7.868884988049274e-10,0.4430517405990432,2.8783688321709633e-08
5.145945787,0.9467233011815311,0.7771615982055664,0.16956170297596473,0.19600161910057068,-0.6604008148429288,-0.6732086539268494,0.01280783908392058,0.02858543023467064,1.5217767790438308,1.493350625038147,0.028426154005683824,0.06587901711463928,0.7063025330025783,0.6290702223777771,0.07723231062480118,0.1454545110464096,0.44493128227204026,-7.868884988049274e-10,0.44493128305892876,2.8783688321709633e-08
5.165996552,0.950724294581531,0.7849565148353577,0.1657677797461733,0.19602952897548676,-0.6598114557704629,-0.6720849871635437,0.01227353139308085,0.02844485640525818,1.5231364282089754,1.4959383010864258,0.027198127122549653,0.06554101407527924,0.7092887223846499,0.6348050236701965,0.07448369871445337,0.1448635756969452,0.4468117451779718,-3.118412750247046e-10,0.44681174548981306,-3.179593477398157e-09
5.186170816,0.9547226673815309,0.7849565148353577,0.16976615254617322,0.19602952897548676,-0.6592224827207246,-0.6720849871635437,0.012862504442819112,0.02844485640525818,1.5244951868211383,1.4959383010864258,0.02855688573471249,0.06554101407527924,0.7122729558504998,0.6348050236701965,0.07746793218030323,0.1448635756969452,0.44869097640451805,-3.118412750247046e-10,0.4486909767163593,-3.179593477398157e-09
5.205683470,0.9587239415815308,0.7928089499473572,0.16591499163417367,0.19626693427562714,-0.6586330822855243,-0.6709333062171936,0.012300223931669296,0.028790386393666267,1.5258549314099557,1.4985935688018799,0.027261362608075768,0.06637965142726898,0.7152593548110172,0.6406554579734802,0.07460389683753699,0.14626215398311615,0.4505715712861694,-4.656550145476501e-10,0.45057157175182444,-2.9831426218152046e-09
5.225866079,0.9627261917815307,0.8008108735084534,0.16191531827307737,0.19652202725410461,-0.658043538082415,-0.6697359681129456,0.011692430030530554,0.028952298685908318,1.5272150076707989,1.5013588666915894,0.02585614097920952,0.06678055226802826,0.7182464822208335,0.6466972827911377,0.07154919942969584,0.14686281979084015,0.4524526248868469,-4.971599243397407e-10,0.4524526253840068,2.9103830456733704e-11
5.246526241,0.9667261559815307,0.8008108735084534,0.1659152824730773,0.19652202725410461,-0.6574543306143875,-0.6697359681129456,0.01228163749855804,0.028952298685908318,1.5285743070850737,1.5013588666915894,0.027215440393484336,0.06678055226802826,0.7212319034471486,0.6466972827911377,0.07453462065601091,0.14686281979084015,0.45433260406980536,-4.971599243397407e-10,0.4543326045669653,2.9103830456733704e-11
5.258541107,0.9689284295815306,0.8008108735084534,0.1681175560730772,0.19652202725410461,-0.6571299286980504,-0.6697359681129456,0.012606039414895132,0.028952298685908318,1.5293227010868384,1.5013588666915894,0.027963834395249076,0.06678055226802826,0.722875596746102,0.6466972827911377,0.07617831395496433,0.14686281979084015,0.4553676704644443,-4.971599243397407e-10,0.45536767096160424,2.9103830456733704e-11
5.276089430,0.9727238927815305,0.8008108735084534,0.17191301927307712,0.19652202725410461,-0.6565708448787343,-0.6697359681129456,0.013165123234211262,0.028952298685908318,1.5306125053567523,1.5013588666915894,0.02925363866516295,0.06678055226802826,0.7257083861998121,0.6466972827911377,0.07901110340867445,0.14686281979084015,0.45715153438144757,-4.971599243397407e-10,0.4571515348786075,2.9103830456733704e-11
5.296005249,0.9767238431815304,0.8088696599006653,0.1678541832808651,0.19910471141338348,-0.6559816394434907,-0.6685213446617126,0.012539705218221897,0.029654599726200104,1.5319718000814022,1.5041658878326416,0.02780591224876061,0.0684705451130867,0.7286937971263319,0.6528098583221436,0.07588393880418831,0.1498098224401474,0.4590315070784198,2.38512126715662e-10,0.4590315068399077,-9.953510016202927e-09
5.316059828,0.9807175103815303,0.8166440725326538,0.1640734378488765,0.19430185854434967,-0.6553933595436215,-0.6673948168754578,0.012001457331836218,0.028163505718111992,1.5333289595994222,1.506761074066162,0.02656788553326006,0.06487732380628586,0.7316745185112179,0.6585531234741211,0.0731213950370968,0.1435803323984146,0.46090852667766113,4.893144223139245e-10,0.4609085261883467,-1.8364517018198967e-08
5.335885286,0.9847163021815303,0.8166440725326538,0.16807222964887647,0.19430185854434967,-0.6548043247738486,-0.6673948168754578,0.012590492101609119,0.028163505718111992,1.5346878605994732,1.506761074066162,0.027926786533311043,0.06487732380628586,0.73465906470274,0.6585531234741211,0.07610594122861891,0.1435803323984146,0.4627879548337894,4.893144223139245e-10,0.46278795434447495,-1.8364517018198967e-08
5.345700979,0.9867227853815301,0.824705183506012,0.16201760187551817,0.19903410971164703,-0.6545087634070964,-0.6661880016326904,0.011679238225594024,0.029349375516176224,1.535369719561739,1.5095489025115967,0.025820817050142386,0.06771446764469147,0.7361566274898081,0.6646369695663452,0.07151965792346293,0.14867468178272247,0.463730999935782,-5.162956728810286e-10,0.46373100045207766,4.970206646248698e-08
5.366191626,0.9907230705815301,0.824705183506012,0.16601788707551812,0.19903410971164703,-0.6539195086547465,-0.6661880016326904,0.012268492977943968,0.029349375516176224,1.5367291280607682,1.5095489025115967,0.027180225549171544,0.06771446764469147,0.739142288298321,0.6646369695663452,0.07450531873197574,0.14867468178272247,0.46561112998842014,-5.162956728810286e-10,0.4656111305047158,4.970206646248698e-08
5.385834455,0.9947229805815301,0.8326316475868225,0.16209133299470757,0.2016967236995697,-0.6533303091705516,-0.6650113463401794,0.011681037169627873,0.030476635321974754,1.5380884090563713,1.5122644901275635,0.025823918928807865,0.07043461501598358,0.7421276690718164,0.6705920696258545,0.07153559944596188,0.15335024893283844,0.46749108369743264,1.475626842939448e-10,0.46749108354986996,1.6771082300692797e-08
5.405725479,0.9987223481815299,0.8326316475868225,0.16609070059470743,0.2016967236995697,-0.6527411895836045,-0.6650113463401794,0.012270156756574946,0.030476635321974754,1.5394475057293242,1.5122644901275635,0.02718301560176073,0.07043461501598358,0.7451126450185703,0.6705920696258545,0.07452057539271584,0.15335024893283844,0.46937078247898634,1.475626842939448e-10,0.46937078233142365,1.6771082300692797e-08
5.416059494,1.0007233525815298,0.8326316475868225,0.16809170499470727,0.2016967236995697,-0.6524464352615443,-0.6650113463401794,0.01256491107863511,0.030476635321974754,1.5401275028425188,1.5122644901275635,0.027863012714955282,0.07043461501598358,0.7466061186375867,0.6705920696258545,0.07601404901173225,0.15335024893283844,0.47031125255044554,1.475626842939448e-10,0.47031125240288285,1.6771082300692797e-08
5.436032057,1.0047258795815297,0.8405555486679077,0.164170330913622,0.1992289423942566,-0.6518568502849134,-0.6638468503952026,0.011990000110289278,0.029466697946190834,1.5414876731677232,1.5149506330490112,0.02653704011871194,0.06800078600645065,0.7495934526404009,0.6764975786209106,0.07309587401949025,0.1491301953792572,0.47219243624684687,3.192752728864434e-10,0.4721924359275716,2.6557245291769505e-09
5.455737352,1.0087221601815297,0.8405555486679077,0.168166611513622,0.1992289423942566,-0.6512681854228994,-0.6638468503952026,0.0125786649723032,0.029466697946190834,1.5428457207919641,1.5149506330490112,0.027895087742952906,0.06800078600645065,0.7525761245677025,0.6764975786209106,0.07607854594679186,0.1491301953792572,0.4740706841414807,3.192752728864434e-10,0.4740706838222054,2.6557245291769505e-09
5.465489149,1.0107224207815297,0.8483869433403015,0.16233547744122823,0.1969163715839386,-0.6509735406649486,-0.6627194285392761,0.01174588787432751,0.028538281098008156,1.5435254651411703,1.517547369003296,0.025978096137874385,0.0657648891210556,0.7540690430426733,0.682247519493103,0.07182152354957028,0.14524078369140625,0.475010804627682,-2.3369750579149695e-10,0.47501080486137953,7.807102520018816e-09
5.486156464,1.0147244021815296,0.8483869433403015,0.16633745884122808,0.1969163715839386,-0.6503840360569355,-0.6627194285392761,0.012335392482340612,0.028538281098008156,1.5448854500562752,1.517547369003296,0.0273380810529793,0.0657648891210556,0.7570559698303877,0.682247519493103,0.07480845033728467,0.14524078369140625,0.47689173189262773,-2.3369750579149695e-10,0.47689173212632524,7.807102520018816e-09
5.505781412,1.0187150749815295,0.8483869433403015,0.17032813164122795,0.1969163715839386,-0.6497961972417247,-0.6627194285392761,0.012923231297551463,0.028538281098008156,1.5462415919936463,1.517547369003296,0.028694222990350404,0.0657648891210556,0.7600344563089413,0.682247519493103,0.07778693681583826,0.14524078369140625,0.47876734412685684,-2.3369750579149695e-10,0.47876734436055435,7.807102520018816e-09
5.516171694,1.0207235863815294,0.8564603328704834,0.16426325351104598,0.20181162655353546,-0.6495003371146518,-0.6615166068077087,0.012016269693056914,0.030187590047717094,1.5469241401948488,1.5203253030776978,0.026598837117151053,0.06973069906234741,0.7615335328673905,0.6883155107498169,0.07321802211757356,0.1521855890750885,0.4797113424808258,8.542599960748021e-11,0.4797113423953998,-7.865310180932283e-09
5.538042307,1.0249570359815294,0.8564603328704834,0.16849670311104603,0.20181162655353546,-0.6488767365034669,-0.6615166068077087,0.012639870304241851,0.030187590047717094,1.5483627844611259,1.5203253030776978,0.028037481383428098,0.06973069906234741,0.7646932187206726,0.6883155107498169,0.07637770797085575,0.1521855890750885,0.48170105956881965,8.542599960748021e-11,0.48170105948339365,-7.865310180932283e-09
5.557038069,1.0288903881815292,0.864351749420166,0.1645386387613632,0.19961337745189667,-0.6482973411952233,-0.6603533029556274,0.012055961760404132,0.029789447784423828,1.549699447259657,1.5230087041854858,0.026690743074171186,0.06878534704446793,0.7676289232823418,0.6942129731178284,0.07341595016451341,0.15042325854301453,0.48354973117824146,1.0218417223484266e-09,0.48354973015639974,-1.6952981241047382e-08
5.576082230,1.0327233631815291,0.864351749420166,0.16837161376136311,0.19961337745189667,-0.6477327317682783,-0.6603533029556274,0.012620571187349161,0.029789447784423828,1.5510019990856037,1.5230087041854858,0.027993294900117816,0.06878534704446793,0.7704897101176178,0.6942129731178284,0.07627673699978943,0.15042325854301453,0.4853512256038166,1.0218417223484266e-09,0.4853512245819749,-1.6952981241047382e-08
5.595663548,1.036722068981529,0.8723857402801514,0.1643363287013777,0.19952841103076935,-0.6471437096665792,-0.6591553688049316,0.012011659138352448,0.0294007807970047,1.5523608708604555,1.5257751941680908,0.026585676692364668,0.06784321367740631,0.7734741921220091,0.7002578973770142,0.07321629474499491,0.14883896708488464,0.4872306133400306,9.62178892116583e-10,0.4872306123778517,9.567884262651205e-09
5.605987549,1.038723779381529,0.8723857402801514,0.16633803910137757,0.19952841103076935,-0.6468488513484701,-0.6591553688049316,0.012306517456461497,0.0294007807970047,1.553041107892144,1.5257751941680908,0.02726591372405318,0.06784321367740631,0.774968192672588,0.7002578973770142,0.07471029529557383,0.14883896708488464,0.4881714152307854,9.62178892116583e-10,0.4881714142686065,9.567884262651205e-09
5.625914574,1.0427222245815289,0.8723857402801514,0.1703364843013775,0.19952841103076935,-0.6462598676339812,-0.6591553688049316,0.012895501170950396,0.0294007807970047,1.5543998911078465,1.5257751941680908,0.028624696939755667,0.06784321367740631,0.7779524801750456,0.7002578973770142,0.07769458279803143,0.14883896708488464,0.4900506804852594,9.62178892116583e-10,0.4900506795230805,9.567884262651205e-09
5.636121511,1.044723153981529,0.8723857402801514,0.17233741370137756,0.19952841103076935,-0.64596512435966,-0.6591553688049316,0.013190244445271615,0.0294007807970047,1.5550798627339488,1.5257751941680908,0.029304668565858005,0.06784321367740631,0.779445897816913,0.7002578973770142,0.07918800043989882,0.14883896708488464,0.49099111530679346,9.62178892116583e-10,0.49099111434461457,9.567884262651205e-09
5.656094074,1.0487232261815287,0.8804773688316345,0.16824585734989417,0.20221181213855743,-0.6453759009828884,-0.6579477787017822,0.012571877718893787,0.030190320685505867,1.5564391988496364,1.5285649299621582,0.027874268887478237,0.06974071264266968,0.7824313996503226,0.7063448429107666,0.076086556739556,0.1521727442741394,0.4928711452496441,9.71492220003256e-10,0.4928711442781519,4.928733687847853e-08
5.666104555,1.0507233567815288,0.8885663747787476,0.16215698200278128,0.2020619809627533,-0.6450812753743517,-0.6567395329475403,0.011658257573188613,0.030223630368709564,1.5571188990212164,1.5313562154769897,0.025762683544226617,0.06981932371854782,0.7839242210982352,0.7124347686767578,0.07148945242147742,0.15232327580451965,0.49381120463597517,2.470978976987226e-10,0.49381120438887727,-6.2282197177410126e-09
5.685779572,1.0547236059815286,0.8885663747787476,0.16615723120278103,0.2020619809627533,-0.6444920259249164,-0.6567395329475403,0.012247507022623894,0.030223630368709564,1.5584782952864416,1.5313562154769897,0.027122079809451805,0.06981932371854782,0.7869098550377165,0.7124347686767578,0.07447508636095868,0.15232327580451965,0.4956913177686492,2.470978976987226e-10,0.4956913175215513,-6.2282197177410126e-09
5.705916643,1.0587249077815286,0.8885663747787476,0.17015853300278105,0.2020619809627533,-0.6439026214241481,-0.6567395329475403,0.01283691152339217,0.030223630368709564,1.559838049254509,1.5313562154769897,0.028481833777519228,0.06981932371854782,0.7898962745978249,0.7124347686767578,0.07746150592106704,0.15232327580451965,0.49757192562227304,2.470978976987226e-10,0.49757192537517514,-6.2282197177410126e-09
5.725940228,1.0627219397815284,0.8967477679252625,0.16597417185626595,0.20682790875434875,-0.6433138458785208,-0.655501663684845,0.012187817806324164,0.03166857734322548,1.5611963522254302,1.534218430519104,0.02697792170632618,0.07328630238771439,0.792879507341523,0.7186504602432251,0.07422904709829792,0.15846268832683563,0.4994505266741571,-6.382406270155627e-10,0.49945052731239775,1.622538547962904e-08
5.736071110,1.0647237123815283,0.8967477679252625,0.16797594445626585,0.20682790875434875,-0.6430189783981536,-0.655501663684845,0.012482685286691386,0.03166857734322548,1.5618766103944137,1.534218430519104,0.02765817987530972,0.07328630238771439,0.7943735543158175,0.7186504602432251,0.07572309407259237,0.15846268832683563,0.5003913577988498,-6.382406270155627e-10,0.5003913584370905,1.622538547962904e-08
5.757868528,1.0691057099815282,0.9045838117599487,0.16452189822157948,0.1969955414533615,-0.6423734961933882,-0.6543744206428528,0.012000924449464545,0.02853419817984104,1.5633657354148411,1.5368139743804932,0.026551761034347976,0.06573506444692612,0.7976441107494731,0.7244049310684204,0.07323917968105265,0.14535430073738098,0.502450892298627,-1.3905745444020567e-09,0.5024508936892016,2.0969309844076633e-08
5.775998831,1.0727245089815283,0.9045838117599487,0.16814069722157954,0.1969955414533615,-0.641840435573473,-0.6543744206428528,0.01253398506937975,0.02853419817984104,1.564595504261542,1.5368139743804932,0.027781529881048872,0.06573506444692612,0.8003450447599244,0.7244049310684204,0.075940113691504,0.14535430073738098,0.5041517242179004,-1.3905745444020567e-09,0.504151725608475,2.0969309844076633e-08
5.795713186,1.076724243581528,0.9045838117599487,0.17214043182157934,0.1969955414533615,-0.6412512619262569,-0.6543744206428528,0.013123158716595862,0.02853419817984104,1.5659547256513324,1.5368139743804932,0.02914075127083926,0.06573506444692612,0.8033302946215275,0.7244049310684204,0.07892536355310709,0.14535430073738098,0.5060315954890879,-1.3905745444020567e-09,0.5060315968796625,2.0969309844076633e-08
5.815912008,1.080724861981528,0.9127032160758972,0.16802164590563073,0.20158840715885162,-0.6406619580924856,-0.6531709432601929,0.012508985167707265,0.02951684594154358,1.5673142473810162,1.5395922660827637,0.02772198129825254,0.0680813193321228,0.8063162041178542,0.73048335313797,0.07583285097988424,0.14960815012454987,0.5079118821453936,-1.600122145895e-09,0.5079118837455158,-5.893525667488575e-09
5.835955143,1.084723294181528,0.9205857515335083,0.1641375426480196,0.19937632977962494,-0.640072976292938,-0.6520168781280518,0.011943901835113735,0.029560212045907974,1.568673026178956,1.5422521829605103,0.026420843218445844,0.06820165365934372,0.809300481917606,0.7363508343696594,0.07294964754794653,0.14968006312847137,0.5097911412898806,-2.1399981786629496e-09,0.5097911434298787,1.174339558929205e-08
5.855974436,1.088715699981528,0.9205857515335083,0.16812994844801965,0.19937632977962494,-0.6394848822013068,-0.6520168781280518,0.012531995926744921,0.029560212045907974,1.5700297570380692,1.5422521829605103,0.027777574077558986,0.06820165365934372,0.8122802618414822,0.7363508343696594,0.07592942747182274,0.14968006312847137,0.5116675680323806,-2.1399981786629496e-09,0.5116675701723787,1.174339558929205e-08
5.867305279,1.0907236497815278,0.9205857515335083,0.1701378982480195,0.19937632977962494,-0.639189104799703,-0.6520168781280518,0.012827773328348724,0.029560212045907974,1.570712114391926,1.5422521829605103,0.028459931431415786,0.06820165365934372,0.8137789192430398,0.7363508343696594,0.07742808487338038,0.14968006312847137,0.5126113024349098,-2.1399981786629496e-09,0.512611304574908,1.174339558929205e-08
5.876153469,1.0927239757815277,0.9205857515335083,0.1721382242480194,0.19937632977962494,-0.6388944504081239,-0.6520168781280518,0.013122427719927887,0.029560212045907974,1.5713918809658767,1.5422521829605103,0.02913969800536642,0.06820165365934372,0.8152718865300845,0.7363508343696594,0.07892105216042511,0.14968006312847137,0.513551453659046,-2.1399981786629496e-09,0.5135514557990442,1.174339558929205e-08
5.895892620,1.0967270513815277,0.9285643696784973,0.1681626817030304,0.1993768811225891,-0.6383047846209654,-0.6508344411849976,0.012529656564032154,0.029560189694166183,1.5727522377206642,1.5449801683425903,0.02777206937807386,0.06820163130760193,0.8182596299870845,0.7423380017280579,0.0759216282590266,0.1496800035238266,0.5154328951968999,-2.053268666202257e-09,0.5154328972501686,6.897607818245888e-09
5.916017771,1.1007236859815275,0.9285643696784973,0.17215931630303016,0.1993768811225891,-0.6377160676136239,-0.6508344411849976,0.013118373571373687,0.029560189694166183,1.5741104056439799,1.5449801683425903,0.029130237301389528,0.06820163130760193,0.8212425661265292,0.7423380017280579,0.07890456439847138,0.1496800035238266,0.5173113094711805,-2.053268666202257e-09,0.5173113115244492,6.897607818245888e-09
5.926240683,1.1027244151815274,0.9285643696784973,0.1741600455030301,0.1993768811225891,-0.6374213538294004,-0.6508344411849976,0.013413087355597209,0.029560189694166183,1.5747903092365378,1.5449801683425903,0.029810140893947512,0.06820163130760193,0.822735834346727,0.7423380017280579,0.08039783261866917,0.1496800035238266,0.5182516501989143,-2.053268666202257e-09,0.518251652252183,6.897607818245888e-09
5.945909977,1.1067223509815274,0.9367294311523438,0.16999291982918363,0.20404110848903656,-0.636832445151154,-0.6496057510375977,0.012773305886443653,0.030716916546225548,1.5761489193439104,1.5478192567825317,0.0283296625613787,0.07097956538200378,0.8257197416523887,0.7485212683677673,0.07719847328462137,0.15458153188228607,0.5201306760358966,-1.596629606304134e-09,0.5201306776325262,3.028253559023142e-08
5.965602160,1.1107232519815273,0.9449459910392761,0.1657772609422512,0.20662786066532135,-0.6362430996895024,-0.6483619213104248,0.012118821620922371,0.031474120914936066,1.5775085371089574,1.5506949424743652,0.02681359463459221,0.07280252128839493,0.8287058620706128,0.7547681331634521,0.07393772890716066,0.1577606052160263,0.5220110955139203,-1.978180730333179e-09,0.5220110974921011,-2.750311978161335e-09
5.986158133,1.1147298823815273,0.9531674385070801,0.16156244387444718,0.20423009991645813,-0.6356529102689806,-0.6471172571182251,0.011464346849244467,0.030759472399950027,1.5788701018839464,1.553572654724121,0.025297447159825293,0.07108498364686966,0.8316962586952024,0.7610183954238892,0.0706778632713132,0.15475206077098846,0.5238942078042274,-8.262511230761049e-10,0.5238942086304785,2.5363988243043423e-08
6.005527496,1.118722679781527,0.9531674385070801,0.16555524127444698,0.20423009991645813,-0.635064758493422,-0.6471172571182251,0.012052498624803065,0.030759472399950027,1.5802269658196633,1.553572654724121,0.02665431109554217,0.07108498364686966,0.8346763308944326,0.7610183954238892,0.07365793547054345,0.15475206077098846,0.5257708185983366,-8.262511230761049e-10,0.5257708194245878,2.5363988243043423e-08
6.025964737,1.122723211381527,0.9531674385070801,0.169555772874447,0.20423009991645813,-0.6344754674455672,-0.6471172571182251,0.012641789672657944,0.030759472399950027,1.5815864580522858,1.553572654724121,0.02801380332816472,0.07108498364686966,0.8376621756065389,0.7610183954238892,0.07664378018264972,0.15475206077098846,0.5276510644587289,-8.262511230761049e-10,0.52765106528498,2.5363988243043423e-08
6.035760880,1.1247228409815269,0.9611840844154358,0.16353875656609107,0.19895566999912262,-0.6341809156359263,-0.64594966173172,0.011768746095793703,0.028682518750429153,1.5822659879700904,1.5562645196914673,0.026001468278623152,0.06606659293174744,0.8391546231270961,0.7669489979743958,0.07220562515270035,0.14617788791656494,0.5285908883755598,-4.4848344482595337e-10,0.5285908888240433,4.2782630771398544e-09
6.055768967,1.1287228241815268,0.9611840844154358,0.16753873976609102,0.19895566999912262,-0.6335917053691382,-0.64594966173172,0.012357956362581746,0.028682518750429153,1.5836252938410955,1.5562645196914673,0.02736077414962823,0.06606659293174744,0.842140058534289,0.7669489979743958,0.07519106055989322,0.14617788791656494,0.5304708764884993,-4.4848344482595337e-10,0.5304708769369828,4.2782630771398544e-09
6.067647457,1.1307252027815269,0.9691469669342041,0.16157823584732278,0.19900274276733398,-0.6332967486230408,-0.6448023915290833,0.011505642906042501,0.028682729229331017,1.5843057579457833,1.558907151222229,0.025398606723554318,0.06606698781251907,0.8436345578039472,0.772796094417572,0.07083846338637523,0.14617781341075897,0.5314119924325874,-4.604160386278977e-10,0.5314119928930034,4.933099262416363e-09
6.076109409,1.1327315695815268,0.9691469669342041,0.16358460264732266,0.19900274276733398,-0.6330012044023794,-0.6448023915290833,0.01180118712670386,0.028682729229331017,1.5849875773520823,1.558907151222229,0.026080426129853285,0.06606698781251907,0.8451320337144801,0.772796094417572,0.07233593929690807,0.14617781341075897,0.5323549828266961,-4.604160386278977e-10,0.5323549832871122,4.933099262416363e-09
6.096019506,1.1367234715815266,0.9691469669342041,0.16757650464732254,0.19900274276733398,-0.6324131845220929,-0.6448023915290833,0.01238920700699031,0.028682729229331017,1.586344137005902,1.558907151222229,0.02743698578367293,0.06606698781251907,0.8481114376211876,0.772796094417572,0.07531534320361555,0.14617781341075897,0.5342311727836988,-4.604160386278977e-10,0.5342311732441148,4.933099262416363e-09
6.116196632,1.1407238225815266,0.9772433042526245,0.1634805183289021,0.20106911659240723,-0.6318239200771933,-0.6436044573783875,0.011780537301194105,0.02981475740671158,1.5877035678656068,1.5616710186004639,0.02603254926514298,0.06878173351287842,0.8510971475403191,0.7788599729537964,0.07223717458652268,0.1510009914636612,0.5361113337622713,-4.219399829530346e-11,0.5361113338044653,7.843482308089733e-09
6.126321793,1.1427252645815265,0.9772433042526245,0.16548196032890194,0.20106911659240723,-0.6315291012952593,-0.6436044573783875,0.012075356083128153,0.02981475740671158,1.588383713687488,1.5616710186004639,0.02671269508702423,0.06878173351287842,0.8525909477673407,0.7788599729537964,0.07373097481354429,0.1510009914636612,0.5370520095052939,-4.219399829530346e-11,0.5370520095474879,7.843482308089733e-09
6.145935297,1.1467230847815264,0.9851961731910706,0.16152691159045585,0.19632118940353394,-0.6309402096452612,-0.6424385905265808,0.011498380881319603,0.02847842499613762,1.5897422845107563,1.5643583536148071,0.025383930895949147,0.06558072566986084,0.8555747687935568,0.7847858667373657,0.07078890205619104,0.14529086649417877,0.5389309810103915,7.005357405276413e-10,0.5389309803098558,7.421476766467094e-10
6.156197548,1.1487239803815263,0.9851961731910706,0.1635278071904558,0.19632118940353394,-0.6306454713497877,-0.6424385905265808,0.011793119176793154,0.02847842499613762,1.590422244650676,1.5643583536148071,0.026063891035868814,0.06558072566986084,0.8570681612083889,0.7847858667373657,0.07228229447102319,0.14529086649417877,0.5398713999459592,7.005357405276413e-10,0.5398713992454235,7.421476766467094e-10
6.175923586,1.1527241775815262,0.9851961731910706,0.16752800439045568,0.19632118940353394,-0.630056229560118,-0.6424385905265808,0.012382360966462835,0.02847842499613762,1.5917816232448505,1.5643583536148071,0.02742326963004338,0.06558072566986084,0.860053756337047,0.7847858667373657,0.07526788959968123,0.14529086649417877,0.5417514886386852,7.005357405276413e-10,0.5417514879381494,7.421476766467094e-10
6.195922136,1.156723458781526,0.9931949377059937,0.1635285210755324,0.19860132038593292,-0.629467122700166,-0.6412625908851624,0.011795468184996327,0.028910042718052864,1.5931406905566732,1.5670702457427979,0.026070444813875326,0.06661853194236755,0.8630386677981252,0.790753185749054,0.07228548204907126,0.14711618423461914,0.543631146812325,1.0055438703915343e-09,0.5436311458067812,1.1961674317717552e-08
6.206027508,1.158735610781526,0.9931949377059937,0.16554067307553244,0.19860132038593292,-0.6291707263011167,-0.6412625908851624,0.012091864584045653,0.028910042718052864,1.5938244759353104,1.5670702457427979,0.02675423019251255,0.06661853194236755,0.8645404615620226,0.790753185749054,0.07378727581296862,0.14711618423461914,0.5445768562446616,1.0055438703915343e-09,0.5445768552391177,1.1961674317717552e-08
6.225938082,1.162723281981526,0.9931949377059937,0.16952834427553243,0.19860132038593292,-0.6285833296311469,-0.6412625908851624,0.012679261254015417,0.028910042718052864,1.5951795978452716,1.5670702457427979,0.028109352102473784,0.06661853194236755,0.8675167077604374,0.790753185749054,0.07676352201138348,0.14711618423461914,0.5464510577298856,1.0055438703915343e-09,0.5464510567243417,1.1961674317717552e-08
6.245651960,1.1667235611815259,1.0010974407196045,0.16562612046192138,0.19865024089813232,-0.627994075762616,-0.6401084661483765,0.012114390385760454,0.029207022860646248,1.5965390043053336,1.5697296857833862,0.026809318521947345,0.06733586639165878,0.8705023640907783,0.7966273427009583,0.07387502138982005,0.1483464390039444,0.5483311849625296,1.313462449914482e-09,0.5483311836490672,2.5756889954209328e-09
6.266036749,1.1707226143815257,1.0089517831802368,0.16177083120128888,0.1962488889694214,-0.6274050024877904,-0.6389716863632202,0.011566683875429806,0.02841927856206894,1.5978979941363962,1.5723475217819214,0.02555047235447483,0.06544546782970428,0.8734871053813237,0.8024274706840515,0.07105963469727217,0.14500218629837036,0.550210735976397,1.6365149235753051e-09,0.5502107343398821,1.0200892575085163e-08
6.275803566,1.1727234659815258,1.0089517831802368,0.16377168280128895,0.1962488889694214,-0.627110270673657,-0.6389716863632202,0.011861415689563226,0.02841927856206894,1.5985779393238886,1.5723475217819214,0.0262304175419672,0.06544546782970428,0.8749804649562285,0.8024274706840515,0.07255299427217698,0.14500218629837036,0.5511511342320087,1.6365149235753051e-09,0.5511511325954938,1.0200892575085163e-08
6.295781374,1.1767265895815255,1.0089517831802368,0.16777480640128872,0.1962488889694214,-0.6265205978159456,-0.6389716863632202,0.012451088547274614,0.02841927856206894,1.5999383123904152,1.5723475217819214,0.027590790608493787,0.06544546782970428,0.8779682442386038,0.8024274706840515,0.07554077355455224,0.14500218629837036,0.5530325983298148,1.6365149235753051e-09,0.5530325966932998,1.0200892575085163e-08
6.315912724,1.1807230575815255,1.016858696937561,0.16386436064396448,0.19877228140830994,-0.6259319053493148,-0.637820839881897,0.011888934532582218,0.029125310480594635,1.6012964236984035,1.574999451637268,0.02629697206113546,0.06714927405118942,0.8809510560341417,0.8082849383354187,0.072666117698723,0.14793524146080017,0.5549109343022616,2.459339398797056e-10,0.5549109340563276,1.6007106751203537e-10
6.335682631,1.1847217603815254,1.016858696937561,0.1678630634439644,0.19877228140830994,-0.6253428836895253,-0.637820839881897,0.012477956192371686,0.029125310480594635,1.6026552944537718,1.574999451637268,0.027655842816503684,0.06714927405118942,0.883935535799447,0.8082849383354187,0.07565059746402825,0.14793524146080017,0.5567903206284787,2.459339398797056e-10,0.5567903203825447,1.6007106751203537e-10
6.346018791,1.1867261733815253,1.0246292352676392,0.16209693811388615,0.19414347410202026,-0.6250476272698275,-0.6367020606994629,0.011654433429635347,0.02796836569905281,1.6033364499043292,1.577574610710144,0.025761839194185177,0.06438019871711731,0.8854315534679306,0.8140038847923279,0.07142766867560268,0.14297328889369965,0.5577323927385368,-4.219399829530346e-11,0.5577323927807308,8.92032403498888e-09
6.365683317,1.1907236035815252,1.0246292352676392,0.16609436831388602,0.19414347410202026,-0.6244587930680717,-0.6367020606994629,0.012243267631391164,0.02796836569905281,1.6046948881947183,1.577574610710144,0.02712027748457424,0.06438019871711731,0.8884150834129718,0.8140038847923279,0.07441119862064394,0.14297328889369965,0.5596111809440236,-4.219399829530346e-11,0.5596111809862176,8.92032403498888e-09
6.376341581,1.1927247481815253,1.0246292352676392,0.16809551291388614,0.19414347410202026,-0.624164018094105,-0.6367020606994629,0.012538042605357846,0.02796836569905281,1.6053749329517837,1.577574610710144,0.02780032224163964,0.06438019871711731,0.8899086616719387,0.8140038847923279,0.07590477687961084,0.14297328889369965,0.5605517169093429,-4.219399829530346e-11,0.5605517169515369,8.92032403498888e-09
6.387714624,1.1947605647815251,1.0326906442642212,0.16206992051730396,0.199086531996727,-0.6238641358240951,-0.6354999542236328,0.011635818399537756,0.029307544231414795,1.6060667602216256,1.5803502798080444,0.02571648041358121,0.06760472804307938,0.8914281177937022,0.8200739026069641,0.07135421518673812,0.14858455955982208,0.5615085486800675,8.096751047403927e-10,0.5615085478703924,1.1947122402489185e-08
6.406351089,1.198724630381525,1.0326906442642212,0.1660339861173039,0.199086531996727,-0.623280216334198,-0.6354999542236328,0.012219737889434867,0.029307544231414795,1.6074138602902281,1.5803502798080444,0.027063580482183713,0.06760472804307938,0.8943867456696081,0.8200739026069641,0.07431284306264396,0.14858455955982208,0.5633716555568444,8.096751047403927e-10,0.5633716547471693,1.1947122402489185e-08
6.425781488,1.202723313781525,1.0326906442642212,0.17003266951730378,0.199086531996727,-0.6226911975320902,-0.6354999542236328,0.012808756691542578,0.029307544231414795,1.6087727244529353,1.5803502798080444,0.028422444644890854,0.06760472804307938,0.8973712109554909,0.8200739026069641,0.07729730834852677,0.14858455955982208,0.5652510327650808,8.096751047403927e-10,0.5652510319554057,1.1947122402489185e-08
6.445718765,1.2067157413815248,1.0405265092849731,0.16618923209655168,0.19695188105106354,-0.6221031002292496,-0.6343550086021423,0.012251908372892695,0.028974905610084534,1.6101294627202964,1.5829890966415405,0.027140366078755918,0.0668179839849472,0.9003510071500584,0.8258981108665466,0.07445289628351182,0.14709539711475372,0.5671274697535591,1.477316935449835e-09,0.5671274682762422,1.6152625903487206e-08
6.455616474,1.208722464781525,1.0405265092849731,0.16819595549655175,0.19695188105106354,-0.6218075034802724,-0.6343550086021423,0.012547505121869973,0.028974905610084534,1.610811403309223,1.5829890966415405,0.027822306667682373,0.0668179839849472,0.9018487492132756,0.8258981108665466,0.075950638346729,0.14709539711475372,0.568070627749312,1.477316935449835e-09,0.5680706262719951,1.6152625903487206e-08
6.465857267,1.2107263007815248,1.0484561920166016,0.1622701087649232,0.1992933303117752,-0.6215123320545125,-0.6331948041915894,0.01168247213707685,0.02935800328850746,1.611492362679085,1.5856643915176392,0.02582797116144575,0.06773132085800171,0.903344336230893,0.831788957118988,0.07155537911190502,0.14876322448253632,0.569012428669946,7.980335281487783e-10,0.5690124278719124,-3.170862328261137e-08
6.476292849,1.2127240987815247,1.0484561920166016,0.1642679067649231,0.1992933303117752,-0.6212180500453859,-0.6331948041915894,0.011976754146203472,0.02935800328850746,1.612171270168117,1.5856643915176392,0.02650687865047785,0.06773132085800171,0.9048354167148358,0.831788957118988,0.07304645959584777,0.14876322448253632,0.5699513917366044,7.980335281487783e-10,0.5699513909385708,-3.170862328261137e-08
6.495828390,1.2167223203815245,1.0484561920166016,0.16826612836492294,0.1992933303117752,-0.6206290992678892,-0.6331948041915894,0.012565704923700127,0.02935800328850746,1.613529977398302,1.5856643915176392,0.027865585880662902,0.06773132085800171,0.9078195373307533,0.831788957118988,0.07603058021176523,0.14876322448253632,0.5718305518993015,7.980335281487783e-10,0.571830551101268,-3.170862328261137e-08
6.516121387,1.2207169233815245,1.056535005569458,0.16418191781206648,0.19950023293495178,-0.6200406815216991,-0.6319893598556519,0.011948678333952745,0.029501916840672493,1.6148874549272663,1.5884486436843872,0.026438811242879057,0.06808072328567505,0.9108009571611863,0.8378704786300659,0.07293047853112034,0.14934122562408447,0.5737080113236092,1.251471148933092e-09,0.573708010072138,4.452886059880257e-09
6.526231527,1.2227246895815245,1.056535005569458,0.16618968401206646,0.19950023293495178,-0.6197449311649601,-0.6319893598556519,0.012244428690691755,0.029501916840672493,1.6155697498887214,1.5884486436843872,0.027121106204334167,0.06808072328567505,0.9122994775306831,0.8378704786300659,0.07442899890061716,0.14934122562408447,0.5746516594343216,1.251471148933092e-09,0.5746516581828505,4.452886059880257e-09
6.545835495,1.2267225077815245,1.0644285678863525,0.16229393989517193,0.19479314982891083,-0.6191560398095685,-0.63083815574646,0.011682115936891502,0.02805853821337223,1.6169283200323337,1.5911026000976562,0.025825719934677416,0.06461697816848755,0.9152832970641752,0.8437215685844421,0.07156172847973308,0.14321257174015045,0.5765306299994213,2.2497326224169e-09,0.5765306277496887,-3.8708094507455826e-09
6.565855742,1.2307234493815242,1.0644285678863525,0.1662948814951717,0.19479314982891083,-0.6185666883674076,-0.63083815574646,0.012271467379052381,0.02805853821337223,1.6182879515943933,1.5911026000976562,0.027185351496737065,0.06461697816848755,0.918269447784696,0.8437215685844421,0.07454787920025385,0.14321257174015045,0.5784110685594045,2.2497326224169e-09,0.5784110663096719,-3.8708094507455826e-09
6.575871229,1.2327272213815244,1.0644285678863525,0.1682986534951718,0.19479314982891083,-0.6182715263690516,-0.63083815574646,0.012566629377408378,0.02805853821337223,1.61896888921527,1.5911026000976562,0.027866289117613796,0.06461697816848755,0.9197649870351462,0.8437215685844421,0.07604341845070406,0.14321257174015045,0.5793528394001023,2.2497326224169e-09,0.5793528371503697,-3.8708094507455826e-09
6.596318960,1.2367237389815242,1.072515845298767,0.16420789368275712,0.20200210809707642,-0.6176828265961828,-0.6296310424804688,0.011948215884285962,0.03017847053706646,1.620327017378722,1.5938911437988281,0.026435873579893965,0.0697110965847969,0.9227478358502387,0.8498080372810364,0.0729397985692023,0.1521630585193634,0.5812311986844996,2.6269182384908163e-09,0.5812311960575813,-8.061761036515236e-09
6.615710497,1.2407258399815242,1.072515845298767,0.1682099946827571,0.20200210809707642,-0.6170933043707088,-0.6296310424804688,0.01253773810976,0.03017847053706646,1.6216870429372432,1.5938911437988281,0.02779589913841507,0.0697110965847969,0.9257348519028465,0.8498080372810364,0.07592681462181017,0.1521630585193634,0.583112182161326,2.6269182384908163e-09,0.5831121795344077,-8.061761036515236e-09
6.627000570,1.242732049781524,1.0803171396255493,0.16241491015597465,0.19481174647808075,-0.6167977832766475,-0.6284983158111572,0.011700532534509756,0.02831757813692093,1.6223688089905626,1.5965006351470947,0.025868173843467845,0.06523410975933075,0.9272322106345476,0.8555814623832703,0.07165074825127737,0.14433540403842926,0.5840550987655914,2.002932042444172e-09,0.5840550967626593,5.50062395632267e-09
6.638063192,1.244775635581524,1.0803171396255493,0.16445849595597473,0.19481174647808075,-0.6164967565787298,-0.6284983158111572,0.012001559232427406,0.02831757813692093,1.6230632764512865,1.5965006351470947,0.026562641304191725,0.06523410975933075,0.9287574653918567,0.8555814623832703,0.0731760030085864,0.14433540403842926,0.5850155820525642,2.002932042444172e-09,0.5850155800496322,5.50062395632267e-09
6.655655146,1.2487236667815238,1.0803171396255493,0.16840652715597448,0.19481174647808075,-0.6159151990070281,-0.6284983158111572,0.012583116804129157,0.02831757813692093,1.624404927583489,1.5965006351470947,0.027904292436394362,0.06523410975933075,0.9317041258011259,0.8555814623832703,0.07612266341785567,0.14433540403842926,0.5868711527773398,2.002932042444172e-09,0.5868711507744078,5.50062395632267e-09
6.675759554,1.252723407981524,1.0884040594100952,0.1643193485714287,0.201935812830925,-0.615326024387611,-0.6272905468940735,0.011964522506462516,0.029947174713015556,1.6257641512161434,1.5992902517318726,0.026473899484270813,0.06914085149765015,0.9346893805887181,0.8616729974746704,0.07301638311404768,0.15127553045749664,0.5887510271505207,1.6315671036437607e-09,0.5887510255189536,-2.6222551241517067e-08
6.695873260,1.2567236913815238,1.0884040594100952,0.16831963197142863,0.201935812830925,-0.6147367699004067,-0.6272905468940735,0.012553776993666776,0.029947174713015556,1.6271235591034825,1.5992902517318726,0.02783330737160994,0.06914085149765015,0.9376750400537793,0.8616729974746704,0.07600204257910892,0.15127553045749664,0.5906311563571607,1.6315671036437607e-09,0.5906311547255936,-2.6222551241517067e-08
6.705624580,1.2587266465815237,1.0962598323822021,0.16246681419932152,0.19740459322929382,-0.6144417282192924,-0.6261436939239502,0.011701965704657757,0.029032403603196144,1.6278042191529347,1.6019337177276611,0.025870501425273584,0.06695295870304108,0.939169969675759,0.8675055503845215,0.07166441929123757,0.1473393738269806,0.5915725433026734,1.143204864106906e-09,0.5915725421594685,3.550667315721512e-09
6.725905418,1.2627236047815236,1.0962598323822021,0.16646377239932142,0.19740459322929382,-0.6138529635446403,-0.6261436939239502,0.012290730379309944,0.029032403603196144,1.6291624970445573,1.6019337177276611,0.027228779316896157,0.06695295870304108,0.9421531473379428,0.8675055503845215,0.07464759695342127,0.1473393738269806,0.5934511096686311,1.143204864106906e-09,0.5934511085254263,3.550667315721512e-09
6.745991707,1.2667152515815234,1.0962598323822021,0.17045541919932128,0.19740459322929382,-0.6132649812561267,-0.6261436939239502,0.012878712667823478,0.029032403603196144,1.6305189699742981,1.6019337177276611,0.028585252246636994,0.06695295870304108,0.9451323607730712,0.8675055503845215,0.07762681038854968,0.1473393738269806,0.5953271796818884,1.143204864106906e-09,0.5953271785386836,3.550667315721512e-09
6.755617142,1.2687160845815235,1.1042556762695312,0.16446040831199227,0.19725850224494934,-0.6129702521818325,-0.6249627470970154,0.011992494915182839,0.02861754223704338,1.6311989088409915,1.6046589612960815,0.02653994754490996,0.06594982743263245,0.9466257064656431,0.8734828233718872,0.07314288309375594,0.14563211798667908,0.5962675691955186,5.4133769689102e-10,0.596267568654181,9.89530235528946e-09
6.765731335,1.2707242199815234,1.1042556762695312,0.16646854371199216,0.19725850224494934,-0.6126744474407575,-0.6249627470970154,0.012288299656257884,0.02861754223704338,1.6318813292669057,1.6046589612960815,0.027222367970824113,0.06594982743263245,0.9481245023919853,0.8734828233718872,0.0746416790200981,0.14563211798667908,0.5972113908298626,5.4133769689102e-10,0.597211390288525,9.89530235528946e-09
6.785595417,1.2747221553815233,1.112204670906067,0.16251748447545644,0.19502699375152588,-0.6120855388214325,-0.623798668384552,0.01171312956311954,0.028170552104711533,1.6332399392383472,1.6073435544967651,0.025896384741582068,0.06487883627414703,0.9511084093991022,0.879389226436615,0.07171918296248725,0.14371541142463684,0.5990904164788454,9.225978869764617e-10,0.5990904155562475,-4.249159246683121e-09
6.795860529,1.2767232349815234,1.112204670906067,0.1645185640754565,0.19502699375152588,-0.6117907734221728,-0.623798668384552,0.012007894962379195,0.028170552104711533,1.6339199619065994,1.6073435544967651,0.026576407409834246,0.06487883627414703,0.95260193914454,0.879389226436615,0.07321271270792507,0.14371541142463684,0.6000309218942296,9.225978869764617e-10,0.6000309209716317,-4.249159246683121e-09
6.815734386,1.2807226951815232,1.112204670906067,0.16851802427545626,0.19502699375152588,-0.6112016401949507,-0.623798668384552,0.01259702818960129,0.028170552104711533,1.6352790900476153,1.6073435544967651,0.027935535550850155,0.06487883627414703,0.9555869842044139,0.879389226436615,0.07619775776779891,0.14371541142463684,0.6019106641976909,9.225978869764617e-10,0.601910663275093,-4.249159246683121e-09
6.826192856,1.2827239323815232,1.112204670906067,0.17051926147545626,0.19502699375152588,-0.610906851580709,-0.623798668384552,0.012891816803842993,0.028170552104711533,1.635959166272744,1.6073435544967651,0.028615611775978822,0.06487883627414703,0.9570806315765008,0.879389226436615,0.07769140513988582,0.14371541142463684,0.6028512436849178,9.225978869764617e-10,0.6028512427623199,-4.249159246683121e-09
6.845891714,1.2867226975815231,1.1203006505966187,0.16642204698490448,0.19984470307826996,-0.6103178207292007,-0.6225855350494385,0.012267714320237766,0.029660729691386223,1.6373180582333728,1.610146164894104,0.027171893339268838,0.06845926493406296,0.9600651579147941,0.8855022192001343,0.0745629387146598,0.15001143515110016,0.6047306593390726,8.114212635135232e-10,0.6047306585276513,6.548361852765083e-09
6.855919361,1.288723578781523,1.1203006505966187,0.16842292818490434,0.19984470307826996,-0.610023084554893,-0.6225855350494385,0.012562450494545518,0.029660729691386223,1.6379980134797707,1.610146164894104,0.027851848585666694,0.06845926493406296,0.9615585395820138,0.8855022192001343,0.07605632038187948,0.15001143515110016,0.6056710715066547,8.114212635135232e-10,0.6056710706952334,6.548361852765083e-09
6.866326332,1.290724417181523,1.128111481666565,0.16261293551495815,0.19507291913032532,-0.6097283546851616,-0.6214507818222046,0.011722427137042968,0.028369536623358727,1.6386779541815346,1.6127604246139526,0.025917529567581976,0.06535836309194565,0.9630518893049403,0.8912842273712158,0.07176766193372452,0.14454978704452515,0.6066114635582794,1.3946620525118192e-09,0.6066114621636174,1.2223608791828156e-08
6.885805607,1.294724277981523,1.128111481666565,0.16661279631495796,0.19507291913032532,-0.6091391624482835,-0.6214507818222046,0.012311619373921112,0.028369536623358727,1.6400372184576053,1.6127604246139526,0.02727679384365267,0.06535836309194565,0.9660372333574261,0.8912842273712158,0.07475300598621026,0.14454978704452515,0.6084913941433411,1.3946620525118192e-09,0.608491392748679,1.2223608791828156e-08
6.905794382,1.298723285581523,1.128111481666565,0.170611803914958,0.19507291913032532,-0.6085500958904831,-0.6214507818222046,0.012900685931721445,0.028369536623358727,1.641396192792516,1.6127604246139526,0.028635768178563392,0.06535836309194565,0.9690219406138649,0.8912842273712158,0.07773771324264911,0.14454978704452515,0.6103709237252539,1.3946620525118192e-09,0.6103709223305919,1.2223608791828156e-08
6.916231155,1.3007246475815228,1.128111481666565,0.1726131659149579,0.19507291913032532,-0.6082552888928039,-0.6214507818222046,0.013195492929400698,0.028369536623358727,1.6420763114281658,1.6127604246139526,0.029315886814213155,0.06535836309194565,0.9705156811319278,0.8912842273712158,0.07923145376071195,0.14454978704452515,0.6113115618683563,1.3946620525118192e-09,0.6113115604736943,1.2223608791828156e-08
6.936028481,1.3047263737815227,1.1360151767730713,0.16871119700845139,0.19976522028446198,-0.6076658218765637,-0.6202953457832336,0.012629523906669937,0.02940252237021923,1.643436209619192,1.6154241561889648,0.028012053430227057,0.0678311288356781,0.9735024174480631,0.8971548080444336,0.0763476094036295,0.1489780992269516,0.6131923691895567,2.00176786258055e-09,0.6131923671877888,-3.841705620288849e-09
6.956004381,1.3087245953815225,1.1438302993774414,0.16489429600408112,0.19519443809986115,-0.607076871099067,-0.6191612482070923,0.012084377108025235,0.028352124616503716,1.644794916849377,1.6180367469787598,0.026758169870617188,0.065315380692482,0.9764865380639806,0.9029339551925659,0.07355258287141464,0.14447984099388123,0.6150715293522538,9.767310293895548e-10,0.6150715283755228,-1.2165401130914688e-08
6.975691795,1.3127234505815226,1.1438302993774414,0.16889315120408122,0.19519443809986115,-0.6064878269902721,-0.6191612482070923,0.012673421216820135,0.028352124616503716,1.6461538393945165,1.6180367469787598,0.028117092415756773,0.065315380692482,0.9794711315748527,0.9029339551925659,0.07653717638228674,0.14447984099388123,0.6169509873063188,9.767310293895548e-10,0.6169509863295878,-1.2165401130914688e-08
6.995812416,1.3167150727815224,1.1516454219818115,0.16506965079971092,0.195204496383667,-0.605899848325417,-0.6180271506309509,0.012127302305533938,0.028352225199341774,1.6475103039644912,1.6206493377685547,0.026860966195936475,0.06531542539596558,0.9824503266494762,0.9087131023406982,0.07373722430877794,0.14447982609272003,0.6188270457576006,6.088586301800092e-10,0.618827045148742,2.1653249859809875e-08
7.005673409,1.3185699122487782,1.1516454219818115,0.16692449026696665,0.195204496383667,-0.6056266245635396,-0.6180271506309509,0.012400526067411377,0.028352225199341774,1.6481406301562642,1.6206493377685547,0.02749129238770953,0.06531542539596558,0.9838347083189303,0.9087131023406982,0.07512160597823203,0.14447982609272003,0.6196988184565089,6.088586301800092e-10,0.6196988178476502,2.1653249859809875e-08
7.015799522,1.3204194482998877,1.1516454219818115,0.16877402631807614,0.195204496383667,-0.6053541820117537,-0.6180271506309509,0.0126729686191972,0.028352225199341774,1.648769154099292,1.6206493377685547,0.028119816330737235,0.06531542539596558,0.985215131720174,0.9087131023406982,0.07650202937947581,0.14447982609272003,0.6205680985551201,6.088586301800092e-10,0.6205680979462614,2.1653249859809875e-08
7.035902500,1.3241078502395558,1.15971040725708,0.16439744298247572,0.200372114777565,-0.6048108686571143,-0.6168220639228821,0.012011195265767771,0.02993128076195717,1.6500225759664682,1.623432993888855,0.026589582077613194,0.06912446022033691,0.9879680147189437,0.9147891402244568,0.0731788744944869,0.15104836225509644,0.6223016437865898,8.882553581557318e-10,0.6223016428983345,2.5087501853704453e-08
7.046219587,1.3259634576817152,1.15971040725708,0.16625305042463512,0.200372114777565,-0.6045375317700872,-0.6168220639228821,0.012284532152794903,0.02993128076195717,1.650653163137536,1.623432993888855,0.027220169248681092,0.06912446022033691,0.9893529695756724,0.9147891402244568,0.07456382935121564,0.15104836225509644,0.6231737774329364,8.882553581557318e-10,0.6231737765446811,2.5087501853704453e-08
7.056109667,1.3278116308806258,1.15971040725708,0.16810122362354574,0.200372114777565,-0.6042652899707714,-0.6168220639228821,0.012556773952110634,0.02993128076195717,1.6512812239453698,1.623432993888855,0.027848230056514822,0.06912446022033691,0.9907323757958417,0.9147891402244568,0.07594323557138494,0.15104836225509644,0.624042416992374,8.882553581557318e-10,0.6240424161041186,2.5087501853704453e-08
7.076088190,1.3315081387879821,1.167690396308899,0.1638177424790832,0.19580446183681488,-0.603720782581271,-0.6156367659568787,0.01191598337560762,0.028623152524232864,1.6525374004464828,1.626169204711914,0.026368195734568722,0.06599027663469315,0.993491308780758,0.9207789897918701,0.07271231898888786,0.14545929431915283,0.6257797720205693,6.001274477362983e-10,0.6257797714204418,8.789356797933578e-09
7.096280098,1.3352031373018798,1.167690396308899,0.16751274099298086,0.19580446183681488,-0.6031764975302352,-0.6156367659568787,0.012460268426643495,0.028623152524232864,1.6537930640135936,1.626169204711914,0.027623859301679543,0.06599027663469315,0.9962491152117737,0.9207789897918701,0.07547012541990361,0.14545929431915283,0.627516417635345,6.001274477362983e-10,0.6275164170352177,8.789356797933578e-09
7.115982533,1.3388986238554594,1.175744652748108,0.16315397110735153,0.19741211831569672,-0.6026321405893994,-0.6144542098045349,0.011822069215135511,0.02828502468764782,1.6550488934302026,1.6289006471633911,0.026148246266811448,0.06520897895097733,0.9990072858970562,0.926742672920227,0.07226461297682918,0.14373263716697693,0.6292532926282844,1.1635776786533825e-09,0.6292532914647068,2.270098775625229e-09
7.126015425,1.340747570045658,1.175744652748108,0.16500291729755,0.19741211831569672,-0.6023597849260047,-0.6144542098045349,0.012094424878530186,0.02828502468764782,1.6556772169220384,1.6289006471633911,0.026776569758647284,0.06520897895097733,1.0003872690485387,0.926742672920227,0.07364459612831165,0.14373263716697693,0.630122295492856,1.1635776786533825e-09,0.6301222943292784,2.270098775625229e-09
7.146179676,1.3444443987545625,1.175744652748108,0.16869974600645454,0.19741211831569672,-0.6018152302814144,-0.6144542098045349,0.012638979523120542,0.02828502468764782,1.656933502440466,1.6289006471633911,0.028032855277074997,0.06520897895097733,1.0031464414675357,0.926742672920227,0.07640376854730868,0.14373263716697693,0.6318598012974589,1.1635776786533825e-09,0.6318598001338812,2.270098775625229e-09
7.165960073,1.348138942861198,1.175744652748108,0.17239429011309015,0.19741211831569672,-0.6012710121660155,-0.6144542098045349,0.013183197638519384,0.02828502468764782,1.6581890115873137,1.6289006471633911,0.029288364423922575,0.06520897895097733,1.0059039087462447,0.926742672920227,0.07916123582601764,0.14373263716697693,0.6335962333412749,1.1635776786533825e-09,0.6335962321776972,2.270098775625229e-09
7.186440945,1.3518343567909252,1.1917657852172852,0.16006857157364007,0.20336927473545074,-0.6007266659229047,-0.6121103167533875,0.011383650830482761,0.030277324840426445,1.6594448163243116,1.634311556816101,0.025133259508210548,0.06999049335718155,1.0086620252278442,0.9385867118835449,0.07007531334429928,0.15218964219093323,0.635333074201076,6.845286559808983e-10,0.6353330735165473,1.2485543265938759e-08
7.206143856,1.3555309639324011,1.1917657852172852,0.16376517871511598,0.20336927473545074,-0.6001821439159023,-0.6121103167533875,0.011928172837485151,0.030277324840426445,1.6607010265479463,1.634311556816101,0.026389469731845194,0.06999049335718155,1.011421032277335,0.9385867118835449,0.07283432039379001,0.15218964219093323,0.6370704758692085,6.845286559808983e-10,0.6370704751846799,1.2485543265938759e-08
7.225887299,1.3592256251981272,1.1917657852172852,0.16745983998084202,0.20336927473545074,-0.5996379085425962,-0.6121103167533875,0.012472408210791208,0.030277324840426445,1.6619565755087211,1.634311556816101,0.027645018692620038,0.06999049335718155,1.0141785869991355,0.9385867118835449,0.07559187511559062,0.15218964219093323,0.6388069629776801,6.845286559808983e-10,0.6388069622931515,1.2485543265938759e-08
7.236300230,1.3610752226006848,1.1917657852172852,0.16930943738339965,0.20336927473545074,-0.5993654569535467,-0.6121103167533875,0.012744859799840746,0.030277324840426445,1.6625851203006823,1.634311556816101,0.02827356348458121,0.06999049335718155,1.0155590561907681,0.9385867118835449,0.07697234430722322,0.15218964219093323,0.6396762719114107,6.845286559808983e-10,0.6396762712268821,1.2485543265938759e-08
7.257698298,1.3648617571056163,1.1999386548995972,0.16492310220601913,0.20486225187778473,-0.5988076883594555,-0.6108892560005188,0.012081567641063273,0.0307720098644495,1.6638718903509455,1.6371347904205322,0.02673709993041329,0.07116452604532242,1.0183851816058898,0.9447183609008789,0.07366682070501085,0.15439370274543762,0.6414559393506405,1.8627110964786198e-10,0.6414559391643694,-2.35741026699543e-09
7.276201248,1.3685022367269288,1.207685112953186,0.1608171237737428,0.19434688985347748,-0.5982714341149601,-0.6098077297210693,0.011536295606109248,0.027362849563360214,1.6651090268775501,1.6396220922470093,0.02548693463054086,0.06296475231647491,1.021102297207933,0.9502654075622559,0.07083688964567725,0.14005602896213531,0.6431669611402986,7.328410656093354e-10,0.6431669604074575,-1.4755642041563988e-08
7.295685291,1.3721608486578625,1.207685112953186,0.16447573570467644,0.19434688985347748,-0.5977325089234995,-0.6098077297210693,0.012075220797569841,0.027362849563360214,1.666352325268765,1.6396220922470093,0.02673023302175581,0.06296475231647491,1.0238329460766051,0.9502654075622559,0.07356753851434927,0.14005602896213531,0.6448865050973867,7.328410656093354e-10,0.6448865043645455,-1.4755642041563988e-08
7.306197882,1.3740097006033665,1.2154970169067383,0.1585126836966282,0.19579251110553741,-0.5974601671426485,-0.6087084412574768,0.011248274114828316,0.027600038796663284,1.666980616733625,1.6421518325805664,0.02482878415305856,0.06352159380912781,1.0252128588874303,0.9558894038200378,0.06932345506739246,0.14114339649677277,0.6457554636670458,-3.4109026714190804e-10,0.6457554640081361,-8.934875950217247e-09
7.326096058,1.3777070851711746,1.2154970169067383,0.1622100682644363,0.19579251110553741,-0.5969155306182711,-0.6087084412574768,0.011792910639205734,0.027600038796663284,1.6682370911484137,1.6421518325805664,0.02608525856784727,0.06352159380912781,1.0279724461783828,0.9558894038200378,0.07208304235834495,0.14114339649677277,0.6474932307247788,-3.4109026714190804e-10,0.6474932310658691,-8.934875950217247e-09
7.346114874,1.3814004240544826,1.2154970169067383,0.16590340714774432,0.19579251110553741,-0.5963714900361076,-0.6087084412574768,0.012336951221369241,0.027600038796663284,1.669492190726755,1.6421518325805664,0.027340358146188626,0.06352159380912781,1.0307290139242147,0.9558894038200378,0.07483961010417683,0.14114339649677277,0.6492290963148333,-3.4109026714190804e-10,0.6492290966559235,-8.934875950217247e-09
7.366056919,1.3850972886133297,1.2234290838241577,0.161668204789172,0.19797082245349884,-0.5958269301107064,-0.6075770258903503,0.011750095779643921,0.028285617008805275,1.670748488427993,1.644758701324463,0.02598978710353017,0.06516946107149124,1.033488213100246,0.9616510272026062,0.07183718589763988,0.14403942227363586,0.6509666189688734,-1.8800412615593842e-10,0.6509666191568776,-1.0186340659856796e-08
7.385879278,1.3887920217637346,1.2312827110290527,0.15750931073468188,0.19488123059272766,-0.5952826841485582,-0.6064333915710449,0.011150707422486694,0.02822747826576233,1.672004061817187,1.6473959684371948,0.024608093379992146,0.06506884098052979,1.0362458214740384,0.9674556255340576,0.06879019593998081,0.1435219794511795,0.6527031398630724,-1.484870781887082e-09,0.6527031413479432,-8.440110832452774e-09
7.396202087,1.3906414818647082,1.2312827110290527,0.15935877083565542,0.19488123059272766,-0.5950102527844694,-0.6064333915710449,0.011423138786575526,0.02822747826576233,1.6726325599502399,1.6473959684371948,0.025236591513045026,0.06506884098052979,1.0376261881889877,0.9674556255340576,0.07017056265493005,0.1435219794511795,0.6535723842651954,-1.484870781887082e-09,0.6535723857500662,-8.440110832452774e-09
7.415475845,1.394336476313148,1.2312827110290527,0.16305376528409532,0.19488123059272766,-0.5944659683322883,-0.6064333915710449,0.011967423238756658,0.02822747826576233,1.673888222135795,1.6473959684371948,0.026492253698600088,0.06506884098052979,1.0403839915857005,0.9674556255340576,0.07292836605164288,0.1435219794511795,0.6553090279692102,-1.484870781887082e-09,0.655309029454081,-8.440110832452774e-09
7.436268568,1.3980339464403553,1.2390239238739014,0.1590100225664539,0.20750892162322998,-0.5939213192047388,-0.6053221821784973,0.01140086297375853,0.027365023270249367,1.675144725626054,1.6499558687210083,0.025188856905045798,0.06296281516551971,1.043143642734936,0.9731196761131287,0.07002396662180743,0.13968178629875183,0.6570468352397754,-1.1135058430866707e-09,0.6570468363532812,-6.810296326875687e-09
7.455882549,1.4017276343986198,1.2390239238739014,0.16270371052471844,0.20750892162322998,-0.5933772272027222,-0.6053221821784973,0.01194495497577508,0.027365023270249367,1.676399943829803,1.6499558687210083,0.02644407510879465,0.06296281516551971,1.0459004710170459,0.9731196761131287,0.0727807949039172,0.13968178629875183,0.658782864894711,-1.1135058430866707e-09,0.6587828660082169,-6.810296326875687e-09
7.465783596,1.4035757944771907,1.2466840744018555,0.15689172007533525,0.21205925941467285,-0.5931049873360743,-0.6042336225509644,0.011128635214890048,0.027906829491257668,1.6770280001789792,1.652461290359497,0.02456670981948217,0.06425117701292038,1.0472798674446924,0.9786884784698486,0.06859138897484374,0.14197947084903717,0.659651498287602,-5.075641018592592e-10,0.659651498795166,-2.482556737959385e-08
7.475732088,1.405427869591244,1.2466840744018555,0.15874379518938864,0.21205925941467285,-0.592832170772229,-0.6042336225509644,0.011401451778735305,0.027906829491257668,1.6776573869664226,1.652461290359497,0.025196096606925567,0.06425117701292038,1.048662185905999,0.9786884784698486,0.06997370743615039,0.14197947084903717,0.6605219717432633,-5.075641018592592e-10,0.6605219722508274,-2.482556737959385e-08
7.496018887,1.409120439733515,1.2466840744018555,0.16243636533165962,0.21205925941467285,-0.592288243428069,-0.6042336225509644,0.011945379122895394,0.027906829491257668,1.6789122253051154,1.652461290359497,0.026450934945618343,0.06425117701292038,1.0514181798927436,0.9786884784698486,0.07272970142289492,0.14197947084903717,0.6622574760257977,-5.075641018592592e-10,0.6622574765333618,-2.482556737959385e-08
7.515944719,1.4109260722572796,1.254433035850525,0.15649303640675472,0.21310780942440033,-0.5919765903420873,-0.603118896484375,0.011142306142287728,0.02790864370763302,1.6794909445753916,1.655029535293579,0.024461409281812507,0.06425172835588455,1.0525690812256376,0.9843676090240479,0.06820147220158979,0.14197945594787598,0.6630073246443333,-8.667053741362452e-10,0.6630073255110387,-2.561137080192566e-09
7.526667356,1.4118294748421725,1.254433035850525,0.15739643899164757,0.21310780942440033,-0.5918206440180984,-0.603118896484375,0.011298252466276582,0.02790864370763302,1.679780477940633,1.655029535293579,0.024750942647053797,0.06425172835588455,1.0531448255733096,0.9843676090240479,0.06877721654926172,0.14197945594787598,0.6633824522537559,-8.667053741362452e-10,0.6633824531204613,-2.561137080192566e-09
7.537899494,1.4127473731693823,1.254433035850525,0.15831433731885736,0.21310780942440033,-0.59166219542351,-0.603118896484375,0.011456701060865049,0.02790864370763302,1.6800746570763476,1.655029535293579,0.02504512178276852,0.06425172835588455,1.0537298081519135,0.9843676090240479,0.06936219912786568,0.14197945594787598,0.6637635990546807,-8.667053741362452e-10,0.6637635999213861,-2.561137080192566e-09
7.555830479,1.4145379365068997,1.2622116804122925,0.15232625609460726,0.21508155763149261,-0.5913531064580537,-0.6019908785820007,0.010637772123947009,0.028573520481586456,1.6806485184283722,1.657630443572998,0.023018074855374104,0.06588046997785568,1.054870945821833,0.9901001453399658,0.06477080048186723,0.14464809000492096,0.664507110038106,-1.0320151400122768e-09,0.6645071110701212,6.461050361394882e-09
7.566206932,1.4154420091093514,1.2622116804122925,0.15323032869705888,0.21508155763149261,-0.5911970444749146,-0.6019908785820007,0.01079383410708612,0.028573520481586456,1.6809382665289285,1.657630443572998,0.02330782295593048,0.06588046997785568,1.0554471171760562,0.9901001453399658,0.0653469718360904,0.14464809000492096,0.6648825158646704,-1.0320151400122768e-09,0.6648825168966855,6.461050361394882e-09
7.586240768,1.4172461146193294,1.2697365283966064,0.14750958622272292,0.20916850864887238,-0.590885617845111,-0.6010197997093201,0.010134181864209113,0.024692492559552193,1.6815164680398487,1.6597939729690552,0.02172249507079349,0.054855674505233765,1.0565968853606318,0.9948806762695312,0.06171620909110054,0.120665043592453,0.6656316500806018,-9.49360257074261e-10,0.665631651029962,-2.153683453798294e-09
7.605957031,1.4190510892924784,1.2697365283966064,0.14931456089587192,0.20916850864887238,-0.5905740411794278,-0.6010197997093201,0.010445758529892268,0.024692492559552193,1.6820949481106733,1.6597939729690552,0.022300975141618107,0.054855674505233765,1.0577472074685539,0.9948806762695312,0.06286653119902263,0.120665043592453,0.666381145206617,-9.49360257074261e-10,0.6663811461559772,-2.153683453798294e-09
7.615522623,1.4199543423827503,1.2697365283966064,0.15021781398614387,0.20916850864887238,-0.5904181206613609,-0.6010197997093201,0.010601679047959167,0.024692492559552193,1.6823844335640739,1.6597939729690552,0.02259046059501868,0.054855674505233765,1.0583228565423306,0.9948806762695312,0.06344218027279935,0.120665043592453,0.6667562107401048,-9.49360257074261e-10,0.6667562116894651,-2.153683453798294e-09
7.635863543,1.4217594243020406,1.2773041725158691,0.14445525178617147,0.2095957249403,-0.5901065254827336,-0.600033700466156,0.009927174983422438,0.02469296008348465,1.6829629480064365,1.6619864702224731,0.020976477783963388,0.054854828864336014,1.0594732469989163,0.9997072219848633,0.05976602501405304,0.1206650510430336,0.6675057503988557,-1.094879520380232e-09,0.6675057514937353,-7.363269105553627e-09
7.655685425,1.423565386488269,1.2773041725158691,0.14626121397239977,0.2095957249403,-0.5897947783514825,-0.600033700466156,0.010238922114673477,0.02469296008348465,1.683541744567373,1.6619864702224731,0.0215552743448999,0.054854828864336014,1.0606241984553517,0.9997072219848633,0.06091697647048844,0.1206650510430336,0.6682556555784028,-1.094879520380232e-09,0.6682556566732823,-7.363269105553627e-09
7.675901413,1.4253707606262116,1.2844411134719849,0.14092964715422673,0.1989290714263916,-0.5894831327297578,-0.599118709564209,0.009635576834451154,0.022916274145245552,1.6841203526634967,1.6639803647994995,0.020139987863997177,0.04988459125161171,1.0617747751447868,1.004185438156128,0.05758933698865887,0.11195642501115799,0.6690053165776129,-1.1722957049542515e-09,0.6690053177499086,-4.394678398966789e-09
7.695997238,1.4271760280596602,1.2844411134719849,0.1427349145876753,0.1989290714263916,-0.5891715055274774,-0.599118709564209,0.00994720403673155,0.022916274145245552,1.6846989265616763,1.6639803647994995,0.02071856176217679,0.04988459125161171,1.0629252838307532,1.004185438156128,0.05873984567462531,0.11195642501115799,0.6697549332689999,-1.1722957049542515e-09,0.6697549344412956,-4.394678398966789e-09
7.716138601,1.4289820497368035,1.2915990352630615,0.13738301447374202,0.20026467740535736,-0.5888597481268407,-0.598196268081665,0.009336519954824318,0.023290330544114113,1.6852777421889793,1.6659886837005615,0.019289058488417776,0.05060650408267975,1.064076273201136,1.0086866617202759,0.05538961148086008,0.11310655623674393,0.6705048631514704,-8.207214352573544e-10,0.6705048639721918,-1.979060471057892e-09
7.736099005,1.4307870970809489,1.2915990352630615,0.13918806181788734,0.20026467740535736,-0.588548158916612,-0.598196268081665,0.009648109165052987,0.023290330544114113,1.6858562455502821,1.6659886837005615,0.019867561849720605,0.05060650408267975,1.065226641622757,1.0086866617202759,0.05653997990248105,0.11310655623674393,0.671254388453287,-8.207214352573544e-10,0.6712543892740084,-1.979060471057892e-09
7.756281376,1.4325917022604482,1.2985262870788574,0.13406541518159076,0.1925315409898758,-0.5882366460333193,-0.5973005890846252,0.009063943051305978,0.02244894579052925,1.6864346072013219,1.6679004430770874,0.018534164124234476,0.04764331504702568,1.066376728249971,1.0129797458648682,0.05339698238510282,0.10659492015838623,0.6720037301512826,-1.4266632319959172e-09,0.6720037315779458,7.363269105553627e-09
7.766147137,1.4334953744953611,1.2985262870788574,0.1349690874165037,0.1925315409898758,-0.5880806531620546,-0.5973005890846252,0.009219935922570643,0.02244894579052925,1.6867242269872564,1.6679004430770874,0.018823783910169034,0.04764331504702568,1.0669526444473556,1.0129797458648682,0.05397289858248744,0.10659492015838623,0.6723789697297974,-1.4266632319959172e-09,0.6723789711564606,7.363269105553627e-09
7.785860300,1.4352980211689408,1.3051329851150513,0.13016503605388952,0.18623486161231995,-0.5877694783581561,-0.5964658856391907,0.008696407281034602,0.020908504724502563,1.6873019609526783,1.6696559190750122,0.017646041877666052,0.04392382502555847,1.0681014829059987,1.0169663429260254,0.05113513997997332,0.09966441988945007,0.6731274981805696,-2.35449326702053e-09,0.6731275005350629,1.3620592653751373e-08
7.805865288,1.4371070198292468,1.3051329851150513,0.13197403471419555,0.18623486161231995,-0.58745720706749,-0.5964658856391907,0.009008678571700623,0.020908504724502563,1.6878817306794802,1.6696559190750122,0.018225811604468012,0.04392382502555847,1.0692543695271284,1.0169663429260254,0.05228802660110299,0.09966441988945007,0.6738786642213107,-2.35449326702053e-09,0.673878666575804,1.3620592653751373e-08
7.825689554,1.4389118413065192,1.3051329851150513,0.1337788561914679,0.18623486161231995,-0.5871456568466435,-0.5964658856391907,0.009320228792547125,0.020908504724502563,1.6884601616522412,1.6696559190750122,0.018804242577229013,0.04392382502555847,1.070404594002321,1.0169663429260254,0.05343825107629563,0.09966441988945007,0.674628095734487,-2.35449326702053e-09,0.6746280980889803,1.3620592653751373e-08
7.845660210,1.4407144016776485,1.3117458820343018,0.12896851964334677,0.18467918038368225,-0.5868344969403667,-0.5956109762191772,0.008776479278810534,0.021171143278479576,1.689037867958412,1.6714434623718262,0.01759440558658576,0.044075630605220795,1.071553377459851,1.020991325378418,0.05056205208143294,0.0992841124534607,0.675376588349152,-2.3737019017033845e-09,0.6753765907228539,-7.130438461899757e-09
7.865996838,1.4425228380179098,1.3117458820343018,0.13077695598360806,0.18467918038368225,-0.5865223227179905,-0.5956109762191772,0.009088653501186705,0.021171143278479576,1.689617457466098,1.6714434623718262,0.018173995094271866,0.044075630605220795,1.072705905710756,1.020991325378418,0.051714580332338,0.0992841124534607,0.6761275208929144,-2.3737019017033845e-09,0.6761275232666163,-7.130438461899757e-09
7.886089325,1.4443253251763954,1.3117458820343018,0.1325794431420937,0.18467918038368225,-0.5862111754497588,-0.5956109762191772,0.009399800769418487,0.021171143278479576,1.6901951403081972,1.6714434623718262,0.018751677936371003,0.044075630605220795,1.0738546425093916,1.020991325378418,0.052863317130973586,0.0992841124534607,0.676875983106865,-2.3737019017033845e-09,0.6768759854805669,-7.130438461899757e-09
7.896103382,1.4452308109363337,1.3181642293930054,0.12706658154332828,0.17898225784301758,-0.5860548695258573,-0.5947847962379456,0.008729926712088276,0.020222682505846024,1.6904853413145227,1.6731611490249634,0.01732419228955928,0.0418737456202507,1.074431714478079,1.0248768329620361,0.049554881516042926,0.09499439597129822,0.677251975730942,-2.43074538275323e-09,0.6772519781616874,6.315531209111214e-09
7.916066408,1.4470364266489173,1.3243225812911987,0.12271384535771857,0.17552687227725983,-0.5857431822032587,-0.5940019488334656,0.00825876663020686,0.019614089280366898,1.6910640268334032,1.674770474433899,0.016293552399504252,0.040266115218400955,1.0755824451246054,1.0285418033599854,0.047040641764620084,0.09162230044603348,0.6780017370412638,-1.956935058444742e-09,0.6780017389981988,-2.5029294192790985e-09
7.935990095,1.4488419562396,1.3243225812911987,0.12451937494840126,0.17552687227725983,-0.5854315097471152,-0.5940019488334656,0.008570439086350357,0.019614089280366898,1.6916426847508974,1.674770474433899,0.01687221031699848,0.040266115218400955,1.0767331208850837,1.0285418033599854,0.04819131752509831,0.09162230044603348,0.6787514625904493,-1.956935058444742e-09,0.6787514645473843,-2.5029294192790985e-09
7.955902338,1.450647152536719,1.3305888175964355,0.1200583349402835,0.1811044067144394,-0.5851198948244642,-0.5931816697120667,0.008061774887602402,0.02148444764316082,1.6922212358504474,1.6764521598815918,0.015769075968855573,0.043882105499506,1.0778835842354044,1.032321810722351,0.04556177351305335,0.09737633168697357,0.6795010497432878,-2.5311535090111192e-09,0.6795010522744414,1.1816155165433884e-08
7.975719690,1.4524530443088144,1.3305888175964355,0.12186422671237884,0.1811044067144394,-0.5848081598481765,-0.5931816697120667,0.008373509863890183,0.02148444764316082,1.6928000098442126,1.6764521598815918,0.016347849962620842,0.043882105499506,1.0790344908164542,1.032321810722351,0.04671268009410312,0.09737633168697357,0.6802509256841701,-2.5311535090111192e-09,0.6802509282153236,1.1816155165433884e-08
7.995745659,1.4542580408283996,1.3366401195526123,0.1176179212757873,0.1704982966184616,-0.5844965794113379,-0.5923859477043152,0.007889368292977261,0.019431285560131073,1.693378496916647,1.6780648231506348,0.015313673766012226,0.039220552891492844,1.0801848268472523,1.0359452962875366,0.044239530559715634,0.08841368556022644,0.6810004298816684,-3.2625329104973844e-09,0.6810004331442013,1.234002411365509e-08
8.016105652,1.4552148762347117,1.3366401195526123,0.11857475668209938,0.1704982966184616,-0.5839791758931737,-0.5923859477043152,0.008406771811141467,0.019431285560131073,1.6934161466112545,1.6780648231506348,0.015351323460619737,0.039220552891492844,1.0792773966486393,1.0359452962875366,0.04333210036110269,0.08841368556022644,0.6806358938942205,-3.2625329104973844e-09,0.6806358971567534,1.234002411365509e-08
8.035856962,1.4561708372958584,1.342586874961853,0.11358396233400536,0.17069683969020844,-0.5834618288610574,-0.5916103720664978,0.00814854320544045,0.01943136937916279,1.693453443955954,1.6796324253082275,0.013821018647726557,0.03921954333782196,1.0783690024100547,1.03948175907135,0.038887243338704636,0.08841364085674286,0.6802707905698947,-2.8172442156915167e-09,0.6802707933871389,9.691575542092323e-09
8.046136856,1.4566494719410092,1.342586874961853,0.11406259697915622,0.17069683969020844,-0.5832028013512549,-0.5916103720664978,0.008407570715242896,0.01943136937916279,1.6934721181489425,1.6796324253082275,0.013839692840714957,0.03921954333782196,1.0779141837236945,1.03948175907135,0.03843242465234442,0.08841364085674286,0.6800879890864613,-2.8172442156915167e-09,0.6800879919037055,9.691575542092323e-09
8.066053152,1.4576044872563163,1.348371148109436,0.10923333914688027,0.16478411853313446,-0.5826859661378967,-0.590802788734436,0.008116822596539341,0.021507201716303825,1.6935093785948496,1.6810081005096436,0.012501278085206069,0.030935470014810562,1.077006688172417,1.0423887968063354,0.03461789136608151,0.05989557504653931,0.6797232469640337,-2.6903514971365894e-09,0.6797232496543852,-6.810296326875687e-09
8.076116800,1.4580835275079633,1.348371148109436,0.1097123793985273,0.16478411853313446,-0.5824267191219601,-0.590802788734436,0.008376069612475945,0.021507201716303825,1.6935280686127978,1.6810081005096436,0.012519968103154255,0.030935470014810562,1.0765514840617763,1.0423887968063354,0.034162687255440805,0.05989557504653931,0.6795402905702321,-2.6903514971365894e-09,0.6795402932605836,-6.810296326875687e-09
8.095717192,1.4590394628003802,1.348371148109436,0.11066831469094418,0.16478411853313446,-0.5819093860353655,-0.590802788734436,0.008893402699070574,0.021507201716303825,1.693565364952116,1.6810081005096436,0.012557264442472515,0.030935470014810562,1.0756431143097176,1.0423887968063354,0.03325431750338215,0.05989557504653931,0.6791751970875716,-2.6903514971365894e-09,0.6791751997779231,-6.810296326875687e-09
8.106094837,1.4595175571149541,1.3538144826889038,0.10570307442605031,0.15833830833435059,-0.5816506509416789,-0.5899938344955444,0.00834318355386554,0.020266637206077576,1.6935840180638109,1.6820895671844482,0.011494450879362628,0.02706247754395008,1.0751888090681025,1.04446542263031,0.030723386437792488,0.05191435292363167,0.6789926019687047,-3.5858762625906593e-09,0.678992605554581,8.905772119760513e-09
8.115690231,1.4599959313477306,1.3538144826889038,0.10618144865882684,0.15833830833435059,-0.5813917643618519,-0.5899938344955444,0.008602070133692519,0.020266637206077576,1.6936026820966679,1.6820895671844482,0.011513114912219624,0.02706247754395008,1.074734237836487,1.04446542263031,0.03026881520617697,0.05191435292363167,0.6788098999426943,-3.5858762625906593e-09,0.6788099035285705,8.905772119760513e-09
8.135779858,1.4609520938256815,1.3538144826889038,0.10713761113677767,0.15833830833435059,-0.5808743083269842,-0.5899938344955444,0.009119526168560266,0.020266637206077576,1.6936399872997543,1.6820895671844482,0.011550420115306048,0.02706247754395008,1.073825652203219,1.04446542263031,0.029360229572908958,0.05191435292363167,0.6784447196926987,-3.5858762625906593e-09,0.678444723278575,8.905772119760513e-09
8.156017542,1.4619081992682068,1.3592573404312134,0.10265085883699343,0.15850067138671875,-0.5803568831585494,-0.5891848802566528,0.008827997098103446,0.020266717299818993,1.6936772902775723,1.683171033859253,0.01050625641831937,0.027061814442276955,1.072917120767401,1.0465420484542847,0.02637507231311642,0.05191434919834137,0.6780795612258326,-2.777226448813508e-09,0.678079564003059,-2.444721758365631e-09
8.175935507,1.4628642026397907,1.3592573404312134,0.10360686220857729,0.15850067138671875,-0.5798395132288695,-0.5891848802566528,0.009345367027783325,0.020266717299818993,1.6937145892730365,1.683171033859253,0.0105435554137836,0.027061814442276955,1.0720086863236669,1.0465420484542847,0.02546663786938219,0.05191434919834137,0.6777144417421861,-2.777226448813508e-09,0.6777144445194125,-2.444721758365631e-09
8.196154594,1.463820337819143,1.3592573404312134,0.10456299738792962,0.15850067138671875,-0.579322071967458,-0.5891848802566528,0.009862808289194835,0.020266717299818993,1.6937518934110531,1.683171033859253,0.010580859551800215,0.027061814442276955,1.0711001266306706,1.0465420484542847,0.02455807817638589,0.05191434919834137,0.6773492719181478,-2.777226448813508e-09,0.6773492746953742,-2.444721758365631e-09
8.215883970,1.4647765174603107,1.3592573404312134,0.1055191770290973,0.15850067138671875,-0.5788046066442,-0.5891848802566528,0.010380273612452862,0.020266717299818993,1.693789199283772,1.683171033859253,0.010618165424518988,0.027061814442276955,1.070191524688195,1.0465420484542847,0.023649476233910338,0.05191434919834137,0.6769840851131285,-2.777226448813508e-09,0.6769840878903549,-2.444721758365631e-09
8.236004829,1.4657327712523123,1.3698570728302002,0.09587569842211208,0.15101511776447296,-0.5782871011919918,-0.5874555706977844,0.009168469505792642,0.022429922595620155,1.693826508049526,1.6852058172225952,0.008620690826930844,0.023815331980586052,1.0692828522844915,1.0501887798309326,0.019094072453558875,0.040160540491342545,0.676618869988215,-3.4639313639672764e-09,0.6766188734521463,8.556526154279709e-09
8.258236170,1.4666900453234546,1.3698570728302002,0.0968329724932544,0.15101511776447296,-0.5777690435850915,-0.5874555706977844,0.009686527112692911,0.022429922595620155,1.6938638566220299,1.6852058172225952,0.008658039399434658,0.023815331980586052,1.0683732103688162,1.0501887798309326,0.018184430537883545,0.040160540491342545,0.6762532651954363,-3.4639313639672764e-09,0.6762532686593676,8.556526154279709e-09
8.276169777,1.4676478890317255,1.3749908208847046,0.0926570681470209,0.1511223018169403,-0.5772506777019549,-0.586560070514679,0.009309392812724027,0.022430064156651497,1.6939012274192387,1.6861573457717896,0.007743881647449102,0.02381477691233158,1.0674630271600833,1.051795244216919,0.0156677829431644,0.04016055539250374,0.6758874428452509,-2.9854645422489057e-09,0.6758874458307155,3.623426891863346e-09
8.295867205,1.4685998111433212,1.3749908208847046,0.09360899025861658,0.1511223018169403,-0.5767355164686624,-0.586560070514679,0.009824554046016565,0.022430064156651497,1.6939383671821078,1.6861573457717896,0.007781021410318223,0.02381477691233158,1.0665584709005242,1.051795244216919,0.014763226683605302,0.04016055539250374,0.6755238820878431,-2.9854645422489057e-09,0.6755238850733076,3.623426891863346e-09
8.309062958,1.469079323933229,1.3795833587646484,0.0894959651685805,0.1376485675573349,-0.5764760137244573,-0.5856772065162659,0.009201192791808532,0.022114714607596397,1.6939570756363953,1.6868418455123901,0.007115230124005167,0.017139190807938576,1.0661028177642369,1.0526742935180664,0.01342852424617047,0.021979037672281265,0.6753407452209061,-1.8413930380489774e-09,0.6753407470622992,7.210473995655775e-09
8.327148914,1.470035499797533,1.3795833587646484,0.09045214103288446,0.1376485675573349,-0.5759585504451628,-0.5856772065162659,0.009718656071103116,0.022114714607596397,1.6939943813617575,1.6868418455123901,0.00715253584936737,0.017139190807938576,1.0651942194106958,1.0526742935180664,0.012519925892629402,0.021979037672281265,0.6749755598583572,-1.8413930380489774e-09,0.6749755616997503,7.210473995655775e-09
8.345786095,1.4709896767446746,1.3795833587646484,0.09140631798002619,0.1376485675573349,-0.5754421689399102,-0.5856772065162659,0.010235037576355688,0.022114714607596397,1.6940316090982712,1.6868418455123901,0.0071897635858810816,0.017139190807938576,1.064287520511962,1.0526742935180664,0.011613226993895553,0.021979037672281265,0.674611137927846,-1.8413930380489774e-09,0.674611139769239,7.210473995655775e-09
8.356011629,1.4714698048287367,1.3841313123703003,0.08733849245843639,0.13449710607528687,-0.5751823332107987,-0.5847502946853638,0.009567961474565068,0.02307417429983616,1.6940503415585972,1.6874853372573853,0.006565004301211985,0.014993583783507347,1.063831282697399,1.0533618927001953,0.010469389997203704,0.014217546209692955,0.6744277660660435,-1.5796768337850153e-09,0.6744277676457203,9.538780432194471e-09
8.375530720,1.472424507333659,1.3841313123703003,0.08829319496335875,0.13449710607528687,-0.5746656672841727,-0.5847502946853638,0.010084627401191093,0.02307417429983616,1.6940875898000358,1.6874853372573853,0.006602252542650566,0.014993583783507347,1.0629240843916503,1.0533618927001953,0.009562191691455002,0.014217546209692955,0.6740631434130336,-1.5796768337850153e-09,0.6740631449927105,9.538780432194471e-09
8.395915031,1.473382020399011,1.3841313123703003,0.0892507080287106,0.13449710607528687,-0.5741474803383798,-0.5847502946853638,0.010602814346983958,0.02307417429983616,1.69412494769703,1.6874853372573853,0.006639610439644672,0.014993583783507347,1.0620142153736676,1.0533618927001953,0.008652322673472268,0.014217546209692955,0.6736974473429175,-1.5796768337850153e-09,0.6736974489225943,9.538780432194471e-09
8.415880203,1.4743381181921915,1.3885483741760254,0.08578974401616613,0.13140743970870972,-0.5736300593096175,-0.5837958455085754,0.010165786198957916,0.02349870093166828,1.6941622503764044,1.688082218170166,0.006080032206238428,0.014803446829319,1.0611056912065773,1.0538594722747803,0.007246218931796999,0.01246661227196455,0.6733322917975104,-1.657020298750922e-09,0.6733322934545307,2.8558133635669947e-09
8.425918818,1.474816450114531,1.3885483741760254,0.08626807593850572,0.13140743970870972,-0.5733711956273541,-0.5837958455085754,0.010424649881221382,0.02349870093166828,1.6941809127584966,1.688082218170166,0.0060986945883305665,0.014803446829319,1.0606511601801114,1.0538594722747803,0.006791687905331134,0.01246661227196455,0.6731496059308205,-1.657020298750922e-09,0.6731496075878408,2.8558133635669947e-09
8.435887098,1.4752944906924592,1.3885483741760254,0.08674611651643382,0.13140743970870972,-0.5731124896148668,-0.5837958455085754,0.010683355893708613,0.02349870093166828,1.6941995637736267,1.688082218170166,0.006117345603460667,0.014803446829319,1.0601969060013074,1.0538594722747803,0.006337433726527175,0.01246661227196455,0.6729670313352037,-1.657020298750922e-09,0.672967032992224,2.8558133635669947e-09
8.455705166,1.476250560756766,1.3885483741760254,0.08770218658074058,0.13140743970870972,-0.5725950835924174,-0.5837958455085754,0.011200761916158042,0.02349870093166828,1.6942368653711442,1.688082218170166,0.006154647200978136,0.014803446829319,1.0592884081833547,1.0538594722747803,0.005428935908574406,0.01246661227196455,0.6726018863800859,-1.657020298750922e-09,0.6726018880371062,2.8558133635669947e-09
8.475878954,1.4772066638566794,1.397167682647705,0.08003898120897435,0.1295158863067627,-0.5720776596917574,-0.5818932056427002,0.009815545950942806,0.024805990979075432,1.694274168257564,1.6892467737197876,0.005027394537776342,0.013902919366955757,1.0583798789735845,1.0547515153884888,0.003628363585095773,0.007194954436272383,0.6722367288079165,-2.1749957390682084e-09,0.6722367309829123,8.02901922725141e-09
8.495761871,1.4781611150806326,1.397167682647705,0.08099343243292756,0.1295158863067627,-0.5715611297533728,-0.5818932056427002,0.010332075889327386,0.024805990979075432,1.6943114066951377,1.6892467737197876,0.005064632975350092,0.013902919366955757,1.057472919445537,1.0547515153884888,0.002721404057048238,0.007194954436272383,0.6718722021248378,-2.1749957390682084e-09,0.6718722042998335,8.02901922725141e-09
8.506067991,1.4782603087049528,1.397167682647705,0.08109262605724776,0.1295158863067627,-0.5712034090034339,-0.5818932056427002,0.01068979663926628,0.024805990979075432,1.6940830754549294,1.6892467737197876,0.004836301735141824,0.013902919366955757,1.056069028825076,1.0547515153884888,0.0013175134365872587,0.007194954436272383,0.6711767072494564,-2.1749957390682084e-09,0.6711767094244522,8.02901922725141e-09
8.528202772,1.478465717121945,1.397167682647705,0.08129803447424,0.1295158863067627,-0.5704479804999929,-0.5818932056427002,0.011445225142707294,0.024805990979075432,1.6935990498873295,1.6892467737197876,0.0043522761675418575,0.013902919366955757,1.0530987009297472,1.0547515153884888,-0.0016528144587415472,0.007194954436272383,0.6697047659574361,-2.1749957390682084e-09,0.6697047681324318,8.02901922725141e-09
8.539211750,1.4785637255263724,1.4014523029327393,0.07711142259363313,0.13133835792541504,-0.5700875359604491,-0.5808653831481934,0.010777847187744216,0.02667059190571308,1.6933681023230711,1.6898047924041748,0.003563309918896307,0.014042803086340427,1.0516814411021804,1.05498468875885,-0.0033032476566696722,0.004466863814741373,0.6690024450907741,-1.978435637539633e-09,0.6690024470692097,-2.597516868263483e-09
8.556752205,1.4787454398462847,1.4014523029327393,0.07729313691354545,0.13133835792541504,-0.5694192470034762,-0.5808653831481934,0.011446136144717123,0.02667059190571308,1.6929399096612294,1.6898047924041748,0.0031351172570546204,0.014042803086340427,1.0490537439448786,1.05498468875885,-0.005930944813971495,0.004466863814741373,0.6677002939192351,-1.978435637539633e-09,0.6677002958976708,-2.597516868263483e-09
8.575825214,1.478939462716486,1.4054913520812988,0.07344811063518719,0.12419547140598297,-0.5687056910128511,-0.579836368560791,0.011130677547939949,0.025768719613552094,1.6924827130611495,1.6902594566345215,0.0022232564266280175,0.01138986088335514,1.0462480578287492,1.0548795461654663,-0.008631488336717119,-0.0026272970717400312,0.666309940600575,-1.4927108438200776e-09,0.6663099420932859,-3.5670382203534245e-09
8.586190701,1.4790366874139842,1.4054913520812988,0.07354533533268537,0.12419547140598297,-0.5683481287045288,-0.579836368560791,0.011488239856262239,0.025768719613552094,1.6922536122283776,1.6902594566345215,0.001994155593856073,0.01138986088335514,1.0448421308695597,1.0548795461654663,-0.010037415295906627,-0.0026272970717400312,0.6656132357189185,-1.4927108438200776e-09,0.6656132372116293,-3.5670382203534245e-09
8.595970392,1.4791351004159063,1.4054913520812988,0.07364374833460752,0.12419547140598297,-0.5679861961807798,-0.579836368560791,0.011850172380011181,0.025768719613552094,1.6920217112682703,1.6902594566345215,0.0017622546337487943,0.01138986088335514,1.0434190203215445,1.0548795461654663,-0.011460525843921765,-0.0026272970717400312,0.6649080155369893,-1.4927108438200776e-09,0.6649080170297001,-3.5670382203534245e-09
8.615876198,1.4793272633562458,1.4054913520812988,0.07383591127494693,0.12419547140598297,-0.5672794804358114,-0.579836368560791,0.01255688812497957,0.025768719613552094,1.6915688974175458,1.6902594566345215,0.0013094407830243071,0.01138986088335514,1.0406402298975854,1.0548795461654663,-0.014239316267880886,-0.0026272970717400312,0.6635309903360582,-1.4927108438200776e-09,0.6635309918287691,-3.5670382203534245e-09
8.625690937,1.4794245667300607,1.4132965803146362,0.0661279864154245,0.092835932970047,-0.5669216287803771,-0.5775505900382996,0.010628961257922453,0.029273249208927155,1.6913396111914514,1.6906371116638184,0.0007024995276330159,0.0004567864816635847,1.0392331652320552,1.0526983737945557,-0.013465208562500441,-0.04081561043858528,0.6628337216658234,-1.407004623921182e-09,0.6628337230728281,9.858922567218542e-10
8.645972967,1.4796183384065462,1.4132965803146362,0.06632175809190999,0.092835932970047,-0.566208996602396,-0.5775505900382996,0.011341593435903574,0.029273249208927155,1.6908830065056788,1.6906371116638184,0.000245894841860439,0.0004567864816635847,1.0364311115264773,1.0526983737945557,-0.016267262268078397,-0.04081561043858528,0.6614451683824687,-1.407004623921182e-09,0.6614451697894733,9.858922567218542e-10
8.656124353,1.4797156545486474,1.4132965803146362,0.06641907423401117,0.092835932970047,-0.5658510979891617,-0.5775505900382996,0.011699492049137894,0.029273249208927155,1.6906536901923217,1.6906371116638184,1.6578528503341516e-05,0.0004567864816635847,1.0350238622239332,1.0526983737945557,-0.017674511570622498,-0.04081561043858528,0.6607478082156537,-1.407004623921182e-09,0.6607478096226583,9.858922567218542e-10
8.676350594,1.4799097406102228,1.416849136352539,0.06306060425768378,0.10716114938259125,-0.5651373096002457,-0.576316773891449,0.011179464291203312,0.031299296766519547,1.6901963446877273,1.690528154373169,-0.0003318096854416641,-0.0029892479069530964,1.0322172623229477,1.050624966621399,-0.018407704298451177,-0.05321598798036575,0.659357002072353,-2.26411245307645e-09,0.6593570043364655,-1.418811734765768e-09
8.685844421,1.4800067810116748,1.416849136352539,0.06315764465913576,0.10716114938259125,-0.564780425075669,-0.576316773891449,0.011536348815780029,0.031299296766519547,1.6899676781312114,1.690528154373169,-0.0005604762419575415,-0.0029892479069530964,1.030814000394211,1.050624966621399,-0.01981096622718792,-0.05321598798036575,0.6586616178423237,-2.26411245307645e-09,0.6586616201064361,-1.418811734765768e-09
8.705639124,1.4802007686720657,1.4202319383621216,0.059968830309944154,0.0796668604016304,-0.5640669985758158,-0.575104296207428,0.011037297631612208,0.028501683846116066,1.6895105644997301,1.6903756856918335,-0.0008651211921033575,-0.00404918659478426,1.0280088234328864,1.0484559535980225,-0.020447130165136107,-0.05243173986673355,0.6572715168345219,-1.7121583040236033e-09,0.6572715185466802,4.489265847951174e-09
8.725718021,1.4803948088997627,1.4202319383621216,0.06016287053764113,0.0796668604016304,-0.5633533787497012,-0.575104296207428,0.011750917457726828,0.028501683846116066,1.689053326998349,1.6903756856918335,-0.0013223586934845155,-0.00404918659478426,1.0252028863170475,1.0484559535980225,-0.02325306728097498,-0.05243173986673355,0.6558810391333526,-1.7121583040236033e-09,0.6558810408455109,4.489265847951174e-09
8.746198893,1.4805888334096604,1.4233578443527222,0.05723098905693824,0.09499935805797577,-0.562639816728781,-0.573928713798523,0.011288897069741899,0.02945113554596901,1.6885961265344793,1.69016432762146,-0.0015682010869806362,-0.0059263636358082294,1.022397176489934,1.0461543798446655,-0.023757203354731526,-0.059833645820617676,0.6544906740647516,-2.090726480830085e-09,0.6544906761554781,6.522896001115441e-09
8.762850285,1.4806863641482315,1.4233578443527222,0.05732851979550935,0.09499935805797577,-0.5622811288962319,-0.573928713798523,0.011647584902291008,0.02945113554596901,1.688366304544774,1.69016432762146,-0.0017980230766858618,-0.0059263636358082294,1.0209868239947837,1.0461543798446655,-0.02516755584988184,-0.059833645820617676,0.6537917761157472,-2.090726480830085e-09,0.6537917782064737,6.522896001115441e-09
8.775700569,1.4808799651604658,1.4233578443527222,0.05752212080774366,0.09499935805797577,-0.5615691243684791,-0.573928713798523,0.012359589430043894,0.02945113554596901,1.6879101020132183,1.69016432762146,-0.0022542256082416223,-0.0059263636358082294,1.018187238195795,1.0461543798446655,-0.027967141648870486,-0.059833645820617676,0.6524044457996008,-2.090726480830085e-09,0.6524044478903273,6.522896001115441e-09
8.796180010,1.481073955586025,1.4233578443527222,0.05771611123330289,0.09499935805797577,-0.5608556876991935,-0.573928713798523,0.013073026099329477,0.02945113554596901,1.6874529818658786,1.69016432762146,-0.002711345755581407,-0.0059263636358082294,1.0153820212484908,1.0461543798446655,-0.030772358596174776,-0.059833645820617676,0.6510143249768101,-2.090726480830085e-09,0.6510143270675366,6.522896001115441e-09
8.805907965,1.4811710342341218,1.4262611865997314,0.05490984763439033,0.07233057171106339,-0.5604986625153103,-0.5727431774139404,0.012244514898630099,0.03049462102353573,1.687224225184751,1.6898815631866455,-0.0026573380018946047,-0.0076402281410992146,1.013978206250523,1.0435911417007446,-0.0296129354502217,-0.06688596308231354,0.6503186666741977,-1.8210795094120158e-09,0.6503186684952772,4.445610102266073e-09
8.825778484,1.4813650119787158,1.429024338722229,0.052340673256486836,0.06889480352401733,-0.5597852724826847,-0.5715751647949219,0.011789892312237149,0.029200538992881775,1.6867671349189097,1.6895661354064941,-0.0027990004875844132,-0.007882342673838139,1.0111731726775173,1.0409339666366577,-0.02976079395914044,-0.06642871350049973,0.6489286367222508,-2.129434628628246e-09,0.6489286388516854,6.657501216977835e-09
8.835942507,1.481462082903746,1.429024338722229,0.05243774418151692,0.06889480352401733,-0.5594282757018477,-0.5715751647949219,0.012146889093074154,0.029200538992881775,1.6865383964364606,1.6895661354064941,-0.0030277389700335,-0.007882342673838139,1.0097694693596884,1.0409339666366577,-0.03116449727696935,-0.06642871350049973,0.6482330337625547,-2.129434628628246e-09,0.6482330358919893,6.657501216977835e-09
8.856094122,1.4816560048598555,1.429024338722229,0.05263166613762649,0.06889480352401733,-0.5587150908419801,-0.5715751647949219,0.012860073952941753,0.029200538992881775,1.6860814376309234,1.6895661354064941,-0.0034846977755707,-0.007882342673838139,1.0069652425213553,1.0409339666366577,-0.033968724115302384,-0.06642871350049973,0.6468434035866991,-2.129434628628246e-09,0.6468434057161337,6.657501216977835e-09
8.866425514,1.4817531618834963,1.429024338722229,0.05272882316126726,0.06889480352401733,-0.5583577774171337,-0.5715751647949219,0.013217387377788214,0.029200538992881775,1.6858524962652157,1.6895661354064941,-0.003713639141278424,-0.007882342673838139,1.0055602941663988,1.0409339666366577,-0.03537367247025891,-0.06642871350049973,0.6461471836508231,-2.129434628628246e-09,0.6461471857802578,6.657501216977835e-09
8.885641575,1.481946834867727,1.4317389726638794,0.05020786220384754,0.0661536306142807,-0.557645508198682,-0.570297122001648,0.012651613802965977,0.03128080815076828,1.6853961241384365,1.6891576051712036,-0.003761481032767078,-0.010259263217449188,1.0027596676095318,1.0378468036651611,-0.0350871360556293,-0.0767146497964859,0.6447593375887555,-2.2550177281033257e-09,0.6447593398437732,6.56291376799345e-09
8.895839453,1.4820442031890404,1.4317389726638794,0.050305230525161004,0.0661536306142807,-0.5572874176864752,-0.570297122001648,0.013009704315172788,0.03128080815076828,1.6851666848696858,1.6891576051712036,-0.00399092030151782,-0.010259263217449188,1.0013516637645412,1.0378468036651611,-0.03649513990061992,-0.0767146497964859,0.6440616035096242,-2.2550177281033257e-09,0.6440616057646419,6.56291376799345e-09
8.906071424,1.4821412782860788,1.4342613220214844,0.0478799562645944,0.06293116509914398,-0.556930405562284,-0.5691134333610535,0.012183027798769452,0.029592256993055344,1.684937936556292,1.6887577772140503,-0.003819840657758311,-0.00999348796904087,0.999947900116989,1.0348749160766602,-0.03492701595967118,-0.07429618388414383,0.6433659706536291,-1.47707235331751e-09,0.6433659721307015,1.0077201295644045e-08
8.926080942,1.4823352786274346,1.4342613220214844,0.04807395660595026,0.06293116509914398,-0.5562169324257709,-0.5691134333610535,0.012896500935282607,0.029592256993055344,1.6844807930433123,1.6887577772140503,-0.004276984170737963,-0.00999348796904087,0.9971425397813656,1.0348749160766602,-0.03773237629529458,-0.07429618388414383,0.6419757787749836,-1.47707235331751e-09,0.6419757802520559,1.0077201295644045e-08
8.936509132,1.4824325126779936,1.4342613220214844,0.04817119065650921,0.06293116509914398,-0.5558593357197896,-0.5691134333610535,0.01325409764126384,0.029592256993055344,1.6842516701709345,1.6887577772140503,-0.004506107043115826,-0.00999348796904087,0.9957364775713544,1.0348749160766602,-0.03913843850530574,-0.07429618388414383,0.6412790068699963,-1.47707235331751e-09,0.6412790083470686,1.0077201295644045e-08
8.955675125,1.4826259792448313,1.4367436170578003,0.04588236218703101,0.060530997812747955,-0.5551478256405423,-0.5678110122680664,0.012663186627524081,0.03210391849279404,1.6837957844472797,1.6882622241973877,-0.0044664397501079645,-0.012497825548052788,0.9929388359327755,1.0314503908157349,-0.03851155488295932,-0.08570770174264908,0.6398926399794669,-1.4412018245479885e-09,0.6398926414206687,1.6807462088763714e-09
8.965746403,1.4827233797294188,1.4367436170578003,0.04597976267161852,0.060530997812747955,-0.5547896168417803,-0.5678110122680664,0.013021395426286109,0.03210391849279404,1.6835662693888058,1.6882622241973877,-0.00469595480858187,-0.012497825548052788,0.9915303669877085,1.0314503908157349,-0.039920023828026396,-0.08570770174264908,0.639194675420728,-1.4412018245479885e-09,0.6391946768619299,1.6807462088763714e-09
8.985566854,1.482917073243812,1.4367436170578003,0.04617345618601165,0.060530997812747955,-0.5540772721197537,-0.5678110122680664,0.013733740148312745,0.03210391849279404,1.6831098488846348,1.6882622241973877,-0.0051523753127529215,-0.012497825548052788,0.988729443552482,1.0314503908157349,-0.04272094726325282,-0.08570770174264908,0.6378066822410589,-1.4412018245479885e-09,0.6378066836822607,1.6807462088763714e-09
8.995954514,1.4830141210287486,1.4390597343444824,0.04395438668426621,0.05794372409582138,-0.5537203604410085,-0.566541314125061,0.01282095368405256,0.03302812948822975,1.6828811649296334,1.6877429485321045,-0.004861783602471137,-0.013838929124176502,0.9873260748541651,1.0279598236083984,-0.04063374875423331,-0.09147798269987106,0.6371112451015328,-1.932692894612842e-09,0.6371112470342257,5.959009286016226e-09
9.005968094,1.483194462707213,1.4390597343444824,0.04413472836273047,0.05794372409582138,-0.5530571196339126,-0.566541314125061,0.01348419449114846,0.03302812948822975,1.682456206767944,1.6877429485321045,-0.005286741764160441,-0.013838929124176502,0.9847182269087097,1.0279598236083984,-0.043241596699688745,-0.09147798269987106,0.6358189301755399,-1.932692894612842e-09,0.6358189321082328,5.959009286016226e-09
9.025631428,1.4835543273994747,1.441274881362915,0.04227944603655964,0.05532141029834747,-0.5517336488146667,-0.5652968287467957,0.013563179932128966,0.03196726366877556,1.6816082195506634,1.6872133016586304,-0.005605082107966952,-0.013812658376991749,0.97951436939585,1.0244417190551758,-0.044927349659325766,-0.09075883775949478,0.6332401668130793,-1.830756768406161e-09,0.633240168643836,7.98536348156631e-09
9.045859098,1.4839138627681812,1.441274881362915,0.04263898140526612,0.05532141029834747,-0.5504113891454022,-0.5652968287467957,0.014885439601393435,0.03196726366877556,1.6807610083532902,1.6872133016586304,-0.00645229330534014,-0.013812658376991749,0.9743152740974937,1.0244417190551758,-0.05012644495768204,-0.09075883775949478,0.630663763358486,-1.830756768406161e-09,0.6306637651892427,7.98536348156631e-09
9.055897713,1.4840947989796318,1.441274881362915,0.042819917616716774,0.05532141029834747,-0.5497459618302222,-0.5652968287467957,0.01555086691657348,0.03196726366877556,1.6803346492306739,1.6872133016586304,-0.006878652427956489,-0.013812658376991749,0.9716988288513989,1.0244417190551758,-0.05274289020377687,-0.09075883775949478,0.6293671880537547,-1.830756768406161e-09,0.6293671898845115,7.98536348156631e-09
9.075647354,1.4844544098614467,1.4434523582458496,0.04100205161559711,0.0529509112238884,-0.5484234244471468,-0.5639972686767578,0.015573844229611056,0.03130142763257027,1.679487260093781,1.6866350173950195,-0.007147757301238622,-0.013958936557173729,0.9664986415885801,1.0206937789916992,-0.0541951374031191,-0.0910322517156601,0.6267902434778986,-1.99184646554329e-09,0.626790245469745,5.50062395632267e-09
9.095810413,1.4848144586832874,1.4434523582458496,0.04136210043743782,0.0529509112238884,-0.5470992764563698,-0.5639972686767578,0.016897992220388014,0.03130142763257027,1.6786388389925084,1.6866350173950195,-0.0079961784025111,-0.013958936557173729,0.9612921214524818,1.0206937789916992,-0.059401657539217445,-0.0910322517156601,0.6242101606567019,-1.99184646554329e-09,0.6242101626485483,5.50062395632267e-09
9.115789413,1.4851739966441009,1.445552110671997,0.03962188597210381,0.05138387531042099,-0.5457770072541401,-0.5623341202735901,0.016557113019449954,0.04257224500179291,1.67779162168708,1.685798168182373,-0.008006546495292977,-0.021851327270269394,0.9560929886707208,1.0155014991760254,-0.0594085105053046,-0.13416145741939545,0.6216337386272667,-1.6531507274208934e-09,0.6216337402804174,4.802132025361061e-09
9.136307955,1.4855347743699436,1.445552110671997,0.03998266369794656,0.05138387531042099,-0.5444501785803242,-0.5623341202735901,0.017883941693265903,0.04257224500179291,1.6769414829922515,1.685798168182373,-0.008856685190121505,-0.021851327270269394,0.9508759281491682,1.0155014991760254,-0.06462557102685718,-0.13416145741939545,0.619048432534724,-1.6531507274208934e-09,0.6190484341878747,4.802132025361061e-09
9.156242371,1.4858947147913226,1.447540521621704,0.03835419316961852,0.049805447459220886,-0.5431264292528535,-0.560528039932251,0.017401610679397495,0.04753536731004715,1.6760933173264467,1.6848344802856445,-0.008741162959197801,-0.025681836530566216,0.945670975548229,1.0097075700759888,-0.06403659452775978,-0.152657151222229,0.6164691265030969,-2.2432307122954853e-09,0.6164691287463276,7.850758265703917e-09
9.175675869,1.486254597016306,1.447540521621704,0.03871407539460181,0.049805447459220886,-0.5418028939536905,-0.560528039932251,0.018725145978560453,0.04753536731004715,1.6752452887949607,1.6848344802856445,-0.009589191490683824,-0.025681836530566216,0.9404668645017851,1.0097075700759888,-0.0692407055742037,-0.152657151222229,0.6138902375024694,-2.2432307122954853e-09,0.6138902397457001,7.850758265703917e-09
9.195894480,1.4866139613599731,1.4494693279266357,0.037144633433337404,0.04814566671848297,-0.5404812632615221,-0.558685839176178,0.01820457591465585,0.047647539526224136,1.6743984806019676,1.6838268041610718,-0.009428323559104168,-0.026254652068018913,0.9352702423272329,1.0037370920181274,-0.06846684969089456,-0.15447917580604553,0.6113150596004668,-1.9683450425134197e-09,0.6113150615688119,7.006747182458639e-09
9.205839872,1.486794584898554,1.4494693279266357,0.03732525697191824,0.04814566671848297,-0.5398169858602628,-0.558685839176178,0.018868853315915146,0.047647539526224136,1.6739728582634885,1.6838268041610718,-0.00985394589758326,-0.026254652068018913,0.9326583185168267,1.0037370920181274,-0.07107877350130076,-0.15447917580604553,0.6100207248860421,-1.9683450425134197e-09,0.6100207268543871,7.006747182458639e-09
9.226253748,1.4871545681616962,1.4513293504714966,0.03582521769019964,0.04640039801597595,-0.5384930789740626,-0.5568661093711853,0.01837303039712268,0.047078587114810944,1.6731245916451076,1.68281888961792,-0.009694297972812294,-0.026255140081048012,0.9274527463985047,0.9977535605430603,-0.07030081414455558,-0.154783234000206,0.6074411118535555,-2.348586658484919e-09,0.6074411142021422,7.705239113420248e-09
9.246202707,1.4875145735117477,1.4513293504714966,0.03618522304025107,0.04640039801597595,-0.5371690908590553,-0.5568661093711853,0.019697018512130016,0.047078587114810944,1.672276272981008,1.68281888961792,-0.010542616636912028,-0.026255140081048012,0.9222468548903388,0.9977535605430603,-0.07550670565272155,-0.154783234000206,0.6048613405479368,-2.348586658484919e-09,0.6048613428965235,7.705239113420248e-09
9.258062363,1.4876946425195037,1.4513293504714966,0.03636529204800709,0.04640039801597595,-0.5365068528503255,-0.5568661093711853,0.020359256520859792,0.047078587114810944,1.6718519573421333,1.68281888961792,-0.0109669322757866,-0.026255140081048012,0.9196429499255182,0.9977535605430603,-0.0781106106175421,-0.154783234000206,0.6035709795597631,-2.348586658484919e-09,0.6035709819083498,7.705239113420248e-09
9.267323732,1.487876577178051,1.4531729221343994,0.03470365504365169,0.044793859124183655,-0.5358377535561337,-0.554912805557251,0.019075052001117254,0.047402068972587585,1.6714232454730726,1.6817152500152588,-0.01029200454218615,-0.02680305950343609,0.9170120665404862,0.9912872910499573,-0.0742752245094711,-0.15809811651706696,0.6022672494581103,-1.8689554348583215e-09,0.6022672513270657,5.4933479987084866e-09
9.276583672,1.4880571128190139,1.4531729221343994,0.03488419068461446,0.044793859124183655,-0.5351737994150745,-0.554912805557251,0.019739006142176496,0.047402068972587585,1.6709978302570427,1.6817152500152588,-0.010717419758216051,-0.02680305950343609,0.9144014137819203,0.9912872910499573,-0.07688587726803697,-0.15809811651706696,0.6009735446114154,-1.8689554348583215e-09,0.6009735464803708,5.4933479987084866e-09
9.295870543,1.488414743781334,1.4531729221343994,0.03524182164693457,0.044793859124183655,-0.5338585435623411,-0.554912805557251,0.021054261994909895,0.047402068972587585,1.6701551066137614,1.6817152500152588,-0.011560143401497358,-0.02680305950343609,0.9092298573327356,0.9912872910499573,-0.08205743371722163,-0.15809811651706696,0.5984107879899863,-1.8689554348583215e-09,0.5984107898589417,5.4933479987084866e-09
9.315776110,1.488774649947303,1.4549229145050049,0.033851735442298025,0.04360251873731613,-0.5325349202156529,-0.5529006719589233,0.020365751743270488,0.051097650080919266,1.6693070216676005,1.6805529594421387,-0.011245937774538195,-0.02958875149488449,0.9040254000854012,0.9845067262649536,-0.08048132617955239,-0.17211699485778809,0.5958317274300549,-1.727365250836499e-09,0.5958317291574201,5.093170329928398e-09
9.335870266,1.489134613913651,1.4549229145050049,0.0342116994086461,0.04360251873731613,-0.5312110842970821,-0.5529006719589233,0.02168958766184126,0.051097650080919266,1.6684588005202958,1.6805529594421387,-0.012094158921842846,-0.02958875149488449,0.898820107010203,0.9845067262649536,-0.08568661925475063,-0.17211699485778809,0.593252252676947,-1.727365250836499e-09,0.5932522544043123,5.093170329928398e-09
9.347204208,1.4893150020565427,1.4549229145050049,0.034392087551537776,0.04360251873731613,-0.53054767260822,-0.5529006719589233,0.02235299935070334,0.051097650080919266,1.6680337328695636,1.6805529594421387,-0.012519226572575093,-0.02958875149488449,0.8962115871614835,0.9845067262649536,-0.08829513910347009,-0.17211699485778809,0.591959604790354,-1.727365250836499e-09,0.5919596065177193,5.093170329928398e-09
9.367007256,1.4896746214167065,1.4566813707351685,0.03299325068153802,0.043809257447719574,-0.5292251040444044,-0.5508249402046204,0.02159983616021599,0.05268704146146774,1.6671863237542406,1.6793482303619385,-0.012161906607697892,-0.030649548396468163,0.8910112772966954,0.9775179028511047,-0.08650662555440936,-0.17732487618923187,0.5893825994592857,-1.7801887741697442e-09,0.5893826012394745,4.489265847951174e-09
9.386954546,1.4900346084780052,1.458326816558838,0.03170779191916728,0.04118402302265167,-0.5279011831897622,-0.548717200756073,0.020816017566310796,0.05507592856884003,1.6663380481858625,1.6780998706817627,-0.011761822495900187,-0.03280095010995865,0.8858056502547735,0.9702698588371277,-0.08446420858235415,-0.1890101283788681,0.5868029592094962,-1.3527989839445809e-09,0.5868029605622952,5.391484592109919e-09
9.405569315,1.4903946046116772,1.458326816558838,0.032067788052839274,0.04118402302265167,-0.526577228969742,-0.548717200756073,0.02213997178633098,0.05507592856884003,1.6654897512392917,1.6780998706817627,-0.012610119442471035,-0.03280095010995865,0.8805998920209352,0.9702698588371277,-0.08966996681619244,-0.1890101283788681,0.5842232539477599,-1.3527989839445809e-09,0.5842232553005589,5.391484592109919e-09
9.415923595,1.4905747201513484,1.458326816558838,0.03224790359251051,0.04118402302265167,-0.5259148198310477,-0.548717200756073,0.02280238092502529,0.05507592856884003,1.665065325952346,1.6780998706817627,-0.013034544729416675,-0.03280095010995865,0.8779953141769405,0.9702698588371277,-0.09227454466018714,-0.1890101283788681,0.5829325595153753,-1.3527989839445809e-09,0.5829325608681742,5.391484592109919e-09
9.435739756,1.4909346565945636,1.4599639177322388,0.03097073886232482,0.03998604044318199,-0.5245910851340304,-0.5464611649513245,0.021870079817294052,0.05613192915916443,1.664217169660709,1.6767462491989136,-0.01252907953820448,-0.03381878137588501,0.8727904191026155,0.9624890089035034,-0.08969858980088796,-0.19481602311134338,0.5803532819909709,-1.4537892001342811e-09,0.5803532834447601,6.4319465309381485e-09
9.445707083,1.4911146987992163,1.4599639177322388,0.03115078106697755,0.03998604044318199,-0.5239289456988083,-0.5464611649513245,0.02253221925251614,0.05613192915916443,1.6637929171808201,1.6767462491989136,-0.012953332018093455,-0.03381878137588501,0.8701869017266113,0.9624890089035034,-0.09230210717689213,-0.19481602311134338,0.5790631130718223,-1.4537892001342811e-09,0.5790631145256115,6.4319465309381485e-09
9.465635777,1.4914746543592183,1.4615058898925781,0.029968764466640208,0.03839883580803871,-0.5226051406961731,-0.544342041015625,0.021736900319451857,0.05377264320850372,1.6629447158422772,1.6754719018936157,-0.012527186051338512,-0.03238814324140549,0.8649817302121768,0.9550574421882629,-0.0900757119760861,-0.1883930265903473,0.5764836985579588,-1.333444799023198e-09,0.5764836998914036,4.489265847951174e-09
9.485768557,1.4918347109393784,1.4615058898925781,0.030328821046800236,0.03839883580803871,-0.5212809641727019,-0.544342041015625,0.023061076842923134,0.05377264320850372,1.6620962764592566,1.6754719018936157,-0.013375625434359106,-0.03238814324140549,0.8597750978861658,0.9550574421882629,-0.09528234430209714,-0.1883930265903473,0.5739035601412283,-1.333444799023198e-09,0.5739035614746731,4.489265847951174e-09
9.505984306,1.4922733451872117,1.4615058898925781,0.03076745529463354,0.03839883580803871,-0.5196678033380544,-0.544342041015625,0.0246742376775706,0.05377264320850372,1.6610626762111014,1.6754719018936157,-0.014409225682514348,-0.03238814324140549,0.8534321857442767,0.9550574421882629,-0.10162525644398623,-0.1883930265903473,0.570760340058359,-1.333444799023198e-09,0.5707603413918038,4.489265847951174e-09
9.528126717,1.4928234573642007,1.4630411863327026,0.02978227103149811,0.037563011050224304,-0.5176446612259984,-0.5420811772346497,0.024436516008651266,0.05609139800071716,1.6597663887336465,1.6740996837615967,-0.014333295027950221,-0.03410270810127258,0.8454772364350022,0.9471272230148315,-0.10164998657982938,-0.19770130515098572,0.5668182775060513,-1.2378387204137198e-09,0.56681827874389,5.216861609369516e-09
9.547800303,1.4933138381820874,1.4645545482635498,0.0287592899185376,0.03775215148925781,-0.5158411925425,-0.5398057699203491,0.023964577377849072,0.057680390775203705,1.6586108525721133,1.672714352607727,-0.01410350003561378,-0.035163186490535736,0.8383860381090901,0.939115047454834,-0.10072900934574391,-0.20290763676166534,0.563304245387836,-1.1739558214429735e-09,0.5633042465617918,4.780304152518511e-09
9.566022158,1.4938228497225035,1.4645545482635498,0.02926830145895365,0.03775215148925781,-0.5139692058350352,-0.5398057699203491,0.025836564085313873,0.057680390775203705,1.6574114148695474,1.672714352607727,-0.0153029377381797,-0.035163186490535736,0.8310254284530614,0.939115047454834,-0.10808961900177261,-0.20290763676166534,0.5596567069109589,-1.1739558214429735e-09,0.5596567080849147,4.780304152518511e-09
9.585671425,1.4943393132367924,1.4659827947616577,0.02835651847513465,0.03558407723903656,-0.5120698130769669,-0.5372517108917236,0.02518189781475677,0.0638502910733223,1.6561944172931633,1.6711357831954956,-0.014941365902332304,-0.039464645087718964,0.8235570588220807,0.9299144744873047,-0.10635741566522394,-0.2300153225660324,0.5559557681488783,-1.7924122186485647e-09,0.5559557699412905,4.6202330850064754e-09
9.605802774,1.4948552651671299,1.4659827947616577,0.02887247040547214,0.03558407723903656,-0.5101723017661363,-0.5372517108917236,0.027079409125587373,0.0638502910733223,1.6549786252161256,1.6711357831954956,-0.016157157979370007,-0.039464645087718964,0.816096086999349,0.9299144744873047,-0.1138183874879557,-0.2300153225660324,0.5522584953589783,-1.7924122186485647e-09,0.5522584971513905,4.6202330850064754e-09
9.615797043,1.495114278946407,1.4659827947616577,0.0291314841847492,0.03558407723903656,-0.5092197293520401,-0.5372517108917236,0.02803198153968356,0.0638502910733223,1.6543682836665115,1.6711357831954956,-0.016767499528984153,-0.039464645087718964,0.8123505936786412,0.9299144744873047,-0.11756388080866353,-0.2300153225660324,0.5504024220660578,-1.7924122186485647e-09,0.55040242385847,4.6202330850064754e-09
9.636016846,1.4956310851354093,1.4673831462860107,0.02824793884939858,0.03498150035738945,-0.5073190763425676,-0.5346083045005798,0.02728922815801227,0.06719250231981277,1.6531504786094744,1.6694902181625366,-0.016339739553062227,-0.04187684506177902,0.8048772687674671,0.9203460812568665,-0.11546881248939933,-0.2428361028432846,0.5466990277227123,-1.2953188521791503e-09,0.5466990290180311,5.318725015968084e-09
9.655833006,1.4961476918312102,1.4673831462860107,0.02876454554519947,0.03498150035738945,-0.5054191570072692,-0.5346083045005798,0.029189147493310585,0.06719250231981277,1.6519331436393574,1.6694902181625366,-0.017557074523179228,-0.04187684506177902,0.7974068286466544,0.9203460812568665,-0.1229392526102121,-0.2428361028432846,0.542997062932669,-1.2953188521791503e-09,0.5429970642279879,5.318725015968084e-09
9.676137924,1.4966635039897345,1.468777060508728,0.02788644348100644,0.03510221093893051,-0.5035221597338537,-0.5318048000335693,0.02828264029971561,0.07350663840770721,1.6507176809214192,1.6677335500717163,-0.01701586915029707,-0.04619917273521423,0.7899478780074841,0.9102410674095154,-0.12029318940203126,-0.26383116841316223,0.5393007917370872,-1.6108043787710358e-09,0.5393007933478916,7.60337570682168e-09
9.686217308,1.4969226218681442,1.468777060508728,0.02814556135941615,0.03510221093893051,-0.5025692044754067,-0.5318048000335693,0.029235595558162686,0.07350663840770721,1.6501070940720137,1.6677335500717163,-0.017626455999702584,-0.04619917273521423,0.7862008793513942,0.9102410674095154,-0.12404018805812123,-0.26383116841316223,0.5374439724775982,-1.6108043787710358e-09,0.5374439740884026,7.60337570682168e-09
9.705836296,1.4974391955518627,1.468777060508728,0.02866213504313464,0.03510221093893051,-0.5006694065483168,-0.5318048000335693,0.031135393485252516,0.07350663840770721,1.6488898368917562,1.6677335500717163,-0.018843713179960142,-0.04619917273521423,0.7787309166049284,0.9102410674095154,-0.13151015080458694,-0.26383116841316223,0.5337422442496578,-1.6108043787710358e-09,0.5337422458604622,7.60337570682168e-09
9.725736618,1.4979559958772166,1.468777060508728,0.02917893536848859,0.03510221093893051,-0.49876877510352613,-0.5318048000335693,0.033036024930043206,0.07350663840770721,1.6476720456518539,1.6677335500717163,-0.02006150441986243,-0.04619917273521423,0.7712576764855985,0.9102410674095154,-0.13898339092391687,-0.26383116841316223,0.5300388919247765,-1.6108043787710358e-09,0.5300388935355809,7.60337570682168e-09
9.746315241,1.4984725851112275,1.4715149402618408,0.026957644849386675,0.033716149628162384,-0.49686891998728017,-0.5260979533195496,0.029229033332269394,0.07217715680599213,1.6464547518287986,1.6641453504562378,-0.017690598627439158,-0.0454728864133358,0.7637874888726564,0.88956618309021,-0.1257786942175536,-0.26252660155296326,0.5263370522646094,-1.3251502117839209e-09,0.5263370535897596,4.4165062718093395e-09
9.756507635,1.4987314192872117,1.4715149402618408,0.027216479025370832,0.033716149628162384,-0.4959170080984374,-0.5260979533195496,0.030180945221112143,0.07217715680599213,1.64584483349741,1.6641453504562378,-0.01830051695882773,-0.0454728864133358,0.7600445927223981,0.88956618309021,-0.12952159036781186,-0.26252660155296326,0.5244822659953986,-1.3251502117839209e-09,0.5244822673205488,4.4165062718093395e-09
9.775896311,1.499246562963985,1.4715149402618408,0.027731622702144243,0.033716149628162384,-0.4940224692937454,-0.5260979533195496,0.03207548402580418,0.07217715680599213,1.6446309459936899,1.6641453504562378,-0.01951440446254793,-0.0454728864133358,0.7525953087269882,0.88956618309021,-0.13697087436322175,-0.26252660155296326,0.5207907850898479,-1.3251502117839209e-09,0.5207907864149981,4.4165062718093395e-09
9.785717487,1.4995058624088475,1.4715149402618408,0.027990922147006714,0.033716149628162384,-0.49306884629015135,-0.5260979533195496,0.03302910702939821,0.07217715680599213,1.6440199313000579,1.6641453504562378,-0.020125419156179936,-0.0454728864133358,0.7488456845119899,0.88956618309021,-0.1407204985782201,-0.26252660155296326,0.5189326647387932,-1.3251502117839209e-09,0.5189326660639434,4.4165062718093395e-09
9.805754185,1.5000223642822461,1.4715149402618408,0.028507424020405292,0.033716149628162384,-0.4911693124591646,-0.5260979533195496,0.03492864086038494,0.07217715680599213,1.6428028433340482,1.6641453504562378,-0.021342507122189547,-0.0454728864133358,0.7413767601854652,0.88956618309021,-0.1481894229047448,-0.26252660155296326,0.5152314510982127,-1.3251502117839209e-09,0.5152314524233629,4.4165062718093395e-09
9.825560331,1.5005388095339824,1.4742265939712524,0.02631221556273,0.03285417705774307,-0.48926998686510514,-0.5197878479957581,0.030517861130652912,0.07699888199567795,1.6415858887916475,1.6601428985595703,-0.01855700976792285,-0.04882989078760147,0.733908654641858,0.8666632771492004,-0.1327546225073425,-0.28124433755874634,0.5115306432042124,-1.1589672554990216e-09,0.5115306443631796,5.005858838558197e-09
9.835730314,1.5007972491406734,1.4742265939712524,0.02657065516942092,0.03285417705774307,-0.4883195260798503,-0.5197878479957581,0.03146832191590776,0.07699888199567795,1.6409769002255967,1.6601428985595703,-0.01916599833397359,-0.04882989078760147,0.7301714641982902,0.8666632771492004,-0.13649181295091029,-0.28124433755874634,0.5096786843889305,-1.1589672554990216e-09,0.5096786855478977,5.005858838558197e-09
9.856350183,1.5013137336814373,1.4742265939712524,0.027087139710184838,0.03285417705774307,-0.48642005599292293,-0.5197878479957581,0.03336779200283513,0.07699888199567795,1.6397598531023068,1.6601428985595703,-0.02038304545726355,-0.04882989078760147,0.7227027905119742,0.8666632771492004,-0.14396048663722627,-0.28124433755874634,0.5059775949527092,-1.1589672554990216e-09,0.5059775961116765,5.005858838558197e-09
9.866205692,1.5015724318827726,1.4755990505218506,0.025973381360921977,0.03469225764274597,-0.48546864417670127,-0.5163436532020569,0.030875009025355615,0.09066413342952728,1.6391502551823576,1.6579467058181763,-0.018796450635818696,-0.057950459420681,0.7189618606360216,0.8542200326919556,-0.13525817205593393,-0.32602065801620483,0.5041237830676217,-1.4153720417908744e-09,0.5041237844829938,5.558831617236137e-09
9.885878563,1.502088074641269,1.4755990505218506,0.026489024119418447,0.03469225764274597,-0.4835722699040929,-0.5163436532020569,0.032771383297963974,0.09066413342952728,1.6379351916396132,1.6579467058181763,-0.02001151417856306,-0.057950459420681,0.7115053596220215,0.8542200326919556,-0.14271467306993402,-0.32602065801620483,0.5004287257799198,-1.4153720417908744e-09,0.5004287271952919,5.558831617236137e-09
9.895859003,1.5023471660428522,1.4755990505218506,0.026748115521001647,0.03469225764274597,-0.48261941201920905,-0.5163436532020569,0.033724241182847836,0.09066413342952728,1.6373246671803532,1.6579467058181763,-0.02062203863782308,-0.057950459420681,0.7077587438365933,0.8542200326919556,-0.14646128885536225,-0.32602065801620483,0.4985720962513818,-1.4153720417908744e-09,0.49857209766675387,5.558831617236137e-09
9.915841579,1.5028636200771457,1.4769030809402466,0.025960539136899108,0.032610516995191574,-0.4807200541256262,-0.5131330490112305,0.032412994885604285,0.08368279784917831,1.6361076919426847,1.6559034585952759,-0.019795766652591196,-0.05336505174636841,0.7002905112919862,0.8424131274223328,-0.1421226161303466,-0.30637863278388977,0.49487122542223677,-1.5326604430043744e-09,0.4948712269548972,7.355993147939444e-09
9.926196337,1.5031224202594677,1.4769030809402466,0.026219339319221158,0.032610516995191574,-0.4797682672549387,-0.5131330490112305,0.03336478175629176,0.08368279784917831,1.6354978537141558,1.6559034585952759,-0.020405604881120087,-0.05336505174636841,0.6965481067103043,0.8424131274223328,-0.14586502071202845,-0.30637863278388977,0.49301668274905686,-1.5326604430043744e-09,0.4930166842817173,7.355993147939444e-09
9.945922613,1.5036386864245324,1.4781889915466309,0.025449694877901496,0.032220035791397095,-0.47786960028616077,-0.509997546672821,0.03212794638666028,0.08180519938468933,1.6342813211726117,1.6539093255996704,-0.0196280044270587,-0.05213836580514908,0.6890825908664997,0.8307642340660095,-0.14168164319950982,-0.30242493748664856,0.489317158176699,-1.6810900449470978e-09,0.48931715985778906,4.423782229423523e-09
9.957228422,1.503897175213543,1.4781889915466309,0.025708183666912188,0.032220035791397095,-0.47691895862357486,-0.509997546672821,0.03307858804924618,0.08180519938468933,1.6336722167130615,1.6539093255996704,-0.0202371088866089,-0.05213836580514908,0.685344689217332,0.8307642340660095,-0.14541954484867747,-0.30242493748664856,0.4874648469246067,-1.6810900449470978e-09,0.4874648486056967,4.423782229423523e-09
9.976271868,1.5044135411381239,1.4781889915466309,0.026224549591493007,0.032220035791397095,-0.4750199247702106,-0.509997546672821,0.034977621902610445,0.08180519938468933,1.632455449097623,1.6539093255996704,-0.02145387650204733,-0.05213836580514908,0.6778777307915805,0.8307642340660095,-0.152886503274429,-0.30242493748664856,0.48376460748304595,-1.6810900449470978e-09,0.483764609164136,4.423782229423523e-09
9.995592356,1.5049301386380707,1.4794598817825317,0.025470256855538942,0.03191009908914566,-0.47312003925441315,-0.50674968957901,0.03362965032459686,0.08461663126945496,1.631238135796669,1.6518393754959106,-0.020601239699241658,-0.054034579545259476,0.6704074236482854,0.8187076449394226,-0.14830022129113718,-0.3126243054866791,0.4800627085898013,-1.5559435961876034e-09,0.4800627101457449,7.632479537278414e-09
10.006493807,1.5052067438134675,1.4794598817825317,0.02574686203093579,0.03191009908914566,-0.47210277113680665,-0.50674968957901,0.034646918442203356,0.08461663126945496,1.6305863417807125,1.6518393754959106,-0.021253033715198155,-0.054034579545259476,0.6664075482755777,0.8187076449394226,-0.15230009666384492,-0.3126243054866791,0.47808057667322634,-1.5559435961876034e-09,0.47808057822916994,7.632479537278414e-09
10.025909901,1.5057599448738126,1.4794598817825317,0.026300063091280856,0.03191009908914566,-0.4700682690689854,-0.50674968957901,0.0366814205100246,0.08461663126945496,1.6292827756408663,1.6518393754959106,-0.022556599855044324,-0.054034579545259476,0.6584079318755787,0.8187076449394226,-0.16029971306384394,-0.3126243054866791,0.47411637941473506,-1.5559435961876034e-09,0.47411638097067865,7.632479537278414e-09
10.046002626,1.5063131700548804,1.480718731880188,0.025594438174692424,0.03132752329111099,-0.46803367829262044,-0.5034231543540955,0.03538947606147502,0.08429846167564392,1.6279791526628111,1.649715542793274,-0.0217363901304628,-0.05385395511984825,0.6504079666755795,0.8063564300537109,-0.1559484633781314,-0.3125016391277313,0.4701520093089553,-1.0121385951578077e-09,0.4701520103210939,5.8353180065751076e-09
10.055845499,1.5065899305369792,1.480718731880188,0.025871198656791217,0.03132752329111099,-0.4670158390050927,-0.5034231543540955,0.03640731534900277,0.08429846167564392,1.627326992681255,1.649715542793274,-0.0223885501120189,-0.05385395511984825,0.64640584547558,0.8063564300537109,-0.15995058457813094,-0.3125016391277313,0.4681687644762168,-1.0121385951578077e-09,0.4681687654883554,5.8353180065751076e-09
10.075760126,1.507142440892681,1.4819839000701904,0.025158540822490583,0.030812814831733704,-0.46498387713490563,-0.4999900758266449,0.035006198691739265,0.08278795331716537,1.626025054121777,1.6475200653076172,-0.021495011185840296,-0.05286908894777298,0.6384162170755808,0.7936314940452576,-0.15521527696967674,-0.308782160282135,0.46420951675533306,-1.4195922215520795e-09,0.4642095181749253,6.126356311142445e-09
10.085781336,1.5074197371756985,1.4819839000701904,0.02543583710550812,0.030812814831733704,-0.46396406733763923,-0.4999900758266449,0.03602600848900567,0.08278795331716537,1.6253716315758744,1.6475200653076172,-0.0221484337317428,-0.05286908894777298,0.6344063478755814,0.7936314940452576,-0.1592251461696762,-0.308782160282135,0.4622224324134453,-1.4195922215520795e-09,0.4622224338330375,6.126356311142445e-09
10.105730772,1.5079728579073977,1.4832513332366943,0.02472152467070332,0.031275101006031036,-0.4619298606936838,-0.49634361267089844,0.034413751977214635,0.0908641666173935,1.624068254722908,1.6451829671859741,-0.021114712463066176,-0.05823609605431557,0.6264078930755822,0.7801219820976257,-0.15371408902204353,-0.33740097284317017,0.45825881078399733,-1.7328949386552495e-09,0.45825881251689227,3.841705620288849e-09
10.116164684,1.5082500515390362,1.4832513332366943,0.024998718302341905,0.031275101006031036,-0.4609104284163782,-0.49634361267089844,0.035433184254520245,0.0908641666173935,1.6234150740653013,1.6451829671859741,-0.021767893120672843,-0.05823609605431557,0.6223995082755827,0.7801219820976257,-0.15772247382204307,-0.33740097284317017,0.45627246203418254,-1.7328949386552495e-09,0.4562724637670775,3.841705620288849e-09
10.135731936,1.508802778870598,1.4832513332366943,0.025551445633903658,0.031275101006031036,-0.4588776685762175,-0.49634361267089844,0.03746594409468096,0.0908641666173935,1.622112624222667,1.6451829671859741,-0.02307034296330701,-0.05823609605431557,0.6144067422755836,0.7801219820976257,-0.16571523982204217,-0.33740097284317017,0.4523116594805798,-1.7328949386552495e-09,0.4523116612134747,3.841705620288849e-09
10.156269789,1.5093561447927641,1.4844844341278076,0.024871710664956526,0.029892573133111,-0.4568425601977074,-0.4928309917449951,0.0359884315472877,0.0847664624452591,1.6208086696014836,1.642934799194336,-0.022126129592852317,-0.05417507141828537,0.6064047418755845,0.7669749855995178,-0.16057024372393336,-0.3199479281902313,0.44834628083465794,-1.4974449458193817e-09,0.4483462823321029,2.371962182223797e-09
10.176101923,1.5099092691757654,1.4844844341278076,0.025424835047957783,0.029892573133111,-0.45480834012539445,-0.4928309917449951,0.03802265161960067,0.0847664624452591,1.6195052841445683,1.642934799194336,-0.023429515049767646,-0.05417507141828537,0.5984062342755854,0.7669749855995178,-0.16856875132393245,-0.3199479281902313,0.4443826330402535,-1.4974449458193817e-09,0.44438263453769844,2.371962182223797e-09
10.186166763,1.510185944986382,1.4857063293457031,0.024479615640678798,0.030801977962255478,-0.4537908122333396,-0.48929381370544434,0.03550300147210472,0.0920916423201561,1.6188533236833766,1.6406700611114502,-0.02181673742807355,-0.05906439572572708,0.5944053374755858,0.7536969780921936,-0.15929164061660783,-0.3439503312110901,0.44239999495699905,-1.6353971510341125e-09,0.4423999965923962,4.838511813431978e-09
10.205655813,1.5107380249310207,1.4857063293457031,0.025031695585317593,0.030801977962255478,-0.4517604332816622,-0.48929381370544434,0.037533380423782126,0.0920916423201561,1.6175523993469876,1.6406700611114502,-0.023117661764462616,-0.05906439572572708,0.5864219330755867,0.7536969780921936,-0.16727504501660695,-0.3439503312110901,0.4384438315294743,-1.6353971510341125e-09,0.43844383316487145,4.838511813431978e-09
10.216355562,1.5110147526897078,1.4857063293457031,0.025308423344004627,0.030801977962255478,-0.4507427143407024,-0.48929381370544434,0.038551099364741936,0.0920916423201561,1.616900316475066,1.6406700611114502,-0.02376974463638426,-0.05906439572572708,0.5824202850755872,0.7536969780921936,-0.17127669301660642,-0.3439503312110901,0.43646082119024765,-1.6353971510341125e-09,0.4364608228256448,4.838511813431978e-09
10.236127853,1.5115679420216277,1.4869301319122314,0.024637810109396252,0.0306655652821064,-0.44870825540639325,-0.4856055676937103,0.036897312287317074,0.0946473777294159,1.6155967779721472,1.6383042335510254,-0.02270745557887821,-0.060774460434913635,0.5744208382755881,0.739890992641449,-0.16547015436586088,-0.353147953748703,0.43249670797676815,-1.0109745263164882e-09,0.4324967089877427,5.50062395632267e-09
10.246678829,1.5118455450970039,1.4869301319122314,0.024915413184772417,0.0306655652821064,-0.4476873173219038,-0.4856055676937103,0.03791825037180652,0.0946473777294159,1.6149426324989773,1.6383042335510254,-0.023361601052048098,-0.060774460434913635,0.5704065326755885,0.739890992641449,-0.16948445996586048,-0.353147953748703,0.43050742518387497,-1.0109745263164882e-09,0.4305074261948495,5.50062395632267e-09
10.265701294,1.5123987581623874,1.4881365299224854,0.024262228239902095,0.030037108808755875,-0.4456527711032707,-0.4820225238800049,0.03636975277673421,0.08957604318857193,1.6136390380703896,1.6360085010528564,-0.022369462982466892,-0.05739269778132439,0.5624067426755894,0.7263794541358948,-0.16397271146030534,-0.3377898931503296,0.42654314189817816,-8.727312761358519e-10,0.42654314277090943,-6.548361852765083e-10
10.285630226,1.5129520521926287,1.4881365299224854,0.024815522270143386,0.030037108808755875,-0.44361792712098214,-0.4820225238800049,0.03840459675902275,0.08957604318857193,1.6123352528557489,1.6360085010528564,-0.023673248197107588,-0.05739269778132439,0.5544057818755903,0.7263794541358948,-0.17197367226030447,-0.3377898931503296,0.42257827842439255,-8.727312761358519e-10,0.4225782792971238,-6.548361852765083e-10
10.307139158,1.513504047023203,1.4881365299224854,0.025367517100717718,0.030037108808755875,-0.44158786119245735,-0.4820225238800049,0.04043466268754753,0.08957604318857193,1.6110345290826273,1.6360085010528564,-0.024973971970229103,-0.05739269778132439,0.5464236082755912,0.7263794541358948,-0.17995584586030355,-0.3377898931503296,0.41862272491786173,-8.727312761358519e-10,0.418622725790593,-6.548361852765083e-10
10.315842867,1.51378202150792,1.4881365299224854,0.02564549158543472,0.030037108808755875,-0.4405655571795084,-0.4820225238800049,0.04145696670049648,0.08957604318857193,1.610379508418364,1.6360085010528564,-0.025628992634492365,-0.05739269778132439,0.5424039318755917,0.7263794541358948,-0.18397552226030311,-0.3377898931503296,0.41663078063352055,-8.727312761358519e-10,0.4166307815062518,-6.548361852765083e-10
10.335609436,1.5143348535378027,1.4893661737442017,0.024968679793601067,0.051601212471723557,-0.43853241229136825,-0.47823625802993774,0.0397038457385695,0.09246022254228592,1.6090768118640082,1.6335773468017578,-0.02450053493774962,-0.059191036969423294,0.5344096518755925,0.7121774554252625,-0.17776780354966992,-0.3483392894268036,0.41266922781961163,-8.430454112584584e-10,0.41266922866265704,8.440110832452774e-09
10.345903158,1.5146115615739262,1.4905771017074585,0.024034459866467683,0.029263699427247047,-0.4375147658838851,-0.47454461455345154,0.037029848669566434,0.08971843123435974,1.6084247754664478,1.6312096118927002,-0.022784836426252397,-0.05748074874281883,0.530408289075593,0.6982429623603821,-0.16783467328478907,-0.34038737416267395,0.410686358810794,-8.929584849326488e-10,0.4106863597037525,2.546585164964199e-09
10.367261648,1.5151729940522245,1.4905771017074585,0.024595892344766,0.029263699427247047,-0.4354499912116756,-0.47454461455345154,0.039094623341775936,0.08971843123435974,1.6071018127662986,1.6312096118927002,-0.024107799126401597,-0.05748074874281883,0.522289641475594,0.6982429623603821,-0.1759533208847881,-0.34038737416267395,0.40666317582934797,-8.929584849326488e-10,0.40666317672230645,2.546585164964199e-09
10.380942345,1.5154805397962612,1.4905771017074585,0.024903438088802687,0.029263699427247047,-0.4343189332708211,-0.47454461455345154,0.04022568128263043,0.08971843123435974,1.6063771102175903,1.6312096118927002,-0.024832501675109864,-0.05748074874281883,0.5178423470755944,0.6982429623603821,-0.18040061528478768,-0.34038737416267395,0.4044593261212315,-8.929584849326488e-10,0.40445932701418996,2.546585164964199e-09
10.395861626,1.5159952648736976,1.491773009300232,0.02422225557346569,0.030110854655504227,-0.4324259339447696,-0.4708581864833832,0.0384322525386136,0.09460239112377167,1.6051642091037395,1.6288453340530396,-0.02368112494930008,-0.060739316046237946,0.5103991162755952,0.6843074560165405,-0.17390833974094533,-0.3563893735408783,0.4007708448670956,-8.341687340873705e-10,0.4007708457012643,-1.8917489796876907e-10
10.416023254,1.5165468760962628,1.491773009300232,0.024773866796030886,0.030110854655504227,-0.43039727880762607,-0.4708581864833832,0.04046090767575711,0.09460239112377167,1.603864389266723,1.6288453340530396,-0.024980944786316517,-0.060739316046237946,0.5024224898755961,0.6843074560165405,-0.1818849661409444,-0.3563893735408783,0.3968180402667538,-8.341687340873705e-10,0.39681804110092256,-1.8917489796876907e-10
10.425931692,1.5168237516773613,1.491773009300232,0.025050742377129342,0.030110854655504227,-0.4293790162216459,-0.4708581864833832,0.04147917026173725,0.09460239112377167,1.6032119580652264,1.6288453340530396,-0.025633375987813123,-0.060739316046237946,0.49841870427559665,0.6843074560165405,-0.18588875174094388,-0.3563893735408783,0.39483397064322706,-8.341687340873705e-10,0.3948339714773958,-1.8917489796876907e-10
10.435812950,1.5171011928506837,1.491773009300232,0.025328183550451744,0.030110854655504227,-0.42835867356273727,-0.4708581864833832,0.04249951292064591,0.09460239112377167,1.6025581940989806,1.6288453340530396,-0.026287139954058958,-0.060739316046237946,0.494406739875597,0.6843074560165405,-0.1899007161409435,-0.3563893735408783,0.3928458480282921,-8.341687340873705e-10,0.3928458488624608,-1.8917489796876907e-10
10.455915213,1.5176542755479865,1.4929535388946533,0.024700736653333166,0.050101883709430695,-0.4263246067975062,-0.46715834736824036,0.040833740570734134,0.09375409036874771,1.601254906870484,1.6264727115631104,-0.025217804692626355,-0.06003333628177643,0.48640883507559796,0.6702437400817871,-0.18383490500618915,-0.3555911183357239,0.3888824989504745,1.0734019229019509e-10,0.3888824988431343,-2.1464074961841106e-09
10.475969553,1.5182076876093333,1.4929535388946533,0.025254148714680014,0.050101883709430695,-0.4242893287333873,-0.46715834736824036,0.04286901863485304,0.09375409036874771,1.5999508435266712,1.6264727115631104,-0.02652186803643919,-0.06003333628177643,0.47840616747559883,0.6702437400817871,-0.19183757260618828,-0.3555911183357239,0.3849167896746476,1.0734019229019509e-10,0.3849167895673074,-2.1464074961841106e-09
10.495542765,1.5187597273619877,1.4929535388946533,0.0258061884673344,0.050101883709430695,-0.4222590975953728,-0.46715834736824036,0.04489924977286758,0.09375409036874771,1.5986500138989033,1.6264727115631104,-0.027822697664207086,-0.06003333628177643,0.47042334427559973,0.6702437400817871,-0.19982039580618738,-0.3555911183357239,0.3809609142598639,1.0734019229019509e-10,0.3809609141525237,-2.1464074961841106e-09
10.505720139,1.5190375282162265,1.4929535388946533,0.026083989321573187,0.050101883709430695,-0.42123743214151677,-0.46715834736824036,0.04592091522672359,0.09375409036874771,1.5979954023784915,1.6264727115631104,-0.028477309184618882,-0.06003333628177643,0.4664061786756002,0.6702437400817871,-0.20383756140618692,-0.3555911183357239,0.37897021419849275,1.0734019229019509e-10,0.37897021409115256,-2.1464074961841106e-09
10.525765419,1.519590622420663,1.4953688383102417,0.024221784110421307,0.030605915933847427,-0.41920332305661345,-0.45932409167289734,0.040120768616283886,0.10342466831207275,1.5966920880345188,1.6214380264282227,-0.02474593839370387,-0.06660526245832443,0.4584081074756011,0.6406028866767883,-0.1821947792011872,-0.38852354884147644,0.37500678266141824,1.4706692808008626e-10,0.3750067825143513,4.43833414465189e-09
10.545845032,1.520143829760141,1.4966057538986206,0.023538075861520458,0.030611947178840637,-0.4171687978960864,-0.4551870822906494,0.03801828439456301,0.10342469066381454,1.5953885070984877,1.6187739372253418,-0.023385430126854123,-0.06660521030426025,0.450408400275602,0.6250619292259216,-0.1746535289503196,-0.3885234594345093,0.37104254040713053,5.337112973791136e-10,0.37104253987341923,2.5247572921216488e-09
10.565726042,1.5206972107300976,1.4966057538986206,0.024091456831476954,0.030611947178840637,-0.41513363417646654,-0.4551870822906494,0.04005344811418288,0.10342469066381454,1.5940845170186049,1.6187739372253418,-0.024689420206736923,-0.06660521030426025,0.4424061822756029,0.6250619292259216,-0.18265574695031872,-0.3885234594345093,0.3670770539298727,5.337112973791136e-10,0.3670770533961614,2.5247572921216488e-09
10.585823298,1.5212502647148882,1.4978508949279785,0.023399369786909707,0.031163226813077927,-0.4130996730069561,-0.450910359621048,0.03781068661409187,0.10935364663600922,1.592781297448435,1.6160155534744263,-0.023234256025991273,-0.07058539986610413,0.43440869267560384,0.609040379524231,-0.17463168684862712,-0.40852251648902893,0.3631139106037587,4.756491311930233e-10,0.36311391012810956,-1.1859810911118984e-09
10.606080770,1.5218036127124805,1.4978508949279785,0.02395271778450203,0.031163226813077927,-0.41106463054947395,-0.450910359621048,0.03984572907157402,0.10935364663600922,1.5914773850648196,1.6160155534744263,-0.024538168409606653,-0.07058539986610413,0.4264069514756047,0.609040379524231,-0.18263342804862626,-0.40852251648902893,0.359148660403987,4.756491311930233e-10,0.3591486599283379,-1.1859810911118984e-09
10.634171963,1.5223561992752825,1.4990355968475342,0.02332060242774836,0.02907310426235199,-0.40903238841318823,-0.4470755159854889,0.03804312757230066,0.0957896038889885,1.5901752669304954,1.6135553121566772,-0.023380045226181867,-0.06143799051642418,0.4184162210756056,0.5943545699119568,-0.17593834883635118,-0.3676067888736725,0.3551888665887457,-2.5514801382797714e-10,0.3551888668438937,4.001776687800884e-10
10.637891769,1.5226343772371063,1.4990355968475342,0.023598780389572083,0.02907310426235199,-0.4080093360744965,-0.4470755159854889,0.03906617991099237,0.0957896038889885,1.589519766791615,1.6135553121566772,-0.02403554536506225,-0.06143799051642418,0.41439360227560607,0.5943545699119568,-0.17996096763635072,-0.3676067888736725,0.35319546420273684,-2.5514801382797714e-10,0.35319546445788486,4.001776687800884e-10
10.655814648,1.5231862082016692,1.4990355968475342,0.024150611354134988,0.02907310426235199,-0.40597987279438125,-0.4470755159854889,0.041095643191107645,0.0957896038889885,1.5882194291532992,1.6135553121566772,-0.02533588300337808,-0.06143799051642418,0.406413798275607,0.5943545699119568,-0.1879407716363498,-0.3676067888736725,0.3492410849477393,-2.5514801382797714e-10,0.3492410852028873,4.001776687800884e-10
10.666015625,1.52346396297205,1.4990355968475342,0.02442836612451571,0.02907310426235199,-0.4049583768226741,-0.4470755159854889,0.04211713916281479,0.0957896038889885,1.5875649262251539,1.6135553121566772,-0.025990385931523363,-0.06143799051642418,0.40239729907560745,0.5943545699119568,-0.19195727083634934,-0.3676067888736725,0.3472507151198345,-2.5514801382797714e-10,0.34725071537498253,4.001776687800884e-10
10.685794353,1.5240164858030338,1.5002250671386719,0.023791418664361963,0.02946661226451397,-0.4029263690722654,-0.4431462585926056,0.04021988952034017,0.09823103994131088,1.5862629582688499,1.6110326051712036,-0.024769646902353726,-0.06306710839271545,0.39440749027560834,0.5793302655220032,-0.18492277524639483,-0.3756061792373657,0.34329137800201603,-1.7438489541277136e-10,0.34329137817640093,4.562025424093008e-09
10.695701122,1.5242932517897472,1.5002250671386719,0.024068184651075297,0.02946661226451397,-0.40190850954047136,-0.4431462585926056,0.04123774905213423,0.09823103994131088,1.5856107853161887,1.6110326051712036,-0.025421819855014904,-0.06306710839271545,0.3904052894756088,0.5793302655220032,-0.18892497604639436,-0.3756061792373657,0.3413080937236234,-1.7438489541277136e-10,0.3413080938980083,4.562025424093008e-09
10.715831280,1.5248452849313319,1.5002250671386719,0.024620217792659993,0.02946661226451397,-0.39987830271592245,-0.4431462585926056,0.04326795587668314,0.09823103994131088,1.584309971266783,1.6110326051712036,-0.026722633904420645,-0.06306710839271545,0.3824225618756097,0.5793302655220032,-0.19690770364639348,-0.3756061792373657,0.33735226568326854,-1.7438489541277136e-10,0.33735226585765343,4.562025424093008e-09
10.725834608,1.5251231912030874,1.5002250671386719,0.024898124064415494,0.02946661226451397,-0.3988562495691075,-0.4431462585926056,0.04429000902349811,0.09823103994131088,1.5836551113399322,1.6110326051712036,-0.027377493831271416,-0.06306710839271545,0.3784038718756102,0.5793302655220032,-0.20092639364639298,-0.3756061792373657,0.3353608102078877,-1.7438489541277136e-10,0.3353608103822726,4.562025424093008e-09
10.745655537,1.5256760510326564,1.5002250671386719,0.02545098389398448,0.02946661226451397,-0.3968230024423361,-0.4431462585926056,0.0463232561502695,0.09823103994131088,1.5823523492782368,1.6110326051712036,-0.028680255892966855,-0.06306710839271545,0.37040918987561106,0.5793302655220032,-0.20892107564639212,-0.3756061792373657,0.33139905818351445,-1.7438489541277136e-10,0.33139905835789935,4.562025424093008e-09
10.756309986,1.52595304564067,1.5002250671386719,0.02572797850199815,0.02946661226451397,-0.39580430211224626,-0.4431462585926056,0.047341956480359326,0.09823103994131088,1.5816996376010364,1.6110326051712036,-0.029332967570167234,-0.06306710839271545,0.3664036830756115,0.5793302655220032,-0.21292658244639168,-0.3756061792373657,0.3294141356220491,-1.7438489541277136e-10,0.32941413579643397,4.562025424093008e-09
10.775733948,1.5265059790495081,1.502555012702942,0.023950966346566238,0.028828220441937447,-0.3937707843837245,-0.4353583753108978,0.041587590927173346,0.09722801297903061,1.5803967021567304,1.6060378551483154,-0.02564115299158498,-0.06234554946422577,0.3584079370756124,0.5493718385696411,-0.1909639014940287,-0.3747243583202362,0.32545185633415813,-7.514082411841372e-11,0.32545185640929897,5.093170329928398e-10
10.796079159,1.5270593746799959,1.5037226676940918,0.023336706985904065,0.02908109501004219,-0.3917355667472145,-0.43142038583755493,0.03968481909034044,0.09967069327831268,1.5790926775306886,1.6035114526748657,-0.02441877514417712,-0.06397636234760284,0.35040550707561335,0.5342227816581726,-0.18381727458255925,-0.3827287554740906,0.3214862648006355,2.628601850074297e-11,0.3214862647743495,4.71482053399086e-09
10.815761089,1.5276122148146627,1.5037226676940918,0.023889547120570898,0.02908109501004219,-0.3897023920521898,-0.43142038583755493,0.041717993785365115,0.09967069327831268,1.577789961878173,1.6035114526748657,-0.025721490796692725,-0.06397636234760284,0.34241110987561424,0.5342227816581726,-0.19181167178255837,-0.3827287554740906,0.31752465390845197,2.628601850074297e-11,0.31752465388216594,4.71482053399086e-09
10.826111794,1.5278890400520504,1.5049391984939575,0.022949841558092876,0.03131181001663208,-0.38868431461477576,-0.4270917773246765,0.03840746270990075,0.11675966531038284,1.5771376493068834,1.6007243394851685,-0.023586690178285075,-0.07538259774446487,0.33840805227561466,0.5177937746047974,-0.1793857223291827,-0.4387238919734955,0.31554094504417407,6.316456802046844e-10,0.3155409444125284,-2.61206878349185e-09
10.845912933,1.5284422080847084,1.5049391984939575,0.023503009590750912,0.03131181001663208,-0.3866499340125522,-0.4270917773246765,0.040441843312124304,0.11675966531038284,1.5758341609936677,1.6007243394851685,-0.02489017849150077,-0.07538259774446487,0.33040891347561563,0.5177937746047974,-0.18738486112918173,-0.4387238919734955,0.31157698445960763,6.316456802046844e-10,0.31157698382796195,-2.61206878349185e-09
10.856461048,1.5287194129192057,1.5049391984939575,0.023780214425248136,0.03131181001663208,-0.3856304605346042,-0.4270917773246765,0.04146131679007231,0.11675966531038284,1.5751809539375807,1.6007243394851685,-0.025543385547587727,-0.07538259774446487,0.32640036667561606,0.5177937746047974,-0.1913934079291813,-0.4387238919734955,0.30959055543094893,6.316456802046844e-10,0.30959055479930325,-2.61206878349185e-09
10.875838518,1.5292722251158792,1.5061062574386597,0.023165967677219568,0.028506362810730934,-0.38359738858686065,-0.423115611076355,0.039518222489494326,0.09809630364179611,1.573878304118312,1.5981727838516235,-0.024294479733311558,-0.06291592866182327,0.31840637347561696,0.5024724006652832,-0.18406602718966625,-0.3790856897830963,0.3056291447403266,8.080149327405195e-10,0.30562914393231166,2.3137545213103294e-09
10.895641804,1.5298253357235136,1.5061062574386597,0.02371907828485398,0.028506362810730934,-0.38156321917607844,-0.423115611076355,0.04155239190027654,0.09809630364179611,1.57257495112175,1.5981727838516235,-0.025597832729873593,-0.06291592866182327,0.31040806507561786,0.5024724006652832,-0.19206433558966535,-0.3790856897830963,0.3016655956591672,8.080149327405195e-10,0.30166559485115224,2.3137545213103294e-09
10.905858994,1.5301020600245283,1.5061062574386597,0.023995802585868642,0.028506362810730934,-0.3805455129513663,-0.423115611076355,0.04257009812498869,0.09809630364179611,1.5719228763975073,1.5981727838516235,-0.02624990745411626,-0.06291592866182327,0.3064064670756183,0.5024724006652832,-0.1960659335896649,-0.3790856897830963,0.2996826100973614,8.080149327405195e-10,0.2996826092893465,2.3137545213103294e-09
10.926266909,1.5306543307220393,1.5072710514068604,0.023383279315178918,0.02879970893263817,-0.37851443246973754,-0.41917484998703003,0.04066041751729249,0.09650170058012009,1.57062150256996,1.595645546913147,-0.025024044343187057,-0.0618167482316494,0.29842030427561916,0.4872300326824188,-0.18880972840679966,-0.37504199147224426,0.2957250797490781,1.023019446932949e-09,0.29572507872605863,-2.0881998352706432e-09
10.936102629,1.5309319986633498,1.5072710514068604,0.023660947256489484,0.02879970893263817,-0.37749325582844184,-0.41917484998703003,0.04168159415858819,0.09650170058012009,1.569967204246331,1.595645546913147,-0.0256783426668159,-0.0618167482316494,0.29440506067561967,0.4872300326824188,-0.19282497200679916,-0.37504199147224426,0.293735332131768,1.023019446932949e-09,0.29373533110874855,-2.0881998352706432e-09
10.955764532,1.5314850278358834,1.5084099769592285,0.023075050876654846,0.02833559177815914,-0.3754593859107247,-0.4153033196926117,0.039843933781887,0.09800440073013306,1.568664043143906,1.5931655168533325,-0.024501473709426458,-0.06281234323978424,0.2864079298756206,0.4721779525279999,-0.1857700226523793,-0.3802889287471771,0.28977236660842665,1.372119862175225e-09,0.2897723652363068,5.893525667488575e-10
10.975773811,1.5320383232768549,1.5084099769592285,0.023628346317626336,0.02833559177815914,-0.3734245367402071,-0.4153033196926117,0.0418787829524046,0.09800440073013306,1.5673602546050125,1.5931655168533325,-0.025805262248320027,-0.06281234323978424,0.27840694867562144,0.4721779525279999,-0.19377100385237844,-0.3802889287471771,0.2858074930254533,1.372119862175225e-09,0.2858074916533334,5.893525667488575e-10
10.995965004,1.5325904597890143,1.5084099769592285,0.0241804828297858,0.02833559177815914,-0.3713939497507179,-0.4153033196926117,0.04390936994189382,0.09800440073013306,1.5660591969725939,1.5931655168533325,-0.02710631988073864,-0.06281234323978424,0.27042272627562236,0.4721779525279999,-0.20175522625237752,-0.3802889287471771,0.2818509242393219,1.372119862175225e-09,0.28185092286720204,5.893525667488575e-10
11.005996466,1.5328687888649537,1.5084099769592285,0.024458811905725186,0.02833559177815914,-0.3703703416611381,-0.4153033196926117,0.044932978031473614,0.09800440073013306,1.5654033407475483,1.5931655168533325,-0.027762176105784242,-0.06281234323978424,0.2663979222756228,0.4721779525279999,-0.20578003025237707,-0.3802889287471771,0.2798564389809082,1.372119862175225e-09,0.2798564376087883,5.893525667488575e-10
11.026080847,1.5334213141854618,1.5106908082962036,0.02273050588925818,0.027920614928007126,-0.3683383247550311,-0.4074665606021881,0.03912823584715702,0.09637092053890228,1.5641013669249153,1.5881428718566895,-0.02404150493177415,-0.061726175248622894,0.2584080774756237,0.44173958897590637,-0.18333151150028265,-0.3754822909832001,0.2758970840233466,9.100238895776158e-10,0.2758970831133227,1.418811734765768e-09
11.045734644,1.533974721240099,1.5106908082962036,0.023283912943895313,0.027920614928007126,-0.36630306510403876,-0.4074665606021881,0.04116349549814935,0.09637092053890228,1.5627973153789416,1.5881428718566895,-0.025345556477747833,-0.061726175248622894,0.25040548227562465,0.44173958897590637,-0.19133410670028173,-0.3754822909832001,0.2719314106252252,9.100238895776158e-10,0.2719314097152013,1.418811734765768e-09
11.066211462,1.5345280665821988,1.5106908082962036,0.023837258285995144,0.027920614928007126,-0.36426803241263483,-0.4074665606021881,0.043198528189553276,0.09637092053890228,1.561493409252744,1.5881428718566895,-0.026649462603945517,-0.061726175248622894,0.24240377947562555,0.44173958897590637,-0.19933580950028082,-0.3754822909832001,0.26796617945451284,9.100238895776158e-10,0.26796617854448895,1.418811734765768e-09
11.086302042,1.535080282980422,1.511832594871521,0.023247688108900988,0.028267359361052513,-0.36223715162695946,-0.40351420640945435,0.04127705478249488,0.09880829602479935,1.5601921633763485,1.5856088399887085,-0.025416676612360023,-0.0633527860045433,0.23441840187562646,0.4264008700847626,-0.19198246820913611,-0.3834684491157532,0.264009038210848,1.0409911821440687e-09,0.2640090371698568,-1.5279510989785194e-10
11.095861435,1.535357747665917,1.511832594871521,0.023525152794396043,0.028267359361052513,-0.3612167224975667,-0.40351420640945435,0.042297483911887646,0.09880829602479935,1.5595383440058852,1.5856088399887085,-0.026070495982823294,-0.0633527860045433,0.23040609747562693,0.4264008700847626,-0.19599477260913564,-0.3834684491157532,0.2620207471094506,1.0409911821440687e-09,0.26202074606845943,-1.5279510989785194e-10
11.115972996,1.5359110535352285,1.5129528045654297,0.02295824896979881,0.027806390076875687,-0.3591818349748461,-0.3996661603450775,0.04048432537023139,0.09742145985364914,1.5582345308935914,1.5831446647644043,-0.024910133870812867,-0.0624232143163681,0.22240496547562782,0.4113782048225403,-0.18897323934691246,-0.37956663966178894,0.2580557987977757,8.453406863395685e-10,0.258055797952435,4.169123712927103e-09
11.135867357,1.5364641629810851,1.5129528045654297,0.023511358415655437,0.027806390076875687,-0.35714766983672314,-0.3996661603450775,0.04251849050835438,0.09742145985364914,1.5569311806346497,1.5831446647644043,-0.02621348412975455,-0.0624232143163681,0.21440667387562873,0.4113782048225403,-0.19697153094691155,-0.37956663966178894,0.2540922580418297,8.453406863395685e-10,0.25409225719648904,4.169123712927103e-09
11.156139135,1.5370173834873797,1.5140981674194336,0.022919216067946113,0.027890954166650772,-0.35511309625272497,-0.39562681317329407,0.0405137169205691,0.09721648693084717,1.5556275686722565,1.5805528163909912,-0.024925247718734722,-0.06228141114115715,0.20640677627562964,0.3957207500934601,-0.18931397381783044,-0.37929782271385193,0.250127921435123,4.584780055605364e-10,0.25012792097664505,-5.820766091346741e-11
11.176105261,1.5375707007255182,1.5140981674194336,0.023472533306084564,0.027890954166650772,-0.3530781669189821,-0.39562681317329407,0.042548646254311984,0.09721648693084717,1.5543237287703942,1.5805528163909912,-0.026229087620597058,-0.06228141114115715,0.19840547987563056,0.3957207500934601,-0.19731527021782952,-0.37929782271385193,0.24616289165528807,4.584780055605364e-10,0.24616289119681006,-5.820766091346741e-11
11.196156263,1.5381237947086637,1.5152300596237183,0.02289373508494541,0.027520127594470978,-0.35104405864791866,-0.39167317748069763,0.040629118832778977,0.09558230638504028,1.553020414947873,1.5780181884765625,-0.024997773528689482,-0.06119507923722267,0.19040741187563145,0.3803342282772064,-0.18992681640157497,-0.3740302622318268,0.24219946170396855,8.314522681462932e-12,0.24219946169565404,3.332388587296009e-09
11.205741167,1.5384004532585793,1.5152300596237183,0.023170393634861064,0.027520127594470978,-0.35002659423537213,-0.39167317748069763,0.0416465832453255,0.09558230638504028,1.5523684951598953,1.5780181884765625,-0.02564969331666722,-0.06119507923722267,0.18640676467563191,0.3803342282772064,-0.1939274636015745,-0.3740302622318268,0.24021694730959947,8.314522681462932e-12,0.24021694730128496,3.332388587296009e-09
11.225877285,1.538953588816778,1.5163638591766357,0.022589729640142275,0.02838241308927536,-0.34799233306414673,-0.3876500427722931,0.03965770970814636,0.1030198186635971,1.5510650833696813,1.5754374265670776,-0.02437234319739634,-0.0661514475941658,0.17840809547563283,0.3647034168243408,-0.186295321348708,-0.3987710177898407,0.23625321943457053,-7.055685202761453e-11,0.2362532195051274,1.9608705770224333e-09
11.236303091,1.5392303990893597,1.5163638591766357,0.022866539912723916,0.02838241308927536,-0.34697431066265255,-0.3876500427722931,0.04067573210964054,0.1030198186635971,1.5504128060615467,1.5754374265670776,-0.025024620505530892,-0.0661514475941658,0.17440525427563328,0.3647034168243408,-0.19029816254870754,-0.3987710177898407,0.23426961780697048,-7.055685202761453e-11,0.23426961787752731,1.9608705770224333e-09
11.260618687,1.5398077053544905,1.5163638591766357,0.023443846177854777,0.02838241308927536,-0.3448511571216192,-0.3876500427722931,0.04279888565067391,0.1030198186635971,1.5490524382793947,1.5754374265670776,-0.026384988287682987,-0.0661514475941658,0.16605706227563422,0.3647034168243408,-0.1986463545487066,-0.3987710177898407,0.2301326844610467,-7.055685202761453e-11,0.23013268453160357,1.9608705770224333e-09
11.276405811,1.540352195431548,1.517492651939392,0.02285954349215591,0.02800920605659485,-0.3428486913508728,-0.3836515545845032,0.04080286323363036,0.10118167847394943,1.547769398750346,1.5728733539581299,-0.025103955207783857,-0.06492029130458832,0.15818341187563512,0.3491414785385132,-0.19095806666287807,-0.39304888248443604,0.2262309094546853,-1.81878984095718e-10,0.22623090963656428,4.874891601502895e-10
11.297429800,1.540888960100265,1.517492651939392,0.023396308160873014,0.02800920605659485,-0.34087463723796596,-0.3836515545845032,0.04277691734653721,0.10118167847394943,1.5465045634176569,1.5728733539581299,-0.02636879054047303,-0.06492029130458832,0.150421475475636,0.3491414785385132,-0.19872000306287718,-0.39304888248443604,0.2223844941443882,-1.81878984095718e-10,0.2223844943262672,4.874891601502895e-10
11.306183338,1.541166626962782,1.517492651939392,0.02367397502338986,0.02800920605659485,-0.3398534645641395,-0.3836515545845032,0.04379809002036367,0.10118167847394943,1.545850267636104,1.5728733539581299,-0.02702308632202599,-0.06492029130458832,0.14640624747563646,0.3491414785385132,-0.20273523106287672,-0.39304888248443604,0.22039475425763344,-1.81878984095718e-10,0.22039475443951242,4.874891601502895e-10
11.325652599,1.5417187804866899,1.517492651939392,0.024226128547297776,0.02800920605659485,-0.33782281501071176,-0.3836515545845032,0.04582873957379141,0.10118167847394943,1.5445491699171043,1.5728733539581299,-0.028324184041025546,-0.06492029130458832,0.13842177907563735,0.3491414785385132,-0.21071969946287583,-0.39304888248443604,0.216438063566591,-1.81878984095718e-10,0.21643806374847,4.874891601502895e-10
11.335996151,1.5419955652278183,1.517492651939392,0.024502913288426242,0.02800920605659485,-0.3368048865059904,-0.3836515545845032,0.04684666807851279,0.10118167847394943,1.543896952771432,1.5728733539581299,-0.028976401186697975,-0.06492029130458832,0.13441930707563782,0.3491414785385132,-0.21472217146287537,-0.39304888248443604,0.21445464489546723,-1.81878984095718e-10,0.2144546450773462,4.874891601502895e-10
11.345685482,1.5422729860423656,1.517492651939392,0.024780334102973534,0.02800920605659485,-0.33578461872034804,-0.3836515545845032,0.047866935864155136,0.10118167847394943,1.5432432367787206,1.5728733539581299,-0.029630117179409332,-0.06492029130458832,0.13040763707563827,0.3491414785385132,-0.21873384146287492,-0.39304888248443604,0.21246666816998677,-1.81878984095718e-10,0.21246666835186576,4.874891601502895e-10
11.356702805,1.5425499554508628,1.517492651939392,0.02505730351147073,0.02800920605659485,-0.3347660110662712,-0.3836515545845032,0.04888554351823199,0.10118167847394943,1.542590584481805,1.5728733539581299,-0.0302827694763248,-0.06492029130458832,0.12640249467563872,0.3491414785385132,-0.22273898386287447,-0.39304888248443604,0.21048192618636524,-1.81878984095718e-10,0.21048192636824423,4.874891601502895e-10
11.365970135,1.5428268074368046,1.5197404623031616,0.023086345133642938,0.027628805488348007,-0.33374783525596513,-0.3757617771625519,0.04201394190658675,0.09803690016269684,1.5419382088800704,1.567817211151123,-0.025879002271052665,-0.0628109723329544,0.12239905027563916,0.31834015250205994,-0.19594110222642078,-0.38330626487731934,0.20849802564395897,-5.17155096524391e-10,0.20849802616111407,5.686160875484347e-09
11.385972023,1.5433794104028047,1.5197404623031616,0.023638948099643065,0.027628805488348007,-0.3317155327938005,-0.3757617771625519,0.044046244368751375,0.09803690016269684,1.5406360520931566,1.567817211151123,-0.027181159057966475,-0.0628109723329544,0.1144080826756401,0.31834015250205994,-0.20393206982641984,-0.38330626487731934,0.2045381142846327,-5.17155096524391e-10,0.2045381148017878,5.686160875484347e-09
11.395818472,1.543656136059227,1.5197404623031616,0.023915673756065292,0.027628805488348007,-0.3306978215843193,-0.3757617771625519,0.04506395557823256,0.09803690016269684,1.5399839741750239,1.567817211151123,-0.027833236976099185,-0.0628109723329544,0.11040646507564053,0.31834015250205994,-0.2079336874264194,-0.38330626487731934,0.20255511901007797,-5.17155096524391e-10,0.20255511952723307,5.686160875484347e-09
11.415891171,1.544209266555393,1.5197404623031616,0.024468804252231413,0.027628805488348007,-0.32866357902968046,-0.3757617771625519,0.047098198132871416,0.09803690016269684,1.5386805743130119,1.567817211151123,-0.029136636838111185,-0.0628109723329544,0.10240786907564145,0.31834015250205994,-0.2159322834264185,-0.38330626487731934,0.19859142740919328,-5.17155096524391e-10,0.19859142792634837,5.686160875484347e-09
11.436248541,1.5447626018840734,1.5197404623031616,0.025022139580911817,0.027628805488348007,-0.3266285831645298,-0.3757617771625519,0.04913319399802207,0.09803690016269684,1.5373766917824927,1.567817211151123,-0.030440519368630348,-0.0628109723329544,0.09440631107564235,0.31834015250205994,-0.2239338414264176,-0.38330626487731934,0.19462626799389193,-5.17155096524391e-10,0.19462626851104703,5.686160875484347e-09
11.456080437,1.5453207224654186,1.5220592021942139,0.02326152027120476,0.030318457633256912,-0.32457598862298653,-0.36728957295417786,0.04271358433119132,0.11743542551994324,1.5360615332552496,1.5623724460601807,-0.02631091280493103,-0.07575766742229462,0.08633555547564326,0.2856139540672302,-0.19927839859158697,-0.4468682110309601,0.19062681781732183,-5.148268478194495e-10,0.19062681833214867,1.9972503650933504e-09
11.475878716,1.545868956510175,1.523232340812683,0.02263661569749198,0.028908340260386467,-0.32255975369926526,-0.36293384432792664,0.040374090628661374,0.1088925153017044,1.53476967141932,1.5595703125,-0.02480064108068003,-0.07005591690540314,0.07840776507564418,0.26884573698043823,-0.19043797190479406,-0.4192061424255371,0.18669821381956345,-5.790735668753655e-10,0.186698214398637,1.0841176845133305e-09
11.495609283,1.546422256293983,1.523232340812683,0.023189915481300005,0.028908340260386467,-0.3205248885571406,-0.36293384432792664,0.042408955770786017,0.1088925153017044,1.5334658726469415,1.5595703125,-0.026104439853058548,-0.07005591690540314,0.07040672107564508,0.26884573698043823,-0.19843901590479315,-0.4192061424255371,0.1827333091161494,-5.790735668753655e-10,0.18273330969522297,1.0841176845133305e-09
11.515917301,1.5469753179133148,1.5244101285934448,0.02256518931986995,0.028015773743391037,-0.31849089931015534,-0.3586229085922241,0.04013200928206878,0.09688662737607956,1.5321626350866961,1.5567989349365234,-0.024636299849827292,-0.0620003305375576,0.062409121075645974,0.2522008419036865,-0.18979172082804055,-0.3810378611087799,0.17877011108148988,-7.314684968839913e-10,0.17877011181295838,5.900801625102758e-09
11.526737690,1.547269634187742,1.5244101285934448,0.02285950559429728,0.028015773743391037,-0.31740849525882814,-0.3586229085922241,0.04121441333339598,0.09688662737607956,1.531469106535775,1.5567989349365234,-0.025329828400748378,-0.0620003305375576,0.058153132675646445,0.2522008419036865,-0.19404770922804007,-0.3810378611087799,0.1766610627591915,-7.314684968839913e-10,0.17666106349066,5.900801625102758e-09
11.546877146,1.5478053414449098,1.5255262851715088,0.022279056273400988,0.027708809822797775,-0.31543832997791815,-0.3547554314136505,0.03931710143573236,0.09790736436843872,1.5302067628937037,1.5543254613876343,-0.024118698493930557,-0.06265503168106079,0.05040648707564731,0.23695944249629974,-0.18655295542065242,-0.3850349485874176,0.17282222478065745,-2.580582969535783e-10,0.17282222503871575,2.106389729306102e-09
11.556094885,1.5480821916605232,1.5255262851715088,0.0225559064890144,0.027708809822797775,-0.3144201606783309,-0.3547554314136505,0.04033527073531962,0.09790736436843872,1.5295543914635807,1.5543254613876343,-0.024771069924053535,-0.06265503168106079,0.04640306827564776,0.23695944249629974,-0.19055637422065197,-0.3850349485874176,0.17083833692429068,-2.580582969535783e-10,0.17083833718234898,2.106389729306102e-09
11.576045752,1.5486354891484366,1.5255262851715088,0.02310920397692784,0.027708809822797775,-0.3123853039797947,-0.3547554314136505,0.04237012743385582,0.09790736436843872,1.528250598101261,1.5543254613876343,-0.026074863286373207,-0.06265503168106079,0.03840205747564865,0.23695944249629974,-0.1985573850206511,-0.3850349485874176,0.16687344867308412,-2.580582969535783e-10,0.16687344893114242,2.106389729306102e-09
11.596095800,1.5491883918254823,1.5266737937927246,0.022514598032757682,0.028426548466086388,-0.3103518992732822,-0.3506437838077545,0.0402918845344723,0.10279075801372528,1.5269477350735268,1.5516890287399292,-0.02474129366640243,-0.06591391563415527,0.030406755875649547,0.22091801464557648,-0.19051125876992692,-0.4010355472564697,0.16291138960691054,6.699510390895114e-11,0.16291138953991544,2.6411726139485836e-09
11.616105318,1.5497414749930285,1.5266737937927246,0.02306768120030389,0.028426548466086388,-0.30831783077864144,-0.3506437838077545,0.04232595302911307,0.10279075801372528,1.5256444467369457,1.5516890287399292,-0.02604458200298354,-0.06591391563415527,0.022408844275650444,0.22091801464557648,-0.19850917036992605,-0.4010355472564697,0.1589480371593637,6.699510390895114e-11,0.1589480370923686,2.6411726139485836e-09
11.625864267,1.550018382744311,1.5266737937927246,0.02334458895158642,0.028426548466086388,-0.307299449880693,-0.3506437838077545,0.043344333927061496,0.10279075801372528,1.5249919397294431,1.5516890287399292,-0.026697089010486064,-0.06591391563415527,0.018404593475650897,0.22091801464557648,-0.20251342116992557,-0.4010355472564697,0.15696373700671246,6.699510390895114e-11,0.15696373693971735,2.6411726139485836e-09
11.646000624,1.5505713977542184,1.5277940034866333,0.02277739426758507,0.027339233085513115,-0.3052656320487263,-0.3466489315032959,0.04138329945456959,0.09756969660520554,1.5236888119999117,1.5491306781768799,-0.025441866176968198,-0.062431372702121735,0.010407667475651784,0.20524826645851135,-0.19484059898285958,-0.3841058313846588,0.15300087297168724,-1.2267091509254868e-10,0.15300087309435817,1.178705133497715e-09
11.666033030,1.551124599367791,1.5289175510406494,0.022207048327141488,0.027631651610136032,-0.3032311279463054,-0.3426212668418884,0.039390138895583016,0.0989297553896904,1.5223852445564368,1.5465502738952637,-0.024165029338826916,-0.06333409994840622,0.002408043075652677,0.1894698590040207,-0.187061815928368,-0.388812780380249,0.14903667174880858,3.077902516190889e-11,0.14903667171802956,4.572939360514283e-09
11.675945759,1.5514013549538255,1.5289175510406494,0.02248380391317606,0.027631651610136032,-0.30221330666498436,-0.3426212668418884,0.04040796017690407,0.0989297553896904,1.5217330961119941,1.5465502738952637,-0.02481717778326953,-0.06333409994840622,-0.0015940073243468772,0.1894698590040207,-0.19106386632836758,-0.388812780380249,0.1470534620008982,3.077902516190889e-11,0.14705346197011918,4.572939360514283e-09
11.695686817,1.5519544852287006,1.5289175510406494,0.023036934188051195,0.027631651610136032,-0.3001790649241854,-0.3426212668418884,0.04244220191770304,0.0989297553896904,1.5204296967714337,1.5465502738952637,-0.02612057712382998,-0.06333409994840622,-0.009592600124345985,0.1894698590040207,-0.19906245912836668,-0.388812780380249,0.14308977198576844,3.077902516190889e-11,0.14308977195498943,4.572939360514283e-09
11.716007233,1.5525077138121182,1.5300400257110596,0.02246768810105859,0.027906013652682304,-0.2981444616350327,-0.3386152386665344,0.0404707770315017,0.10137056559324265,1.5191260657760624,1.543984293937683,-0.024858228161620755,-0.0649636760354042,-0.017592614524345088,0.1737573742866516,-0.19134998881099669,-0.3968111574649811,0.13912537749900644,-4.979647805214427e-10,0.13912537799697122,3.2378011383116245e-09
11.736001492,1.5530609825045358,1.5300400257110596,0.023020956793476266,0.027906013652682304,-0.2961097108374071,-0.3386152386665344,0.04250552782912731,0.10137056559324265,1.5178223402676139,1.543984293937683,-0.026161953670069238,-0.0649636760354042,-0.02559320892434419,0.1737573742866516,-0.1993505832109958,-0.3968111574649811,0.1351606955941615,-4.979647805214427e-10,0.13516069609212628,3.2378011383116245e-09
11.755831242,1.5536142173947478,1.5300400257110596,0.02357419168368824,0.027906013652682304,-0.2940750843538187,-0.3386152386665344,0.04454015431271574,0.10137056559324265,1.5165186944108757,1.543984293937683,-0.027465599526807383,-0.0649636760354042,-0.033593314524343304,0.1737573742866516,-0.20735068881099492,-0.3968111574649811,0.13119625591338369,-4.979647805214427e-10,0.13119625641134847,3.2378011383116245e-09
11.767931938,1.5538934111930678,1.5300400257110596,0.023853385482008216,0.027906013652682304,-0.2930482960832921,-0.3386152386665344,0.04556694258324234,0.10137056559324265,1.5158608005490706,1.543984293937683,-0.02812349338861253,-0.0649636760354042,-0.03763062292434284,0.1737573742866516,-0.21138799721099444,-0.3968111574649811,0.1291955741193212,-4.979647805214427e-10,0.12919557461728598,3.2378011383116245e-09
11.791967869,1.5544468547330645,1.5322645902633667,0.022182264469697843,0.027155280113220215,-0.2910129022504544,-0.33067595958709717,0.03966305733664277,0.0972021147608757,1.5145566630287877,1.5389007329940796,-0.024344069965291926,-0.062188006937503815,-0.04563374572434194,0.14256060123443604,-0.18819434695877796,-0.38333767652511597,0.125229639269854,-5.856855556096718e-10,0.12522963985553956,-1.0932126315310597e-09
11.805997133,1.554996625837689,1.5322645902633667,0.02273203557432235,0.027155280113220215,-0.28899101449685977,-0.33067595958709717,0.0416849450902374,0.0972021147608757,1.5132611792562014,1.5389007329940796,-0.025639553737878185,-0.062188006937503815,-0.05358376292434107,0.14256060123443604,-0.19614436415877712,-0.38333767652511597,0.12129002081649934,-5.856855556096718e-10,0.1212900214021849,-1.0932126315310597e-09
11.826366186,1.5555506991996328,1.5322645902633667,0.023286108936266148,0.027155280113220215,-0.28695330437407685,-0.33067595958709717,0.04372265521302032,0.0972021147608757,1.5119555576198833,1.5389007329940796,-0.026945175374196273,-0.062188006937503815,-0.061595993324340154,0.14256060123443604,-0.2041565945587762,-0.38333767652511597,0.11731957271025258,-5.856855556096718e-10,0.11731957329593813,-1.0932126315310597e-09
11.847340345,1.556103761012594,1.5334080457687378,0.022695715243856274,0.02912765182554722,-0.2849193144149817,-0.32644614577293396,0.041526831357952265,0.11184407770633698,1.510652319603368,1.5361851453781128,-0.025532825774744694,-0.07196055352687836,-0.06959359612433927,0.12610749900341034,-0.1957010951277496,-0.431314080953598,0.11335637328805748,-1.72861933100954e-10,0.11335637346091941,2.002707333303988e-09
11.866256237,1.556657382110985,1.5334080457687378,0.02324933634224724,0.02912765182554722,-0.28288326757739374,-0.32644614577293396,0.04356287819554022,0.11184407770633698,1.5093477636834702,1.5361851453781128,-0.02683738169464256,-0.07196055352687836,-0.07759928652433837,0.12610749900341034,-0.2037067855277487,-0.431314080953598,0.10938916606847005,-1.72861933100954e-10,0.10938916624133198,2.002707333303988e-09
11.885883331,1.5572093632215152,1.5345007181167603,0.0227086451047549,0.0268007330596447,-0.2808532521069397,-0.32260221242904663,0.041748960322106954,0.09609723836183548,1.5080470722403392,1.5337270498275757,-0.025679977587236502,-0.06145783141255379,-0.0855812617243375,0.11091864854097366,-0.19649991026531116,-0.3797212243080139,0.1054337108787455,-2.002195353956182e-10,0.10543371107896504,-9.931682143360376e-10
11.906195402,1.55776341193717,1.5356134176254272,0.022149994311742693,0.027552809566259384,-0.2788156326255702,-0.31856420636177063,0.03974857373620044,0.10095007717609406,1.5067415086806772,1.5311392545700073,-0.02439774588933008,-0.0646960511803627,-0.09359313572433658,0.09509379416704178,-0.18868692989137836,-0.39562124013900757,0.10146343938595523,1.5618414894724708e-10,0.10146343922977108,3.2014213502407074e-09
11.925960064,1.5583167398802622,1.5356134176254272,0.022703322254834957,0.027552809566259384,-0.2767806639223245,-0.31856420636177063,0.04178354243944615,0.10095007717609406,1.5054376435536003,1.5311392545700073,-0.025701611016407,-0.0646960511803627,-0.10159458692433568,0.09509379416704178,-0.19668838109137746,-0.39562124013900757,0.09749833289522501,1.5618414894724708e-10,0.09749833273904086,3.2014213502407074e-09
11.946008444,1.558869801582578,1.5367393493652344,0.022130452217343555,0.028104159981012344,-0.27474667437014927,-0.31456077098846436,0.03981409661831509,0.10252845287322998,1.504134405797811,1.5285751819610596,-0.02444077616324858,-0.06573648750782013,-0.1095921881243348,0.0793679878115654,-0.1889601759359002,-0.40115076303482056,0.09353513426590739,1.4998138841981756e-10,0.093535134115926,1.9099388737231493e-09
11.955799103,1.5591466394058933,1.5367393493652344,0.02240729004065889,0.028104159981012344,-0.27372855064559365,-0.31456077098846436,0.040832220342870706,0.10252845287322998,1.5034820635689696,1.5285751819610596,-0.02509311839208994,-0.06573648750782013,-0.11359542772433434,0.0793679878115654,-0.19296341553589974,-0.40115076303482056,0.09155133521181727,1.4998138841981756e-10,0.09155133506183588,1.9099388737231493e-09
11.975740433,1.5596997581459733,1.5367393493652344,0.022960408780738906,0.028104159981012344,-0.2716943513261969,-0.31456077098846436,0.04286641966226745,0.10252845287322998,1.5021786914090665,1.5285751819610596,-0.026396490551993113,-0.06573648750782013,-0.12159385372433346,0.0793679878115654,-0.20096184153589886,-0.40115076303482056,0.08758772785416379,1.4998138841981756e-10,0.0875877277041824,1.9099388737231493e-09
11.985869646,1.559976502501488,1.5378445386886597,0.022131963812828337,0.027886027470231056,-0.2706765713472483,-0.3105921149253845,0.0399155435781362,0.1028783768415451,1.5015265694282853,1.526033878326416,-0.024507308898130686,-0.06597868353128433,-0.125595741724333,0.06375797092914581,-0.1893537126534788,-0.4022511839866638,0.08560459858331661,-1.1197127253170791e-10,0.08560459869528789,1.748048816807568e-09
12.005913019,1.5605270610887172,1.5378445386886597,0.022682522400057525,0.027886027470231056,-0.26865178747666735,-0.3105921149253845,0.041940327448717174,0.1028783768415451,1.5002292300271893,1.526033878326416,-0.025804648299226685,-0.06597868353128433,-0.1335571463912248,0.06375797092914581,-0.1973151173203706,-0.4022511839866638,0.08165933708874847,-1.1197127253170791e-10,0.08165933720071974,1.748048816807568e-09
12.015746117,1.5608026397955133,1.5378445386886597,0.02295810110685359,0.027886027470231056,-0.26763829439248177,-0.3105921149253845,0.04295382053290275,0.1028783768415451,1.49957985478771,1.526033878326416,-0.026454023538706073,-0.06597868353128433,-0.13754217841737493,0.06375797092914581,-0.20130014934652074,-0.4022511839866638,0.07968456076909068,-1.1197127253170791e-10,0.07968456088106196,1.748048816807568e-09
12.036104441,1.5613524025156988,1.5389546155929565,0.022397786922742302,0.027614610269665718,-0.2656164374742555,-0.3066297769546509,0.04101333948039537,0.10271991044282913,1.4982843907722638,1.5234966278076172,-0.025212237035353358,-0.06587991118431091,-0.14549207437339903,0.0481702946126461,-0.19366236898604514,-0.40169358253479004,0.07574500239799613,8.055055233935349e-11,0.07574500231744558,1.2405507732182741e-09
12.045822144,1.561627378666785,1.5389546155929565,0.022672763073828373,0.027614610269665718,-0.2646051604032437,-0.3066297769546509,0.04202461655140716,0.10271991044282913,1.4976364353985023,1.5234966278076172,-0.025860192409114857,-0.06587991118431091,-0.1494683930855605,0.0481702946126461,-0.1976386876982066,-0.40169358253479004,0.07377454394730842,8.055055233935349e-11,0.07377454386675787,1.2405507732182741e-09
12.065686703,1.5621766506233357,1.5389546155929565,0.023222035030379118,0.027614610269665718,-0.26258510836158344,-0.3066297769546509,0.04404466859306744,0.10271991044282913,1.4963421278212898,1.5234966278076172,-0.027154499986327352,-0.06587991118431091,-0.15741119230749614,0.0481702946126461,-0.20558148692014225,-0.40169358253479004,0.06983850235157046,8.055055233935349e-11,0.06983850227101991,1.2405507732182741e-09
12.076166630,1.5624519163288146,1.540054440498352,0.022397475830462588,0.027515169233083725,-0.261572766399245,-0.3027123808860779,0.0411396144868329,0.10029992461204529,1.4956934901399022,1.520989179611206,-0.025295689471303895,-0.06426870077848434,-0.16139169814841803,0.03273160010576248,-0.1941232982541805,-0.39367738366127014,0.06786596897584599,2.7216290332532367e-10,0.06786596870368308,-3.2414391171187162e-09
12.095941305,1.5630016476581594,1.540054440498352,0.02294720715980736,0.027515169233083725,-0.2595510249268033,-0.3027123808860779,0.04316135595927456,0.10029992461204529,1.4943981000940125,1.520989179611206,-0.026591079517193528,-0.06426870077848434,-0.16934114017421198,0.03273160010576248,-0.20207274027997446,-0.39367738366127014,0.06392663554915926,2.7216290332532367e-10,0.06392663527699635,-3.2414391171187162e-09
12.116161585,1.5635515754139038,1.5411769151687622,0.022374660245141564,0.027681011706590652,-0.2575285610589353,-0.29865169525146484,0.041123134192529553,0.10273189842700958,1.4931022471878328,1.5183860063552856,-0.025283759167452846,-0.0658930316567421,-0.1772934226425844,0.016825104132294655,-0.19411852677487906,-0.4016474485397339,0.0599858945456439,2.591389325345972e-10,0.05998589428650497,-2.190063241869211e-09
12.135766506,1.564101338848767,1.5411769151687622,0.022924423680004802,0.027681011706590652,-0.2555067015123461,-0.29865169525146484,0.04314499373911873,0.10273189842700958,1.491806781488316,1.5183860063552856,-0.02657922486696962,-0.0658930316567421,-0.18524332893327222,0.016825104132294655,-0.20206843306556688,-0.4016474485397339,0.05604633105322307,2.591389325345972e-10,0.05604633079408414,-2.190063241869211e-09
12.155962706,1.564650997693307,1.5422966480255127,0.02235434966779426,0.02734120935201645,-0.2534852266165542,-0.29456615447998047,0.041080927863426264,0.09889432042837143,1.4905115622460345,1.5157660245895386,-0.025254462343504036,-0.06333750486373901,-0.19319172278567137,0.0008385004475712776,-0.19403022323324265,-0.3890085518360138,0.052107517047204836,6.893630111193261e-11,0.052107516978268535,-7.003109203651547e-10
12.165849686,1.5649259298917184,1.5422966480255127,0.02262928186620572,0.02734120935201645,-0.2524741111898591,-0.29456615447998047,0.042092043290121395,0.09889432042837143,1.4898637104426067,1.5157660245895386,-0.025902314146931893,-0.06333750486373901,-0.19716740591601323,0.0008385004475712776,-0.1980059063635845,-0.3890085518360138,0.050137373558082905,6.893630111193261e-11,0.050137373489146604,-7.003109203651547e-10
12.185746193,1.565475638763693,1.5434095859527588,0.02206605281093421,0.02759760618209839,-0.2504524523086661,-0.2905343472957611,0.040081894987095024,0.10322000086307526,1.4885683733153927,1.5131819248199463,-0.024613551504553577,-0.0662233829498291,-0.20511652319487372,-0.014975691214203835,-0.1901408319806699,-0.403304785490036,0.04619820105922558,6.719007294986312e-11,0.046198200992035504,1.6152625903487206e-09
12.205756903,1.5660253596202618,1.5434095859527588,0.022615773667503003,0.02759760618209839,-0.24843074935184956,-0.2905343472957611,0.04210359794391155,0.10322000086307526,1.4872730079476126,1.5131819248199463,-0.025908916872333654,-0.0662233829498291,-0.21306581377809525,-0.014975691214203835,-0.1980901225638914,-0.403304785490036,0.04225894267966615,6.719007294986312e-11,0.04225894261247608,1.6152625903487206e-09
12.216097593,1.5663003112524074,1.5434095859527588,0.02289072529964864,0.02759760618209839,-0.24741956245390245,-0.2905343472957611,0.043114784841858655,0.10322000086307526,1.4866251103504224,1.5131819248199463,-0.02655681446952385,-0.0662233829498291,-0.21704177793179324,-0.014975691214203835,-0.2020660867175894,-0.403304785490036,0.04028865992986441,6.719007294986312e-11,0.04028865986267434,1.6152625903487206e-09
12.235889196,1.566850029167803,1.5445371866226196,0.022312842545183287,0.027624264359474182,-0.24539787031381005,-0.2863921523094177,0.04099428199560767,0.10388578474521637,1.4853297519132398,1.5105243921279907,-0.02519464021475093,-0.06666065007448196,-0.2249910259838987,-0.031154874712228775,-0.19383615127166992,-0.4056542217731476,0.03634942262653233,5.860444074468063e-11,0.03634942256792789,-4.16184775531292e-09
12.256555557,1.5673997428501076,1.5445371866226196,0.022862556227488007,0.027624264359474182,-0.24337619374171313,-0.2863921523094177,0.0430159585677046,0.10388578474521637,1.4840344034509363,1.5105243921279907,-0.026489988677054432,-0.06666065007448196,-0.23294021282299582,-0.031154874712228775,-0.20178533811076704,-0.4056542217731476,0.032410215657209716,5.860444074468063e-11,0.032410215598605276,-4.16184775531292e-09
12.277795076,1.5679494138166798,1.5445371866226196,0.02341222719406022,0.027624264359474182,-0.24135467426484325,-0.2863921523094177,0.045037478044574475,0.10388578474521637,1.4827391556442289,1.5105243921279907,-0.027785236483761855,-0.06666065007448196,-0.24088878196719135,-0.031154874712228775,-0.20973390725496258,-0.4056542217731476,0.028471314785618936,5.860444074468063e-11,0.028471314727014495,-4.16184775531292e-09
12.295759439,1.5684993032547077,1.5456478595733643,0.022851443681343397,0.027634194120764732,-0.23933235131766153,-0.28236716985702515,0.04303481853936361,0.10304998606443405,1.4814433930301347,1.5079452991485596,-0.026501906118424845,-0.06610093265771866,-0.24884051033859284,-0.04695556312799454,-0.2018849472105983,-0.4029686748981476,0.024530848363981422,9.524798311177918e-11,0.02453084826873344,1.356056600343436e-09
12.315853119,1.5690490560518693,1.54673171043396,0.022317345617909323,0.026653707027435303,-0.2373105308932428,-0.2785510718822479,0.04124054098900512,0.09540139883756638,1.4801479523973593,1.5055058002471924,-0.02535784784983308,-0.060988470911979675,-0.25679026280178585,-0.062079112976789474,-0.19471114982499638,-0.37808871269226074,0.020591361100532432,1.3442900959059756e-10,0.020591360966103422,-7.125890988390893e-10
12.335928440,1.5695976921652248,1.54673171043396,0.02286598173126486,0.026653707027435303,-0.23529281728581164,-0.2785510718822479,0.043258254596436285,0.09540139883756638,1.478855143124685,1.5055058002471924,-0.02665065712250736,-0.060988470911979675,-0.2647238673528951,-0.062079112976789474,-0.20264475437610563,-0.37808871269226074,0.016659875909384406,1.3442900959059756e-10,0.016659875774955396,-7.125890988390893e-10
12.345703363,1.5698735691399834,1.547830581665039,0.022042987474944375,0.027333609759807587,-0.23427822726449055,-0.27458518743515015,0.0403069601706596,0.10046564042568207,1.4782050650448744,1.502966284751892,-0.024761219707017723,-0.06436815112829208,-0.2687132125112057,-0.07769433408975601,-0.1910188784214497,-0.3947221338748932,0.014682962223904153,1.6023138371679124e-10,0.01468296206367277,1.5684236132074147e-09
12.365907192,1.5704233614643157,1.547830581665039,0.022592779799276652,0.027333609759807587,-0.2322562614713868,-0.27458518743515015,0.042328925963763336,0.10046564042568207,1.4769095312700478,1.502966284751892,-0.02605675348184433,-0.06436815112829208,-0.27666353656080067,-0.07769433408975601,-0.19896920247104466,-0.3947221338748932,0.010743191711717448,1.6023138371679124e-10,0.010743191551486064,1.5684236132074147e-09
12.385801792,1.5709729999955182,1.5489181280136108,0.022054871981907365,0.027002708986401558,-0.23023486128175497,-0.27062904834747314,0.04039418706571818,0.10011579096317291,1.4756143598942308,1.5004327297210693,-0.024818369826838493,-0.06415028125047684,-0.2846116366702575,-0.09326741844415665,-0.19134421822610087,-0.3933020234107971,0.006804523269549806,-2.4228369310819176e-10,0.006804523511833499,-2.622073225211352e-09
12.395931244,1.5712478719685952,1.5489181280136108,0.022329743954984327,0.027002708986401558,-0.22922396734517722,-0.27062904834747314,0.041405081002295924,0.10011579096317291,1.4749666500061254,1.5004327297210693,-0.025466079714943968,-0.06415028125047684,-0.28858644890643625,-0.09326741844415665,-0.1953190304622796,-0.3933020234107971,0.00483481135065339,-2.4228369310819176e-10,0.004834811592937083,-2.622073225211352e-09
12.405849218,1.571522991632448,1.5489181280136108,0.02260486361883718,0.027002708986401558,-0.22821216247868256,-0.27062904834747314,0.04241688586879058,0.10011579096317291,1.4743183564580602,1.5004327297210693,-0.02611437326300914,-0.06415028125047684,-0.2925648428985729,-0.09326741844415665,-0.19929742445441623,-0.3933020234107971,0.0028633244982553124,-2.4228369310819176e-10,0.0028633247405390055,-2.622073225211352e-09
12.425774097,1.5720718969593717,1.5500056743621826,0.022066222597189045,0.027002109214663506,-0.22619345878717567,-0.26670601963996887,0.0405125608527932,0.09928888082504272,1.4730249128089963,1.497921109199524,-0.024896196390527647,-0.06360234320163727,-0.30050234043801316,-0.10873006284236908,-0.19177227759564408,-0.39054179191589355,-0.0010700898571047862,-4.444461465524796e-10,-0.0010700894126586397,2.5011104298755527e-10
12.435740709,1.5723476386951312,1.5500056743621826,0.02234196433294855,0.027002109214663506,-0.22517936613298267,-0.26670601963996887,0.0415266535069862,0.09928888082504272,1.4723751534071352,1.497921109199524,-0.02554595579238872,-0.06360234320163727,-0.3044897299599558,-0.10873006284236908,-0.19575966711758674,-0.39054179191589355,-0.0030460344300749925,-4.444461465524796e-10,-0.003046033985628846,2.5011104298755527e-10
12.455733538,1.5728963179090458,1.5500056743621826,0.02289064354686321,0.027002109214663506,-0.22316149401505214,-0.26670601963996887,0.04354452562491673,0.09928888082504272,1.4710822425720576,1.497921109199524,-0.026838866627466373,-0.06360234320163727,-0.3124239577707856,-0.10873006284236908,-0.2036938949284165,-0.39054179191589355,-0.006977828476592077,-4.444461465524796e-10,-0.00697782803214593,2.5011104298755527e-10
12.466206789,1.5731720482649385,1.551093578338623,0.022078469926315458,0.027016714215278625,-0.2221474432124833,-0.2627717852592468,0.04062434204676352,0.0995677262544632,1.47043250998578,1.4954019784927368,-0.024969468506956805,-0.0637885257601738,-0.31641118273308255,-0.12423007190227509,-0.19218111083080747,-0.3914751708507538,-0.008953691502290098,-3.621732913572373e-10,-0.008953691140116807,4.234607331454754e-09
12.476101875,1.573447101408796,1.551093578338623,0.02235352307017302,0.027016714215278625,-0.22113588298591752,-0.2627717852592468,0.041635902273329306,0.0995677262544632,1.4697843731858118,1.4954019784927368,-0.02561760530692503,-0.0637885257601738,-0.3203886148065178,-0.12423007190227509,-0.19615854290424273,-0.3914751708507538,-0.010924701677396634,-3.621732913572373e-10,-0.010924701315223342,4.234607331454754e-09
12.495951891,1.5739968737496421,1.551093578338623,0.022903295411019098,0.027016714215278625,-0.21911399068588333,-0.2627717852592468,0.043657794573363495,0.0995677262544632,1.4684888865001864,1.4954019784927368,-0.02691309199255043,-0.0637885257601738,-0.32833864988301525,-0.12423007190227509,-0.20410857798074017,-0.3914751708507538,-0.014864328989421777,-3.621732913572373e-10,-0.014864328627248485,4.234607331454754e-09
12.521103382,1.5744601961233344,1.5521879196166992,0.022272276506635214,0.02735043130815029,-0.21741003457495928,-0.2587709426879883,0.041360908113029005,0.10244929045438766,1.4673971110111776,1.4928382635116577,-0.02544115250048007,-0.06571601331233978,-0.3350385670103663,-0.13994579017162323,-0.19509277683874304,-0.40085238218307495,-0.018184462328361215,-2.553440237029747e-10,-0.01818446207301719,-9.740688255988061e-10
12.536222458,1.5748747608819185,1.5521879196166992,0.02268684126521925,0.02735043130815029,-0.2158853938628483,-0.2587709426879883,0.04288554882513998,0.10244929045438766,1.4664202282450338,1.4928382635116577,-0.026418035266623896,-0.06571601331233978,-0.34103342002015985,-0.13994579017162323,-0.20108762984853662,-0.40085238218307495,-0.02115520225865145,-2.553440237029747e-10,-0.021155202003307425,-9.740688255988061e-10
12.556138039,1.5753057345285835,1.5532963275909424,0.022009406937641085,0.027700981125235558,-0.21430040634534445,-0.2546646296977997,0.040364223352455236,0.1050838902592659,1.4654046794812474,1.4902039766311646,-0.024799297149917132,-0.0674784705042839,-0.34726555531230824,-0.15600457787513733,-0.1912609774371709,-0.40941959619522095,-0.024243527048785667,-1.758541784413481e-10,-0.02424352687293149,-5.82986103836447e-10
12.575846195,1.5757419300060882,1.5532963275909424,0.022445602415145816,0.027700981125235558,-0.2126962145522122,-0.2546646296977997,0.041968415145587495,0.1050838902592659,1.4643768259654306,1.4902039766311646,-0.025827150665733933,-0.0674784705042839,-0.35357320138456194,-0.15600457787513733,-0.1975686235094246,-0.40941959619522095,-0.02736927108660782,-1.758541784413481e-10,-0.02736927091075364,-5.82986103836447e-10
12.595672846,1.5761780676985977,1.5543901920318604,0.021787875666737344,0.02713065594434738,-0.2110922352743846,-0.25088128447532654,0.03978904920094195,0.09650874882936478,1.4633491086145065,1.4877808094024658,-0.02443170078795931,-0.06186537817120552,-0.3598800118514146,-0.17089734971523285,-0.18898266213618176,-0.3786313533782959,-0.030494601041494714,-2.6720381463007925e-10,-0.0304946007742909,1.2350938050076365e-09
12.607792854,1.5763963867828936,1.5543901920318604,0.02200619475103327,0.02713065594434738,-0.2102893253375028,-0.25088128447532654,0.040591959137823735,0.09650874882936478,1.4628346602766948,1.4877808094024658,-0.024946149125770978,-0.06186537817120552,-0.363037035675765,-0.17089734971523285,-0.19213968596053216,-0.3786313533782959,-0.03205905920594904,-2.6720381463007925e-10,-0.03205905893874523,1.2350938050076365e-09
12.625988960,1.576832558090608,1.5554977655410767,0.0213347925495313,0.027000222355127335,-0.20868522243336926,-0.24699750542640686,0.0383122829930376,0.09382719546556473,1.4618068637147101,1.4852908849716187,-0.023484021256908516,-0.06006581708788872,-0.36934433223847385,-0.18612295389175415,-0.1832213783467197,-0.3700309991836548,-0.03518463004486887,-2.7913638067644797e-10,-0.035184629765732486,3.3887772588059306e-09
12.645666838,1.5772688511198294,1.5554977655410767,0.021771085578752736,0.027000222355127335,-0.20708067187525311,-0.24699750542640686,0.039916833551153746,0.09382719546556473,1.4607787803274708,1.4852908849716187,-0.02451210464414788,-0.06006581708788872,-0.37565338896658007,-0.18612295389175415,-0.18953043507482592,-0.3700309991836548,-0.038311073130968286,-2.7913638067644797e-10,-0.038311072851831905,3.3887772588059306e-09
12.666006804,1.5777051400916673,1.5565729141235352,0.021132225968132134,0.02664581686258316,-0.20547613623893637,-0.2432694286108017,0.03779329237186532,0.09416458010673523,1.459750706501073,1.4829057455062866,-0.02315503900521354,-0.060271766036748886,-0.3819623870225064,-0.2008623331785202,-0.1811000538439862,-0.37164145708084106,-0.041437487142161715,-3.665933945296018e-10,-0.04143748677556832,2.964952727779746e-10
12.685746193,1.5781413162420652,1.5565729141235352,0.02156840211853006,0.02664581686258316,-0.20387201552491319,-0.2432694286108017,0.03939741308588851,0.09416458010673523,1.458722898527761,1.4829057455062866,-0.024182846978525685,-0.060271766036748886,-0.3882697536133009,-0.2008623331785202,-0.1874074204347807,-0.37164145708084106,-0.044563092683388685,-3.665933945296018e-10,-0.04456309231679529,2.964952727779746e-10
12.706080675,1.5785776810389853,1.5576372146606445,0.020940466378340794,0.02635805308818817,-0.20226720102744172,-0.23958474397659302,0.037317542949151294,0.09308057278394699,1.4576946460267064,1.480549693107605,-0.022855047080898583,-0.05954665318131447,-0.39457984814501956,-0.2154616117477417,-0.17911823639727786,-0.3681430220603943,-0.04769005005142733,-2.526882869613445e-10,-0.047690049798739045,7.639755494892597e-11
12.715810537,1.5787959712853181,1.5576372146606445,0.02115875662467359,0.02635805308818817,-0.20146439714765044,-0.23958474397659302,0.03812034682894258,0.09308057278394699,1.457180265642835,1.480549693107605,-0.02336942746477,-0.05954665318131447,-0.397736454955274,-0.2154616117477417,-0.1822748432075323,-0.3681430220603943,-0.04925430156520578,-2.526882869613445e-10,-0.04925430131251749,7.639755494892597e-11
12.735764742,1.5792315092485458,1.5576372146606445,0.021594294587901297,0.02635805308818817,-0.19986262348827147,-0.23958474397659302,0.03972212048832155,0.09308057278394699,1.4561539614974182,1.480549693107605,-0.02439573161018682,-0.05954665318131447,-0.40403459297996364,-0.2154616117477417,-0.18857298123222194,-0.3681430220603943,-0.05237533390509113,-2.526882869613445e-10,-0.05237533365240284,7.639755494892597e-11
12.756627560,1.579668516660856,1.5586971044540405,0.02097141220681542,0.02613648772239685,-0.198255445650536,-0.23591403663158417,0.03765859098104818,0.09176649898290634,1.455124194733786,1.47820246219635,-0.02307826746256403,-0.05868222936987877,-0.41035398011247814,-0.23000460863113403,-0.1803493714813441,-0.36357492208480835,-0.055506896206761254,-7.082573416639093e-11,-0.05550689613593552,1.3224052963778377e-09
12.766351700,1.5798867858785988,1.5586971044540405,0.021189681424558238,0.02613648772239685,-0.19745271910738257,-0.23591403663158417,0.038461317524201594,0.09176649898290634,1.4546098639018046,1.47820246219635,-0.02359259829454552,-0.05868222936987877,-0.4135102828368109,-0.23000460863113403,-0.18350567420567687,-0.36357492208480835,-0.057070997031242014,-7.082573416639093e-11,-0.05707099696041628,1.3224052963778377e-09
12.786787748,1.5803228649353718,1.5597370862960815,0.02058577863929023,0.025858484208583832,-0.195848955473624,-0.23235730826854706,0.036508352794923066,0.0908430963754654,1.4535822847204656,1.4759308099746704,-0.022348525254204832,-0.05807863920927048,-0.41981624539603135,-0.2441648691892624,-0.17565137620676896,-0.36031675338745117,-0.06019590680684239,-1.9262526296248694e-10,-0.06019590661421713,2.7175701688975096e-09
12.805805683,1.580759138353906,1.5597370862960815,0.02102205205782437,0.025858484208583832,-0.19424447703753836,-0.23235730826854706,0.0381128312310087,0.0908430963754654,1.4525542475439617,1.4759308099746704,-0.023376562430708736,-0.05807863920927048,-0.42612501854193463,-0.2441648691892624,-0.18196014935267224,-0.36031675338745117,-0.06332220936422954,-1.9262526296248694e-10,-0.06332220917160428,2.7175701688975096e-09
12.815881968,1.5809774090768072,1.5597370862960815,0.02124032278072563,0.025858484208583832,-0.1934417449588787,-0.23235730826854706,0.03891556330966836,0.0908430963754654,1.4520399131652162,1.4759308099746704,-0.02389089680945422,-0.05807863920927048,-0.42928134303175347,-0.2441648691892624,-0.18511647384249108,-0.36031675338745117,-0.06488632097456251,-1.9262526296248694e-10,-0.06488632078193725,2.7175701688975096e-09
12.835958004,1.581413601914831,1.5607777833938599,0.020635818520971183,0.025907529518008232,-0.19183756287293854,-0.22875727713108063,0.03691971425814208,0.09192688763141632,1.451012065869087,1.4736298322677612,-0.02261776639867419,-0.058811139315366745,-0.43558895093554606,-0.25846031308174133,-0.17712863785380473,-0.36370059847831726,-0.0680120460980641,-1.5297130229185996e-10,-0.0680120459450928,1.2896634871140122e-09
12.855742455,1.581850184981536,1.5607777833938599,0.021072401587676204,0.025907529518008232,-0.1902319456468381,-0.22875727713108063,0.03852533148424253,0.09192688763141632,1.4499832990358639,1.4736298322677612,-0.02364653323189736,-0.058811139315366745,-0.4419022017781905,-0.25846031308174133,-0.18344188869644917,-0.36370059847831726,-0.07114056757099146,-1.5297130229185996e-10,-0.07114056741802016,1.2896634871140122e-09
12.875973701,1.5822860813687927,1.5618008375167847,0.020485243852008006,0.025424091145396233,-0.1886288538149523,-0.22526034712791443,0.036631493312962116,0.08934765309095383,1.4489561502980166,1.4713971614837646,-0.02244101118574804,-0.0571054071187973,-0.44820552282754755,-0.2724057734012604,-0.17579974942628718,-0.3549453616142273,-0.07426416835055565,-1.249952502613283e-10,-0.0742641682255604,4.165485734120011e-09
12.895570040,1.5827222619692243,1.5618008375167847,0.020921424452439608,0.025424091145396233,-0.18702471673508458,-0.22526034712791443,0.038235630392829845,0.08934765309095383,1.44792833183862,1.4713971614837646,-0.02346882964514463,-0.0571054071187973,-0.4545129537684749,-0.2724057734012604,-0.18210718036721452,-0.3549453616142273,-0.07738980578038919,-1.249952502613283e-10,-0.07738980565539394,4.165485734120011e-09
12.905662060,1.5829405316014311,1.5628105401992798,0.020129991402151326,0.02497771382331848,-0.18622198866766132,-0.22184813022613525,0.035626141558473934,0.08626741915941238,1.4474140000299935,1.4692203998565674,-0.02180639982657384,-0.05506186932325363,-0.4576692624862023,-0.2860637903213501,-0.17160547216485222,-0.34460559487342834,-0.07895390957488722,-1.5468115677208516e-10,-0.07895390942020607,1.5043042367324233e-09
12.925815344,1.583376018280203,1.5628105401992798,0.02056547808092324,0.02497771382331848,-0.18462040361661802,-0.22184813022613525,0.03722772660951723,0.08626741915941238,1.4463878167315614,1.4692203998565674,-0.022832583125006023,-0.05506186932325363,-0.4639666589071556,-0.2860637903213501,-0.1779028685858055,-0.34460559487342834,-0.08207457441421356,-1.5468115677208516e-10,-0.0820745742595324,1.5043042367324233e-09
12.945891380,1.5838130894108862,1.5628105401992798,0.02100254921160638,0.02497771382331848,-0.18301299144245187,-0.22184813022613525,0.03883513878368339,0.08626741915941238,1.4453578998215906,1.4692203998565674,-0.023862500034976808,-0.05506186932325363,-0.4702869674452482,-0.2860637903213501,-0.18422317712389813,-0.34460559487342834,-0.08520659331696105,-1.5468115677208516e-10,-0.0852065931622799,1.5043042367324233e-09
12.965948343,1.58424933905228,1.5628105401992798,0.021438798853000263,0.02497771382331848,-0.18140860045131985,-0.22184813022613525,0.04043952977481541,0.08626741915941238,1.4443299186736758,1.4692203998565674,-0.02489048118289161,-0.05506186932325363,-0.4765953967595596,-0.2860637903213501,-0.1905316064382095,-0.34460559487342834,-0.08833272548914645,-1.5468115677208516e-10,-0.08833272533446529,1.5043042367324233e-09
12.985923529,1.58468548027864,1.56485116481781,0.019834315460830032,0.024896899238228798,-0.1798046081770863,-0.21472135186195374,0.03491674368486744,0.08813855051994324,1.443302192995567,1.4646632671356201,-0.02136107414005317,-0.056348804384469986,-0.48290225832798833,-0.314333438873291,-0.16856881945469732,-0.34997305274009705,-0.09145808076733855,-1.1415407508152953e-10,-0.09145808065318448,-1.1550582712516189e-09
13.005800962,1.5850389702019614,1.56485116481781,0.020187805384151325,0.024896899238228798,-0.17850458178251827,-0.21472135186195374,0.03621677007943547,0.08813855051994324,1.4424692273202457,1.4646632671356201,-0.022194039815374378,-0.056348804384469986,-0.48801393288998823,-0.314333438873291,-0.17368049401669722,-0.34997305274009705,-0.09399116301425504,-1.1415407508152953e-10,-0.09399116290010097,-1.1550582712516189e-09
13.025788546,1.5853092334923606,1.5658799409866333,0.019429292505727336,0.025923509150743484,-0.17751063715263937,-0.2110416144132614,0.03353097726062204,0.09584688395261765,1.4418323773583384,1.4623063802719116,-0.020474002913573264,-0.06149362772703171,-0.49192210083320653,-0.328837513923645,-0.1630845869095615,-0.3752304017543793,-0.09592784945914898,-1.9775482640316255e-10,-0.09592784926139415,-5.638867150992155e-10
13.035993338,1.5854444681457631,1.5658799409866333,0.01956452715912982,0.025923509150743484,-0.17701328600545083,-0.2110416144132614,0.03402832840781059,0.09584688395261765,1.4415137096482669,1.4623063802719116,-0.02079267062364476,-0.06149362772703171,-0.49387767436470387,-0.328837513923645,-0.16504016044105885,-0.3752304017543793,-0.09689693083064334,-1.9775482640316255e-10,-0.09689693063288851,-5.638867150992155e-10
13.056347370,1.5857148252200526,1.5658799409866333,0.01983488423341928,0.025923509150743484,-0.17601899646748606,-0.2110416144132614,0.03502261794577535,0.09584688395261765,1.4408766386934646,1.4623063802719116,-0.021429741578447015,-0.06149362772703171,-0.49778719847876307,-0.328837513923645,-0.16894968455511805,-0.3752304017543793,-0.09883428932385319,-1.9775482640316255e-10,-0.09883428912609836,-5.638867150992155e-10
13.075871706,1.585984577341621,1.5668736696243286,0.019110907717292402,0.024456188082695007,-0.1750269317581599,-0.20777399837970734,0.032747066621547444,0.07923433184623718,1.4402409932527112,1.4602208137512207,-0.01997982049850955,-0.050584133714437485,-0.5016879746166241,-0.3418974280357361,-0.15979054658088798,-0.31645479798316956,-0.1007673127712898,-1.1364476026898274e-10,-0.10076731265764503,-2.673914423212409e-10
13.085577488,1.5861202046871887,1.5668736696243286,0.019246535062860115,0.024456188082695007,-0.17452813641087989,-0.20777399837970734,0.03324586196882745,0.07923433184623718,1.4399214002005776,1.4602208137512207,-0.02029941355064313,-0.050584133714437485,-0.5036492267104189,-0.3418974280357361,-0.1617517986746828,-0.31645479798316956,-0.10173920814535212,-1.1364476026898274e-10,-0.10173920803170736,-2.673914423212409e-10
13.095947504,1.5862554269604148,1.5668736696243286,0.01938175733608616,0.024456188082695007,-0.1740308307941434,-0.20777399837970734,0.03374316758556395,0.07923433184623718,1.439602761663224,1.4602208137512207,-0.020618052087996608,-0.050584133714437485,-0.5056046212172023,-0.3418974280357361,-0.1637071931814662,-0.31645479798316956,-0.10270820080143252,-1.1364476026898274e-10,-0.10270820068778776,-2.673914423212409e-10
13.115898371,1.5865258097546557,1.5678406953811646,0.018685114373491185,0.02383965067565441,-0.17303644666616746,-0.20485249161720276,0.031816044951035294,0.07363276928663254,1.4389656301017812,1.4583629369735718,-0.01939730687179053,-0.04684775695204735,-0.5095145172570592,-0.35374048352241516,-0.15577403373464405,-0.29802998900413513,-0.10464574360188336,-8.959771813366046e-11,-0.10464574351228564,2.659362507984042e-09
13.135884762,1.5867960669901215,1.5678406953811646,0.018955371608956995,0.02383965067565441,-0.17204252430445724,-0.20485249161720276,0.03280996731274552,0.07363276928663254,1.4383287944077539,1.4583629369735718,-0.020034142565817925,-0.04684775695204735,-0.5134225976423388,-0.35374048352241516,-0.1596821141199236,-0.29802998900413513,-0.10658238665757921,-8.959771813366046e-11,-0.1065823865679815,2.659362507984042e-09
13.156062841,1.5870663831260332,1.5688046216964722,0.01826176142956104,0.02336306683719158,-0.1710483853251597,-0.20185436308383942,0.030805977758679715,0.07388507574796677,1.437691819920379,1.4564541578292847,-0.01876233790890569,-0.04700044170022011,-0.5173315297631025,-0.3658435344696045,-0.151487995293498,-0.2993009686470032,-0.10851945178944752,-1.1917448972109668e-10,-0.10851945167027303,1.3969838619232178e-09
13.175852776,1.5873366860302935,1.5688046216964722,0.018532064333821374,0.02336306683719158,-0.17005429500777547,-0.20185436308383942,0.03180006807606395,0.07388507574796677,1.437054876612143,1.4564541578292847,-0.01939928121714174,-0.04700044170022011,-0.5212402705463172,-0.3658435344696045,-0.15539673607671267,-0.2993009686470032,-0.11045642210429593,-1.1917448972109668e-10,-0.11045642198512144,1.3969838619232178e-09
13.195900440,1.5876063804407778,1.5697307586669922,0.017875621773785655,0.02296658232808113,-0.16906244254193203,-0.19894367456436157,0.029881232022429538,0.07395915687084198,1.4364193671621177,1.4546027183532715,-0.018183351191153774,-0.047084707766771317,-0.5251402121475748,-0.37764108180999756,-0.14749913033757722,-0.29884666204452515,-0.11238903199843825,-1.8171135429678742e-10,-0.1123890318167269,9.913492249324918e-10
13.205683470,1.5877420579422783,1.5697307586669922,0.018011299275286108,0.02296658232808113,-0.16856346273667439,-0.19894367456436157,0.030380211827687187,0.07395915687084198,1.4360996559222576,1.4546027183532715,-0.01850306243101385,-0.047084707766771317,-0.5271021895259915,-0.37764108180999756,-0.14946110771599397,-0.29884666204452515,-0.11336128678614812,-1.8171135429678742e-10,-0.11336128660443677,9.913492249324918e-10
13.226023674,1.5880124143407939,1.5706251859664917,0.017387228374302177,0.021973829716444016,-0.1675691756839963,-0.19622738659381866,0.028658210909822374,0.06790605187416077,1.4354625865598527,1.4528796672821045,-0.017417080722251788,-0.04307839274406433,-0.5310117038679594,-0.3887729048728943,-0.14223879899506509,-0.27829495072364807,-0.11529864043681355,-1.4474949017184713e-10,-0.11529864029206406,-4.001776687800884e-11
13.235822201,1.5881475977029638,1.5706251859664917,0.017522411736472066,0.021973829716444016,-0.167072013170067,-0.19622738659381866,0.029155373423751657,0.06790605187416077,1.4351440397127349,1.4528796672821045,-0.01773562756936964,-0.04307839274406433,-0.5329665356977213,-0.3887729048728943,-0.14419363082482706,-0.27829495072364807,-0.1162673542591857,-1.4474949017184713e-10,-0.11626735411443621,-4.001776687800884e-11
13.257144690,1.5884179313819637,1.5706251859664917,0.017792745415472044,0.021973829716444016,-0.1660778096727272,-0.19622738659381866,0.030149576921091464,0.06790605187416077,1.4345070238867266,1.4528796672821045,-0.01837264339537792,-0.04307839274406433,-0.5368757215019772,-0.3887729048728943,-0.14810281662908287,-0.27829495072364807,-0.11820454510350742,-1.4474949017184713e-10,-0.11820454495875793,-4.001776687800884e-11
13.279649973,1.5886944204684161,1.5715245008468628,0.017169919621553342,0.021749170497059822,-0.16506096849428384,-0.19343650341033936,0.028375534916055517,0.06686513870954514,1.4338555034234224,1.4511061906814575,-0.017250687258035136,-0.04241011664271355,-0.540873918159492,-0.4001378118991852,-0.14073610626030686,-0.27431735396385193,-0.12018584513542285,8.895426062416334e-11,-0.12018584522437711,1.5679688658565283e-09
13.296020031,1.5889584839530229,1.5715245008468628,0.017433983106160067,0.021749170497059822,-0.16408982482884357,-0.19343650341033936,0.029346678581495783,0.06686513870954514,1.4332332627193127,1.4511061906814575,-0.01787292796214479,-0.04241011664271355,-0.5446924332230481,-0.4001378118991852,-0.14455462132386288,-0.27431735396385193,-0.12207810423755405,8.895426062416334e-11,-0.12207810432650831,1.5679688658565283e-09
13.315779209,1.5892287845461368,1.572403073310852,0.016825711235284757,0.02130221761763096,-0.16309574301113977,-0.1907246857881546,0.02762894277701483,0.06633353233337402,1.4325963248570754,1.4493842124938965,-0.01678788763682104,-0.04209216311573982,-0.5486011405857102,-0.4112171530723572,-0.137383987513353,-0.2718166708946228,-0.1240150579909005,-3.5173579326919224e-11,-0.12401505795572693,-1.8189894035458565e-12
13.325613737,1.5893639778286663,1.572403073310852,0.01696090451781429,0.02130221761763096,-0.16259854401320195,-0.1907246857881546,0.02812614177495265,0.06633353233337402,1.4322777546335654,1.4493842124938965,-0.017106457860331048,-0.04209216311573982,-0.5505561158697736,-0.4112171530723572,-0.13933896279741642,-0.2718166708946228,-0.12498384290182488,-3.5173579326919224e-11,-0.12498384286665129,-1.8189894035458565e-12
13.346086025,1.589634206438353,1.5732496976852417,0.01638450875311137,0.020973190665245056,-0.16160472692823563,-0.18814004957675934,0.026535322648523707,0.06580821424722672,1.431640986393487,1.4477452039718628,-0.01610421757837588,-0.04177333787083626,-0.5544637823092625,-0.42183783650398254,-0.13262594580527998,-0.2694266438484192,-0.1269202808273387,-9.800146805183374e-11,-0.12692028072933723,-2.7284841053187847e-10
13.356766939,1.5897694990326028,1.5732496976852417,0.016519801347361085,0.020973190665245056,-0.1611071626925669,-0.18814004957675934,0.027032886884192447,0.06580821424722672,1.431322182151272,1.4477452039718628,-0.016423021820590744,-0.04177333787083626,-0.5564201936998743,-0.42183783650398254,-0.13458235719589173,-0.2694266438484192,-0.12788977739859242,-9.800146805183374e-11,-0.12788977730059095,-2.7284841053187847e-10
13.375892639,1.5900396533612315,1.5732496976852417,0.016789955675989843,0.020973190665245056,-0.16011361879031275,-0.18814004957675934,0.028026430786446593,0.06580821424722672,1.4306855889475032,1.4477452039718628,-0.017059615024359598,-0.04177333787083626,-0.5603267859910794,-0.42183783650398254,-0.1384889494870969,-0.2694266438484192,-0.12982568303162256,-9.800146805183374e-11,-0.1298256829336211,-2.7284841053187847e-10
13.386163950,1.5901748499280217,1.5740978717803955,0.01607697814762621,0.02076040208339691,-0.15961640771388166,-0.18551644682884216,0.0259000391149605,0.06537021696567535,1.4303670109849425,1.4460796117782593,-0.015712600793316822,-0.04151233285665512,-0.5622818087675069,-0.43257254362106323,-0.12970926514644365,-0.26730960607528687,-0.13079449147731287,-2.0095625163918385e-10,-0.13079449127635662,-2.444721758365631e-09
13.405580997,1.5904450917017825,1.5740978717803955,0.01634721992138699,0.02076040208339691,-0.15862254221553074,-0.18551644682884216,0.026893904613311426,0.06537021696567535,1.4297302117249648,1.4460796117782593,-0.01634940005329444,-0.04151233285665512,-0.5661896655673357,-0.43257254362106323,-0.1336171219462725,-0.26730960607528687,-0.13273102373559217,-2.0095625163918385e-10,-0.13273102353463592,-2.444721758365631e-09
13.415895939,1.5905804270589994,1.5740978717803955,0.016482555278603872,0.02076040208339691,-0.1581248207109207,-0.18551644682884216,0.027391626117921453,0.06537021696567535,1.4294113067158498,1.4460796117782593,-0.01666830506240946,-0.04151233285665512,-0.5681466953358897,-0.43257254362106323,-0.13557415171482645,-0.26730960607528687,-0.1337008267430574,-2.0095625163918385e-10,-0.13370082654210114,-2.444721758365631e-09
13.435837030,1.5908506470187813,1.574931263923645,0.015919383095136297,0.02025020495057106,-0.1571310354376239,-0.18295198678970337,0.025820951352079458,0.06285075843334198,1.4287745588584564,1.4444520473480225,-0.01567748848956607,-0.03986707702279091,-0.5720542366926091,-0.443084180355072,-0.1289700563375371,-0.25827229022979736,-0.13563720268400253,-2.064496074094535e-10,-0.13563720247755293,1.1568772606551647e-09
13.455779076,1.5911209546669738,1.574931263923645,0.016189690743328766,0.02025020495057106,-0.15613692767352713,-0.18295198678970337,0.026815059116176237,0.06285075843334198,1.4281376043715917,1.4444520473480225,-0.01631444297643081,-0.03986707702279091,-0.5759630460759052,-0.443084180355072,-0.13287886572083318,-0.25827229022979736,-0.1375742069935128,-2.064496074094535e-10,-0.1375742067870632,1.1568772606551647e-09
13.476094007,1.5913914363674706,1.57575261592865,0.0156388204388207,0.020040450617671013,-0.1551421797989923,-0.1804189234972,0.025276743698207704,0.06260775029659271,1.4275002397468821,1.442844033241272,-0.015343793494389857,-0.039737164974212646,-0.5798743723590556,-0.4534633159637451,-0.12641105639531047,-0.2567747235298157,-0.13951245854876637,-6.515050998689986e-11,-0.13951245848361588,-6.330083124339581e-10
13.495870829,1.5916615655573134,1.57575261592865,0.015908949628663516,0.020040450617671013,-0.15414872834940277,-0.1804189234972,0.026270195147797243,0.06260775029659271,1.426863705780292,1.442844033241272,-0.015980327460979993,-0.039737164974212646,-0.5837806011284616,-0.4534633159637451,-0.13031728516471652,-0.2567747235298157,-0.14144818403914372,-6.515050998689986e-11,-0.14144818397399322,-6.330083124339581e-10
13.518784285,1.5917659706564342,1.576551079750061,0.01521489090637318,0.019215553998947144,-0.15376475874905557,-0.17800374329090118,0.024238984541845615,0.058149151504039764,1.4266176850081043,1.44131338596344,-0.014695700955335678,-0.03679293394088745,-0.585290360966321,-0.4634281098842621,-0.12186225108205895,-0.24146506190299988,-0.1421963431396505,-1.0163943298113765e-10,-0.14219634303801104,4.405592335388064e-09
13.526054144,1.5918183599183713,1.576551079750061,0.015267280168310249,0.019215553998947144,-0.15357208727862098,-0.17800374329090118,0.0244316560122802,0.058149151504039764,1.426494234651899,1.44131338596344,-0.01481915131154099,-0.03679293394088745,-0.5860479408572823,-0.4634281098842621,-0.1226198309730202,-0.24146506190299988,-0.14257176065677507,-1.0163943298113765e-10,-0.14257176055513565,4.405592335388064e-09
13.546700001,1.5919225224323705,1.576551079750061,0.0153714426823095,0.019215553998947144,-0.15318900983117628,-0.17800374329090118,0.024814733459724903,0.058149151504039764,1.4262487855086783,1.44131338596344,-0.015064600454761656,-0.03679293394088745,-0.5875541927699826,-0.4634281098842621,-0.12412608288572047,-0.24146506190299988,-0.14331818141051575,-1.0163943298113765e-10,-0.1433181813088763,4.405592335388064e-09
13.565929174,1.5920269089044299,1.576551079750061,0.015475829154368848,0.019215553998947144,-0.15280510873538877,-0.17800374329090118,0.02519863455551241,0.058149151504039764,1.4260028086294045,1.44131338596344,-0.015310577334035402,-0.03679293394088745,-0.5890636832494531,-0.4634281098842621,-0.12563557336519104,-0.24146506190299988,-0.14406620703089884,-1.0163943298113765e-10,-0.14406620692925942,4.405592335388064e-09
13.585916519,1.5921309936163754,1.576551079750061,0.01557991386631441,0.019215553998947144,-0.15242231741978662,-0.17800374329090118,0.02558142587111456,0.058149151504039764,1.4257575428193874,1.44131338596344,-0.015555843144052561,-0.03679293394088745,-0.5905688100981802,-0.4634281098842621,-0.1271407002139181,-0.24146506190299988,-0.14481207026096643,-1.0163943298113765e-10,-0.144812070159327,4.405592335388064e-09
13.595878124,1.5921833301129422,1.5781115293502808,0.014071800762661457,0.01916610635817051,-0.1522298400040329,-0.1733292043209076,0.021099364316874702,0.059276141226291656,1.4256342167998024,1.438354253768921,-0.012720036969118498,-0.037576377391815186,-0.5913256269704982,-0.48280516266822815,-0.10852046430227003,-0.24446018040180206,-0.14518710966540882,1.781211289575424e-10,-0.14518710984352995,4.5292836148291826e-10
13.606090784,1.592235519931796,1.5781115293502808,0.014123990581515145,0.01916610635817051,-0.15203790202345335,-0.1733292043209076,0.02129130229745424,0.059276141226291656,1.4255112364124185,1.438354253768921,-0.012843017356502395,-0.037576377391815186,-0.5920803227958364,-0.48280516266822815,-0.1092751601276083,-0.24446018040180206,-0.14556109798837405,1.781211289575424e-10,-0.14556109816649518,4.5292836148291826e-10
13.625875473,1.5923398562991866,1.578891396522522,0.013448459776664645,0.01917225494980812,-0.15165418519710966,-0.17095811665058136,0.0193039314534717,0.059276122599840164,1.425265377600072,1.4368512630462646,-0.011585885446192545,-0.03757637366652489,-0.5935890887319959,-0.49258357286453247,-0.10100551586746342,-0.24446021020412445,-0.1463087645624649,2.292347284216234e-10,-0.14630876479169963,5.347828846424818e-10
13.635984659,1.5923921664287193,1.578891396522522,0.013500769906197307,0.01917225494980812,-0.15146180475113613,-0.17095811665058136,0.01949631189944523,0.059276122599840164,1.425142113711917,1.4368512630462646,-0.011709149334347746,-0.03757637366652489,-0.5943455243213178,-0.49258357286453247,-0.10176195145678535,-0.24446021020412445,-0.1466836150227214,2.292347284216234e-10,-0.1466836152519561,5.347828846424818e-10
13.655607462,1.5924963436287494,1.578891396522522,0.013604947106227394,0.01917225494980812,-0.1510786732930204,-0.17095811665058136,0.01987944335756095,0.059276122599840164,1.4248966299624486,1.4368512630462646,-0.011954633083816057,-0.03757637366652489,-0.5958519886027625,-0.49258357286453247,-0.10326841573822998,-0.24446021020412445,-0.14743014101545757,2.292347284216234e-10,-0.14743014124469228,5.347828846424818e-10
13.675826550,1.5926006945673958,1.5796290636062622,0.012971630961133629,0.017222778871655464,-0.150694902878114,-0.16904273629188538,0.018347833413771386,0.043082095682621,1.4246507368143122,1.4356428384780884,-0.010992101663776177,-0.027050307020545006,-0.597360965247946,-0.5006398558616638,-0.0967211093862822,-0.18474659323692322,-0.14817791200607217,3.405932758049346e-10,-0.14817791234666544,-1.5061232261359692e-09
13.695717573,1.592705033136387,1.5796290636062622,0.013075969530124798,0.017222778871655464,-0.15031117795496632,-0.16904273629188538,0.018731558336919057,0.043082095682621,1.424404872814102,1.4356428384780884,-0.011237965663986271,-0.027050307020545006,-0.5988697630205566,-0.5006398558616638,-0.09822990715889279,-0.18474659323692322,-0.14892559435666605,3.405932758049346e-10,-0.14892559469725933,-1.5061232261359692e-09
13.706143856,1.5927572602415867,1.5796290636062622,0.013128196635324496,0.017222778871655464,-0.15011910284676133,-0.16904273629188538,0.018923633445124044,0.043082095682621,1.4242818045649597,1.4356428384780884,-0.011361033913128704,-0.027050307020545006,-0.599624998028636,-0.5006398558616638,-0.09898514216697218,-0.18474659323692322,-0.14929984987078607,3.405932758049346e-10,-0.14929985021137934,-1.5061232261359692e-09
13.730622768,1.592861560204315,1.580302119255066,0.012559440949249101,0.016474643722176552,-0.14973551990548417,-0.16748254001140594,0.017747020105921774,0.03923423960804939,1.4240360315367675,1.4346680641174316,-0.010632032580664141,-0.02452305518090725,-0.6011332375317232,-0.5074588656425476,-0.0936743718891756,-0.17122869193553925,-0.15004725557180035,3.3997479831349153e-10,-0.15004725591177515,-3.6561687011271715e-10
13.738797665,1.592914398832716,1.580302119255066,0.012612279577649987,0.016474643722176552,-0.14954119580445047,-0.16748254001140594,0.01794134420695548,0.03923423960804939,1.4239115222908592,1.4346680641174316,-0.010756541826572485,-0.02452305518090725,-0.601897315529053,-0.5074588656425476,-0.0944384498865054,-0.17122869193553925,-0.15042589321526145,3.3997479831349153e-10,-0.15042589355523625,-3.6561687011271715e-10
13.755967140,1.593018082326468,1.58096444606781,0.012053636258657852,0.015870029106736183,-0.14915988004503083,-0.1658850908279419,0.01672521078291106,0.03971671685576439,1.4236672019136862,1.433668613433838,-0.01000141152015166,-0.024835575371980667,-0.6033966405240373,-0.5144054889678955,-0.08899115155614179,-0.17308972775936127,-0.15116888134588038,3.1691002599920637e-10,-0.1511688816627904,2.459273673593998e-09
13.775933266,1.5931224051764497,1.58096444606781,0.012157959108639593,0.015870029106736183,-0.14877621293152857,-0.1658850908279419,0.017108877896413327,0.03971671685576439,1.4234213749538396,1.433668613433838,-0.01024723847999831,-0.024835575371980667,-0.6049052109904216,-0.5144054889678955,-0.0904997220225261,-0.17308972775936127,-0.15191645105523327,3.1691002599920637e-10,-0.1519164513721433,2.459273673593998e-09
13.785870790,1.5931745838881772,1.58096444606781,0.012210137820367173,0.015870029106736183,-0.1485843157995169,-0.1658850908279419,0.017300775028425003,0.03971671685576439,1.4232984207393513,1.433668613433838,-0.01037019269448658,-0.024835575371980667,-0.6056597462001092,-0.5144054889678955,-0.0912542572322137,-0.17308972775936127,-0.15229035978536676,3.1691002599920637e-10,-0.15229036010227678,2.459273673593998e-09
13.805918455,1.5932790146322293,1.58096444606781,0.01231456856441926,0.015870029106736183,-0.14820025188506006,-0.1658850908279419,0.017684838942881836,0.03971671685576439,1.4230523395373011,1.433668613433838,-0.010616273896536743,-0.024835575371980667,-0.6071698768789279,-0.5144054889678955,-0.09276438791103236,-0.17308972775936127,-0.15303870265552452,3.1691002599920637e-10,-0.15303870297243455,2.459273673593998e-09
13.826212645,1.5933832668744867,1.5822035074234009,0.011179759451085847,0.03688459098339081,-0.14781684444488688,-0.1628497689962387,0.015032924551351828,0.03656009957194328,1.4228066789578995,1.431770920753479,-0.00896424179557953,-0.022749939933419228,-0.608677426315619,-0.5276603698730469,-0.08101705644257218,-0.15995576977729797,-0.15378576639522734,4.5144243898675995e-10,-0.15378576684666978,-1.2205418897792697e-09
13.846176863,1.5934875814554244,1.5822035074234009,0.011284074032023472,0.03688459098339081,-0.14743320774236635,-0.1628497689962387,0.015416561253872363,0.03656009957194328,1.4225608714832758,1.431770920753479,-0.009210049270203191,-0.022749939933419228,-0.6101858772067068,-0.5276603698730469,-0.08252550733365993,-0.15995576977729797,-0.15453327684923107,4.5144243898675995e-10,-0.1545332773006735,-1.2205418897792697e-09
13.855818272,1.5935397771173883,1.5822035074234009,0.011336269693987377,0.03688459098339081,-0.14724124827263882,-0.1628497689962387,0.015608520723599889,0.03656009957194328,1.422437877327154,1.431770920753479,-0.009333043426325016,-0.022749939933419228,-0.610940657526892,-0.5276603698730469,-0.0832802876538451,-0.15995576977729797,-0.15490730704348404,4.5144243898675995e-10,-0.15490730749492648,-1.2205418897792697e-09
13.875789404,1.5936439130817561,1.5828148126602173,0.01082910042153884,0.014836843125522137,-0.1468582684665102,-0.16135306656360626,0.014494798097096057,0.03787684440612793,1.422192490745636,1.4308342933654785,-0.008641802619842487,-0.023724224418401718,-0.6124465255161321,-0.5341795086860657,-0.07826701683006643,-0.1644883006811142,-0.15565353754456113,1.9742968371261327e-10,-0.1556535377419908,4.411049303598702e-10
13.885806084,1.593696086654677,1.5828148126602173,0.010881273994459706,0.014836843125522137,-0.1466663902334367,-0.16135306656360626,0.014686676330169568,0.03787684440612793,1.4220695486402608,1.4308342933654785,-0.00876474472521771,-0.023724224418401718,-0.6132009864156196,-0.5341795086860657,-0.07902147772955392,-0.1644883006811142,-0.15602740945039245,1.9742968371261327e-10,-0.15602740964782214,4.411049303598702e-10
13.896085501,1.5937484578916632,1.5828148126602173,0.01093364523144591,0.014836843125522137,-0.14647378505318626,-0.16135306656360626,0.014879281510420006,0.03787684440612793,1.421946140758153,1.4308342933654785,-0.00888815260732545,-0.023724224418401718,-0.6139583056550669,-0.5341795086860657,-0.07977879696900125,-0.1644883006811142,-0.1564026978020714,1.9742968371261327e-10,-0.15640269799950107,4.411049303598702e-10
13.905912399,1.5938006634712627,1.5828148126602173,0.010985850811045417,0.014836843125522137,-0.14628178910946743,-0.16135306656360626,0.015071277454138832,0.03787684440612793,1.4218231232320575,1.4308342933654785,-0.00901117013342101,-0.023724224418401718,-0.614713229390166,-0.5341795086860657,-0.08053372070410036,-0.1644883006811142,-0.15677679906535824,1.9742968371261327e-10,-0.15677679926278792,4.411049303598702e-10
13.925900459,1.5939049837335815,1.583405613899231,0.010499369834350514,0.014033880084753036,-0.14589813151258782,-0.1598973423242569,0.013999210811669077,0.03398711979389191,1.4215773023697948,1.4299228191375732,-0.008345516767778394,-0.021240368485450745,-0.616221762437404,-0.5405227541923523,-0.07569900824505171,-0.14965778589248657,-0.1575243502317123,8.476148949387863e-11,-0.15752435031647377,-2.1709638531319797e-09
13.945939302,1.5940092930713714,1.5839492082595825,0.010060084811788883,0.01310007181018591,-0.14551451409274022,-0.1586645096540451,0.013149995561304889,0.031049787998199463,1.4213315072501547,1.4291563034057617,-0.00782479615560705,-0.019318128004670143,-0.6177301375094552,-0.5460415482521057,-0.07168858925734944,-0.13872475922107697,-0.15827182311371232,4.185153265612307e-11,-0.15827182315556385,6.821210263296962e-13
13.956639767,1.5940616244969532,1.5839492082595825,0.010112416237370692,0.01310007181018591,-0.14532205532649706,-0.1586645096540451,0.013342454327548048,0.031049787998199463,1.4212081931798672,1.4291563034057617,-0.007948110225894478,-0.019318128004670143,-0.6184868810523169,-0.5460415482521057,-0.07244533280021115,-0.13872475922107697,-0.15864682617985856,4.185153265612307e-11,-0.15864682622171009,6.821210263296962e-13
13.975670576,1.594165835628758,1.5839492082595825,0.010216627369175502,0.01310007181018591,-0.14493879907782922,-0.1586645096540451,0.013725710576215883,0.031049787998199463,1.4209626294733713,1.4291563034057617,-0.008193673932390455,-0.019318128004670143,-0.6199938360074075,-0.5460415482521057,-0.07395228775530183,-0.13872475922107697,-0.15939359532514416,4.185153265612307e-11,-0.15939359536699568,6.821210263296962e-13
13.985903978,1.5942180067444427,1.5844862461090088,0.009731760635433906,0.03392549231648445,-0.1447469298817099,-0.15740303695201874,0.012656107070308842,0.031162576749920845,1.420839693158242,1.4283699989318848,-0.007530305773642665,-0.019335651770234108,-0.6207482613737942,-0.5516378283500671,-0.0691104330237271,-0.13806384801864624,-0.15976744962260359,1.1098677532572765e-10,-0.15976744973359036,-3.4151526051573455e-09
14.005898476,1.5942755503297947,1.5844862461090088,0.009789304220785944,0.03392549231648445,-0.144535302407034,-0.15740303695201874,0.012867734544984744,0.031162576749920845,1.4207040971248872,1.4283699989318848,-0.007665901806997555,-0.019335651770234108,-0.6215803758473474,-0.5516378283500671,-0.06994254749728024,-0.13806384801864624,-0.16017980263428186,1.1098677532572765e-10,-0.16017980274526863,-3.4151526051573455e-09
14.025669098,1.5942862417637504,1.5849945545196533,0.009291687244097124,0.03781438246369362,-0.14449598262612653,-0.15620779991149902,0.011711817285372489,0.030186859890818596,1.4206789037688186,1.427625298500061,-0.006946394731242478,-0.01871771737933159,-0.6217349803420622,-0.5569573640823364,-0.06477761625972578,-0.13374251127243042,-0.1602564166471861,5.5216560490567446e-11,-0.16025641670240265,-1.0113581083714962e-09
14.046028376,1.594296907088101,1.5849945545196533,0.009302352568447692,0.03781438246369362,-0.1444567588682552,-0.15620779991149902,0.011751041043243815,0.030186859890818596,1.4206537719375723,1.427625298500061,-0.0069715265624887834,-0.01871771737933159,-0.6218892072763572,-0.5569573640823364,-0.06493184319402079,-0.13374251127243042,-0.16033284356062136,5.5216560490567446e-11,-0.1603328436158379,-1.0113581083714962e-09
14.066223383,1.594304568787004,1.5854836702346802,0.00882089855232393,0.038531579077243805,-0.14442858151398222,-0.15508855879306793,0.010659977279085714,0.028060587123036385,1.4206357178664943,1.4269286394119263,-0.006292921545431929,-0.017360489815473557,-0.622,-0.5619852542877197,-0.06001474571228027,-0.12569649517536163,-0.1603877467196435,-1.76339654683888e-11,-0.16038774670200953,-6.71207089908421e-09
14.085972071,1.594304568787004,1.5854836702346802,0.00882089855232393,0.038531579077243805,-0.14442858151398222,-0.15508855879306793,0.010659977279085714,0.028060587123036385,1.4206357178664943,1.4269286394119263,-0.006292921545431929,-0.017360489815473557,-0.622,-0.5619852542877197,-0.06001474571228027,-0.12569649517536163,-0.1603877467196435,-1.76339654683888e-11,-0.16038774670200953,-6.71207089908421e-09
14.106082439,1.594304568787004,1.5854836702346802,0.00882089855232393,0.038531579077243805,-0.14442858151398222,-0.15508855879306793,0.010659977279085714,0.028060587123036385,1.4206357178664943,1.4269286394119263,-0.006292921545431929,-0.017360489815473557,-0.622,-0.5619852542877197,-0.06001474571228027,-0.12569649517536163,-0.1603877467196435,-1.76339654683888e-11,-0.16038774670200953,-6.71207089908421e-09
14.115921974,1.594304568787004,1.5854836702346802,0.00882089855232393,0.038531579077243805,-0.14442858151398222,-0.15508855879306793,0.010659977279085714,0.028060587123036385,1.4206357178664943,1.4269286394119263,-0.006292921545431929,-0.017360489815473557,-0.622,-0.5619852542877197,-0.06001474571228027,-0.12569649517536163,-0.1603877467196435,-1.76339654683888e-11,-0.16038774670200953,-6.71207089908421e-09
14.136330843,1.594304568787004,1.5859529972076416,0.008351571579362504,0.03838687017560005,-0.14442858151398222,-0.15418900549411774,0.009760423980135519,0.022592537105083466,1.4206357178664943,1.4263731241226196,-0.005737406256125288,-0.013848532922565937,-0.622,-0.5661623477935791,-0.055837652206420896,-0.10450439155101776,-0.1603877467196435,-8.675556106840787e-11,-0.16038774663288796,1.4169927453622222e-09
14.157621622,1.594304568787004,1.586398720741272,0.007905848045732133,0.038003772497177124,-0.14442858151398222,-0.1533900648355484,0.008961483321566183,0.020054606720805168,1.4206357178664943,1.4258826971054077,-0.005246979238913374,-0.01220347173511982,-0.622,-0.569957971572876,-0.05204202842712402,-0.09489019215106964,-0.1603877467196435,-1.4141505674802879e-11,-0.16038774670550202,-5.826223059557378e-09
14.176113844,1.594304568787004,1.586398720741272,0.007905848045732133,0.038003772497177124,-0.14442858151398222,-0.1533900648355484,0.008961483321566183,0.020054606720805168,1.4206357178664943,1.4258826971054077,-0.005246979238913374,-0.01220347173511982,-0.622,-0.569957971572876,-0.05204202842712402,-0.09489019215106964,-0.1603877467196435,-1.4141505674802879e-11,-0.16038774670550202,-5.826223059557378e-09
14.187100649,1.594304568787004,1.586398720741272,0.007905848045732133,0.038003772497177124,-0.14442858151398222,-0.1533900648355484,0.008961483321566183,0.020054606720805168,1.4206357178664943,1.4258826971054077,-0.005246979238913374,-0.01220347173511982,-0.622,-0.569957971572876,-0.05204202842712402,-0.09489019215106964,-0.1603877467196435,-1.4141505674802879e-11,-0.16038774670550202,-5.826223059557378e-09
14.206137657,1.594304568787004,1.586832880973816,0.007471687813188188,0.03764091432094574,-0.14442858151398222,-0.15261243283748627,0.008183851323504049,0.01898999884724617,1.4206357178664943,1.4254059791564941,-0.0047702612899998,-0.011517174541950226,-0.622,-0.573671281337738,-0.04832871866226196,-0.09077445417642593,-0.1603877467196435,1.9291518035813304e-11,-0.16038774673893502,-1.9736035028472543e-09
14.226605892,1.594304568787004,1.5872344970703125,0.007070071716691606,0.03705283999443054,-0.14442858151398222,-0.15191249549388885,0.007483913979906637,0.01758011244237423,1.4206357178664943,1.4249789714813232,-0.004343253614828901,-0.010620699264109135,-0.622,-0.5770755410194397,-0.0449244589805603,-0.0851060077548027,-0.1603877467196435,-5.6560339745104216e-11,-0.16038774666308317,2.3219399736262858e-09
14.237030745,1.594304568787004,1.5872344970703125,0.007070071716691606,0.03705283999443054,-0.14442858151398222,-0.15191249549388885,0.007483913979906637,0.01758011244237423,1.4206357178664943,1.4249789714813232,-0.004343253614828901,-0.010620699264109135,-0.622,-0.5770755410194397,-0.0449244589805603,-0.0851060077548027,-0.1603877467196435,-5.6560339745104216e-11,-0.16038774666308317,2.3219399736262858e-09
14.256230354,1.594304568787004,1.5872344970703125,0.007070071716691606,0.03705283999443054,-0.14442858151398222,-0.15191249549388885,0.007483913979906637,0.01758011244237423,1.4206357178664943,1.4249789714813232,-0.004343253614828901,-0.010620699264109135,-0.622,-0.5770755410194397,-0.0449244589805603,-0.0851060077548027,-0.1603877467196435,-5.6560339745104216e-11,-0.16038774666308317,2.3219399736262858e-09
14.269410133,1.594304568787004,1.5876258611679077,0.006678707619096391,0.036566317081451416,-0.14442858151398222,-0.15124563872814178,0.0068170572141595664,0.015926869586110115,1.4206357178664943,1.4245730638504028,-0.003937345983908491,-0.009566567838191986,-0.622,-0.5803477168083191,-0.041652283191680906,-0.07850256562232971,-0.1603877467196435,-1.260457294094408e-10,-0.16038774659359778,-2.038177626673132e-09
14.278309822,1.594304568787004,1.5876258611679077,0.006678707619096391,0.036566317081451416,-0.14442858151398222,-0.15124563872814178,0.0068170572141595664,0.015926869586110115,1.4206357178664943,1.4245730638504028,-0.003937345983908491,-0.009566567838191986,-0.622,-0.5803477168083191,-0.041652283191680906,-0.07850256562232971,-0.1603877467196435,-1.260457294094408e-10,-0.16038774659359778,-2.038177626673132e-09
14.297353506,1.594304568787004,1.5876258611679077,0.006678707619096391,0.036566317081451416,-0.14442858151398222,-0.15124563872814178,0.0068170572141595664,0.015926869586110115,1.4206357178664943,1.4245730638504028,-0.003937345983908491,-0.009566567838191986,-0.622,-0.5803477168083191,-0.041652283191680906,-0.07850256562232971,-0.1603877467196435,-1.260457294094408e-10,-0.16038774659359778,-2.038177626673132e-09
14.316572905,1.594304568787004,1.5879873037338257,0.0063172650531784225,0.036014948040246964,-0.14442858151398222,-0.15066775679588318,0.0062391752819009605,0.014528757892549038,1.4206357178664943,1.424223780632019,-0.003588062765524702,-0.008678962476551533,-0.622,-0.5832608342170715,-0.038739165782928464,-0.07282771915197372,-0.1603877467196435,5.608967457160219e-11,-0.1603877467757332,-1.508851710241288e-08
14.338634729,1.594304568787004,1.5879873037338257,0.0063172650531784225,0.036014948040246964,-0.14442858151398222,-0.15066775679588318,0.0062391752819009605,0.014528757892549038,1.4206357178664943,1.424223780632019,-0.003588062765524702,-0.008678962476551533,-0.622,-0.5832608342170715,-0.038739165782928464,-0.07282771915197372,-0.1603877467196435,5.608967457160219e-11,-0.1603877467757332,-1.508851710241288e-08
14.358005762,1.594304568787004,1.5883437395095825,0.0059608292774215865,0.008152822963893414,-0.14442858151398222,-0.1501152515411377,0.005686670027155477,0.01317596435546875,1.4206357178664943,1.4238905906677246,-0.0032548728012302686,-0.007929778657853603,-0.622,-0.5860694646835327,-0.03593053531646728,-0.06760408729314804,-0.1603877467196435,1.3504518336926452e-10,-0.1603877468546887,-1.6041212802520022e-10
14.376670599,1.594304568787004,1.5883437395095825,0.0059608292774215865,0.008152822963893414,-0.14442858151398222,-0.1501152515411377,0.005686670027155477,0.01317596435546875,1.4206357178664943,1.4238905906677246,-0.0032548728012302686,-0.007929778657853603,-0.622,-0.5860694646835327,-0.03593053531646728,-0.06760408729314804,-0.1603877467196435,1.3504518336926452e-10,-0.1603877468546887,-1.6041212802520022e-10
14.386409521,1.594304568787004,1.5883437395095825,0.0059608292774215865,0.008152822963893414,-0.14442858151398222,-0.1501152515411377,0.005686670027155477,0.01317596435546875,1.4206357178664943,1.4238905906677246,-0.0032548728012302686,-0.007929778657853603,-0.622,-0.5860694646835327,-0.03593053531646728,-0.06760408729314804,-0.1603877467196435,1.3504518336926452e-10,-0.1603877468546887,-1.6041212802520022e-10
14.395750999,1.594304568787004,1.5886867046356201,0.005617864151383989,0.008222999051213264,-0.14442858151398222,-0.14958815276622772,0.005159571252245504,0.01317618414759636,1.4206357178664943,1.4235734939575195,-0.0029377760910251904,-0.007929632440209389,-0.622,-0.5887736082077026,-0.03322639179229736,-0.06760404258966446,-0.1603877467196435,1.3124804021380498e-10,-0.16038774685089155,-1.835132934502326e-09
14.416006327,1.594304568787004,1.5886867046356201,0.005617864151383989,0.008222999051213264,-0.14442858151398222,-0.14958815276622772,0.005159571252245504,0.01317618414759636,1.4206357178664943,1.4235734939575195,-0.0029377760910251904,-0.007929632440209389,-0.622,-0.5887736082077026,-0.03322639179229736,-0.06760404258966446,-0.1603877467196435,1.3124804021380498e-10,-0.16038774685089155,-1.835132934502326e-09
14.435952663,1.594304568787004,1.5890291929244995,0.005275375862504594,0.008243177086114883,-0.14442858151398222,-0.14906106889247894,0.004632487378496725,0.013176201842725277,1.4206357178664943,1.4232563972473145,-0.0026206793808201123,-0.007929601706564426,-0.622,-0.5914777517318726,-0.03052224826812744,-0.06760407239198685,-0.1603877467196435,2.511194585608223e-10,-0.16038774697076297,-3.001332515850663e-10
14.446124792,1.594304568787004,1.5890291929244995,0.005275375862504594,0.008243177086114883,-0.14442858151398222,-0.14906106889247894,0.004632487378496725,0.013176201842725277,1.4206357178664943,1.4232563972473145,-0.0026206793808201123,-0.007929601706564426,-0.622,-0.5914777517318726,-0.03052224826812744,-0.06760407239198685,-0.1603877467196435,2.511194585608223e-10,-0.16038774697076297,-3.001332515850663e-10
14.466708183,1.594304568787004,1.5890291929244995,0.005275375862504594,0.008243177086114883,-0.14442858151398222,-0.14906106889247894,0.004632487378496725,0.013176201842725277,1.4206357178664943,1.4232563972473145,-0.0026206793808201123,-0.007929601706564426,-0.622,-0.5914777517318726,-0.03052224826812744,-0.06760407239198685,-0.1603877467196435,2.511194585608223e-10,-0.16038774697076297,-3.001332515850663e-10
14.476421595,1.594304568787004,1.5890291929244995,0.005275375862504594,0.008243177086114883,-0.14442858151398222,-0.14906106889247894,0.004632487378496725,0.013176201842725277,1.4206357178664943,1.4232563972473145,-0.0026206793808201123,-0.007929601706564426,-0.622,-0.5914777517318726,-0.03052224826812744,-0.06760407239198685,-0.1603877467196435,2.511194585608223e-10,-0.16038774697076297,-3.001332515850663e-10
14.495926380,1.594304568787004,1.5890291929244995,0.005275375862504594,0.008243177086114883,-0.14442858151398222,-0.14906106889247894,0.004632487378496725,0.013176201842725277,1.4206357178664943,1.4232563972473145,-0.0026206793808201123,-0.007929601706564426,-0.622,-0.5914777517318726,-0.03052224826812744,-0.06760407239198685,-0.1603877467196435,2.511194585608223e-10,-0.16038774697076297,-3.001332515850663e-10
14.515557766,1.594304568787004,1.5896388292312622,0.004665739555741899,0.006564943119883537,-0.14442858151398222,-0.14821256697177887,0.0037839854577966514,0.008483405224978924,1.4206357178664943,1.4227523803710938,-0.002116662504599409,-0.004965320695191622,-0.622,-0.5960057377815247,-0.02599426221847534,-0.04752366244792938,-0.1603877467196435,3.000730219859804e-10,-0.16038774701971653,-6.161826604511589e-10
14.537523031,1.594304568787004,1.5896388292312622,0.004665739555741899,0.006564943119883537,-0.14442858151398222,-0.14821256697177887,0.0037839854577966514,0.008483405224978924,1.4206357178664943,1.4227523803710938,-0.002116662504599409,-0.004965320695191622,-0.622,-0.5960057377815247,-0.02599426221847534,-0.04752366244792938,-0.1603877467196435,3.000730219859804e-10,-0.16038774701971653,-6.161826604511589e-10
14.556005955,1.594304568787004,1.5899137258529663,0.0043908429340377975,0.006563043221831322,-0.14442858151398222,-0.147873193025589,0.003444611511606771,0.008483466692268848,1.4206357178664943,1.4225537776947021,-0.0019180598282078076,-0.004965329542756081,-0.622,-0.5979066491127014,-0.02409335088729858,-0.047523707151412964,-0.1603877467196435,2.6294288968387036e-10,-0.1603877469825864,-1.1038991942768916e-09
14.576098680,1.594304568787004,1.5899137258529663,0.0043908429340377975,0.006563043221831322,-0.14442858151398222,-0.147873193025589,0.003444611511606771,0.008483466692268848,1.4206357178664943,1.4225537776947021,-0.0019180598282078076,-0.004965329542756081,-0.622,-0.5979066491127014,-0.02409335088729858,-0.047523707151412964,-0.1603877467196435,2.6294288968387036e-10,-0.1603877469825864,-1.1038991942768916e-09
14.587705851,1.594304568787004,1.5899137258529663,0.0043908429340377975,0.006563043221831322,-0.14442858151398222,-0.147873193025589,0.003444611511606771,0.008483466692268848,1.4206357178664943,1.4225537776947021,-0.0019180598282078076,-0.004965329542756081,-0.622,-0.5979066491127014,-0.02409335088729858,-0.047523707151412964,-0.1603877467196435,2.6294288968387036e-10,-0.1603877469825864,-1.1038991942768916e-09
14.606291533,1.594304568787004,1.5899137258529663,0.0043908429340377975,0.006563043221831322,-0.14442858151398222,-0.147873193025589,0.003444611511606771,0.008483466692268848,1.4206357178664943,1.4225537776947021,-0.0019180598282078076,-0.004965329542756081,-0.622,-0.5979066491127014,-0.02409335088729858,-0.047523707151412964,-0.1603877467196435,2.6294288968387036e-10,-0.1603877469825864,-1.1038991942768916e-09
14.626013279,1.594304568787004,1.5901741981506348,0.00413037063636934,0.005835568532347679,-0.14442858151398222,-0.14755576848983765,0.0031271869758554283,0.00738562922924757,1.4206357178664943,1.4223685264587402,-0.0017328085922458936,-0.0042981295846402645,-0.622,-0.599706768989563,-0.02229323101043701,-0.04248378798365593,-0.1603877467196435,2.0415770463078076e-10,-0.1603877469238012,-1.2548753147711977e-09
14.645815849,1.594304568787004,1.5901741981506348,0.00413037063636934,0.005835568532347679,-0.14442858151398222,-0.14755576848983765,0.0031271869758554283,0.00738562922924757,1.4206357178664943,1.4223685264587402,-0.0017328085922458936,-0.0042981295846402645,-0.622,-0.599706768989563,-0.02229323101043701,-0.04248378798365593,-0.1603877467196435,2.0415770463078076e-10,-0.1603877469238012,-1.2548753147711977e-09
14.655890942,1.594304568787004,1.5901741981506348,0.00413037063636934,0.005835568532347679,-0.14442858151398222,-0.14755576848983765,0.0031271869758554283,0.00738562922924757,1.4206357178664943,1.4223685264587402,-0.0017328085922458936,-0.0042981295846402645,-0.622,-0.599706768989563,-0.02229323101043701,-0.04248378798365593,-0.1603877467196435,2.0415770463078076e-10,-0.1603877469238012,-1.2548753147711977e-09
14.675707102,1.594304568787004,1.5901741981506348,0.00413037063636934,0.005835568532347679,-0.14442858151398222,-0.14755576848983765,0.0031271869758554283,0.00738562922924757,1.4206357178664943,1.4223685264587402,-0.0017328085922458936,-0.0042981295846402645,-0.622,-0.599706768989563,-0.02229323101043701,-0.04248378798365593,-0.1603877467196435,2.0415770463078076e-10,-0.1603877469238012,-1.2548753147711977e-09
14.695558786,1.594304568787004,1.5906651020050049,0.0036394667819992232,0.005830634385347366,-0.14442858151398222,-0.14696484804153442,0.0025362665275522056,0.007385621313005686,1.4206357178664943,1.4220247268676758,-0.0013890090011814404,-0.004298153333365917,-0.622,-0.6031054258346558,-0.018894574165344236,-0.042483776807785034,-0.1603877467196435,6.327242896286833e-11,-0.16038774678291595,-9.476934792473912e-10
14.715977669,1.594304568787004,1.5909041166305542,0.003400452156449907,0.005505038425326347,-0.14442858151398222,-0.14668568968772888,0.0022571081737466636,0.006571087054908276,1.4206357178664943,1.4218627214431763,-0.0012270035766819287,-0.0038016363978385925,-0.622,-0.6047287583351135,-0.017271241664886472,-0.03868195414543152,-0.1603877467196435,1.6600440466696398e-10,-0.1603877468856479,-2.5011104298755527e-12
14.726033688,1.594304568787004,1.5909041166305542,0.003400452156449907,0.005505038425326347,-0.14442858151398222,-0.14668568968772888,0.0022571081737466636,0.006571087054908276,1.4206357178664943,1.4218627214431763,-0.0012270035766819287,-0.0038016363978385925,-0.622,-0.6047287583351135,-0.017271241664886472,-0.03868195414543152,-0.1603877467196435,1.6600440466696398e-10,-0.1603877468856479,-2.5011104298755527e-12
14.746324539,1.594304568787004,1.5911363363265991,0.003168232460404985,0.005500370636582375,-0.14442858151398222,-0.14642281830310822,0.001994236789125997,0.006571056321263313,1.4206357178664943,1.4217106103897095,-0.0010748925232151318,-0.0038016492035239935,-0.622,-0.6062760949134827,-0.01572390508651733,-0.038681961596012115,-0.1603877467196435,3.5169367418319553e-10,-0.16038774707133718,-1.0732037480920553e-10
14.755823374,1.594304568787004,1.5911363363265991,0.003168232460404985,0.005500370636582375,-0.14442858151398222,-0.14642281830310822,0.001994236789125997,0.006571056321263313,1.4206357178664943,1.4217106103897095,-0.0010748925232151318,-0.0038016492035239935,-0.622,-0.6062760949134827,-0.01572390508651733,-0.038681961596012115,-0.1603877467196435,3.5169367418319553e-10,-0.16038774707133718,-1.0732037480920553e-10
14.765865088,1.594304568787004,1.5911363363265991,0.003168232460404985,0.005500370636582375,-0.14442858151398222,-0.14642281830310822,0.001994236789125997,0.006571056321263313,1.4206357178664943,1.4217106103897095,-0.0010748925232151318,-0.0038016492035239935,-0.622,-0.6062760949134827,-0.01572390508651733,-0.038681961596012115,-0.1603877467196435,3.5169367418319553e-10,-0.16038774707133718,-1.0732037480920553e-10
14.786227465,1.594304568787004,1.5911363363265991,0.003168232460404985,0.005500370636582375,-0.14442858151398222,-0.14642281830310822,0.001994236789125997,0.006571056321263313,1.4206357178664943,1.4217106103897095,-0.0010748925232151318,-0.0038016492035239935,-0.622,-0.6062760949134827,-0.01572390508651733,-0.038681961596012115,-0.1603877467196435,3.5169367418319553e-10,-0.16038774707133718,-1.0732037480920553e-10
14.805962801,1.594304568787004,1.5913562774658203,0.0029482913211837936,0.005187783390283585,-0.14442858151398222,-0.1461816281080246,0.001753046594042379,0.00602886313572526,1.4206357178664943,1.4215718507766724,-0.0009361329101780225,-0.003471959149464965,-0.622,-0.6077197194099426,-0.01428028059005737,-0.036089688539505005,-0.1603877467196435,4.017727261995674e-10,-0.16038774712141624,-1.4574652595911175e-10
14.815843582,1.594304568787004,1.5913562774658203,0.0029482913211837936,0.005187783390283585,-0.14442858151398222,-0.1461816281080246,0.001753046594042379,0.00602886313572526,1.4206357178664943,1.4215718507766724,-0.0009361329101780225,-0.003471959149464965,-0.622,-0.6077197194099426,-0.01428028059005737,-0.036089688539505005,-0.1603877467196435,4.017727261995674e-10,-0.16038774712141624,-1.4574652595911175e-10
14.836489439,1.594304568787004,1.5913562774658203,0.0029482913211837936,0.005187783390283585,-0.14442858151398222,-0.1461816281080246,0.001753046594042379,0.00602886313572526,1.4206357178664943,1.4215718507766724,-0.0009361329101780225,-0.003471959149464965,-0.622,-0.6077197194099426,-0.01428028059005737,-0.036089688539505005,-0.1603877467196435,4.017727261995674e-10,-0.16038774712141624,-1.4574652595911175e-10
14.855983973,1.594304568787004,1.5913562774658203,0.0029482913211837936,0.005187783390283585,-0.14442858151398222,-0.1461816281080246,0.001753046594042379,0.00602886313572526,1.4206357178664943,1.4215718507766724,-0.0009361329101780225,-0.003471959149464965,-0.622,-0.6077197194099426,-0.01428028059005737,-0.036089688539505005,-0.1603877467196435,4.017727261995674e-10,-0.16038774712141624,-1.4574652595911175e-10
14.875625134,1.594304568787004,1.591704249382019,0.002600319404985063,0.004033377394080162,-0.14442858151398222,-0.14590373635292053,0.001475154838938314,0.0034726676531136036,1.4206357178664943,1.4214178323745728,-0.0007821145080784131,-0.0019264728762209415,-0.622,-0.6096165776252747,-0.012383422374725339,-0.02371140383183956,-0.1603877467196435,3.2551872308772545e-10,-0.16038774704516223,-1.1070682148783817e-09
14.885874987,1.594304568787004,1.591704249382019,0.002600319404985063,0.004033377394080162,-0.14442858151398222,-0.14590373635292053,0.001475154838938314,0.0034726676531136036,1.4206357178664943,1.4214178323745728,-0.0007821145080784131,-0.0019264728762209415,-0.622,-0.6096165776252747,-0.012383422374725339,-0.02371140383183956,-0.1603877467196435,3.2551872308772545e-10,-0.16038774704516223,-1.1070682148783817e-09
14.905698776,1.594304568787004,1.591704249382019,0.002600319404985063,0.004033377394080162,-0.14442858151398222,-0.14590373635292053,0.001475154838938314,0.0034726676531136036,1.4206357178664943,1.4214178323745728,-0.0007821145080784131,-0.0019264728762209415,-0.622,-0.6096165776252747,-0.012383422374725339,-0.02371140383183956,-0.1603877467196435,3.2551872308772545e-10,-0.16038774704516223,-1.1070682148783817e-09
14.916233063,1.594304568787004,1.591704249382019,0.002600319404985063,0.004033377394080162,-0.14442858151398222,-0.14590373635292053,0.001475154838938314,0.0034726676531136036,1.4206357178664943,1.4214178323745728,-0.0007821145080784131,-0.0019264728762209415,-0.622,-0.6096165776252747,-0.012383422374725339,-0.02371140383183956,-0.1603877467196435,3.2551872308772545e-10,-0.16038774704516223,-1.1070682148783817e-09
14.935876608,1.594304568787004,1.591704249382019,0.002600319404985063,0.004033377394080162,-0.14442858151398222,-0.14590373635292053,0.001475154838938314,0.0034726676531136036,1.4206357178664943,1.4214178323745728,-0.0007821145080784131,-0.0019264728762209415,-0.622,-0.6096165776252747,-0.012383422374725339,-0.02371140383183956,-0.1603877467196435,3.2551872308772545e-10,-0.16038774704516223,-1.1070682148783817e-09
14.945956230,1.594304568787004,1.5920135974884033,0.0022909712986007857,0.006167000159621239,-0.14442858151398222,-0.14566972851753235,0.0012411470035501304,0.002854988444596529,1.4206357178664943,1.421289324760437,-0.0006536068939426709,-0.001564355450682342,-0.622,-0.6108680963516235,-0.011131903648376462,-0.020024498924613,-0.1603877467196435,4.968312983244516e-10,-0.1603877472164748,-2.044785674115701e-09
14.956163406,1.594304568787004,1.5920135974884033,0.0022909712986007857,0.006167000159621239,-0.14442858151398222,-0.14566972851753235,0.0012411470035501304,0.002854988444596529,1.4206357178664943,1.421289324760437,-0.0006536068939426709,-0.001564355450682342,-0.622,-0.6108680963516235,-0.011131903648376462,-0.020024498924613,-0.1603877467196435,4.968312983244516e-10,-0.1603877472164748,-2.044785674115701e-09
14.976579905,1.594304568787004,1.5920135974884033,0.0022909712986007857,0.006167000159621239,-0.14442858151398222,-0.14566972851753235,0.0012411470035501304,0.002854988444596529,1.4206357178664943,1.421289324760437,-0.0006536068939426709,-0.001564355450682342,-0.622,-0.6108680963516235,-0.011131903648376462,-0.020024498924613,-0.1603877467196435,4.968312983244516e-10,-0.1603877472164748,-2.044785674115701e-09
14.996209621,1.594304568787004,1.592159628868103,0.0021449399189010787,0.006182290613651276,-0.14442858151398222,-0.14555583894252777,0.0011272574285455528,0.002855117665603757,1.4206357178664943,1.4212266206741333,-0.00059090280763896,-0.0015642903745174408,-0.622,-0.6108681559562683,-0.011131844043731687,-0.020024802535772324,-0.1603877467196435,5.580939044236288e-10,-0.1603877472777374,-1.7606538449399523e-10
15.016509771,1.594304568787004,1.592159628868103,0.0021449399189010787,0.006182290613651276,-0.14442858151398222,-0.14555583894252777,0.0011272574285455528,0.002855117665603757,1.4206357178664943,1.4212266206741333,-0.00059090280763896,-0.0015642903745174408,-0.622,-0.6108681559562683,-0.011131844043731687,-0.020024802535772324,-0.1603877467196435,5.580939044236288e-10,-0.1603877472777374,-1.7606538449399523e-10
15.025775909,1.594304568787004,1.592290997505188,0.0020135712818161178,0.005558546632528305,-0.14442858151398222,-0.14545947313308716,0.00103089161910494,0.002416289644315839,1.4206357178664943,1.4211738109588623,-0.0005380930923679639,-0.0013159334193915129,-0.622,-0.6108678579330444,-0.011132142066955564,-0.01825907826423645,-0.1603877467196435,5.093367949626781e-10,-0.1603877472289803,-1.2028777973682736e-09
15.046381474,1.594304568787004,1.592290997505188,0.0020135712818161178,0.005558546632528305,-0.14442858151398222,-0.14545947313308716,0.00103089161910494,0.002416289644315839,1.4206357178664943,1.4211738109588623,-0.0005380930923679639,-0.0013159334193915129,-0.622,-0.6108678579330444,-0.011132142066955564,-0.01825907826423645,-0.1603877467196435,5.093367949626781e-10,-0.1603877472289803,-1.2028777973682736e-09
15.066650867,1.594304568787004,1.592418909072876,0.0018856597141281295,0.00538736954331398,-0.14442858151398222,-0.1453685611486435,0.0009399796346612754,0.0021428982727229595,1.4206357178664943,1.4211241006851196,-0.0004883828186252881,-0.0011591557413339615,-0.622,-0.6108678579330444,-0.011132142066955564,-0.01825878955423832,-0.1603877467196435,4.917823370753638e-10,-0.16038774721142585,-2.474394023010973e-10
