t,swing_joint_ref,swing_joint_fb,swing_joint_err,swing_joint_vel,boom_joint_ref,boom_joint_fb,boom_joint_err,boom_joint_vel,arm_joint_ref,arm_joint_fb,arm_joint_err,arm_joint_vel,bucket_joint_ref,bucket_joint_fb,bucket_joint_err,bucket_joint_vel,bucket_end_joint_ref,bucket_end_joint_fb,bucket_end_joint_err,bucket_end_joint_vel,ee_ref_x,ee_ref_y,ee_ref_z,ee_fb_x,ee_fb_y,ee_fb_z,ee_err_x,ee_err_y,ee_err_z,ee_dist_err,ee_rpy_ref_roll,ee_rpy_ref_pitch,ee_rpy_ref_yaw,ee_rpy_fb_roll,ee_rpy_fb_pitch,ee_rpy_fb_yaw,ee_rpy_err_roll,ee_rpy_err_pitch,ee_rpy_err_yaw,ee_quat_ref_x,ee_quat_ref_y,ee_quat_ref_z,ee_quat_ref_w,ee_quat_fb_x,ee_quat_fb_y,ee_quat_fb_z,ee_quat_fb_w
0.002121687,5.898810923099518e-05,-4.412652560858987e-05,0.00010311463483958505,-0.0001050848513841629,-0.7998474836349487,-0.7999289631843567,8.147954940795898e-05,5.8693374739959836e-05,1.2000738382339478,1.199984073638916,8.976459503173828e-05,5.3787516662850976e-05,-0.000251724268309772,-6.335255602607504e-05,-0.00018837171228369698,9.404175216332078e-09,-3.193398878664766e-10,-1.7439022448328956e-11,-3.0190086541814765e-10,4.4013859223923646e-10,8.370924743819572,-0.08658957811544413,4.274166931342014,8.370771556888117,-0.08744161318876933,4.274918654124583,0.00015318693145438544,0.000852035073325208,-0.0007517227825690753,0.001146523939557346,-3.193398878448599e-10,1.0947128874637684,5.898810923099519e-05,-1.7439022433293808e-11,1.0947300150316124,-4.4126525608589866e-05,-3.019008654115661e-10,-1.7127567843999714e-05,0.00010311463483958505,-1.5349777578778535e-05,0.5204317084152605,2.5185153502863775e-05,0.8539032942939531,1.1482575453286352e-05,0.5204390211391765,-1.8839789926484785e-05,0.8538988375615162
0.021922350,0.0030588741092309893,-4.412652560858987e-05,0.003103000634839579,-0.0001050848513841629,-0.7994055908714007,-0.7999289631843567,0.0005233723129559609,5.8693374739959836e-05,1.201093283178653,1.199984073638916,0.0011092095397369217,5.3787516662850976e-05,0.0019872766059794975,-6.335255602607504e-05,0.0020506291620055726,9.404175216332078e-09,0.0014099431074659171,-1.7439022448328956e-11,0.0014099431249049396,4.4013859223923646e-10,8.368925514741857,-0.06180763926336432,4.26322018054606,8.370771556888117,-0.08744161318876933,4.274918654124583,-0.0018460421462602739,0.025633973925405014,-0.01169847357852305,0.02823761276881449,0.0014099431074659175,1.0984132260463109,0.0030588741092309893,-1.7439022433293808e-11,1.0947300150316124,-4.4126525608589866e-05,0.00140994312490494,0.0036832110146984842,0.003103000634839579,-0.00019708502969970632,0.5220108620355067,0.0009365133769162041,0.8529383002404881,1.1482575453286352e-05,0.5204390211391765,-1.8839789926484785e-05,0.8538988375615162
0.042161703,0.006058854009230983,-4.412652560858987e-05,0.006102980534839573,-0.0001050848513841629,-0.7989636842760836,-0.7999289631843567,0.0009652789082731372,5.8693374739959836e-05,1.2021127600331976,1.199984073638916,0.0021286863942815426,5.3787516662850976e-05,0.004226347563659301,-6.335255602607504e-05,0.004289700119685376,9.404175216332078e-09,0.002819930667178031,-1.7439022448328956e-11,0.0028199306846170536,4.4013859223923646e-10,8.36682579660112,-0.03703754894576709,4.252283110713091,8.370771556888117,-0.08744161318876933,4.274918654124583,-0.003945760286997668,0.05040406424300224,-0.022635543411491987,0.055394102050567474,0.002819930667178032,1.1021136804538523,0.006058854009230983,-1.7439022433293808e-11,1.0947300150316124,-4.4126525608589866e-05,0.0028199306846170545,0.007383665422239893,0.006102980534839573,-0.0003849227981860262,0.5235886351307217,0.0018427422250755802,0.8519691293101407,1.1482575453286352e-05,0.5204390211391765,-1.8839789926484785e-05,0.8538988375615162
0.062414408,0.009058644309230975,-4.4081403757445514e-05,0.00910272571298842,-1.4391698641702533e-06,-0.7985218056094504,-0.7999277710914612,0.0014059654820107736,-4.215473745716736e-05,1.2031321724563733,1.1999850273132324,0.0031471451431408504,-3.893226676154882e-05,0.00646527701110646,-6.335377838695422e-05,0.006528630789493414,1.822263584472239e-08,0.004229829115079323,-1.2233786206294894e-10,0.004229829237417185,1.5776890904817265e-10,8.36462588560179,-0.012282104795976224,4.241356836282597,8.370772669530401,-0.08744124040029634,4.27490516703906,-0.00614678392861201,0.07515913560432011,-0.033548330756463685,0.0825358656221567,0.004229829115079324,1.1058139009911088,0.009058644309230979,-1.2233786205532834e-10,1.0947321595764636,-4.4081403757445514e-05,0.004229829237417186,0.01108174141464513,0.009102725712988424,-0.0005788445020069114,0.5251648541262101,0.002743774920774377,0.850995894601627,1.1470809261529552e-05,0.5204399367513148,-1.882048558170602e-05,0.8538982795090393
0.081836462,0.012058405209230969,-4.4081403757445514e-05,0.012102486612988414,-1.4391698641702533e-06,-0.7980799312735308,-0.7999277710914612,0.0018478398179303523,-4.215473745716736e-05,1.2041515748886087,1.1999850273132324,0.004166547575376267,-3.893226676154882e-05,0.008704184515511216,-6.335377838695422e-05,0.00876753829389817,1.822263584472239e-08,0.005639713745009948,-1.2233786206294894e-10,0.00563971386734781,1.5776890904817265e-10,8.362325770569653,0.0124595598884253,4.230440853877419,8.370772669530401,-0.08744124040029634,4.27490516703906,-0.008446898960748683,0.09990080028872164,-0.04446431316164112,0.10967495222390859,0.005639713745009945,1.1095140852636685,0.012058405209230967,-1.2233786205532834e-10,1.0947321595764636,-4.4081403757445514e-05,0.0056397138673478075,0.014781925687204822,0.012102486612988413,-0.0007788591943396959,0.5267395788116115,0.003639648851751342,0.8500185659430961,1.1470809261529552e-05,0.5204399367513148,-1.882048558170602e-05,0.8538982795090393
0.105149031,0.015061849509230963,0.00013845435751136392,0.0149233951517196,0.009118624031543732,-0.7976375143610583,-0.7997835278511047,0.0021460134900463945,0.007254214026033878,1.2051722290429128,1.200319766998291,0.004852462044621753,0.016779961064457893,0.010945841169657114,0.0006008281488902867,0.010345013020766828,0.03320915251970291,0.007051329569265391,1.8596299847239983e-11,0.007051329550669091,6.240838956728112e-10,8.359922519344547,0.03721758598215996,4.219521752709298,8.370130919400282,-0.08593305447135118,4.271418589895454,-0.010208400055734757,0.12315064045351114,-0.05189683718615612,0.1340282559228997,0.0070513295692653955,1.113218812984591,0.015061849509230974,1.859629986704283e-11,1.0958753244291561,0.00013845435751136398,0.007051329550669096,0.017343488555434883,0.01492339515171961,-0.0009852248397922564,0.5283147309140203,0.00453145219735892,0.8490359476325161,-3.606236262305623e-05,0.5209279238379313,5.9092360995005145e-05,0.8536006638783157
0.112344980,0.01656246240923096,0.00013845435751136392,0.016424008051719598,0.009118624031543732,-0.7974164693008804,-0.7997835278511047,0.0023670585502243435,0.007254214026033878,1.2056821791659722,1.200319766998291,0.005362412167681185,0.016779961064457893,0.012065841594696517,0.0006008281488902867,0.01146501344580623,0.03320915251970291,0.007756616134999887,1.8596299847239983e-11,0.007756616116403587,6.240838956728112e-10,8.358684209568274,0.049582057509893446,4.214070115619867,8.370130919400282,-0.08593305447135118,4.271418589895454,-0.011446709832007684,0.1355151119812446,-0.05734847427558698,0.14759478392885403,0.007756616134999888,1.1150698085928676,0.01656246240923096,1.859629986704283e-11,1.0958753244291561,0.00013845435751136398,0.007756616116403588,0.0191944841637115,0.016424008051719598,-0.0010906198476270832,0.5291011529231826,0.004975082755744053,0.8485434750649377,-3.606236262305623e-05,0.5209279238379313,5.9092360995005145e-05,0.8536006638783157
0.132413626,0.019559026659230955,0.00013845435751136392,0.01942057230171959,0.009118624031543732,-0.7969750658416883,-0.7997835278511047,0.0028084620094164237,0.007254214026033878,1.2067004952873672,1.200319766998291,0.00638072828907621,0.016779961064457893,0.01430236324105707,0.0006008281488902867,0.013701535092166784,0.03320915251970291,0.009164998342620034,1.8596299847239983e-11,0.009164998324023734,6.240838956728112e-10,8.356136588079996,0.0742615450669694,4.20319156473922,8.370130919400282,-0.08593305447135118,4.271418589895454,-0.01399433132028527,0.16019459953832058,-0.0682270251562338,0.1746799301351308,0.009164998342620034,1.1187660498198146,0.019559026659230955,1.859629986704283e-11,1.0958753244291561,0.00013845435751136398,0.009164998324023734,0.022890725390658506,0.01942057230171959,-0.0013056446114031856,0.53067039757983,0.005857087328721994,0.8475570299116381,-3.606236262305623e-05,0.5209279238379313,5.9092360995005145e-05,0.8536006638783157
0.152208328,0.02255836665923095,0.0006829000194557011,0.02187546663977525,-0.0035703331232070923,-0.7965332535056795,-0.7994396686553955,0.002906415149716013,0.00900210626423359,1.2077197546860416,1.201119065284729,0.006600689401312643,0.021531788632273674,0.0165409566017017,0.0021530184894800186,0.014387938112221683,0.042161330580711365,0.010574685149970621,-1.9506982834593956e-11,0.010574685169477604,4.6829882194288075e-09,8.353486807992287,0.09894877439053881,4.1923133974462985,8.36861160078343,-0.08143575082927826,4.263150251610169,-0.015124792791143093,0.18038452521981707,-0.0708368541638702,0.19438414596768752,0.010574685149970623,1.122465714915143,0.022558366659230944,-1.9506982946459558e-11,1.0985706722518929,0.0006829000194557012,0.010574685169477606,0.023895042663250043,0.021875466639775243,-0.0015269558978921976,0.532239532198565,0.00673472402991224,0.8465656455721431,-0.00017826348397123495,0.5220777965910303,0.000291221978611439,0.8528978002777029
0.162388563,0.024059727459230944,0.0006829000194557011,0.023376827439775243,-0.0035703331232070923,-0.7963120982774493,-0.7994396686553955,0.0031275703779461983,0.00900210626423359,1.2082299589663839,1.201119065284729,0.007110893681654851,0.021531788632273674,0.017661515230870818,0.0021530184894800186,0.0155084967413908,0.042161330580711365,0.011280323227958884,-1.9506982834593956e-11,0.011280323247465867,4.6829882194288075e-09,8.352122959081779,0.11130048309646018,4.1868721371621485,8.36861160078343,-0.08143575082927826,4.263150251610169,-0.016488641701650764,0.19273623392573844,-0.07627811444802024,0.20793624483669906,0.011280323227958886,1.124317633052885,0.024059727459230948,-1.9506982946459558e-11,1.0985706722518929,0.0006829000194557012,0.011280323247465869,0.025746960800992147,0.023376827439775247,-0.0016400232125406001,0.533024388863678,0.007172085559555361,0.8460678887589881,-0.00017826348397123495,0.5220777965910303,0.000291221978611439,0.8528978002777029
0.182130098,0.027058373109230937,0.0014028149889782071,0.02565555812025273,0.019700342789292336,-0.7958703882214072,-0.7990788817405701,0.0032084935191628583,0.00864905770868063,1.2092489824055594,1.2019617557525635,0.007287226652995971,0.02024472877383232,0.01989959035507011,0.0037698266096413136,0.016129763745428797,0.03867904841899872,0.012689683691502272,3.981935614572052e-11,0.012689683651682916,1.3233147910796106e-10,8.349324214132764,0.1359584566622415,4.176012338410915,8.367005824536962,-0.07549100479803107,4.2544811117487935,-0.01768161040419791,0.21144946146027255,-0.07846877333787816,0.22623187769957712,0.012689683691502269,1.128016441672301,0.02705837310923092,3.9819356347174186e-11,1.1013909577547143,0.0014028149889782078,0.012689683651682913,0.02662548391758679,0.025655558120252712,-0.001870417079564726,0.5345907674821554,0.008041717259135592,0.8450707329249502,-0.00036703247736613386,0.5232798865512034,0.0005977119107867474,0.8521605883626584
0.192255020,0.028561220409230936,0.0014028149889782071,0.02715840542025273,0.019700342789292336,-0.795649014026992,-0.7990788817405701,0.0034298677135781164,0.00864905770868063,1.2097596918400677,1.2019617557525635,0.007797936087504231,0.02024472877383232,0.02102125845133219,0.0037698266096413136,0.017251431841690878,0.03867904841899872,0.013396020423007353,3.981935614572052e-11,0.013396020383187997,1.3233147910796106e-10,8.347884104444804,0.14831034041153104,4.170573680590648,8.367005824536962,-0.07549100479803107,4.2544811117487935,-0.019121720092158512,0.22380134520956213,-0.08390743115814558,0.23977727019142453,0.013396020423007348,1.1298701933974873,0.02856122040923094,3.9819356347174186e-11,1.1013909577547143,0.0014028149889782078,0.013396020383187992,0.028479235642772993,0.027158405420252732,-0.001988173723786588,0.5353751880929829,0.008475595306563907,0.8445694876230414,-0.00036703247736613386,0.5232798865512034,0.0005977119107867474,0.8521605883626584
0.212381601,0.034398441136869164,0.0014028149889782071,0.03299562614789096,0.019700342789292336,-0.7947891728201008,-0.7990788817405701,0.004289708920469315,0.00864905770868063,1.2117433422727573,1.2019617557525635,0.009781586520193786,0.02024472877383232,0.025377938109359684,0.0037698266096413136,0.02160811149971837,0.03867904841899872,0.016139508340797606,3.981935614572052e-11,0.01613950830097825,1.3233147910796106e-10,8.34205369864426,0.1962466131462921,4.149474937256953,8.367005824536962,-0.07549100479803107,4.2544811117487935,-0.02495212589270146,0.27173761794432316,-0.10500617449184091,0.2923871376685902,0.016139508340797606,1.1370703646950953,0.034398441136869164,3.9819356347174186e-11,1.1013909577547143,0.0014028149889782078,0.01613950830097825,0.035679406940380964,0.03299562614789096,-0.0024600461640828367,0.5384180332446028,0.010148382234134312,0.8426131852682548,-0.00036703247736613386,0.5232798865512034,0.0005977119107867474,0.8521605883626584
0.232255936,0.04305982546139474,0.0024527590721845627,0.040607066389210175,0.027700521051883698,-0.7935133233193811,-0.7986950874328613,0.005181764113480258,0.010118057951331139,1.2146867222757929,1.2028573751449585,0.011829347130834389,0.023659342899918556,0.03184246611981347,0.005479246843606234,0.026363219276207238,0.04497557878494263,0.020210350331261142,1.6208881459256474e-11,0.02021035031505226,2.2910171537660062e-09,8.33270962006376,0.26725324436725756,4.11824419685783,8.3652931628721,-0.06682364856048056,4.245284101612475,-0.032583542808339416,0.3340768929277381,-0.12703990475464444,0.35889858602433,0.020210350331261166,1.1477541222093053,0.043059825461394786,1.6208881337981864e-11,1.1043797916887828,0.0024527590721845636,0.020210350315052285,0.04337433052052253,0.040607066389210224,-0.003202679692608787,0.5429212470940356,0.012593899059468538,0.8396830687843622,-0.0006433007912167842,0.5245525195706687,0.0010441121045169787,0.8513772079437343
0.242204189,0.04739906832359672,0.0024527590721845627,0.04494630925141216,0.027700521051883698,-0.792874139023683,-0.7986950874328613,0.00582094840917835,0.010118057951331139,1.2161613180436721,1.2028573751449585,0.013303942898713617,0.023659342899918556,0.03508111204243311,0.005479246843606234,0.029601865198826877,0.04497557878494263,0.02224979014693271,1.6208881459256474e-11,0.02224979013072383,2.2910171537660062e-09,8.327717911751582,0.3027688321050379,4.102632658385524,8.3652931628721,-0.06682364856048056,4.245284101612475,-0.03757525112051674,0.3695924806655185,-0.142651443226951,0.39794463875769653,0.022249790146932708,1.1531065481955012,0.04739906832359671,1.6208881337981864e-11,1.1043797916887828,0.0024527590721845636,0.022249790130723826,0.04872675650671843,0.044946309251412145,-0.0035937929283908314,0.5451718284680741,0.013802563052100888,0.8382029893470658,-0.0006433007912167842,0.5245525195706687,0.0010441121045169787,0.8513772079437343
0.284867287,0.05614904496278443,0.0024527590721845627,0.05369628589059987,0.027700521051883698,-0.7915852395928141,-0.7986950874328613,0.007109847840047201,0.010118057951331139,1.219134804186515,1.2028573751449585,0.0162774290415566,0.023659342899918556,0.0416117619888484,0.005479246843606234,0.03613251514524217,0.04497557878494263,0.02636227043689275,1.6208881459256474e-11,0.02636227042068387,2.2910171537660062e-09,8.317023899954961,0.3742608599541082,4.0712239733752185,8.3652931628721,-0.06682364856048056,4.245284101612475,-0.04826926291713818,0.44108450851458875,-0.17406012823725625,0.47663654248923276,0.026362270436892765,1.1638995837156287,0.05614904496278445,1.6208881337981864e-11,1.1043797916887828,0.0024527590721845636,0.026362270420683884,0.059519792026845986,0.05369628589059989,-0.004421137286851751,0.5496985848864282,0.016206131796753006,0.8351941574335487,-0.0006433007912167842,0.5245525195706687,0.0010441121045169787,0.8513772079437343
0.286373377,0.06471123986802285,0.003700499888509512,0.06101073997951334,0.03257841244339943,-0.7903240010095104,-0.7982636094093323,0.007939608399821885,0.010920744389295578,1.2220444768579852,1.2038689851760864,0.018175491681898803,0.025640515610575676,0.04800225878728141,0.007406675722450018,0.040595583064831395,0.049157895147800446,0.03038649349925949,-1.062091248282826e-10,0.030386493605468613,2.115484676323831e-09,8.305748727570377,0.44404893547174606,4.040583582062235,8.363325343458177,-0.05652791032821268,4.234925258325018,-0.057576615887800386,0.5005768457999588,-0.1943416762627832,0.540056415924073,0.03038649349925952,1.1744609917688367,0.0647112398680229,-1.0620912480938029e-10,1.1077503086222833,0.003700499888509513,0.030386493605468645,0.06671068314655337,0.06101073997951338,-0.005280738217982111,0.5541128413717687,0.018514340730764297,0.8322188966961058,-0.0009732068336588594,0.525986059855663,0.001573623075689671,0.850491176565865
0.292272806,0.06906055680457865,0.003700499888509512,0.06536005691606914,0.03257841244339943,-0.7896833327705703,-0.7982636094093323,0.00858027663876193,0.010920744389295578,1.2235224960773465,1.2038689851760864,0.019653510901260107,0.025640515610575676,0.05124842361604811,0.007406675722450018,0.04384174789359809,0.049157895147800446,0.03243066811982575,-1.062091248282826e-10,0.032430668226034874,2.115484676323831e-09,8.299715205794417,0.47943140132984796,4.025055552940326,8.363325343458177,-0.05652791032821268,4.234925258325018,-0.06361013766376011,0.5359593116580607,-0.2098697053846923,0.5790888762572134,0.03243066811982574,1.1798258440559037,0.06906055680457868,-1.0620912480938029e-10,1.1077503086222833,0.003700499888509513,0.03243066822603487,0.07207553543362044,0.06536005691606916,-0.005736317011515027,0.5563491398079526,0.01967017800710317,0.8306959813308739,-0.0009732068336588594,0.525986059855663,0.001573623075689671,0.850491176565865
0.312326193,0.0777259568055941,0.0055693816393613815,0.07215657516623272,0.0487101674079895,-0.7884068917479122,-0.797342836856842,0.00893594510892981,0.02317848615348339,1.2264672407192707,1.2060256004333496,0.020441640285921103,0.054292771965265274,0.0577159487747841,0.011707506142556667,0.046008442632227434,0.10841569304466248,0.036503397474232806,2.089126094340088e-10,0.036503397265320196,-1.4042598195374012e-09,8.28708164520801,0.549783562837701,3.994192218168037,8.35888926182857,-0.04112426820079154,4.212589952421613,-0.07180761662056057,0.5909078310384925,-0.21839773425357611,0.6340551781307654,0.0365033974742328,1.1905145548792218,0.07772595680559408,2.089126117238948e-10,1.1151285268521438,0.005569381639361384,0.03650339726532019,0.07538602802707794,0.0721565751662327,-0.00668197066368901,0.5607922291295042,0.02193942402828781,0.8276388636895432,-0.0014734362144421512,0.5291188824534487,0.002362936333611959,0.848543136056629
0.332237005,0.08639033111261457,0.0055693816393613815,0.08082094947325319,0.0487101674079895,-0.7871306018132468,-0.797342836856842,0.010212235043595252,0.02317848615348339,1.2294116368017638,1.2060256004333496,0.023386036368414187,0.054292771965265274,0.06418270839451243,0.011707506142556667,0.05247520225195576,0.10841569304466248,0.04057564475348563,2.089126094340088e-10,0.04057564454457302,-1.4042598195374012e-09,8.273636885341933,0.6199289802986612,3.9634327276175885,8.35888926182857,-0.04112426820079154,4.212589952421613,-0.08525237648663797,0.6610532484994527,-0.24915722480402458,0.7115747941856442,0.04057564475348558,1.2012020005161081,0.08639033111261449,2.089126117238948e-10,1.1151285268521438,0.005569381639361384,0.04057564454457297,0.08607347366396434,0.0808209494732531,-0.007678018640866928,0.565217763837622,0.024163484778959497,0.824552032000095,-0.0014734362144421512,0.5291188824534487,0.002362936333611959,0.848543136056629
0.352362156,0.09506648335068016,0.008040083572268486,0.08702639977841167,0.06409012526273727,-0.7858525769518213,-0.7962619066238403,0.010409329672019019,0.02779969573020935,1.2323600353537718,1.2085667848587036,0.023793250495068197,0.06540703773498535,0.07065825861425268,0.016693178564310074,0.053965080049942604,0.12795427441596985,0.044653427648578,6.866519575154939e-10,0.04465342696192604,-7.355993147939444e-09,8.2593632200389,0.6899604016355159,3.9327336955291217,8.353530160098495,-0.02078148049280346,4.186474898939896,-0.09416694005959592,0.7107418821283193,-0.25374120341077466,0.7605301006007857,0.04465342764857798,1.211903974149282,0.09506648335068014,6.866519565217971e-10,1.1237363139322532,0.008040083572268486,0.04465342696192602,0.08816766021702893,0.08702639977841166,-0.008725953132338263,0.5696316593549057,0.02634534479695148,0.8214314050546392,-0.0021417438670470654,0.5327637706603863,0.003401996417531616,0.8462544558377879
0.372020245,0.1037248330596388,0.008040083572268486,0.09568474948737031,0.06409012526273727,-0.7845771744596409,-0.7962619066238403,0.011684732164199407,0.02779969573020935,1.235302384109787,1.2085667848587036,0.026735599251083375,0.06540703773498535,0.07712052170300361,0.016693178564310074,0.06042734313869354,0.12795427441596985,0.04872284337275292,6.866519575154939e-10,0.04872284268610096,-7.355993147939444e-09,8.24431397665225,0.7596288387624173,3.902201547317751,8.353530160098495,-0.02078148049280346,4.186474898939896,-0.10921618344624484,0.7804103192552208,-0.2842733516221454,0.8377229730460347,0.0487228433727529,1.222583988486229,0.10372483305963878,6.866519565217971e-10,1.1237363139322532,0.008040083572268486,0.04872284268610094,0.09884767455397592,0.0956847494873703,-0.009822068349093273,0.574018294707916,0.028477400951580637,0.8182881900339298,-0.0021417438670470654,0.5327637706603863,0.003401996417531616,0.8462544558377879
0.392702341,0.11239371400694144,0.01160501316189766,0.10078870084504378,0.09695543348789215,-0.7833002206825066,-0.7950482964515686,0.011748075769062005,0.03263942897319794,1.238248311674361,1.211427927017212,0.026820384657149088,0.07705753296613693,0.08359064490772547,0.022222718223929405,0.061367926683796065,0.14795149862766266,0.05279720876844178,-6.455752599165976e-12,0.05279720877489753,1.0040821507573128e-08,8.228444896552674,0.8291521733611198,3.871738096045912,8.347280394481096,0.008542204781750742,4.15728793248758,-0.11883549792842274,0.8206099685793691,-0.285549836441668,0.8769614046191501,0.052797208768441815,1.2332769930326597,0.11239371400694152,-6.45574915252857e-12,1.1333406059226525,0.011605013161897666,0.05279720877489757,0.09993638711000719,0.10078870084504385,-0.010969800606172602,0.5783914570420446,0.03056648218280783,0.8151126769118547,-0.003114917686965313,0.5368167501237296,0.004895507388613692,0.8436789129057386
0.412796259,0.12183690788153144,0.01160501316189766,0.11023189471963378,0.09695543348789215,-0.7819092081447093,-0.7950482964515686,0.013139088306859281,0.03263942897319794,1.241457372371108,1.211427927017212,0.030029445353896067,0.07705753296613693,0.09063868584704454,0.022222718223929405,0.06841596762311514,0.14795149862766266,0.05723550046737002,-6.455752599165976e-12,0.05723550047382577,1.0040821507573128e-08,8.21025054080932,0.9046116115535914,3.838676293359612,8.347280394481096,0.008542204781750742,4.15728793248758,-0.1370298536717769,0.8960694067718407,-0.31861163912796764,0.9608490719866244,0.057235500467369964,1.2449251072065224,0.12183690788153134,-6.45574915252857e-12,1.1333406059226525,0.011605013161897666,0.057235500473825716,0.11158450128386987,0.11023189471963368,-0.012277195320260472,0.5831331261865205,0.032790042700942226,0.8116217349964663,-0.003114917686965313,0.5368167501237296,0.004895507388613692,0.8436789129057386
0.432983875,0.1318023763815315,0.01160501316189766,0.12019736321963384,0.09695543348789215,-0.7804412628909511,-0.7950482964515686,0.014607033560617544,0.03263942897319794,1.2448439165544352,1.211427927017212,0.033415989537223245,0.07705753296613693,0.0980765327132929,0.022222718223929405,0.0758538144893635,0.14795149862766266,0.06191926071913139,-6.455752599165976e-12,0.06191926072558714,1.0040821507573128e-08,8.190029244645675,0.983920658199115,3.8039272201343817,8.347280394481096,0.008542204781750742,4.15728793248758,-0.157251149835421,0.9753784534173643,-0.3533607123531981,1.0492639537076318,0.061919260719131355,1.2572174435098562,0.13180237638153147,-6.45574915252857e-12,1.1333406059226525,0.011605013161897666,0.06191926072558711,0.12387683758720369,0.12019736321963381,-0.013721380752387753,0.5881112219870743,0.03507737565312093,0.8079025262990629,-0.003114917686965313,0.5368167501237296,0.004895507388613692,0.8436789129057386
0.453046322,0.14172421538153157,0.01160501316189766,0.1301192022196339,0.09695543348789215,-0.7789797444015188,-0.7950482964515686,0.016068552050049756,0.03263942897319794,1.248215634216616,1.211427927017212,0.03678770719940405,0.07705753296613693,0.10548181617925047,0.022222718223929405,0.08325909795532106,0.14795149862766266,0.06658251514942494,-6.455752599165976e-12,0.06658251515588069,1.0040821507573128e-08,8.168861814353482,1.0625371097547478,3.7694771111104686,8.347280394481096,0.008542204781750742,4.15728793248758,-0.17841858012761413,1.053994904972997,-0.3878108213771112,1.1371612386205312,0.06658251514942491,1.2694559631274276,0.14172421538153168,-6.45574915252857e-12,1.1333406059226525,0.011605013161897666,0.06658251515588066,0.13611535720477508,0.13011920221963402,-0.015224865806898084,0.5930403094540883,0.03729402051850632,0.8041645048479363,-0.003114917686965313,0.5368167501237296,0.004895507388613692,0.8436789129057386
0.463536501,0.1467261123815316,0.02051193080842495,0.12621418157310665,0.1033804714679718,-0.7782429490405243,-0.7924143075942993,0.014171358553775049,0.03555142134428024,1.249915418345275,1.2176313400268555,0.03228407831841951,0.08436786383390427,0.10921504196053182,0.03428640589118004,0.07492863606935178,0.1642950177192688,0.06893340174868562,-1.564092855232957e-09,0.06893340331277847,1.9237631931900978e-08,8.157801442113083,1.1020345846164323,3.7521661855615838,8.332577745594701,0.08164019598809169,4.0941380822845215,-0.1747763034816181,1.0203943886283406,-0.3419718967229377,1.0902734715433497,0.06893340174868548,1.2756257683983614,0.1467261123815315,-1.5640928600140276e-09,1.1542416954568155,0.020511930808424953,0.06893340331277834,0.12138407294154585,0.12621418157310654,-0.01600758819715624,0.5955146356745445,0.03838845965253802,0.8022670390730446,-0.005595694356290922,0.5455846704762758,0.008594728489859605,0.8379929511566014
0.482427597,0.15682360338153165,0.02051193080842495,0.1363116725731067,0.1033804714679718,-0.7767555564519755,-0.7924143075942993,0.015658751142323846,0.03555142134428024,1.2533468274568733,1.2176313400268555,0.035715487430017845,0.08436786383390427,0.11675142540214534,0.03428640589118004,0.0824650195109653,0.1642950177192688,0.073679212443719,-1.564092855232957e-09,0.07367921400781186,1.9237631931900978e-08,8.134683132434542,1.1814830436351238,3.717337034806193,8.332577745594701,0.08164019598809169,4.0941380822845215,-0.19789461316015888,1.099842847647032,-0.3768010474783283,1.179319972195378,0.07367921244371893,1.288080953540122,0.1568236033815315,-1.5640928600140276e-09,1.1542416954568155,0.020511930808424953,0.07367921400781179,0.13383925808330654,0.13631167257310656,-0.017638169029566123,0.6004874657614078,0.040550616553026414,0.7984105121764717,-0.005595694356290922,0.5455846704762758,0.008594728489859605,0.8379929511566014
0.502608776,0.16672282588153173,0.025921998545527458,0.14080082733600427,0.13817070424556732,-0.7752973694450352,-0.7907896637916565,0.01549229434662125,0.041490569710731506,1.2567108594014664,1.221461534500122,0.03524932490134436,0.09786234050989151,0.12413982877223481,0.04170976206660271,0.0824300667056321,0.1892901062965393,0.0783318371415786,-1.1729373028401824e-09,0.0783318383145159,3.3207470551133156e-08,8.110998772690438,1.25898717811644,3.6833459067191887,8.32278302305008,0.12589993644720338,4.055378325010175,-0.2117842503596421,1.1330872416692366,-0.37203241829098666,1.2112585959213804,0.07833183714157847,1.300291575861745,0.16672282588153162,-1.1729373060407173e-09,1.167119889908148,0.02592199854552746,0.07833183831451578,0.13317168595359696,0.14080082733600416,-0.01930210100916594,0.6053331230347584,0.04260879865552149,0.7945965827580378,-0.007141288058538687,0.5509519391193516,0.010815734584525496,0.8344363263130917
0.512387276,0.17172659788153175,0.025921998545527458,0.1458045993360043,0.13817070424556732,-0.7745602978905681,-0.7907896637916565,0.016229365901088366,0.041490569710731506,1.2584112807074286,1.221461534500122,0.03694974620730651,0.09786234050989151,0.12787445398224087,0.04170976206660271,0.08616469191563816,0.1892901062965393,0.08068360498896847,-1.1729373028401824e-09,0.08068360616190577,3.3207470551133156e-08,8.09864515761288,1.2980138289772156,3.666223284736328,8.32278302305008,0.12589993644720338,4.055378325010175,-0.22413786543719993,1.1721138925300123,-0.3891550402738475,1.2552013404849205,0.08068360498896844,1.3064636939321805,0.17172659788153175,-1.1729373060407173e-09,1.167119889908148,0.02592199854552746,0.08068360616190574,0.13934380402403246,0.1458045993360043,-0.020167731374909296,0.6077710600228474,0.04362589902234015,0.7926565347894298,-0.007141288058538687,0.5509519391193516,0.010815734584525496,0.8344363263130917
0.532484055,0.1817233943815318,0.03221958130598068,0.1495038130755511,0.1409425288438797,-0.7730877379226185,-0.7890529632568359,0.015965225334217403,0.04480686038732529,1.2618084710190511,1.225545883178711,0.0362625878403402,0.10600368678569794,0.1353356828768029,0.049676597118377686,0.08565908575842521,0.20670723915100098,0.08538208936947173,-1.5565256861194143e-09,0.08538209092599741,1.1699739843606949e-08,8.073201503438032,1.375673472258368,3.632134980554813,8.311585638658109,0.17730737950591677,4.014100238786066,-0.23838413522007684,1.198366092752451,-0.3819652582312525,1.280158484984991,0.08538208936947164,1.318794673106314,0.18172339438153165,-1.5565256995727294e-09,1.180907774173332,0.03221958130598068,0.08538209092599734,0.137886898932982,0.14950381307555097,-0.021946386986182818,0.6126182082574223,0.04561101210803252,0.7887565673794412,-0.008968547250094104,0.5566658765579904,0.01338163248395693,0.8305802784488755
0.542306900,0.18672519638153184,0.03221958130598068,0.15450561507555116,0.1409425288438797,-0.7723509565554265,-0.7890529632568359,0.016702006701409422,0.04480686038732529,1.26350822286406,1.225545883178711,0.03796233968534901,0.10600368678569794,0.13906883775369552,0.049676597118377686,0.08939224063531784,0.20670723915100098,0.0877329313188272,-1.5565256861194143e-09,0.08773293287535289,1.1699739843606949e-08,8.060091348731623,1.4143710334343116,3.615140010875742,8.311585638658109,0.17730737950591677,4.014100238786066,-0.2514942899264856,1.2370636539283948,-0.3989602279103237,1.3239128087568894,0.08773293131882726,1.3249643611954074,0.1867251963815318,-1.5565256995727294e-09,1.180907774173332,0.03221958130598068,0.08773293287535296,0.14405658702207536,0.1545056150755511,-0.02286090424513696,0.6150314577174985,0.04658072365609331,0.7867934425620603,-0.008968547250094104,0.5566658765579904,0.01338163248395693,0.8305802784488755
0.552212000,0.19172585088153188,0.03221958130598068,0.1595062695755512,0.1409425288438797,-0.7716143442186397,-0.7890529632568359,0.017438619038196213,0.04480686038732529,1.2652075847565594,1.225545883178711,0.03966170157784843,0.10600368678569794,0.14280113618020862,0.049676597118377686,0.09312453906183094,0.20670723915100098,0.0900832339443276,-1.5565256861194143e-09,0.09008323550085329,1.1699739843606949e-08,8.046732439108865,1.4529514543187567,3.5981899180390235,8.311585638658109,0.17730737950591677,4.014100238786066,-0.26485319954924336,1.27564407481284,-0.41591032074704204,1.3676243701471853,0.09008323394432761,1.3311326338512075,0.19172585088153202,-1.5565256995727294e-09,1.180907774173332,0.03221958130598068,0.09008323550085331,0.15022485967787547,0.15950626957555133,-0.0237915636429951,0.617436020274643,0.047534493977591956,0.784823033714688,-0.008968547250094104,0.5566658765579904,0.01338163248395693,0.8305802784488755
0.572380781,0.20172432838153193,0.03221958130598068,0.16950474707555124,0.1409425288438797,-0.7701415366340356,-0.7890529632568359,0.01891142662280032,0.04480686038732529,1.2686053463188736,1.225545883178711,0.043059463140162624,0.10600368678569794,0.15026361970927,0.049676597118377686,0.1005870225908923,0.20670723915100098,0.09478250839315361,-1.5565256861194143e-09,0.0947825099496793,1.1699739843606949e-08,8.019271551632336,1.529758574113455,3.5644235251170437,8.311585638658109,0.17730737950591677,4.014100238786066,-0.29231408702577255,1.3524511946075382,-0.44967671366902184,1.4549161165116151,0.09478250839315355,1.3434656865271875,0.20172432838153187,-1.5565256995727294e-09,1.180907774173332,0.03221958130598068,0.09478250994967925,0.16255791235385542,0.1695047470755512,-0.025701260865858427,0.622218952403185,0.04939426104865626,0.7808605684984006,-0.008968547250094104,0.5566658765579904,0.01338163248395693,0.8305802784488755
0.582457304,0.20677980388153194,0.03221958130598068,0.17456022257555126,0.1409425288438797,-0.7693968489893237,-0.7890529632568359,0.019656114267512237,0.04480686038732529,1.2703233379164063,1.225545883178711,0.044777454737695344,0.10600368678569794,0.154036834446246,0.049676597118377686,0.10436023732786831,0.20670723915100098,0.09715857683395532,-1.5565256861194143e-09,0.097158578390481,1.1699739843606949e-08,8.00500790934167,1.5684220430967295,3.5474141091679017,8.311585638658109,0.17730737950591677,4.014100238786066,-0.3065777293164391,1.3911146635908127,-0.4666861296181639,1.4989949482730707,0.0971585768339555,1.3497015805064088,0.2067798038815322,-1.5565256995727294e-09,1.180907774173332,0.03221958130598068,0.0971585783904812,0.16879380633307672,0.1745602225755515,-0.02669160495903333,0.6246244923949728,0.05031058366560601,0.7788457144366012,-0.008968547250094104,0.5566658765579904,0.01338163248395693,0.8305802784488755
0.592878342,0.21187402438153202,0.03922456502914429,0.17264945935238774,0.18092700839042664,-0.7686464540826945,-0.7871713638305664,0.01852490974787191,0.047144923359155655,1.2720544961457319,1.2299774885177612,0.04207700762797062,0.1110202819108963,0.15783896697838973,0.0582880936563015,0.09955087332208823,0.21655023097991943,0.09955285538609844,-3.2492044610421544e-09,0.0995528586353029,1.7462298274040222e-08,7.990379151374928,1.6072624180493775,3.5303180693668494,8.298635219117287,0.23432644851273426,3.969569613180443,-0.30825606774235936,1.3729359695366432,-0.43925154381359377,1.4740817136407771,0.0995528553860983,1.3559852661745053,0.21187402438153177,-3.2492044668112404e-09,1.1958324754765757,0.039224565029144294,0.09955285863530276,0.16015279069792965,0.17264945935238749,-0.02770631196684856,0.6270395989440496,0.05121757530558559,0.776807866600936,-0.011039468028464564,0.5628131875091306,0.016208717299568014,0.8263514528304307
0.612552404,0.22172502388153206,0.03922456502914429,0.18250045885238778,0.18092700839042664,-0.7671953704772624,-0.7871713638305664,0.019975993353304022,0.047144923359155655,1.2754021405697429,1.2299774885177612,0.04542465205198165,0.1110202819108963,0.1651913785344033,0.0582880936563015,0.1069032848781018,0.21655023097991943,0.10418281532207348,-3.2492044610421544e-09,0.10418281857127794,1.7462298274040222e-08,7.961366643243553,1.6820233965554916,3.4973842536765516,8.298635219117287,0.23432644851273426,3.969569613180443,-0.3372685758737344,1.4476969480427573,-0.4721853595038916,1.5596587958185053,0.10418281532207344,1.3681364057599645,0.22172502388153217,-3.2492044668112404e-09,1.1958324754765757,0.039224565029144294,0.1041828185712779,0.17230393028338886,0.1825004588523879,-0.0297161402136495,0.6316841449476557,0.05292482217913212,0.7728460747327759,-0.011039468028464564,0.5628131875091306,0.016208717299568014,0.8263514528304307
0.623075962,0.22675309638153213,0.03922456502914429,0.18752853135238784,0.18092700839042664,-0.7664547193817391,-0.7871713638305664,0.02071664444882726,0.047144923359155655,1.2771108198634682,1.2299774885177612,0.047133331345706964,0.1110202819108963,0.16894414071386277,0.0582880936563015,0.11065604705756127,0.21655023097991943,0.10654600438021705,-3.2492044610421544e-09,0.10654600762942151,1.7462298274040222e-08,7.94619264682565,1.720002498255973,3.480639010989701,8.298635219117287,0.23432644851273426,3.969569613180443,-0.3524425722916371,1.4856760497432386,-0.488930602190742,1.6032785863045829,0.10654600438021694,1.3743384983286706,0.226753096381532,-3.2492044668112404e-09,1.1958324754765757,0.039224565029144294,0.1065460076294214,0.17850602285209494,0.1875285313523877,-0.03076611567106339,0.6340415038601064,0.05377246855844392,0.77081342692928,-0.011039468028464564,0.5628131875091306,0.016208717299568014,0.8263514528304307
0.642477512,0.2367047243815322,0.04691170156002045,0.18979302282151175,0.20301496982574463,-0.764988812877718,-0.7852052450180054,0.020216432140287344,0.051149796694517136,1.280492660658814,1.2346065044403076,0.045886156218506446,0.12042400240898132,0.17637165755703674,0.0673084706068039,0.10906318695023284,0.23446877300739288,0.11122325961078806,-2.423819811525618e-09,0.11122326203460788,8.847564458847046e-09,7.915437157785657,1.7948043024851292,3.447626895768172,8.284093826680195,0.29670706261630986,3.9232315456745415,-0.36865666889453763,1.4980972398688195,-0.4756046499063693,1.6144357722237055,0.11122325961078837,1.386613762471213,0.2367047243815326,-2.4238197961516596e-09,1.2114479871621855,0.046911701560020454,0.11122326203460817,0.17516577530902744,0.18979302282151214,-0.03289215580152516,0.6386802233555027,0.055402704990472194,0.7667699907149681,-0.013353538978126345,0.5692007968817896,0.019281055338250065,0.8218639648572863
0.652619123,0.24171281938153225,0.04691170156002045,0.1948011178215118,0.20301496982574463,-0.7642511045315805,-0.7852052450180054,0.020954140486424855,0.051149796694517136,1.2821945510407664,1.2346065044403076,0.04758804660045879,0.12042400240898132,0.1801095092899105,0.0673084706068039,0.11280103868310662,0.23446877300739288,0.11357705926386458,-2.423819811525618e-09,0.11357706168768439,8.847564458847046e-09,7.899598673866089,1.832259984360287,3.4310798770693505,8.284093826680195,0.29670706261630986,3.9232315456745415,-0.3844951528141056,1.5355529217439772,-0.492151668605191,1.6577009871882447,0.11357705926386444,1.392791212932176,0.2417128193815321,-2.4238197961516596e-09,1.2114479871621855,0.046911701560020454,0.11357706168768424,0.1813432257699905,0.19480111782151166,-0.033986079944040674,0.6410008425417991,0.05619923069304894,0.7647251223153653,-0.013353538978126345,0.5692007968817896,0.019281055338250065,0.8218639648572863
0.663296461,0.24672691288153228,0.05535852909088135,0.19136838379065094,0.18854543566703796,-0.7635125125872855,-0.7831168174743652,0.01960430488707976,0.05108547583222389,1.283898479880347,1.2395228147506714,0.04437566512967561,0.12068381905555725,0.18385183807516045,0.07690221816301346,0.10694961991214699,0.2376720905303955,0.11593367820595597,-2.2142723210549775e-09,0.1159336804202283,6.984919309616089e-09,7.883500688934788,1.8696322303173603,3.414557818957782,8.267505243178782,0.36500942725689123,3.8742461708455815,-0.3840045542439938,1.5046228030604691,-0.45968835188779966,1.6194636945702097,0.11593367820595582,1.3989760625013012,0.2467269128815321,-2.214272293241269e-09,1.2280464725723996,0.0553585290908814,0.11593368042022811,0.17092958992890162,0.1913683837906507,-0.03509736725146132,0.6433148462629247,0.05698066674120077,0.7626712181585548,-0.015945662202451603,0.5759397563139931,0.022620388208170458,0.8170235314794889
0.672696114,0.2517341298815323,0.05535852909088135,0.19637560079065097,0.18854543566703796,-0.7627749335733448,-0.7831168174743652,0.02034188390102043,0.05108547583222389,1.2856000718934075,1.2395228147506714,0.04607725714273614,0.12068381905555725,0.1875890345022101,0.07690221816301346,0.11068681633919664,0.2376720905303955,0.11828706519990853,-2.2142723210549775e-09,0.11828706741418085,6.984919309616089e-09,7.867185815908648,1.9068234046647512,3.398103454037802,8.267505243178782,0.36500942725689123,3.8742461708455815,-0.4003194272701336,1.5418139774078599,-0.47614271680777964,1.6625756739316337,0.11828706519990882,1.4051524299553526,0.2517341298815327,-2.214272293241269e-09,1.2280464725723996,0.0553585290908814,0.11828706741418112,0.17710595738295298,0.1963756007906513,-0.03622312137378778,0.6456161849631689,0.05774499232845552,0.7606136621521664,-0.015945662202451603,0.5759397563139931,0.022620388208170458,0.8170235314794889
0.682863474,0.25697935888153234,0.05535852909088135,0.201620829790651,0.18854543566703796,-0.7620022946336477,-0.7831168174743652,0.021114522840717576,0.05108547583222389,1.2873825470234197,1.2395228147506714,0.04785973227274831,0.12068381905555725,0.19150387403839497,0.07690221816301346,0.11460165587538151,0.2376720905303955,0.12075231759638001,-2.2142723210549775e-09,0.12075231981065233,6.984919309616089e-09,7.849840673808212,1.9456414472336496,3.380915560069534,8.267505243178782,0.36500942725689123,3.8742461708455815,-0.4176645693705696,1.5806320199767585,-0.49333061077604734,1.7076932882142446,0.12075231759637974,1.4116223835612456,0.25697935888153195,-2.214272293241269e-09,1.2280464725723996,0.0553585290908814,0.12075231981065203,0.18357591098884596,0.20162082979065055,-0.0374194813347021,0.6480166232601947,0.05852844124039477,0.7584514882054529,-0.015945662202451603,0.5759397563139931,0.022620388208170458,0.8170235314794889
0.702525616,0.26672799038153244,0.0641736313700676,0.20255435901146485,0.2277373969554901,-0.7605662901606955,-0.7810268402099609,0.02046055004926539,0.05301938205957413,1.2906954039454723,1.2444369792938232,0.04625842465164909,0.1246129497885704,0.19877988201057262,0.0865730345249176,0.11220684748565501,0.24586880207061768,0.1253341646744947,-1.194474075205676e-09,0.12533416586896878,-3.003515303134918e-08,7.816915851321993,2.0173978683132807,3.349103986041685,8.24960482112125,0.436017255031103,3.8254181675103354,-0.43268896979925753,1.5813806132821777,-0.47631418146865023,1.7072959872613798,0.1253341646744944,1.4236472529284296,0.26672799038153233,-1.194474076912016e-09,1.2447214307418588,0.06417363137006758,0.12533416586896848,0.17892582218657083,0.20255435901146474,-0.03968930978391928,0.652449609338709,0.059937698702449894,0.7544148316655079,-0.018701956586502436,0.5826548062181655,0.02606621015016512,0.8120863047109684
0.712564230,0.2717328668815325,0.0641736313700676,0.20755923551146488,0.2277373969554901,-0.7598290559098602,-0.7810268402099609,0.021197784300100775,0.05301938205957413,1.2923962005913445,1.2444369792938232,0.04795922129752128,0.1246129497885704,0.20251533157739282,0.0865730345249176,0.11594229705247522,0.24586880207061768,0.12768645163578254,-1.194474075205676e-09,0.12768645283025662,-3.003515303134918e-08,7.799667586068922,2.0540369882911653,3.332840134402086,8.24960482112125,0.436017255031103,3.8254181675103354,-0.44993723505232897,1.6180197332600623,-0.49257803310824944,1.750161275827542,0.12768645163578243,1.4298207333919566,0.27173286688153236,-1.194474076912016e-09,1.2447214307418588,0.06417363137006758,0.1276864528302565,0.18509930265009777,0.20755923551146477,-0.040877935741252355,0.6547109115048337,0.06063750923700952,0.7523335092893148,-0.018701956586502436,0.5826548062181655,0.02606621015016512,0.8120863047109684
0.722880363,0.2768987043815325,0.0641736313700676,0.21272507301146493,0.2277373969554901,-0.7590681115910043,-0.7810268402099609,0.021958728618956647,0.05301938205957413,1.2941516962750284,1.2444369792938232,0.04971471698120511,0.1246129497885704,0.20637091631592502,0.0865730345249176,0.11979788179100742,0.24586880207061768,0.1301143901064684,-1.194474075205676e-09,0.1301143913009425,-3.003515303134918e-08,7.781620962645733,2.0917097840121928,3.3161020274010307,8.24960482112125,0.436017255031103,3.8254181675103354,-0.4679838584755176,1.6556925289810898,-0.5093161401093047,1.7943604913431612,0.1301143901064687,1.4361927581330287,0.2768987043815327,-1.194474076912016e-09,1.2447214307418588,0.06417363137006758,0.13011439130094277,0.1914713273911699,0.2127250730114651,-0.0421213183906758,0.6570344269542641,0.06134294753149112,0.7501790447100358,-0.018701956586502436,0.5826548062181655,0.02606621015016512,0.8120863047109684
0.741878271,0.2867245368815326,0.0737173780798912,0.2130071588016414,0.22258220613002777,-0.7576207351648384,-0.7788581848144531,0.021237449649614715,0.05648932233452797,1.2974907882504052,1.2495232820510864,0.04796750619931878,0.13311998546123505,0.21370454417982387,0.09666090458631516,0.11704363959350872,0.2633923888206482,0.13473252157755433,-2.14093054395903e-09,0.13473252371848488,2.6193447411060333e-09,7.746616835983575,2.162954467666273,3.2844028608480036,8.229602933607454,0.5125790143096628,3.7750209609323115,-0.4829860976238791,1.65037545335661,-0.49061810008430795,1.7882172204937283,0.13473252157755514,1.448312854398472,0.28672453688153365,-2.1409304854785314e-09,1.2620642589560287,0.0737173780798913,0.13473252371848563,0.18624859544244332,0.21300715880164234,-0.04453250518695783,0.6614240400897115,0.06263737051129063,0.7460641091679782,-0.021740908953493166,0.5895777169144788,0.029753668531157445,0.8068706016485697
0.762315035,0.29672764188153267,0.0737173780798912,0.22301026380164146,0.22258220613002777,-0.7561472459347439,-0.7788581848144531,0.022710938879709208,0.05648932233452797,1.3008901223663034,1.2495232820510864,0.05136684031521699,0.13311998546123505,0.2211704814989779,0.09666090458631516,0.12450957691266273,0.2633923888206482,0.13943397094676316,-2.14093054395903e-09,0.1394339730876937,2.6193447411060333e-09,7.710076869062312,2.234919224395483,3.2523196910342924,8.229602933607454,0.5125790143096628,3.7750209609323115,-0.5195260645451425,1.7223402100858203,-0.5227012698980191,1.8733872393536883,0.13943397094676313,1.4606516150636148,0.2967276418815322,-2.1409304854785314e-09,1.2620642589560287,0.0737173780798913,0.13943397308769362,0.19858735610758615,0.2230102638016409,-0.04704907699708255,0.6658518775606457,0.06389126905260123,0.7418527935119834,-0.021740908953493166,0.5895777169144788,0.029753668531157445,0.8068706016485697
0.782226086,0.30675876438153277,0.08362150192260742,0.22313726245892535,0.21808724105358124,-0.7546696296376534,-0.7765834927558899,0.02191386311823651,0.056436605751514435,1.3042989776102507,1.2548644542694092,0.04943452334084153,0.13305415213108063,0.22865733001508914,0.10719659179449081,0.12146073822059833,0.2633924186229706,0.14414858851301698,-1.0536114203318903e-09,0.1441485895666284,3.1082890927791595e-08,7.672528973748042,2.306500198093716,3.220339458373028,8.207353776279605,0.5916120325484686,3.7225203263651174,-0.5348248025315634,1.7148881655452473,-0.5021808679920894,1.8652250839797748,0.14414858851301762,1.473024935120768,0.3067587643815336,-1.0536114220907273e-09,1.2802158104410892,0.08362150192260741,0.14414858956662904,0.1928091246796788,0.22313726245892618,-0.049635033959805154,0.6702497464370848,0.06508386847502173,0.7376081146985565,-0.02496553353097283,0.5967599982989833,0.03352376243538585,0.8013303837481062
0.804640293,0.31672578438153287,0.08362150192260742,0.23310428245892545,0.21808724105358124,-0.753201455843003,-0.7765834927558899,0.023382036912886872,0.056436605751514435,1.307686049036557,1.2548644542694092,0.05282159476714776,0.13305415213108063,0.23609633486195963,0.10719659179449081,0.12889974306746882,0.2633924186229706,0.14883307796823034,-1.0536114203318903e-09,0.14883307902184176,3.1082890927791595e-08,7.634333655370066,2.3770308304241405,3.1887572028059195,8.207353776279605,0.5916120325484686,3.7225203263651174,-0.5730201209095398,1.785418797875672,-0.533763123559198,1.949609041537986,0.14883307796823042,1.4853191851885903,0.3167257843815324,-1.0536114220907273e-09,1.2802158104410892,0.08362150192260741,0.14883307902184184,0.20510337474750107,0.233104282458925,-0.05226591918914136,0.6745766350020018,0.06620448640072693,0.7333700315537212,-0.02496553353097283,0.5967599982989833,0.03352376243538585,0.8013303837481062
0.822626352,0.3267253163815329,0.08362150192260742,0.24310381445892548,0.21808724105358124,-0.7517284929271899,-0.7765834927558899,0.024854999828699986,0.056436605751514435,1.3110841689473862,1.2548644542694092,0.05621971467797704,0.13305415213108063,0.2435596054297358,0.10719659179449081,0.13636301363524497,0.2633924186229706,0.15353284803100423,-1.0536114203318903e-09,0.15353284908461565,3.1082890927791595e-08,7.595135906711796,2.447185467119314,3.1572682320247636,8.207353776279605,0.5916120325484686,3.7225203263651174,-0.6122178695678091,1.8555734345708454,-0.5652520943403538,2.0340780272790293,0.15353284803100567,1.4976535385830152,0.32672531638153507,-1.0536114220907273e-09,1.2802158104410892,0.08362150192260741,0.1535328490846171,0.21743772814192597,0.24310381445892765,-0.054966557528131524,0.6788738398809482,0.06726422361754691,0.7290984236026932,-0.02496553353097283,0.5967599982989833,0.03352376243538585,0.8013303837481062
0.842417002,0.336724392381533,0.09407389163970947,0.24265050074182354,0.26161134243011475,-0.7502555971816293,-0.7742894291877747,0.024033832006145395,0.056169793009757996,1.3144821338966954,1.2602438926696777,0.0542382412270177,0.13152527809143066,0.2510225356564461,0.11791204661130905,0.13311048904513706,0.26350870728492737,0.15823240377423306,1.256758030976357e-10,0.15823240364855726,-6.752088665962219e-09,7.5550719470477645,2.516717953558076,3.125979651056899,8.183143123078072,0.6746099424323714,3.6698299793452853,-0.628071176030307,1.8421080111257044,-0.5438503282883862,2.0207940286909443,0.15823240377423162,1.5099873295045885,0.33672439238153146,1.2567586257003063e-10,1.2986047672262917,0.09407389163970954,0.15823240364855576,0.21138256227829677,0.24265050074182193,-0.05772794247236889,0.6831261370978012,0.06825921954130706,0.7248081431795275,-0.028429504748158287,0.6039621555768228,0.03745138617743925,0.7956248309122589
0.862453699,0.3467245778815331,0.09407389163970947,0.25265068624182363,0.26161134243011475,-0.7487825380031845,-0.7742894291877747,0.025506891184590152,0.056169793009757996,1.3178804758850542,1.2602438926696777,0.05763658321537646,0.13152527809143066,0.25848629397178047,0.11791204661130905,0.14057424736047142,0.26350870728492737,0.1629324809813549,1.256758030976357e-10,0.1629324808556791,-6.752088665962219e-09,7.514146824671572,2.5856273815592377,3.0948888996989257,8.183143123078072,0.6746099424323714,3.6698299793452853,-0.6689962984064994,1.9110174391268662,-0.5749410796463597,2.104780498055207,0.16293248098135402,1.5223224889867295,0.3467245778815327,1.2567586257003063e-10,1.2986047672262917,0.09407389163970954,0.16293248085567816,0.2237177217604378,0.2526506862418232,-0.06055010346414502,0.6873333459707692,0.0691895790174324,0.7204993814310313,-0.028429504748158287,0.6039621555768228,0.03745138617743925,0.7956248309122589
0.882558107,0.35672616288153314,0.10502319037914276,0.2517029725023904,0.27362704277038574,-0.7473092726739318,-0.7719777226448059,0.02466844997087414,0.05779048055410385,1.3212792934625521,1.265650987625122,0.05562830583743006,0.13517558574676514,0.26595109682071494,0.12880373001098633,0.1371473668097286,0.27229219675064087,0.16763321595208033,4.88891593874996e-10,0.16763321546318874,1.3737007975578308e-08,7.47237061814784,2.6539040008930397,3.063997444664521,8.15689362634551,0.7610864898865618,3.617030421081342,-0.6845230081976705,1.892817511006478,-0.5530329764168211,2.087384811607384,0.16763321595208025,1.5346593747424175,0.3567261628815338,4.888915877354665e-10,1.317215252124381,0.10502319037914264,0.16763321546318866,0.21744412261803658,0.25170297250239115,-0.0634327247097266,0.6914947337516245,0.07005527171065196,0.7161728712644851,-0.032123183798419844,0.611172679739469,0.04150945743197874,0.7897550389496936
0.893462420,0.3617331758815332,0.10502319037914276,0.25670998550239044,0.27362704277038574,-0.7465717237098408,-0.7719777226448059,0.02540599893496509,0.05779048055410385,1.322980816150722,1.265650987625122,0.05732982852559987,0.13517558574676514,0.26968814098991933,0.12880373001098633,0.140884410978933,0.27229219675064087,0.16998650706623644,4.88891593874996e-10,0.16998650657734485,1.3737007975578308e-08,7.4511426514225025,2.6878398972866067,3.048609714357559,8.15689362634551,0.7610864898865618,3.617030421081342,-0.7057509749230082,1.926753407400045,-0.5684207067237832,2.1292170465607363,0.16998650706623797,1.5408354905638855,0.3617331758815359,4.888915877354665e-10,1.317215252124381,0.10502319037914264,0.16998650657734637,0.22362023843950452,0.25670998550239327,-0.06489825686530352,0.6935603210694998,0.07046430846576154,0.7140007552700904,-0.032123183798419844,0.611172679739469,0.04150945743197874,0.7897550389496936
0.912232876,0.3717253983815333,0.10502319037914276,0.26670220800239053,0.27362704277038574,-0.7450998375066612,-0.7719777226448059,0.026877885138144708,0.05779048055410385,1.3263764520895527,1.265650987625122,0.06072546446443061,0.13517558574676514,0.277145956024755,0.12880373001098633,0.14834222601376867,0.27229219675064087,0.17468284167130352,4.88891593874996e-10,0.17468284118241192,1.3737007975578308e-08,7.408160575490288,2.7550685934007215,3.018056650247585,8.15689362634551,0.7610864898865618,3.617030421081342,-0.7487330508552228,1.9939821035141598,-0.5989737708337568,2.212540482957212,0.17468284167130124,1.5531608277407263,0.37172539838153057,4.888915877354665e-10,1.317215252124381,0.10502319037914264,0.17468284118240965,0.23594557561634533,0.2667022080023879,-0.0678673963189247,0.6976466929417442,0.07123203325128319,0.7096542156453562,-0.032123183798419844,0.611172679739469,0.04150945743197874,0.7897550389496936
0.922481298,0.3767268483815333,0.10502319037914276,0.27170365800239055,0.27362704277038574,-0.7443631079901905,-0.7719777226448059,0.027614614654615455,0.05779048055410385,1.3280760843151425,1.265650987625122,0.06242509669002039,0.13517558574676514,0.2808788481822284,0.12880373001098633,0.15207511817124209,0.27229219675064087,0.1770335181810102,4.88891593874996e-10,0.1770335176921186,1.3737007975578308e-08,7.386340068134459,2.7884682965824688,3.0028420983737787,8.15689362634551,0.7610864898865618,3.617030421081342,-0.7705535582110521,2.027381806695907,-0.6141883227075633,2.2541643844102417,0.17703351818101445,1.5593300816402704,0.37672684838153925,4.888915877354665e-10,1.317215252124381,0.10502319037914264,0.17703351769212286,0.24211482951588947,0.2717036580023966,-0.06937568427622212,0.6996739395148839,0.07159200416463546,0.7074729519455988,-0.032123183798419844,0.611172679739469,0.04150945743197874,0.7897550389496936
0.942370892,0.3867274478815334,0.10502319037914276,0.28170425750239064,0.27362704277038574,-0.7428899878282269,-0.7719777226448059,0.029087734816579003,0.05779048055410385,1.3314745669922499,1.265650987625122,0.0658235793671278,0.13517558574676514,0.28834291549142516,0.12880373001098633,0.15953918548043883,0.27229219675064087,0.18173378996771894,4.88891593874996e-10,0.18173378947882735,1.3737007975578308e-08,7.342103461081728,2.8547443267473627,2.9725780289559243,8.15689362634551,0.7610864898865618,3.617030421081342,-0.8147901652637826,2.093657836860801,-0.6444523921254177,2.337221649090091,-2.959858863622197,1.5699269018015485,-2.7548652057085006,4.888915877354665e-10,1.317215252124381,0.10502319037914264,-2.9598588641110886,0.2527116496771675,-2.8598883960876433,-0.0724355590957095,0.7036907298632131,0.07226316412950391,0.7031006198212764,-0.032123183798419844,0.611172679739469,0.04150945743197874,0.7897550389496936
0.962188244,0.3967245513815335,0.128064826130867,0.2686597252506665,0.30781179666519165,-0.7414173826381995,-0.7671627402305603,0.02574535759236085,0.06414366513490677,1.334871861631036,1.2769204378128052,0.05795142381823082,0.15026859939098358,0.29580437351911704,0.15151527523994446,0.14428909827917258,0.3019465506076813,0.1864324186379159,-1.0512830606046464e-09,0.18643241968919896,-8.614733815193176e-09,7.297085517452192,2.9203114616352073,2.9425369405056667,8.09704878214637,0.9412503046038394,3.5082152012053416,-0.7999632646941777,1.9790611570313679,-0.5656782606996749,2.2083061795771695,-2.955160234951879,1.5575955439447782,-2.744868102208266,-1.0512830428853162e-09,1.3560112299552691,0.12806482613086712,-2.955160233900596,0.20158431398950905,-2.872932928339133,-0.07555259715158075,0.7076564384691866,0.07286931916475937,0.6987161315450088,-0.04013631429048817,0.6259555433452233,0.049835986828912014,0.777229122233174
0.982587576,0.40672251838153356,0.14074620604515076,0.2659763123363828,0.29939427971839905,-0.7399446502518714,-0.7644908428192139,0.024546192567342473,0.06911996006965637,1.3382694497112098,1.2831860780715942,0.05508337163961552,0.162614107131958,0.3032664760303843,0.16404077410697937,0.13922570192340494,0.32432788610458374,0.19113145315225127,-6.135614794011701e-10,0.19113145376581275,-3.213062882423401e-08,7.25127931620107,2.9851882375707417,2.912707799137899,8.06115004827931,1.0392404953732908,3.4486168114893183,-0.8098707320782408,1.945947742197451,-0.5359090123514192,2.174810724536684,-2.9504612004375375,1.5452631209669787,-2.734870135208252,-6.135617258832476e-10,1.377474266492438,0.14074620604515056,-2.950461199823976,0.16778885447454073,-2.875616341253403,-0.07872765859649328,0.7115720033592671,0.07341078422816087,0.694318440318417,-0.04468961124265487,0.6339895713503524,0.05428666852723471,0.7701383120493298
0.992006302,0.4117253623815336,0.14074620604515076,0.27097915633638286,0.29939427971839905,-0.7392077153947603,-0.7644908428192139,0.0252831274244536,0.06911996006965637,1.3399695556568854,1.2831860780715942,0.05678347758529112,0.162614107131958,0.3070004086164669,0.16404077410697937,0.1429596345094875,0.32432788610458374,0.19348278484056708,-6.135614794011701e-10,0.19348278545412856,-3.213062882423401e-08,7.2280679932840854,3.017387223427918,2.897862914898636,8.06115004827931,1.0392404953732908,3.4486168114893183,-0.8330820549952254,1.9781467280546274,-0.5507538965906824,2.2159467598925104,-2.948109868749226,1.5390921475781207,-2.729867291208258,-6.135617258832476e-10,1.377474266492438,0.14074620604515056,-2.9481098681356643,0.16161788108568276,-2.8706134972534088,-0.08033794437406326,0.7135120928858756,0.07365743239796019,0.6921133510140571,-0.04468961124265487,0.6339895713503524,0.05428666852723471,0.7701383120493298
1.012633085,0.4217245108815337,0.14074620604515076,0.2809783048363829,0.29939427971839905,-0.7377348089697188,-0.7644908428192139,0.026756033849495098,0.06911996006965637,1.3433675452437168,1.2831860780715942,0.06018146717212258,0.162614107131958,0.3144633929544212,0.16404077410697937,0.15042261884744185,0.32432788610458374,0.1981823746587236,-6.135614794011701e-10,0.19818237527228508,-3.213062882423401e-08,7.181102865075821,3.0812083123965905,2.8683561792419496,8.06115004827931,1.0392404953732908,3.4486168114893183,-0.88004718320349,2.0419678170232998,-0.5802606322473687,2.298003048683664,-2.9434102789310703,1.526758267228296,-2.7198681427082607,-6.135617258832476e-10,1.377474266492438,0.14074620604515056,-2.9434102783175087,0.149284000735858,-2.8606143487534115,-0.08359913461854306,0.7173508474252042,0.07410187564514661,0.6876975050232794,-0.04468961124265487,0.6339895713503524,0.05428666852723471,0.7701383120493298
1.032214403,0.4317244638815338,0.15383386611938477,0.277890597762149,0.3163790702819824,-0.7362617840392646,-0.7617927193641663,0.025530935324901693,0.061922281980514526,1.34676580822209,1.2895073890686035,0.057258419153486395,0.14455871284008026,0.3219269777405937,0.1767331063747406,0.1451938713658531,0.2953600585460663,0.2028823425910774,1.6053145479588693e-09,0.20288234098576285,4.4121406972408295e-08,7.133380921378782,3.1443134715852015,2.839066948403855,8.022534394277596,1.139531861415163,3.3889512048582944,-0.8891534728988137,2.0047816101700384,-0.5498842564544395,2.260998871813174,-2.9387103109987165,1.5144233945332957,-2.7098681897082586,1.6053144577299665e-09,1.3991860332122572,0.15383386611938477,-2.938710312604031,0.11523736132103846,-2.8637020558276434,-0.0869171254480299,0.7211374009136473,0.07448169941121902,0.6832706189791697,-0.049478480208253926,0.6420025506705058,0.05879146594171612,0.7628421648422891
1.042101860,0.43672709388153386,0.15383386611938477,0.2828932277621491,0.3163790702819824,-0.7355248807050351,-0.7617927193641663,0.026267838659131182,0.061922281980514526,1.348465841444596,1.2895073890686035,0.05895845237599251,0.14455871284008026,0.32566075060521116,0.1767331063747406,0.14892764423047056,0.2953600585460663,0.2052335736996067,1.6053145479588693e-09,0.20523357209429216,4.4121406972408295e-08,7.109228716316815,3.175609222353243,2.8244977192103384,8.022534394277596,1.139531861415163,3.3889512048582944,-0.9133056779607811,2.03607736093808,-0.5644534856479559,2.3018136368047055,-2.9363590798901873,1.5082526851119396,-2.7048655597082587,1.6053144577299665e-09,1.3991860332122572,0.15383386611938477,-2.936359081495502,0.10906665189968234,-2.8586994258276435,-0.08859805842310481,0.7230117288605303,0.0746474681966381,0.6810522589828146,-0.049478480208253926,0.6420025506705058,0.05879146594171612,0.7628421648422891
1.062654972,0.44672735238153394,0.16672161221504211,0.2800057401664918,0.3247634172439575,-0.7340518107734578,-0.7593646049499512,0.025312794176493347,0.061581116169691086,1.351864208240391,1.2951592206954956,0.0567049875448955,0.14341267943382263,0.33312456340497054,0.18841134011745453,0.144713223287516,0.2956899404525757,0.2099336852166557,4.691010913049354e-10,0.2099336847475546,-4.237517714500427e-08,7.060399708508998,3.237616744557538,2.7955413302562087,7.984460063560437,1.2376827962310752,3.335575883079363,-0.9240603550514397,1.9999339483264627,-0.5400345528231543,2.2683167009236986,-2.931658968373138,1.4959174355848113,-2.6948653012082606,4.691011837242708e-10,1.4189442129960792,0.16672161221504234,-2.9316589688422394,0.07697322258873207,-2.861586913423303,-0.09200001099294143,0.7267181311884208,0.07493042168039205,0.6766108096137,-0.054241137201697556,0.6491712433545038,0.06317310809524061,0.7560712626797962
1.084003687,0.457223383881534,0.16672161221504211,0.2905017716664919,0.3247634172439575,-0.7325057118997598,-0.7593646049499512,0.0268588930501914,0.061581116169691086,1.3554310525311881,1.2951592206954956,0.06027183183569251,0.14341267943382263,0.3409584023258722,0.18841134011745453,0.15254706220841768,0.2956899404525757,0.2148668095490376,4.691010913049354e-10,0.21486680907993652,-4.237517714500427e-08,7.008375107025644,3.301897573240403,2.7653914077662014,7.984460063560437,1.2376827962310752,3.335575883079363,-0.9760849565347929,2.0642147770093278,-0.5701844753131615,2.353472928224445,-2.9267258440407558,1.4829706534994147,-2.6843692697082586,4.691011837242708e-10,1.4189442129960792,0.16672161221504234,-2.926725844509857,0.0640264405033355,-2.8510908819233007,-0.09563002140661284,0.7305496685043553,0.07515805326843972,0.6719399883046445,-0.054241137201697556,0.6491712433545038,0.06317310809524061,0.7560712626797962
1.103235006,0.46672573488153407,0.18025347590446472,0.28647225897706935,0.3048236668109894,-0.7311059853289523,-0.7567543983459473,0.025648413016994942,0.06330480426549911,1.3586602164693393,1.3012467622756958,0.05741345419364352,0.1478123962879181,0.34805059589482906,0.20089195668697357,0.1471586392078555,0.30595192313194275,0.2193329050378834,2.672287391369821e-11,0.21933290501116054,4.0745362639427185e-09,6.960603893918273,3.359377050421438,2.7383114889973377,7.941964234973516,1.339671897772828,3.2787718161567407,-0.9813603410552432,2.0197051526486103,-0.5404603271594031,2.309626460678146,-2.922259748551909,1.471249569421497,-2.6748669187082577,2.6723081826815555e-11,1.440122577749802,0.18025347590446503,-2.922259748578632,0.031126991671695192,-2.855120394612723,-0.09896832909516583,0.7339659543434007,0.0753029647590946,0.6677040595948046,-0.05935191509869362,0.6567543388980983,0.06766246686281426,0.748714150454416
1.122256041,0.4767248108815342,0.18025347590446472,0.29647133497706946,0.3048236668109894,-0.7296330895833917,-0.7567543983459473,0.027121308762555585,0.06330480426549911,1.3620581814186485,1.3012467622756958,0.06081141914295274,0.1478123962879181,0.35551352612153936,0.20089195668697357,0.1546215694345658,0.30595192313194275,0.22403246078111227,2.672287391369821e-11,0.2240324607543894,4.0745362639427185e-09,6.909659060190554,3.4191183805701333,2.7100391743428167,7.941964234973516,1.339671897772828,3.2787718161567407,-1.0323051747829615,2.079446482797305,-0.568732641813924,2.390231885522074,-2.9175601928086823,1.4589157784999192,-2.664867842708261,2.6723081826815555e-11,1.440122577749802,0.18025347590446503,-2.9175601928354054,0.018793200750117256,-2.845121318612726,-0.10253391978959722,0.7375061893863009,0.07539278606954776,0.6632400347673154,-0.05935191509869362,0.6567543388980983,0.06766246686281426,0.748714150454416
1.142723799,0.4867188773815343,0.18025347590446472,0.3064654014770696,0.3048236668109894,-0.7281609317531382,-0.7567543983459473,0.028593466592809036,0.06330480426549911,1.3654544440001177,1.3012467622756958,0.06420768172442193,0.1478123962879181,0.3629727174478782,0.20089195668697357,0.1620807607609046,0.30595192313194275,0.22872966206433945,2.672287391369821e-11,0.22872966203761658,4.0745362639427185e-09,6.858059824036731,3.4780604287056027,2.6820115915504816,7.941964234973516,1.339671897772828,3.2787718161567407,-1.0839044109367846,2.138388530932775,-0.5967602246062591,2.4705620912952506,-2.912862991525453,1.4465881667618534,-2.654873776208257,2.6723081826815555e-11,1.440122577749802,0.18025347590446503,-2.912862991552176,0.00646558901205152,-2.835127252112722,-0.10615125150318179,0.7409879193851558,0.07541846363555717,0.6587722447647729,-0.05935191509869362,0.6567543388980983,0.06766246686281426,0.748714150454416
1.163675070,0.4967236778815344,0.19405266642570496,0.3026710114558294,0.35399001836776733,-0.7266871927704929,-0.754121720790863,0.027434528020370164,0.06846677511930466,1.368854354294212,1.3073841333389282,0.06147022095528376,0.1598043143749237,0.3704399202237803,0.21353669464588165,0.15690322557789865,0.3273122310638428,0.23343190831685656,-2.643154028980632e-10,0.23343190858117197,2.584420144557953e-08,6.805737883200982,3.536287309223725,2.6541866688463847,7.8967705457284945,1.4426326262253868,3.221993506112673,-1.0910326625275122,2.0936546829983382,-0.5678068372662883,2.4281982634844894,-2.9081607452729368,1.4342473147092152,-2.6448689757082593,-2.6431578067399735e-10,1.4615373643270266,0.19405266642570482,-2.908160745008621,-0.02729004961781145,-2.8389216421339643,-0.10982549518166199,0.7444158247364815,0.07538011042432965,0.6542944898456832,-0.06465791231964238,0.66430301698843,0.07213847083716858,0.7411591576846435
1.182415009,0.5067229353815345,0.2080446481704712,0.29867828721106326,0.3553903102874756,-0.7252142702894041,-0.7515059113502502,0.026291641060846138,0.0671566054224968,1.372252380922284,1.3134722709655762,0.05878010995670779,0.1564437299966812,0.37790298591519117,0.22614574432373047,0.1517572415914607,0.3226891756057739,0.23813154936490433,1.0122869209538976e-10,0.23813154926367563,1.1175870895385742e-08,6.752791506346251,3.5936958733728175,2.626611705846069,7.849356041753824,1.5459807098670268,3.1661455270772847,-1.0965645354075724,2.0477151635057904,-0.5395338212312155,2.3846777382735653,-2.9034611042248892,1.4219132999086435,-2.6348697182082588,1.0122912273182618e-10,1.4828503610721364,0.20804464817047133,-2.9034611043261185,-0.060937061163492956,-2.84291436637873,-0.11355013081038504,0.7477835353333833,0.07527787773486931,0.6498148914890958,-0.07012377885844367,0.6716891659443801,0.07657889411231097,0.7335202744083428
1.192217112,0.5117249823815345,0.2080446481704712,0.30368033421106333,0.3553903102874756,-0.7244774528329317,-0.7515059113502502,0.0270284585173185,0.0671566054224968,1.3739522160251274,1.3134722709655762,0.06047994505955123,0.1564437299966812,0.3816363236507705,0.22614574432373047,0.15549057932704002,0.3226891756057739,0.24048250646401534,1.0122869209538976e-10,0.24048250636278665,1.1175870895385742e-08,6.726064688889124,3.6221167881267142,2.612906111515313,7.849356041753824,1.5459807098670268,3.1661455270772847,-1.1232913528647002,2.0761360782596876,-0.5532394155619715,2.4244996040015097,-2.9011101471257774,1.4157433096137477,-2.629867671208258,1.0122912273182618e-10,1.4828503610721364,0.20804464817047133,-2.9011101472270067,-0.06710705145838869,-2.837912319378729,-0.1154328316729886,0.7494461041216516,0.07520281152184283,0.6475726488418456,-0.07012377885844367,0.6716891659443801,0.07657889411231097,0.7335202744083428
1.212187529,0.5217235818815346,0.2080446481704712,0.31367893371106337,0.3553903102874756,-0.7230046272773389,-0.7515059113502502,0.028501284072911304,0.0671566054224968,1.3773500190464445,1.3134722709655762,0.06387774808086832,0.1564437299966812,0.38909889823599425,0.22614574432373047,0.16295315391226378,0.3226891756057739,0.24518183825271964,1.0122869209538976e-10,0.24518183815149094,1.1175870895385742e-08,6.672167692518624,3.678328653408607,2.585688105791191,7.849356041753824,1.5459807098670268,3.1661455270772847,-1.1771883492352,2.13234794354158,-0.5804574212860936,2.503919124058763,-2.896410815337074,1.4034101064516142,-2.6198690717082593,1.0122912273182618e-10,1.4828503610721364,0.20804464817047133,-2.896410815438303,-0.07944025462052218,-2.8279137198787305,-0.1192347308829607,0.7527247798930078,0.07500503851561753,0.6430884300650741,-0.07012377885844367,0.6716891659443801,0.07657889411231097,0.7335202744083428
1.232111454,0.5317241873815346,0.22266317903995514,0.30906100834157946,0.3631966710090637,-0.7215315062315564,-0.7487544417381287,0.027222935506572288,0.06687962263822556,1.3807485037625191,1.319885015487671,0.06086348827484822,0.15569721162319183,0.39656297002336294,0.23935750126838684,0.1572054687549761,0.32298019528388977,0.24988211285942238,5.73874892051407e-10,0.2498821122855475,-3.073364496231079e-08,6.617641107074073,3.7337474391869065,2.558703643069994,7.79746246557689,1.6526450280090919,3.108065727316003,-1.1798213585028172,2.081102411177815,-0.5493620842460087,2.4545395461056776,-2.891710540730372,1.3910744289023889,-2.60986846620826,5.738751518797749e-10,1.5052263321510109,0.22266317903995597,-2.891710541304247,-0.11415190324862201,-2.832531645248216,-0.12308831096096563,0.7559439845104408,0.07474372753609171,0.6386010767147717,-0.07594342569610882,0.6793166319841661,0.08109373399469762,0.7253863218382505
1.242101192,0.5367246143815346,0.22266317903995514,0.3140614353415795,0.3631966710090637,-0.7207949274062442,-0.7487544417381287,0.027959514331884483,0.06687962263822556,1.3824477883441726,1.319885015487671,0.06256277285650169,0.15569721162319183,0.4002950986525241,0.23935750126838684,0.16093759738413727,0.32298019528388977,0.2522323085601498,5.73874892051407e-10,0.2522323079862749,-3.073364496231079e-08,6.590149431718514,3.7611536822063694,2.545301259166573,7.79746246557689,1.6526450280090919,3.108065727316003,-1.2073130338583766,2.1085086541972773,-0.5627644681494299,2.4940163097222605,-2.889360345029643,1.3849064368662611,-2.604868039208258,5.738751518797749e-10,1.5052263321510109,0.22266317903995597,-2.889360345603518,-0.12031989528474973,-2.827531218248214,-0.1250340525884439,0.7575308492332776,0.07458930881488327,0.6363567656305206,-0.07594342569610882,0.6793166319841661,0.08109373399469762,0.7253863218382505
1.262243509,0.5467232723815347,0.22266317903995514,0.3240600933415796,0.3631966710090637,-0.7193220932334151,-0.7487544417381287,0.029432348504713546,0.06687962263822556,1.3858456112454216,1.319885015487671,0.0659605957577507,0.15569721162319183,0.40775771689992407,0.23935750126838684,0.16840021563153723,0.32298019528388977,0.25693166784379573,5.73874892051407e-10,0.25693166726992084,-3.073364496231079e-08,6.53473167719012,3.8153424860523284,2.518683750255831,7.79746246557689,1.6526450280090919,3.108065727316003,-1.2627307883867704,2.1626974580432368,-0.5893819770601718,2.572765137716599,-2.8846609857459975,1.3725731615447843,-2.594869381208259,5.738751518797749e-10,1.5052263321510109,0.22266317903995597,-2.8846609863198727,-0.1326531706062266,-2.817532560248215,-0.1289620839799765,0.7606578943969066,0.07423315188467,0.6318684892827571,-0.07594342569610882,0.6793166319841661,0.08109373399469762,0.7253863218382505
1.282869816,0.5567322973815348,0.237121120095253,0.31961117728628186,0.36400991678237915,-0.7178477319684632,-0.746143102645874,0.028295370677410836,0.06616336107254028,1.3892469571424584,1.3259557485580444,0.06329120858441395,0.15388838946819305,0.41522807268203826,0.25205135345458984,0.16317671922744842,0.32107946276664734,0.26163589960709777,1.1466383398328617e-09,0.2616358984604594,-1.7462298274040222e-09,6.478672053031006,3.8687653458094333,2.492282238852248,7.74498865533233,1.7570475333277313,3.0534526641233937,-1.2663166023013241,2.111717812481702,-0.5611704252711456,2.5254350324281702,-2.8799567539826953,1.3602270986006813,-2.5848603562082584,1.146637287730083e-09,1.5266022564998412,0.23712112009525227,-2.879956755129333,-0.1663751578991599,-2.8219814763035105,-0.13294360192311525,0.7637261813878484,0.07381351194944284,0.6273753932249281,-0.08177027194392972,0.6864574129455339,0.08546630610748131,0.7174854377328386
1.302268267,0.5667248808815349,0.25171566009521484,0.3150092207863201,0.3334657549858093,-0.7163757925888337,-0.743546187877655,0.02717039528882137,0.06463232636451721,1.3926427157591592,1.3319859504699707,0.06065676528918851,0.1503465175628662,0.42268615715355107,0.26473093032836914,0.15795522682518193,0.31698861718177795,0.2663324038818046,3.672850912295189e-09,0.2663324002089537,6.28642737865448e-09,6.422135402605151,3.9212736980713476,2.4661688730258504,7.6902917065401875,1.8611789703517085,2.999723514503744,-1.2681563039350365,2.060094727719639,-0.5335546414778936,2.4772749653260195,-2.875260249707989,1.3479013161328377,-2.574867772708259,3.6728514774922363e-09,1.547908950053776,0.2517156600952203,-2.8752602533808402,-0.20000763392093823,-2.826583432803479,-0.13696725371706472,0.7667268452717945,0.07333177509240094,0.6228903329724781,-0.08773862700763092,0.693440151728422,0.08977006995639777,0.7094956122779779
1.312361002,0.5717265043815349,0.25171566009521484,0.3200108442863201,0.3334657549858093,-0.7156390375152603,-0.743546187877655,0.027907150362394773,0.06463232636451721,1.3943424069448889,1.3319859504699707,0.062356456474918165,0.1503465175628662,0.42641917880482916,0.26473093032836914,0.16168824847646002,0.31698861718177795,0.26868316193633823,3.672850912295189e-09,0.2686831582634873,6.28642737865448e-09,6.393627811566988,3.947243800610779,2.453190611681982,7.6902917065401875,1.8611789703517085,2.999723514503744,-1.2966638949731992,2.0860648302590703,-0.5465329028217618,2.5162873338388154,-2.872909491653456,1.3417318482222567,-2.5698661492082597,3.6728514774922363e-09,1.547908950053776,0.2517156600952203,-2.8729094953263075,-0.20617710183151927,-2.82158180930348,-0.13899928637363743,0.7682050778692968,0.07306715761539032,0.620645911290371,-0.08773862700763092,0.693440151728422,0.08977006995639777,0.7094956122779779
1.335363626,0.581733381881535,0.25171566009521484,0.33001772178632016,0.3334657549858093,-0.714164992583899,-0.743546187877655,0.029381195293756046,0.06463232636451721,1.397743023061521,1.3319859504699707,0.06575707259155039,0.1503465175628662,0.4338879317745773,0.26473093032836914,0.16915700144620816,0.31698861718177795,0.273386384376783,3.672850912295189e-09,0.27338638070393206,6.28642737865448e-09,6.336182123965113,3.9985742504806887,2.4274106217295506,7.6902917065401875,1.8611789703517085,2.999723514503744,-1.3541095825750746,2.13739528012898,-0.5723128927741934,2.5941498400005445,-2.8682062692130104,1.3293884342045152,-2.5598592717082584,3.6728514774922363e-09,1.547908950053776,0.2517156600952203,-2.8682062728858617,-0.2185205158492607,-2.8115749318034786,-0.1431005803289841,0.7711147212409526,0.07249082470031794,0.6161569531615007,-0.08773862700763092,0.693440151728422,0.08977006995639777,0.7094956122779779
1.342874289,0.5867587038815351,0.26680466532707214,0.3199540385544629,0.3895232081413269,-0.713424746645787,-0.740824282169342,0.027399535523555008,0.07117188721895218,1.3994507676586212,1.3383146524429321,0.06113611521568907,0.1656755954027176,0.4376386410853928,0.27795523405075073,0.15968340703464207,0.3442279100418091,0.27574828070267093,1.642567748483259e-09,0.2757482790601032,-2.0489096641540527e-08,6.307131141849837,4.024034148389832,2.414558178045704,7.631225545071237,1.9672788809036303,2.944119989485776,-1.3240944032214,2.056755267486202,-0.5295618114400722,2.5027792413854972,-2.8658443728871212,1.323189734358486,-2.5548339497082573,1.6426340409448648e-09,1.570183861457656,0.2668046653272337,-2.8658443745297553,-0.24699412709917,-2.821638615035491,-0.14517801095478758,0.7725516432611096,0.0721778636450432,0.6139036240562585,-0.09402135194631697,0.7006095579769048,0.0940789544076279,0.7010387885040031
1.362248421,0.5967282098815352,0.26680466532707214,0.32992354455446304,0.3895232081413269,-0.7119562066554178,-0.740824282169342,0.02886807551392423,0.07117188721895218,1.4028386838970743,1.3383146524429321,0.0645240314541422,0.1656755954027176,0.44507950138816177,0.27795523405075073,0.16712426733741104,0.3442279100418091,0.28043393857540383,1.642567748483259e-09,0.2804339369328361,-2.0489096641540527e-08,6.249106415425398,4.073911076293726,2.389247643656841,7.631225545071237,1.9672788809036303,2.944119989485776,-1.3821191296458384,2.1066321953900955,-0.5548723458289353,2.579929420614597,-2.86115871501439,1.3108924178268957,-2.5448644437082586,1.6426340409448648e-09,1.570183861457656,0.2668046653272337,-2.861158716657024,-0.2592914436307603,-2.8116691090354924,-0.14933416395184873,0.7753538513993737,0.07151057141536116,0.6094357642711895,-0.09402135194631697,0.7006095579769048,0.0940789544076279,0.7010387885040031
1.382239819,0.6067244888815352,0.26680466532707214,0.33991982355446304,0.3895232081413269,-0.7104837229168667,-0.740824282169342,0.030340559252475363,0.07117188721895218,1.406235698347761,1.3383146524429321,0.06792104590482895,0.1656755954027176,0.4525403440403958,0.27795523405075073,0.17458510998964505,0.3442279100418091,0.2851321797314234,1.642567748483259e-09,0.28513217808885566,-2.0489096641540527e-08,6.190414732560473,4.123074188794842,2.364119847725507,7.631225545071237,1.9672788809036303,2.944119989485776,-1.4408108125107635,2.1557953078912115,-0.5800001417602689,2.657026415264933,-2.856460473858369,1.298562076985424,-2.5348681647082576,1.6426340409448648e-09,1.570183861457656,0.2668046653272337,-2.8564604755010032,-0.27162178447223195,-2.8016728300354914,-0.1535474159593342,0.7780983620806636,0.07077971525123106,0.6049598018782358,-0.09402135194631697,0.7006095579769048,0.0940789544076279,0.7010387885040031
1.402006388,0.6167243733815353,0.26680466532707214,0.34991970805446315,0.3895232081413269,-0.7090107080766808,-0.740824282169342,0.03181357409266128,0.07117188721895218,1.4096339380479235,1.3383146524429321,0.07131928560499134,0.1656755954027176,0.4600038777007722,0.27795523405075073,0.1820486436500215,0.3442279100418091,0.2898321154688456,1.642567748483259e-09,0.2898321138262778,-2.0489096641540527e-08,6.131204209997393,4.171400800978068,2.339235657307454,7.631225545071237,1.9672788809036303,2.944119989485776,-1.5000213350738436,2.2041219200744377,-0.6048843321783219,2.7338804837710367,-2.8517605381209474,1.2862272887846993,-2.5248682802082576,1.6426340409448648e-09,1.570183861457656,0.2668046653272337,-2.8517605397635815,-0.2839565726729567,-2.7916729455354914,-0.15780752111677918,0.7807778553730582,0.06998696514140307,0.6004869287072959,-0.09402135194631697,0.7006095579769048,0.0940789544076279,0.7010387885040031
1.422193289,0.6267173208815353,0.29776325821876526,0.32895406266277005,0.3895511031150818,-0.7075387150786916,-0.7353522777557373,0.02781356267704571,0.06800851225852966,1.413029820361978,1.3510239124298096,0.062005907932168425,0.15790507197380066,0.46746223384804814,0.3046438992023468,0.16281833464570133,0.3325747549533844,0.2945287908231893,2.3131199178294537e-09,0.29452878851006936,9.313225746154785e-10,6.071551980779167,4.218835782592471,2.3146226336430953,7.504521417956677,2.1804310942667344,2.834415885461816,-1.4329694371775101,2.0384046883257367,-0.5197932518187209,2.5453251473848,-2.847063862766604,1.2739010573253793,-2.514875332708258,-3.141592651276673,1.5265388625802971,-2.843829395371029,0.29452878851006936,-0.25263780525491786,0.3289540626627714,-0.1621092656499267,0.7833888862505314,0.06913345597843688,0.5960226540611279,-0.10718186372589666,0.7145862837286119,0.10254022213372098,0.6836402519161247
1.432139874,0.6317255298815354,0.29776325821876526,0.33396227166277015,0.3895511031150818,-0.706800989939991,-0.7353522777557373,0.02855128781574634,0.06800851225852966,1.4147317494843104,1.3510239124298096,0.06370783705450078,0.15790507197380066,0.4712001706661884,0.3046438992023468,0.1665562714638416,0.3325747549533844,0.29688264405615206,2.3131199178294537e-09,0.29688264174303214,9.313225746154785e-10,6.041478808821087,4.242284921902031,2.3023831429413595,7.504521417956677,2.1804310942667344,2.834415885461816,-1.4630426091355897,2.0618538276352965,-0.5320327425204567,2.583562215584218,-2.8447100095336415,1.2677234662462067,-2.509867123708258,-3.141592651276673,1.5265388625802971,-2.843829395371029,0.2968826417430317,-0.25881539633409045,0.33396227166277104,-0.16428173735019952,0.7846722196646186,0.06868273114225179,0.5937875890439627,-0.10718186372589666,0.7145862837286119,0.10254022213372098,0.6836402519161247
1.452986240,0.6417607618815354,0.29776325821876526,0.34399750366277015,0.3895511031150818,-0.7053227683004601,-0.7353522777557373,0.03002950945527716,0.06800851225852966,1.4181420012509922,1.3510239124298096,0.06711808882118264,0.15790507197380066,0.47869008635688326,0.3046438992023468,0.17404618715453646,0.3325747549533844,0.3015991930833055,2.3131199178294537e-09,0.3015991907701856,9.313225746154785e-10,5.980872974466152,4.2886175189184215,2.2780518142861155,7.504521417956677,2.1804310942667344,2.834415885461816,-1.5236484434905249,2.108186424651687,-0.5563640711757007,2.659980368373414,-2.839993460506488,1.2553450771492995,-2.4998318917082583,-3.141592651276673,1.5265388625802971,-2.843829395371029,0.3015991907701854,-0.2711937854309976,0.34399750366277093,-0.16866764137017756,0.7871925711074989,0.06773361712097938,0.5893142114861099,-0.10718186372589666,0.7145862837286119,0.10254022213372098,0.6836402519161247
1.472266912,0.6517252648815355,0.3141995668411255,0.33752569804041,0.38318365812301636,-0.7038549652679273,-0.7323843836784363,0.028529418410508933,0.07483476400375366,1.4215282173304866,1.357934832572937,0.06359338475754961,0.17452535033226013,0.4861272126106337,0.31899160146713257,0.16713561114350112,0.36242401599884033,0.30628249955103026,1.8311605565202171e-09,0.3062824977198697,-6.05359673500061e-09,5.920248951580437,4.333757274360707,2.254148720959162,7.433110055974185,2.2906474660683784,2.776197538152929,-1.5128611043937488,2.0431098082923285,-0.5220488171937672,2.5952998627251533,-2.835310154038764,1.243053931783522,-2.489867388708259,-3.141592651758633,1.5023123460950814,-2.827393086748669,0.3062824977198688,-0.25925841431155927,0.33752569804040977,-0.17306532976117806,0.7896271299763308,0.06673075202582193,0.584879811563082,-0.11435254170989062,0.7218993882048882,0.10677764317602804,0.6740795979939378
1.492606163,0.6617240493815356,0.3141995668411255,0.34752448254041013,0.38318365812301636,-0.7023821124612453,-0.7323843836784363,0.030002271217191012,0.07483476400375366,1.4249260832199644,1.357934832572937,0.06699125064702738,0.17452535033226013,0.4935899252728249,0.31899160146713257,0.17459832380569235,0.36242401599884033,0.31098191828954996,1.8311605565202171e-09,0.3109819164583894,-6.05359673500061e-09,5.858984845639492,4.378180979667768,2.2304218845221655,7.433110055974185,2.2906474660683784,2.776197538152929,-1.5741252103346932,2.0875335135993893,-0.5457756536307636,2.6708682880868424,-2.8306107353002434,1.2307205004251707,-2.4798686042082583,-3.141592651758633,1.5023123460950814,-2.827393086748669,0.3109819164583896,-0.2715918456699107,0.3475244825404107,-0.1775201822678038,0.7920013042557847,0.06566420305233187,0.580438395854585,-0.11435254170989062,0.7218993882048882,0.10677764317602804,0.6740795979939378
1.512315750,0.6717404923815357,0.3302299380302429,0.34151055435129274,0.4007525146007538,-0.7009066585012643,-0.729598343372345,0.028691684871080647,0.06965166330337524,1.4283299499603264,1.3644016981124878,0.06392825184783857,0.1616712212562561,0.501065817568155,0.33264094591140747,0.16842487165674758,0.3412337899208069,0.31568963650545057,1.8905323972973065e-09,0.31568963461491817,6.222398951649666e-08,5.7971937572069665,4.421804573678324,2.206914069425572,7.3622902626124045,2.396591774514851,2.7222479777249893,-1.565096505405438,2.0252127991634734,-0.5153339082994175,2.610858669129951,-2.825903017084343,1.2183652874294972,-2.469852161208258,-3.1415926516992605,1.479410095805164,-2.8113627155595506,0.3156896346149174,-0.2610448083756667,0.34151055435129285,-0.1820243782437629,0.7943099955690164,0.0645355890175209,0.5759981895928862,-0.1214116128223436,0.7286211373153647,0.11079402337049793,0.6649023559249277
1.522727728,0.6767709868815357,0.3302299380302429,0.3465410488512928,0.4007525146007538,-0.7001656506374261,-0.729598343372345,0.029432692734918886,0.06965166330337524,1.4300394523172135,1.3644016981124878,0.06563775420472573,0.1616712212562561,0.5048203874363459,0.33264094591140747,0.17217944152493847,0.3412337899208069,0.3180539639011775,1.8905323972973065e-09,0.3180539620106451,6.222398951649666e-08,5.766007307859207,4.44338066224682,2.19520680425844,7.3622902626124045,2.396591774514851,2.7222479777249893,-1.5962829547531978,2.0467888877319695,-0.5270411734665492,2.6486291588494737,-2.823538689688616,1.212160207340581,-2.4648216667082585,-3.1415926516992605,1.479410095805164,-2.8113627155595506,0.3180539620106444,-0.26724988846458286,0.3465410488512921,-0.1843019150158594,0.7954429767753577,0.06394615263720106,0.5737718748624271,-0.1214116128223436,0.7286211373153647,0.11079402337049793,0.6649023559249277
1.542255163,0.6867254508815358,0.3302299380302429,0.3564955128512929,0.4007525146007538,-0.6986993263815713,-0.729598343372345,0.030899016990773687,0.06965166330337524,1.4334222568644697,1.3644016981124878,0.06902055875198188,0.1616712212562561,0.5122500209621136,0.33264094591140747,0.1796090750507061,0.3412337899208069,0.3227325520489189,1.8905323972973065e-09,0.3227325501583865,6.222398951649666e-08,5.704001379795066,4.4854184573258795,2.1722358849299335,7.3622902626124045,2.396591774514851,2.7222479777249893,-1.658288882817338,2.0888266828110287,-0.5500120927950558,2.72316584730341,-2.8188601015408747,1.1998814450117017,-2.4548672027082574,-3.1415926516992605,1.479410095805164,-2.8113627155595506,0.32273255015838576,-0.27952865079346223,0.3564955128512932,-0.1888386836224214,0.7976323567205661,0.06273539233198282,0.5693740823299731,-0.1214116128223436,0.7286211373153647,0.11079402337049793,0.6649023559249277
1.552408934,0.6917275508815358,0.3302299380302429,0.3614976128512929,0.4007525146007538,-0.69796250111803,-0.729598343372345,0.03163584225431493,0.06965166330337524,1.4351221099781912,1.3644016981124878,0.07072041186570344,0.1616712212562561,0.5159833982548783,0.33264094591140747,0.1833424523434708,0.3412337899208069,0.325083534057977,1.8905323972973065e-09,0.3250835321674446,6.222398951649666e-08,5.67269998551913,4.506211929849073,2.1607914943518254,7.3622902626124045,2.396591774514851,2.7222479777249893,-1.6895902770932745,2.109620155334222,-0.5614564833731639,2.7605155110888755,-2.8165091195318164,1.1937113893416746,-2.4498651027082574,-3.1415926516992605,1.479410095805164,-2.8113627155595506,0.3250835321674441,-0.28569870646348927,0.3614976128512932,-0.19113321974071065,0.7987059923770059,0.06210481896017816,0.5671682479780888,-0.1214116128223436,0.7286211373153647,0.11079402337049793,0.6649023559249277
1.573058128,0.7017284593815359,0.34655240178108215,0.3551760576004538,0.4106399714946747,-0.6964893354393822,-0.7268335819244385,0.030344246485056292,0.06999816745519638,1.438520697662118,1.3708090782165527,0.06771161944556536,0.162303164601326,0.5234476961899288,0.3462470769882202,0.1772006192017086,0.3438839018344879,0.3297839510743774,9.766721875692497e-10,0.3297839500977052,-2.0372681319713593e-09,5.609839053384268,4.547120891122059,2.138108439244691,7.288777547640827,2.5028024995431855,2.669473164844972,-1.6789384942565597,2.044318391578874,-0.5313647256002807,2.698225458566496,-2.8118087025154157,1.1813753380440493,-2.4398641942082575,-3.141592652613121,1.4566318231763804,-2.795040251808711,0.32978395009770534,-0.27525648513233114,0.35517605760045345,-0.1957500209533246,0.8007989984028444,0.06079984390522269,0.5627666234194019,-0.128669269416097,0.7351207754201688,0.11475873859052976,0.6556463197263354
1.592125654,0.711727524381536,0.34655240178108215,0.3651751226004538,0.4106399714946747,-0.6950164413141566,-0.7268335819244385,0.03181714061028185,0.06999816745519638,1.4419186588733204,1.3708090782165527,0.07110958065676765,0.162303164601326,0.5309106182066573,0.3462470769882202,0.1846635412184371,0.3438839018344879,0.33448350164761725,9.766721875692497e-10,0.33448350067094507,-2.0372681319713593e-09,5.546630360402206,4.587135000876979,2.11569468597407,7.288777547640827,2.5028024995431855,2.669473164844972,-1.7421471872386212,2.084332501333794,-0.5537784788709019,2.7723977712046297,-2.807109151942176,1.1690415606908924,-2.4298651292082565,-3.141592652613121,1.4566318231763804,-2.795040251808711,0.33448350067094523,-0.287590262485488,0.3651751226004545,-0.2004042946201344,0.8028197553986217,0.05943643788090076,0.5583778907617432,-0.128669269416097,0.7351207754201688,0.11475873859052976,0.6556463197263354
1.612075806,0.721725778381536,0.3631850481033325,0.35854073027820343,0.389782577753067,-0.6935436666518144,-0.7239765524864197,0.03043288583460524,0.07296040654182434,1.4453163444840997,1.3774375915527344,0.06787875293136536,0.16958798468112946,0.5383729349238146,0.36027488112449646,0.1780980537993181,0.3581514060497284,0.3391826710516662,1.0821388229942386e-10,0.33918267094345234,-1.8568243831396103e-08,5.48308210201081,4.626256675792905,2.0935489375742704,7.211189416305648,2.608810792382095,2.615776356369399,-1.7281073142948378,2.0174458834108098,-0.5222274187951288,2.7072429257737407,-2.8024099825381272,1.1567087837006138,-2.4198668752082577,-3.1415926534815792,1.4331184762659037,-2.7784076054864606,0.339182670943452,-0.2764096925652899,0.3585407302782029,-0.20509572334428058,0.8047679345140869,0.05801484788174458,0.5540023404906108,-0.13618214246598498,0.7416711397483758,0.11861445954349265,0.6459945468229005
1.622280121,0.7267297488815359,0.3631850481033325,0.36354470077820333,0.389782577753067,-0.692806565857665,-0.7239765524864197,0.031169986628754698,0.07296040654182434,1.447016833245899,1.3774375915527344,0.06957924169316465,0.16958798468112946,0.5421077082866749,0.36027488112449646,0.1818328271621784,0.3581514060497284,0.341534532193858,1.0821388229942386e-10,0.3415345320856441,-1.8568243831396103e-08,5.451152324329642,4.645502026911551,2.0825656218977557,7.211189416305648,2.608810792382095,2.615776356369399,-1.760037091976006,2.0366912345294557,-0.5332107344716435,2.744112868906136,-2.800058121395935,1.1505364207818054,-2.414862904708257,-3.1415926534815792,1.4331184762659037,-2.7784076054864606,0.3415345320856442,-0.2825820554840983,0.36354470077820356,-0.20745755557950016,0.8057156041453907,0.05728159307700017,0.5518174942534604,-0.13618214246598498,0.7416711397483758,0.11861445954349265,0.6459945468229005
1.642378330,0.7367270088815356,0.3802352845668793,0.35649172431465637,0.4262138903141022,-0.6913339376146891,-0.7210342288017273,0.029700291187038208,0.07355696707963943,1.4504141810677509,1.3842697143554688,0.06614446671228214,0.17080120742321014,0.5495692831200175,0.3746853172779083,0.1748839658421092,0.36026057600975037,0.34623323441889864,3.6199931940927854e-10,0.3462332340568993,6.693881005048752e-09,5.387120572519389,4.683282527180385,2.060823443438837,7.129254881104869,2.715209864867144,2.5613871850240364,-1.74213430858548,1.968072662313241,-0.5005637415851996,2.6756132031153363,-2.7953594191708944,1.1382048698836347,-2.4048656447082575,-3.141592653227794,1.408933593625063,-2.7613573690229134,0.34623323405689943,-0.2707287237414284,0.3564917243146559,-0.2122033396664398,0.807553912177568,0.055773393998469964,0.5474630125250525,-0.14399037686735375,0.7482280444148769,0.12238505749512178,0.6359586956891163
1.662361145,0.7467238828815355,0.39760521054267883,0.34911867233885663,0.3999888598918915,-0.6898613662307427,-0.7180287837982178,0.028167417567475095,0.07297372817993164,1.453811397716035,1.3912509679794312,0.0625604297366038,0.16942711174488068,0.5570305698576332,0.3893730640411377,0.16765750581649552,0.35920199751853943,0.3509317552243244,1.442333474876989e-09,0.35093175378199093,4.4587068259716034e-08,5.322783058186488,4.720168627148351,2.039350862752025,7.043440447341091,2.8212113753305115,2.5068023549603478,-1.7206573891546029,1.8989572518178397,-0.4674514922083226,2.604843832680125,-2.790660898365469,1.1258737951137887,-2.394868770708258,-3.1415926521474598,1.3842591482343636,-2.7439874430471143,0.3509317537819907,-0.25838535312057487,0.3491186723388564,-0.2169844707243273,0.8093183851220817,0.05420792874672059,0.543123366675436,-0.15204968087955587,0.75472480190711,0.12603741832619295,0.6256084535173475
1.671855211,0.7517270418815354,0.39760521054267883,0.35412183133885655,0.3999888598918915,-0.6891243849731282,-0.7180287837982178,0.02890439882508955,0.07297372817993164,1.4555116107074975,1.3912509679794312,0.06426064272806631,0.16942711174488068,0.5607647375477415,0.3893730640411377,0.17139167350660378,0.35920199751853943,0.3532832349623259,1.442333474876989e-09,0.3532832335199924,4.4587068259716034e-08,5.290472716025273,4.73829346225786,2.028705652697325,7.043440447341091,2.8212113753305115,2.5068023549603478,-1.7529677313158176,1.9170820869273486,-0.4780967022630227,2.641339821334434,-2.7883094186274673,1.1197024331746035,-2.389865611708258,-3.1415926521474598,1.3842591482343636,-2.7439874430471143,0.35328323351999247,-0.2645567150597601,0.3541218313388561,-0.2193903818224429,0.8101735926401936,0.05340305741362272,0.5409572290035154,-0.15204968087955587,0.75472480190711,0.12603741832619295,0.6256084535173475
1.692173243,0.7617240653815351,0.39760521054267883,0.3641188548388563,0.3999888598918915,-0.6876517915673557,-0.7180287837982178,0.0303769922308621,0.07297372817993164,1.458908878160052,1.3912509679794312,0.06765791018062095,0.16942711174488068,0.5682261358664743,0.3893730640411377,0.1788530718253366,0.35920199751853943,0.3579818260326025,1.442333474876989e-09,0.357981824590269,4.4587068259716034e-08,5.2256989147234245,4.773838206564252,2.0076378745889487,7.043440447341091,2.8212113753305115,2.5068023549603478,-1.8177415326176662,1.952626831233741,-0.49916448037139904,2.7140561895291686,-2.7836108275571902,1.1073711739975434,-2.3798685882082578,-3.1415926521474598,1.3842591482343636,-2.7439874430471143,0.3579818245902695,-0.2768879742368202,0.36411885483885653,-0.22422337488713082,0.8118264181499134,0.05175230377382803,0.5366408892380533,-0.15204968087955587,0.75472480190711,0.12603741832619295,0.6256084535173475
1.702518940,0.7667279273815351,0.39760521054267883,0.3691227168388562,0.3999888598918915,-0.6869147067556018,-0.7180287837982178,0.03111407704261593,0.07297372817993164,1.4606093300505247,1.3912509679794312,0.06935836207109358,0.16942711174488068,0.571960828249059,0.3893730640411377,0.18258776420792133,0.35920199751853943,0.3603336361799025,1.442333474876989e-09,0.360333634737569,4.4587068259716034e-08,5.193174275078386,4.791293409205122,1.9971944929364223,7.043440447341091,2.8212113753305115,2.5068023549603478,-1.850266172262705,1.9700820338746103,-0.5096078620239255,2.750346942015098,-2.781259017409891,1.1011989449127324,-2.3748647262082585,-3.1415926521474598,1.3842591482343636,-2.7439874430471143,0.36033363473756896,-0.2830602033216312,0.3691227168388558,-0.22665508678518065,0.8126255546613572,0.05090486973326133,0.5344865515456527,-0.15204968087955587,0.75472480190711,0.12603741832619295,0.6256084535173475
1.722272158,0.7767246883815349,0.39760521054267883,0.379119477838856,0.3999888598918915,-0.6854421520169154,-0.7180287837982178,0.03258663178130239,0.07297372817993164,1.4640065082982567,1.3912509679794312,0.07275554031882558,0.16942711174488068,0.5794220306477703,0.3893730640411377,0.19004896660663262,0.35920199751853943,0.36503210387544105,1.442333474876989e-09,0.3650321024331076,4.4587068259716034e-08,5.127999346293381,4.825493581525691,1.9765345212078211,7.043440447341091,2.8212113753305115,2.5068023549603478,-1.9154411010477101,2.00428220619518,-0.5302678337525266,2.822630997698084,-2.776560549714352,1.0888680095276024,-2.3648679652082585,-3.1415926521474598,1.3842591482343636,-2.7439874430471143,0.3650321024331076,-0.29539113870676115,0.3791194778388558,-0.2315378954727405,0.8141655004000053,0.04916981956506036,0.5301953128446184,-0.15204968087955587,0.75472480190711,0.12603741832619295,0.6256084535173475
1.742388964,0.7867225868815347,0.431597501039505,0.35512508584202973,0.4000281095504761,-0.6839694297208556,-0.7124319076538086,0.02846247793295298,0.07107935845851898,1.4674040731002196,1.4042032957077026,0.06320077739251695,0.1646670699119568,0.5868840820332413,0.4171409010887146,0.16974318094452667,0.35304194688796997,0.3697311061948446,1.3899466022593288e-09,0.369731104804898,1.57160684466362e-09,5.062566485215024,4.858801548720436,1.9561447639066212,6.872381322639638,3.0230307100215588,2.4076181204101372,-1.8098148374246144,1.8357708386988771,-0.45147335650351605,2.617119124077468,-2.771861547394949,1.0765356710441085,-2.3548700667082585,-3.1415926521998467,1.337942107314106,-2.7099951525502886,0.3697311048048979,-0.2614064362699975,0.35512508584203006,-0.23645350887195676,0.8156297851341172,0.04737888671150958,0.5259211279633013,-0.1679746766679593,0.7662651841021596,0.1327975467719902,0.6057945090560983
1.762600899,0.7967250703815345,0.431597501039505,0.3651275693420295,0.4000281095504761,-0.6824960320396909,-0.7124319076538086,0.029935875614117702,0.07107935845851898,1.470803196013081,1.4042032957077026,0.06659990030537832,0.1646670699119568,0.5943495554884205,0.4171409010887146,0.1772086543997059,0.35304194688796997,0.37443226345967345,1.3899466022593288e-09,0.37443226206972685,1.57160684466362e-09,4.996867252410452,4.891227908711603,1.936019277059559,6.872381322639638,3.0230307100215588,2.4076181204101372,-1.8755140702291868,1.8681971986900439,-0.4715988433505782,2.688888110329357,-2.7671603901301194,1.0641976769949033,-2.3448675832082584,-3.1415926521998467,1.337942107314106,-2.7099951525502886,0.37443226206972735,-0.2737444303192027,0.36512756934203017,-0.2414028093682496,0.8170183587561849,0.045531840575718095,0.5216632405855849,-0.1679746766679593,0.7662651841021596,0.1327975467719902,0.6057945090560983
1.772770166,0.8017357893815344,0.431597501039505,0.37013828834202944,0.4000281095504761,-0.681757937169995,-0.7124319076538086,0.030673970483813595,0.07107935845851898,1.4725059781034298,1.4042032957077026,0.06830268239572712,0.1646670699119568,0.5980893656751468,0.4171409010887146,0.1809484645864322,0.35304194688796997,0.37678729639013175,1.3899466022593288e-09,0.37678729500018515,1.57160684466362e-09,4.963870986321417,4.907134586758081,1.9260406131758543,6.872381322639638,3.0230307100215588,2.4076181204101372,-1.908510336318221,1.8841038767365226,-0.48157750723428294,2.7247341187060927,-2.764805357199661,1.0580169898481322,-2.3398568642082576,-3.1415926521998467,1.337942107314106,-2.7099951525502886,0.3767872950001858,-0.2799251174659738,0.370138288342031,-0.24389370342865896,0.8176850880708311,0.04458591455686168,0.5195373464897192,-0.1679746766679593,0.7662651841021596,0.1327975467719902,0.6057945090560983
1.792383671,0.8117265243815343,0.4495561420917511,0.36217038228978315,0.4549514055252075,-0.6802862700803036,-0.7093688249588013,0.029082554878497646,0.07834354788064957,1.4759011085482665,1.4113129377365112,0.06458817081175527,0.18198618292808533,0.6055460704965273,0.4321582019329071,0.1733878685636202,0.38289380073547363,0.38148293187168286,1.5703902622732357e-09,0.3814829303012926,-1.5774276107549667e-08,4.897921378452919,4.938178819516422,1.9063504253483257,6.777643676669023,3.1253181929289275,2.354878625629807,-1.8797222982161044,1.812860626587494,-0.4485282002814812,2.6497164218628715,-2.760109721718111,1.0456934874922241,-2.3298661292082596,-3.1415926520194026,1.3127520817460974,-2.6920365114980425,0.38148293030129166,-0.26705859425387324,0.3621703822897828,-0.24888271622903987,0.8189566427430561,0.04265899287663383,0.5153131292682432,-0.17657546940866836,0.7722798219088821,0.13601862006059073,0.5948982394261279
1.812442064,0.821699542381534,0.4495561420917511,0.3721434002897829,0.4549514055252075,-0.6788172127611474,-0.7093688249588013,0.0305516121976539,0.07834354788064957,1.479290218262287,1.4113129377365112,0.06797728052577567,0.18198618292808533,0.6129895520225928,0.4321582019329071,0.18083135008968565,0.38289380073547363,0.38617024038091147,1.5703902622732357e-09,0.3861702388105212,-1.5774276107549667e-08,4.83188891170232,4.968276204719434,1.8869694328056987,6.777643676669023,3.1253181929289275,2.354878625629807,-1.9457547649667033,1.8429580117905062,-0.46790919282410814,2.720550468442509,-2.755422413208882,1.033391838932982,-2.3198931112082595,-3.1415926520194026,1.3127520817460974,-2.6920365114980425,0.3861702388105206,-0.27936024281311544,0.372143400289783,-0.253892043460099,0.8201487520726775,0.040681580586214856,0.5111162917989335,-0.17657546940866836,0.7722798219088821,0.13601862006059073,0.5948982394261279
1.822377920,0.8267236008815338,0.4495561420917511,0.37716745878978275,0.4549514055252075,-0.6780771529406102,-0.7093688249588013,0.03129167201819105,0.07834354788064957,1.4809975334868415,1.4113129377365112,0.06968459575033026,0.18198618292808533,0.6167393183050381,0.4321582019329071,0.18458111637213104,0.38289380073547363,0.38853154286306,1.5703902622732357e-09,0.38853154129266976,-1.5774276107549667e-08,4.798552878470219,4.983100958929462,1.8773099903296253,6.777643676669023,3.1253181929289275,2.354878625629807,-1.9790907981988042,1.8577827660005348,-0.47756863530018157,2.7561257218396724,-2.7530611107267333,1.0271946976054447,-2.3148690527082594,-3.1415926520194026,1.3127520817460974,-2.6920365114980425,0.3885315412926693,-0.2855573841406527,0.3771674587897831,-0.25642633260921205,0.8207199412092931,0.039665174397710216,0.5090098112865835,-0.17657546940866836,0.7722798219088821,0.13601862006059073,0.5948982394261279
1.832064629,0.8317305538815337,0.46684300899505615,0.36488754488647757,0.4320472776889801,-0.6773396128147104,-0.7065454721450806,0.02920585933037012,0.0705832988023758,1.4826990357853378,1.4178441762924194,0.06485485949291836,0.16327843070030212,0.6204763176925233,0.44619593024253845,0.17428038744998486,0.35094305872917175,0.3908848057772759,1.8195190909509051e-09,0.3908848039577568,6.402842700481415e-09,4.765285254970015,4.997650580356895,1.8677528949175124,6.685891741036994,3.221926181526743,2.307141358352802,-1.920606486066979,1.7757243988301523,-0.4393884634352898,2.6523552998652495,-2.7507078478125173,1.0210186557935634,-2.3098620997082593,-3.141592651770274,1.2893597620668373,-2.6747496445947374,0.3908848039577566,-0.2683411062732739,0.3648875448864781,-0.25895902352043515,0.8212695440789358,0.03863880600673212,0.5069157748345319,-0.18488234481147062,0.7776159136834889,0.13900258192359902,0.5846454409142164
1.852533102,0.8417258603815335,0.46684300899505615,0.37488285138647737,0.4320472776889801,-0.6758672723285072,-0.7065454721450806,0.03067819981657338,0.0705832988023758,1.4860957197533966,1.4178441762924194,0.06825154346097717,0.16327843070030212,0.6279364345077252,0.44619593024253845,0.18174050426518673,0.35094305872917175,0.3955825898592657,1.8195190909509051e-09,0.3955825880397466,6.402842700481415e-09,4.698745986736206,5.026025580449716,1.848881922660059,6.685891741036994,3.221926181526743,2.307141358352802,-1.987145754300788,1.8040993989229728,-0.4582594356927432,2.7227788379578888,-2.746010063730528,1.0086895145240997,-2.2998667932082606,-3.141592651770274,1.2893597620668373,-2.6747496445947374,0.3955825880397459,-0.2806702475427376,0.3748828513864768,-0.2640355497649749,0.8223078473207828,0.036550045498618774,0.5027515558096435,-0.18488234481147062,0.7776159136834889,0.13900258192359902,0.5846454409142164
1.862305164,0.8467286888815334,0.4842279851436615,0.3625007037378719,0.4346124231815338,-0.6751303397545954,-0.7037910223007202,0.02866068254612486,0.06885965913534164,1.4877958204317396,1.4242063760757446,0.063589444355995,0.1590558886528015,0.6316703555251968,0.4599892795085907,0.1716810760166061,0.3448329269886017,0.3979339142625969,2.776452845409949e-09,0.39793391148614404,3.480818122625351e-08,4.665381548412436,5.039892733466104,1.8395407656962535,6.592766674334142,3.317101366319176,2.26142255411834,-1.927385125921706,1.722791367146928,-0.4218817884220867,2.61931436863589,-2.743658739327196,1.002518560254373,-2.294863964708259,-3.1415926508133407,1.2664497631730998,-2.657364668446132,0.3979339114861449,-0.26393120291872685,0.36250070373787313,-0.26658650601596035,0.8227979761387088,0.03548477114108465,0.5006754999890766,-0.19327251110064986,0.7826114316031352,0.14187470961443557,0.5744881638021452
1.882493258,0.8567243268815332,0.4842279851436615,0.3724963417378717,0.4346124231815338,-0.6736579504373862,-0.7037910223007202,0.030133071863334027,0.06885965913534164,1.4911926170527456,1.4242063760757446,0.06698624097700101,0.1590558886528015,0.6391307197593973,0.4599892795085907,0.17914144025080658,0.3448329269886017,0.4026318541492559,2.776452845409949e-09,0.40263185137280305,3.480818122625351e-08,4.59860759540668,5.0669307431122235,1.821085543925248,6.592766674334142,3.317101366319176,2.26142255411834,-1.9941590789274626,1.7498293767930475,-0.4403370101930921,2.6893251871989303,-2.7389607994405374,0.9901890100819578,-2.28486832670826,-3.1415926508133407,1.2664497631730998,-2.657364668446132,0.40263185137280333,-0.27626075309114195,0.37249634173787216,-0.2717028685338956,0.8237179259433791,0.03331707472697608,0.49654436079934255,-0.19327251110064986,0.7826114316031352,0.14187470961443557,0.5744881638021452
1.892101049,0.8617260908815331,0.4842279851436615,0.37749810573787157,0.4346124231815338,-0.6729211746677153,-0.7037910223007202,0.030869847633004932,0.06885965913534164,1.4928923559842946,1.4242063760757446,0.06868597990854997,0.1590558886528015,0.6428638462745343,0.4599892795085907,0.1828745667659436,0.3448329269886017,0.40498267823864925,2.776452845409949e-09,0.4049826754621964,3.480818122625351e-08,4.565141742493873,5.080126320396418,1.8119550653546372,6.592766674334142,3.317101366319176,2.26142255411834,-2.0276249318402693,1.7630249540772418,-0.4494674887637029,2.724250516449408,-2.736609975351144,0.9840193688656003,-2.2798665627082597,-3.1415926508133407,1.2664497631730998,-2.657364668446132,0.4049826754621968,-0.2824303943074995,0.37749810573787235,-0.27427263373121463,0.8241484761432679,0.03221284014571551,0.49448573749565206,-0.19327251110064986,0.7826114316031352,0.14187470961443557,0.5744881638021452
1.912788153,0.8717251143815328,0.502333402633667,0.3693917117478658,0.4524683952331543,-0.6714482866555719,-0.700824499130249,0.029376212474677144,0.07416094094514847,1.4962903030926393,1.431078314781189,0.06521198831145036,0.17179565131664276,0.6503267373172401,0.47467806935310364,0.17564866796413647,0.3672194480895996,0.40968220930693033,3.991828645411033e-09,0.4096822053151017,-3.166496753692627e-08,4.4981437717206125,5.1058386655033505,1.7939114706006443,6.492779197407561,3.41294565153815,2.2132172233893543,-1.9946354256869485,1.6928930139652003,-0.4193057527887101,2.64958007096582,-2.731910444282863,0.9716856427024066,-2.269867539208261,-3.1415926495979645,1.2419225114526706,-2.6392592509561266,0.40968220531510147,-0.270236868750264,0.3693917117478658,-0.27942841784907846,0.8249493736586996,0.029966625775183366,0.49038789905352503,-0.2021377423117144,0.7878001240869694,0.14460149285494112,0.5635616256327262
1.923367739,0.8767254033815327,0.502333402633667,0.3743920007478657,0.4524683952331543,-0.6707117281580994,-0.700824499130249,0.030112770972149594,0.07416094094514847,1.497989540778043,1.431078314781189,0.06691122599685406,0.17179565131664276,0.654058762948447,0.47467806935310364,0.17938069359534337,0.3672194480895996,0.41203234014779533,3.991828645411033e-09,0.4120323361559667,-3.166496753692627e-08,4.464594804998902,5.118363848004671,1.7849929812766125,6.492779197407561,3.41294565153815,2.2132172233893543,-2.028184392408659,1.7054181964665212,-0.4282242421127418,2.684280007000431,-2.729560313441998,0.9655178208883236,-2.26486725020826,-3.1415926495979645,1.2419225114526706,-2.6392592509561266,0.41203233615596657,-0.276404690564347,0.3743920007478665,-0.2820157712315598,0.825319876313692,0.028824099906738836,0.4883475993621624,-0.2021377423117144,0.7878001240869694,0.14460149285494112,0.5635616256327262
1.932156563,0.8817343688815326,0.502333402633667,0.37940096624786557,0.4524683952331543,-0.669973891584539,-0.700824499130249,0.030850607545710007,0.07416094094514847,1.499691726980178,1.431078314781189,0.06861341219898898,0.17179565131664276,0.65779726438943,0.47467806935310364,0.18311919503632634,0.3672194480895996,0.41438654893500326,3.991828645411033e-09,0.4143865449431746,-3.166496753692627e-08,4.430959979118271,5.130688524913035,1.7761290990115195,6.492779197407561,3.41294565153815,2.2132172233893543,-2.0618192182892896,1.7177428733748847,-0.43708812437783484,2.7189676526964046,-2.72720610465479,0.9593392966716455,-2.259858284708261,-3.1415926495979645,1.2419225114526706,-2.6392592509561266,0.4143865449431745,-0.2825832147810251,0.3794009662478657,-0.2846135205165413,0.8256708970495532,0.027666813071226763,0.4863098406973154,-0.2021377423117144,0.7878001240869694,0.14460149285494112,0.5635616256327262
1.953541279,0.8917337968815323,0.519973874092102,0.37175992278943026,0.41662168502807617,-0.6685009439882572,-0.697964072227478,0.029463128239220815,0.07311653345823288,1.503089811548906,1.4376939535140991,0.06539585803480685,0.16934606432914734,0.6652604573355593,0.48893773555755615,0.17632272177800312,0.3639525771141052,0.41908627011788074,2.7229016819063645e-09,0.41908626739497906,-2.8579961508512497e-08,4.363738625322491,5.154628257090708,1.758644103982542,6.393888988933343,3.503801871818968,2.167690658063194,-2.0301503636108515,1.6508263852717397,-0.40904655408065205,2.648406565575589,-2.722506383471912,0.9470050715605063,-2.249858856708261,-3.141592650866891,1.218186779612536,-2.6216187794976906,0.4190862673949791,-0.2711817080520298,0.3717599227894297,-0.2898166504664631,0.8263112104979219,0.025318523268741268,0.48226037044043873,-0.21083864296296753,0.7926039704149741,0.14707476189206692,0.5528969407858437
1.972269535,0.9017241553815322,0.519973874092102,0.3817502812894301,0.41662168502807617,-0.6670293323582152,-0.697964072227478,0.030934739869262873,0.07311653345823288,1.5064848140485403,1.4376939535140991,0.06879086053444117,0.16934606432914734,0.6727168811516518,0.48893773555755615,0.1837791455940957,0.3639525771141052,0.4237817286448075,2.7229016819063645e-09,0.4237817259219058,-2.8579961508512497e-08,4.296488425991074,5.177664619886178,1.741454832940139,6.393888988933343,3.503801871818968,2.167690658063194,-2.097400562942269,1.6738627480672101,-0.42623582512305513,2.7170908338544724,-2.717810924944986,0.934682033614737,-2.2398684982082613,-3.141592650866891,1.218186779612536,-2.6216187794976906,0.4237817259219052,-0.28350474599779907,0.38175028128942934,-0.2950372299831968,0.8268702177792693,0.022922244903571663,0.4782397375397477,-0.21083864296296753,0.7926039704149741,0.14707476189206692,0.5528969407858437
1.984475851,0.906739604381532,0.5378252267837524,0.36891437759777956,0.45528367161750793,-0.6662905407444524,-0.6951126456260681,0.02882210488161574,0.07393952459096909,1.5081892035248325,1.4442851543426514,0.06390404918218118,0.17115716636180878,0.6764602216305744,0.503186821937561,0.17327339969301336,0.36743059754371643,0.42613898467054634,1.1122956999898292e-09,0.42613898355825064,3.3673131838440895e-08,4.262697248711511,5.18889810797259,1.7329309270849067,6.292663012861913,3.5933359944797942,2.123269595866542,-2.0299657641504023,1.5955621134927958,-0.39033866878163526,2.6113107317940054,-2.7154536689192468,0.9284955120457598,-2.2348530492082608,-3.141592652477497,1.1944950658025701,-2.6037674268060407,0.4261389835582503,-0.2659995537568104,0.3689143775977799,-0.2976661803032469,0.8271203195203157,0.021700522494363553,0.47623094131288596,-0.2196899624107347,0.7971686436215271,0.14941194557438037,0.5421573061042924
1.998030901,0.9117260973815319,0.5378252267837524,0.37390087059777943,0.45528367161750793,-0.6655560144417253,-0.6951126456260681,0.02955663118434282,0.07393952459096909,1.5098837529445965,1.4442851543426514,0.06559859860194517,0.17115716636180878,0.6801819504518153,0.503186821937561,0.17699512851425425,0.36743059754371643,0.42848263140517656,1.1122956999898292e-09,0.42848263029288086,3.3673131838440895e-08,4.229083744352733,5.199847571320675,1.7245262837207833,6.292663012861913,3.5933359944797942,2.123269595866542,-2.06357926850918,1.606511576840881,-0.39874331214575864,2.6454177501721023,-2.7131100221846167,0.9223447075020274,-2.229866556208261,-3.141592652477497,1.1944950658025701,-2.6037674268060407,0.42848263029288036,-0.2721503583005428,0.37390087059777954,-0.30028514725832683,0.8273486824710392,0.020473536159414815,0.4742402579564598,-0.2196899624107347,0.7971686436215271,0.14941194557438037,0.5421573061042924
2.012095690,0.9217250278815317,0.5378252267837524,0.3838998010977792,0.45528367161750793,-0.6640831401287782,-0.6951126456260681,0.03102950549728989,0.07393952459096909,1.513281668448947,1.4442851543426514,0.06899651410629559,0.17115716636180878,0.6876447720828563,0.503186821937561,0.1844579501452953,0.36743059754371643,0.43318211876355045,1.1122956999898292e-09,0.43318211765125475,3.3673131838440895e-08,4.161636158004864,5.221146504972587,1.7078839097831415,6.292663012861913,3.5933359944797942,2.123269595866542,-2.1310268548570495,1.6278105104927931,-0.41538568608340043,2.7135931497547148,-2.7084105348262426,0.9100110960536888,-2.2198676257082615,-3.141592652477497,1.1944950658025701,-2.6037674268060407,0.4331821176512545,-0.28448396974888135,0.3838998010977792,-0.30555185362319703,0.8277454520578852,0.017976445058978024,0.4702684114077375,-0.2196899624107347,0.7971686436215271,0.14941194557438037,0.5421573061042924
2.022377253,0.9267254153815315,0.5378252267837524,0.3889001885977791,0.45528367161750793,-0.663346567121942,-0.6951126456260681,0.03176607850412616,0.07393952459096909,1.5149809396073983,1.4442851543426514,0.07069578526474696,0.17115716636180878,0.6913768712307189,0.503186821937561,0.18819004929315786,0.36743059754371643,0.4355322958993172,1.1122956999898292e-09,0.4355322947870215,3.3673131838440895e-08,4.127886575165614,5.231469869232731,1.6996667139907655,6.292663012861913,3.5933359944797942,2.123269595866542,-2.1647764376962995,1.6381338747529366,-0.42360288187577644,2.7475769358384876,-2.706060357690476,0.903843152740539,-2.2148672382082615,-3.141592652477497,1.1944950658025701,-2.6037674268060407,0.43553229478702127,-0.2906519130620312,0.3889001885977792,-0.30819304324586927,0.8279131826945829,0.01670941804739862,0.4682922221902615,-0.2196899624107347,0.7971686436215271,0.14941194557438037,0.5421573061042924
2.042076588,0.9367248428815313,0.5378252267837524,0.3988996160977789,0.45528367161750793,-0.6618736195993118,-0.6951126456260681,0.033239026026756324,0.07393952459096909,1.5183790240062125,1.4442851543426514,0.07409386966356113,0.17115716636180878,0.6988400638036673,0.503186821937561,0.19565324186610622,0.36743059754371643,0.4402320168471952,1.1122956999898292e-09,0.4402320157348995,3.3673131838440895e-08,4.060365573919546,5.251459801681694,1.683445770811165,6.292663012861913,3.5933359944797942,2.123269595866542,-2.2322974389423678,1.6581238072018998,-0.439823825055377,2.8153101806026135,-2.7013606367425984,0.8915089282461464,-2.204867810708262,-3.141592652477497,1.1944950658025701,-2.6037674268060407,0.4402320157348987,-0.3029861375564238,0.3988996160977787,-0.3134888308538662,0.8281870176130117,0.014139551866186473,0.4643609478198663,-0.2196899624107347,0.7971686436215271,0.14941194557438037,0.5421573061042924
2.052235842,0.9417269928815312,0.5378252267837524,0.4039017660977787,0.45528367161750793,-0.6611367869706113,-0.6951126456260681,0.033975858655456825,0.07393952459096909,1.5200788941113288,1.4442851543426514,0.07579373976867743,0.17115716636180878,0.7025734784145311,0.503186821937561,0.19938665647697007,0.36743059754371643,0.4425830223562034,1.1122956999898292e-09,0.4425830212439077,3.3673131838440895e-08,4.026576409646155,5.2611332964241635,1.6754371023705095,6.292663012861913,3.5933359944797942,2.123269595866542,-2.2660866032157587,1.6677973019443693,-0.4478324934960325,2.8490788469043333,-2.6990096312335896,0.8853388109014657,-2.1998656607082623,-3.141592652477497,1.1944950658025701,-2.6037674268060407,0.44258302124390747,-0.30915625490110443,0.4039017660977784,-0.31614484622747074,0.8282931123995648,0.01283604440655195,0.4624047924916478,-0.2196899624107347,0.7971686436215271,0.14941194557438037,0.5421573061042924
2.072333097,0.951713723881531,0.5739220976829529,0.3777916261985781,0.42627719044685364,-0.6596657096828741,-0.689346969127655,0.02968125944478095,0.07251125574111938,1.5234726638852738,1.4576152563095093,0.06585740757576453,0.16774524748325348,0.7100271948025176,0.5319803357124329,0.17804685909008477,0.3626077473163605,0.4472767759617496,-1.3440470958414608e-11,0.44727677597519006,-8.381903171539307e-09,3.9591004681171444,5.2797975758186615,1.65965902221691,6.0831821563403565,3.765988621469745,2.036449066279773,-2.124081688223212,1.5138089543489164,-0.37679004406286287,2.6353958537223634,-2.6943158776280436,0.8730202474517966,-2.189878929708262,3.141592653576353,1.1466057735624264,-2.5676705559068393,-5.835908531204397,-0.2735855261106298,0.3777916261985772,-0.32146059236445873,0.8284431169848415,0.010198155657488847,0.4585205416317976,-0.23778491489280265,0.8057604724383647,0.15352304865222965,0.5202298230953802
2.081999063,0.9567253868815309,0.5739220976829529,0.382803289198578,0.42627719044685364,-0.6589274757589713,-0.689346969127655,0.03041949336868377,0.07251125574111938,1.5251757667731556,1.4576152563095093,0.0675605104636463,0.16774524748325348,0.7137677095549592,0.5319803357124329,0.1817873738425263,0.3626077473163605,0.449632252571266,-1.3440470958414608e-11,0.44963225258470646,-8.381903171539307e-09,3.925233910129802,5.288839095060435,1.6518471522672844,6.0831821563403565,3.765988621469745,2.036449066279773,-2.1579482462105544,1.5228504735906903,-0.38460191401248855,2.6690321898584637,-2.691960401018527,0.866838395887571,-2.1848672667082627,3.141592653576353,1.1466057735624264,-2.5676705559068393,-5.83355305459488,-0.2797673776748555,0.38280328919857665,-0.3241345197145993,0.8284872791734034,0.008856718313913523,0.4565820845345832,-0.23778491489280265,0.8057604724383647,0.15352304865222965,0.5202298230953802
2.102428198,0.9667214203815306,0.5928303003311157,0.3738911200504149,0.4786924123764038,-0.6574550281833521,-0.6862290501594543,0.028774021976102238,0.07971621304750443,1.528572697796094,1.464844822883606,0.0637278749124881,0.18498629331588745,0.7212283689753253,0.5473800897598267,0.1738482792154986,0.3924564719200134,0.45433037834253037,4.391240981949096e-10,0.45433037790340625,7.700873538851738e-08,3.857683301902645,5.306227085952172,1.6364777976988676,5.969956699305554,3.8511330280271925,1.9912017512308027,-2.112273397402909,1.4550940579249798,-0.3547239535319351,2.5893680128544756,-2.6872622752472632,0.8545083578686471,-2.174871233208263,-3.1415926531506693,1.120858533972736,-2.548762353258678,0.454330377903406,-0.26635017610408884,0.3738911200504149,-0.32947982703567114,0.8285130806522798,0.006146261955733919,0.4527376085864579,-0.24741114993256993,0.8100879473164389,0.15526229630289187,0.5083688226557912
2.112572670,0.9717255463815305,0.5928303003311157,0.3788952460504148,0.4786924123764038,-0.6567179044835574,-0.6862290501594543,0.029511145675896966,0.07971621304750443,1.5302732394011311,1.464844822883606,0.06542841651752518,0.18498629331588745,0.7249632583974744,0.5473800897598267,0.17758316863764778,0.3924564719200134,0.456682312569567,4.391240981949096e-10,0.45668231213044286,7.700873538851738e-08,3.8238689215586588,5.314609595116183,1.6288897714043693,5.969956699305554,3.8511330280271925,1.9912017512308027,-2.146087777746895,1.4634765670889904,-0.3623119798264334,2.622732617507727,-2.684910341020226,0.848335803141666,-2.1698671072082627,-3.1415926531506693,1.120858533972736,-2.548762353258678,0.4566823121304431,-0.2725227308310699,0.37889524605041514,-0.332161522263723,0.8284947623213533,0.004772066214268116,0.450824111286849,-0.24741114993256993,0.8100879473164389,0.15526229630289187,0.5083688226557912
2.132635593,0.9817289133815303,0.5928303003311157,0.3888986130504146,0.4786924123764038,-0.6552443766600284,-0.6862290501594543,0.030984673499425908,0.07971621304750443,1.5336726625519377,1.464844822883606,0.06882783966833173,0.18498629331588745,0.7324293912634687,0.5473800897598267,0.18504930150364207,0.3924564719200134,0.46138388507851424,4.391240981949096e-10,0.4613838846393902,7.700873538851738e-08,3.756285448049595,5.330724858912017,1.6139333129260849,5.969956699305554,3.8511330280271925,1.9912017512308027,-2.213671251255959,1.4795918308848246,-0.3772684383047178,2.689212499822041,-2.680208768511279,0.8359967193013361,-2.159863740208263,-3.1415926531506693,1.120858533972736,-2.548762353258678,0.4613838846393903,-0.2848618146713998,0.3888986130504146,-0.33753325047834837,0.8283955015248617,0.0019907596509820026,0.44702151486355257,-0.24741114993256993,0.8100879473164389,0.15526229630289187,0.5083688226557912
2.152031183,0.9917320368815301,0.6109672784805298,0.3807647584010003,0.45903176069259644,-0.653770884704825,-0.6833702921867371,0.029599407481912032,0.07323332130908966,1.5370720029546519,1.4714484214782715,0.06562358147638037,0.16933229565620422,0.7398953423903192,0.5617091655731201,0.17818617681719906,0.36568936705589294,0.4660853431427045,1.7182374412172408e-09,0.46608534142446706,-1.83063093572855e-08,3.6887303701037606,5.345988161869318,1.599260181328745,5.861470799333266,3.9308564585869954,1.9507462413382943,-2.1727404292295054,1.4151317032823227,-0.3514860600095493,2.6166660392232286,-2.675507310447089,0.8236579358165683,-2.1498606167082634,-3.141592651871556,1.0970671015920592,-2.5306253751092633,0.466085341424467,-0.2734091657754909,0.3807647584009999,-0.34291865757620166,0.8282125162424977,-0.0008356531778894755,0.44324950525541784,-0.2566308008346979,0.8137841395481856,0.15682434620597044,0.49729481268140185
2.171979427,1.00172252888153,0.6109672784805298,0.3907552504010001,0.45903176069259644,-0.6522992534098078,-0.6833702921867371,0.031071038776929294,0.07323332130908966,1.54046705082131,1.4714484214782715,0.0690186293430386,0.16933229565620422,0.747351865845737,0.5617091655731201,0.18564270027261687,0.36568936705589294,0.47078086441449807,1.7182374412172408e-09,0.4707808626962606,-1.83063093572855e-08,3.6212996061697194,5.360386837735303,1.5848880932591736,5.861470799333266,3.9308564585869954,1.9507462413382943,-2.2401711931635466,1.4295303791483072,-0.36585814807912076,2.6824944108242934,-2.6708117891752954,0.8113347331994749,-2.1398701247082634,-3.141592651871556,1.0970671015920592,-2.5306253751092633,0.4707808626962606,-0.2857323683925843,0.3907552504009999,-0.34831009226982723,0.827945940985449,-0.003702989585556409,0.439513237908522,-0.2566308008346979,0.8137841395481856,0.15682434620597044,0.49729481268140185
2.182301998,1.0067239783815298,0.6109672784805298,0.39575669990100004,0.45903176069259644,-0.6515625239669885,-0.6833702921867371,0.03180776821974851,0.07323332130908966,1.542166682876986,1.4714484214782715,0.07071826139871451,0.16933229565620422,0.7510847576300292,0.5617091655731201,0.18937559205690913,0.36568936705589294,0.47313154068920515,1.7182374412172408e-09,0.4731315389709677,-1.83063093572855e-08,3.5875608084246147,5.367279275164862,1.5777991949103263,5.861470799333266,3.9308564585869954,1.9507462413382943,-2.2739099909086513,1.436422816577867,-0.37294704642796805,2.7153391416504533,-2.668461112900588,0.8051654799166873,-2.1348686752082635,-3.141592651871556,1.0970671015920592,-2.5306253751092633,0.4731315389709678,-0.2919016216753719,0.3957566999009998,-0.35101367290227903,0.8277809467802502,-0.0051549520640345875,0.43765458075114677,-0.2566308008346979,0.8137841395481856,0.15682434620597044,0.49729481268140185
2.202785492,1.0167247933815295,0.6109672784805298,0.40575751490099976,0.45903176069259644,-0.6500893720611887,-0.6833702921867371,0.0332809201255484,0.07323332130908966,1.5455652387870045,1.4714484214782715,0.07411681730873299,0.16933229565620422,0.7585489857802339,0.5617091655731201,0.19683982020711377,0.36568936705589294,0.4778319137606988,1.7182374412172408e-09,0.47783191204246134,-1.83063093572855e-08,3.520141745548724,5.38043238164647,1.563836609954122,5.861470799333266,3.9308564585869954,1.9507462413382943,-2.341329053784542,1.4495759230594745,-0.3869096313841722,2.7807896644059906,-2.6637607398290943,0.7928295439506643,-2.124867860208264,-3.141592651871556,1.0970671015920592,-2.5306253751092633,0.47783191204246167,-0.30423755764139493,0.40575751490099954,-0.3564281408120582,0.8273877694582813,-0.008090935858919028,0.4339619754598742,-0.2566308008346979,0.8137841395481856,0.15682434620597044,0.49729481268140185
2.222263575,1.0267350398815294,0.6474630832672119,0.37927195661431745,0.46066001057624817,-0.648614830865396,-0.6777661442756653,0.02915131341026933,0.0713731199502945,1.5489669997838151,1.4843770265579224,0.06458997322589277,0.16478446125984192,0.7660202532435144,0.5899617671966553,0.17605848604685914,0.35873958468437195,0.4825367196277819,-4.232594830178016e-11,0.4825367196701078,5.436049832496792e-08,3.452728457342497,5.392762503647949,1.5501442431667627,5.6411345303228115,4.083836678802878,1.874389867523085,-2.1884060729803148,1.3089258248450717,-0.3242456243563223,2.570514185939789,-2.6590559339620112,0.7804819742947804,-2.1148576137082635,3.141592653547467,1.0502817469778019,-2.494129570322581,-5.800648587509478,-0.26979977268302147,0.3792719566143177,-0.3618581668727448,0.8269095792566509,-0.011072786915022077,0.4302982781641356,-0.2752426843052091,0.8203077360803893,0.1594778775390307,0.47529305637551167
2.242097378,1.036725599881529,0.6474630832672119,0.3892625166143171,0.46066001057624817,-0.6471431895537619,-0.6777661442756653,0.03062295472190335,0.0713731199502945,1.55236207075877,1.4843770265579224,0.06798504420084761,0.16478446125984192,0.7734768274515473,0.5899617671966553,0.18351506025489206,0.35873958468437195,0.4872322728595076,-4.232594830178016e-11,0.4872322729018336,5.436049832496792e-08,3.3855287361873105,5.404240329635892,1.5367614487638968,5.6411345303228115,4.083836678802878,1.874389867523085,-2.255605794135501,1.320403650833014,-0.33762841875918825,2.6353778189900257,-2.654360380730286,0.7681586878001587,-2.1048670537082645,3.141592653547467,1.0502817469778019,-2.494129570322581,-5.795953034277753,-0.28212305917764313,0.38926251661431666,-0.36728697077124717,0.8263476866243737,-0.014091147329028723,0.42667460843033367,-0.2752426843052091,0.8203077360803893,0.1594778775390307,0.47529305637551167
2.264552832,1.0467342553815289,0.6474630832672119,0.39927117211431695,0.46066001057624817,-0.6456688827173371,-0.6777661442756653,0.03209726155832815,0.0713731199502945,1.5557632910893995,1.4843770265579224,0.07138626453147712,0.16478446125984192,0.7809469074529073,0.5899617671966553,0.19098514025625202,0.35873958468437195,0.4919363309581782,-4.232594830178016e-11,0.49193633100050416,5.436049832496792e-08,3.318300104768578,5.41491493140184,1.5236374720231074,5.6411345303228115,4.083836678802878,1.874389867523085,-2.3228344255542335,1.331078252598962,-0.3507523954999776,2.7000659854956774,-2.6496563226316145,0.7558130806317445,-2.094858398208264,3.141592653547467,1.0502817469778019,-2.494129570322581,-5.791248976179082,-0.2944686663460574,0.3992711721143172,-0.37273410599671997,0.8256997884180419,-0.017156796299535506,0.4230777587795923,-0.2752426843052091,0.8203077360803893,0.1594778775390307,0.47529305637551167
2.282456875,1.0567272118815285,0.6661030054092407,0.3906242064722878,0.471160888671875,-0.6441968883936194,-0.6748211979866028,0.030624309592983345,0.0758737251162529,1.559159176461905,1.491184949874878,0.06797422658702712,0.17561058700084686,0.7884052703174408,0.6046907305717468,0.18371453974569396,0.37770938873291016,0.4966330105425127,6.56020460176876e-10,0.4966330098864922,7.501512300223112e-09,3.251281091763625,5.424755607601207,1.5108166144888338,5.525858094501143,4.1567370365633005,1.8358509307878963,-2.2745770027375185,1.2680185710379064,-0.32503431629906254,2.624351147360316,-2.6449596430472804,0.7434868380709877,-2.0848654417082644,-3.1415926529337725,1.0257999139966925,-2.4754896481805524,0.49663300988649217,-0.28231307592570476,0.390624206472288,-0.3781802070892286,0.8249678562955789,-0.020258767437872464,0.41952038018065757,-0.2848609063505578,0.823445065275549,0.16042574716061347,0.4637413806794092
2.302501202,1.0667274858815283,0.6661030054092407,0.4006244804722876,0.471160888671875,-0.6427238161788429,-0.6748211979866028,0.032097381807759895,0.0758737251162529,1.5625575485250323,1.491184949874878,0.07137259865015433,0.17561058700084686,0.7958690946858108,0.6046907305717468,0.19117836411406397,0.37770938873291016,0.5013331293445461,6.56020460176876e-10,0.5013331286885256,7.501512300223112e-09,3.184328547033938,5.43379187079633,1.4982688399938575,5.525858094501143,4.1567370365633005,1.8358509307878963,-2.3415295474672053,1.27705483423303,-0.3375820907940388,2.6884179993678066,-2.640259524245247,0.7311515694247139,-2.074865167708265,-3.1415926529337725,1.0257999139966925,-2.4754896481805524,0.5013331286885254,-0.2946483445719785,0.4006244804722874,-0.3836368285386853,0.8241501384328018,-0.023403517249818345,0.41599472170967566,-0.2848609063505578,0.823445065275549,0.16042574716061347,0.4637413806794092
2.323656082,1.076726817381528,0.6661030054092407,0.41062381197228737,0.471160888671875,-0.6412508827973185,-0.6748211979866028,0.03357031518928433,0.0758737251162529,1.5659556003003685,1.491184949874878,0.07477065042549058,0.17561058700084686,0.8033322156080084,0.6046907305717468,0.19864148503626156,0.37770938873291016,0.5060328051725198,6.56020460176876e-10,0.5060328045164993,7.501512300223112e-09,3.1175090629117785,5.442021472922704,1.4860045949654852,5.525858094501143,4.1567370365633005,1.8358509307878963,-2.4083490315893648,1.2852844363594036,-0.3498463358224111,2.752179790455832,-2.6355598484172735,0.7188174633456555,-2.064865836208265,-3.1415926529337725,1.0257999139966925,-2.4754896481805524,0.506032804516499,-0.3069824506510369,0.41062381197228737,-0.3890984866924756,0.8232470684024689,-0.026587844863123964,0.41250420425239365,-0.2848609063505578,0.823445065275549,0.16042574716061347,0.4637413806794092
2.342635393,1.0867264008815278,0.7035586833953857,0.3831677174861421,0.4851403534412384,-0.6397779122953913,-0.6688666343688965,0.029088722073505213,0.07925412058830261,1.5693537377123343,1.504956603050232,0.0643971346621024,0.1837329864501953,0.8107955246134266,0.6344402432441711,0.1763552813692555,0.39231055974960327,0.5107325994402422,-1.4158811900699675e-09,0.5107326008561234,-2.8740032576024532e-08,3.0508256617367264,5.449451643330766,1.4740221601276877,5.290650750030027,4.2935084449056165,1.7612703143801198,-2.2398250882933004,1.1559431984251498,-0.2872481542524321,2.53683515551462,-2.630860054149551,0.7064830464263445,-2.054866252708265,3.141592652173912,0.9763241845312076,-2.438033970194408,-5.772452706323463,-0.2698411381048631,0.38316771748614276,-0.3945648474928138,0.8222583995205365,-0.02981147868169737,0.4090488739499343,-0.30432183869196366,0.8291103571989273,0.1616039224074081,0.44028218944575775
2.362471104,1.0967225038815276,0.7035586833953857,0.39316382048614185,0.4851403534412384,-0.6383054544822009,-0.6688666343688965,0.0305611798866956,0.07925412058830261,1.5727506923533117,1.504956603050232,0.06779408930307973,0.1837329864501953,0.8182562359059508,0.6344402432441711,0.18381599266177961,0.39231055974960327,0.5154307578764372,-1.4158811900699675e-09,0.5154307592923184,-2.8740032576024532e-08,2.984314009812952,5.456086320196621,1.4623256097101003,5.290650750030027,4.2935084449056165,1.7612703143801198,-2.3063367402170747,1.1625778752910048,-0.29894470467001955,2.6000277713596667,-2.626161895713356,0.6941529226796527,-2.0448701497082657,3.141592652173912,0.9763241845312076,-2.438033970194408,-5.767754547887268,-0.28217126185155494,0.39316382048614207,-0.4000328803479427,0.8211844074393344,-0.03307254353253076,0.4056304604973926,-0.30432183869196366,0.8291103571989273,0.1616039224074081,0.44028218944575775
2.372352123,1.1017248588815276,0.7035586833953857,0.39816617548614186,0.4851403534412384,-0.6375685916563474,-0.6688666343688965,0.0312980427125491,0.07925412058830261,1.5744506321231464,1.504956603050232,0.06949402907291446,0.1837329864501953,0.8219898035210218,0.6344402432441711,0.18754956027685066,0.39231055974960327,0.5177818597352409,-1.4158811900699675e-09,0.5177818611511221,-2.8740032576024532e-08,2.9510886510059664,5.4591109078968145,1.4565779524905682,5.290650750030027,4.2935084449056165,1.7612703143801198,-2.3395620990240604,1.165602462991198,-0.3046923618895516,2.6315427703753644,-2.623810793854552,0.6879825524688933,-2.039867794708265,3.141592652173912,0.9763241845312076,-2.438033970194408,-5.765403446028464,-0.28834163206231433,0.39816617548614275,-0.4027702829114056,0.8206147538095653,-0.034718745672328286,0.40393332832594164,-0.30432183869196366,0.8291103571989273,0.1616039224074081,0.44028218944575775
2.392007351,1.1117233253815273,0.7229126691818237,0.38881065619970356,0.4867497980594635,-0.6360957856920783,-0.6657677292823792,0.029671943590300898,0.07835586369037628,1.5778483899473534,1.512133240699768,0.06571514924758537,0.1815374344587326,0.8294522788401011,0.6498475074768066,0.17960477136329445,0.3889099955558777,0.5224811290140777,-1.773858171461029e-09,0.5224811307879359,-7.55535438656807e-08,2.8848041427528974,5.464569500097867,1.4453008162483965,5.167482404236935,4.3590837708383825,1.7242297646288431,-2.2826782614840377,1.1054857292594846,-0.2789289483804467,2.5515720842830962,-2.6191115245757155,0.6756495133613377,-2.029869328208266,3.141592651815935,0.9506413775625188,-2.4186799844079694,-5.76070417639165,-0.27499186420118105,0.38881065619970334,-0.4082431140589587,0.819411726838677,-0.038037199457274226,0.40056853745663673,-0.31443478491635524,0.8316918887042866,0.16183256718559383,0.42805325427593977
2.402066946,1.1167250073815271,0.7229126691818237,0.3938123381997034,0.4867497980594635,-0.6353590220012686,-0.6657677292823792,0.03040870728111056,0.07835586369037628,1.579548101013015,1.512133240699768,0.06741486031324695,0.1815374344587326,0.8331853441535553,0.6498475074768066,0.18333783667674863,0.3889099955558777,0.5248319145635528,-1.773858171461029e-09,0.524831916337411,-7.55535438656807e-08,2.8517106585797287,5.46700828073903,1.4397649468104747,5.167482404236935,4.3590837708383825,1.7242297646288431,-2.3157717456572064,1.1079245099006476,-0.2844648178183684,2.582869669611545,-2.6167607390262404,0.6694799732914124,-2.024867646208266,3.141592651815935,0.9506413775625188,-2.4186799844079694,-5.758353390842176,-0.28116140427110636,0.3938123381997034,-0.4109813428111309,0.8187776632974362,-0.03971113070396783,0.39889911010750856,-0.31443478491635524,0.8316918887042866,0.16183256718559383,0.42805325427593977
2.422176600,1.1267334408815268,0.7415477633476257,0.3851856775339011,0.44455891847610474,-0.6338847478661509,-0.6629493832588196,0.02906463539266868,0.0703851580619812,1.5829492459018517,1.5186322927474976,0.06431695315435415,0.16233289241790771,0.8406552584625542,0.664101243019104,0.17655401544345017,0.3563438355922699,0.5295358683224449,-1.111455039115583e-09,0.5295358694339,4.100729711353779e-08,2.785626748726785,5.4713082082339035,1.428898526273176,5.049948867484939,4.42073782807751,1.6916396869729065,-2.2643221187581535,1.050570380156394,-0.2627411606997305,2.509957310132028,-2.6120567852673484,0.657134639958459,-2.0148592127082665,3.141592652478338,0.9270702439489322,-2.4000448902421674,-5.753649437745686,-0.2699356039904732,0.38518567753390087,-0.4164608985115003,0.8174442487623722,-0.04308808593024139,0.39558644697105466,-0.3241021430157519,0.8336952578256107,0.16200550281031975,0.41673041049443604
2.442268610,1.1367261503815267,0.7415477633476257,0.39517838703390096,0.44455891847610474,-0.63241278992632,-0.6629493832588196,0.030536593332499584,0.0703851580619812,1.5863450473368672,1.5186322927474976,0.06771275458936965,0.16233289241790771,0.848113436975677,0.664101243019104,0.18401219395657298,0.3563438355922699,0.534232431817026,-1.111455039115583e-09,0.534232432928481,4.100729711353779e-08,2.7198368339297176,5.474835402443766,1.4183294570113338,5.049948867484939,4.42073782807751,1.6916396869729065,-2.330112033555221,1.0540975743662564,-0.2733102299615726,2.5720113271533855,-2.6073602217727676,0.6448087020704897,-2.004866503208267,3.141592652478338,0.9270702439489322,-2.4000448902421674,-5.748952874251106,-0.28226154187844255,0.3951783870339005,-0.421931443619776,0.8160268563255918,-0.0464956221576874,0.3923164332021707,-0.3241021430157519,0.8336952578256107,0.16200550281031975,0.41673041049443604
2.462259054,1.1467242753815263,0.7415477633476257,0.4051765120339006,0.44455891847610474,-0.6309400342660887,-0.6629493832588196,0.03200934899273089,0.0703851580619812,1.589742689109848,1.5186322927474976,0.0711103963623505,0.16233289241790771,0.8555756574121379,0.664101243019104,0.19147441439303392,0.3563438355922699,0.5389315405912035,-1.111455039115583e-09,0.5389315417026586,4.100729711353779e-08,2.654211405981486,5.47760560184088,1.4080345010144524,5.049948867484939,4.42073782807751,1.6916396869729065,-2.395737461503453,1.0568677737633703,-0.2836051859584541,2.63381080891796,-2.60266111299859,0.6324760842008169,-1.994868378208267,3.141592652478338,0.9270702439489322,-2.4000448902421674,-5.744253765476929,-0.2945941597481153,0.40517651203390037,-0.4274035525707633,0.8145225501207313,-0.04994021421447329,0.38908250230371993,-0.3241021430157519,0.8336952578256107,0.16200550281031975,0.41673041049443604
2.471905708,1.1517344998815262,0.7605579495429993,0.39117655033852694,0.4725903868675232,-0.630202012237818,-0.6600286364555359,0.029826624217717868,0.07203997671604156,1.5914453031553029,1.5253759622573853,0.0660693408979176,0.1662122905254364,0.8593150985228618,0.6787973046302795,0.18051779389258227,0.3635299503803253,0.5412863411071552,-1.2325269693747032e-09,0.5412863423396822,-1.3364478945732117e-07,2.6214037980894638,5.4787105414606785,1.4029806614428364,4.9288274455689045,4.480057916253775,1.6589376370676459,-2.3074236474794407,0.9986526252069039,-0.25595697562480946,2.527256403325742,-2.6003063124826378,0.6262960070163672,-1.989858153708267,3.141592652357266,0.9027097660245851,-2.381034704046794,-5.741898964839904,-0.27641375900821785,0.39117655033852694,-0.43014487539642343,0.8137362894156224,-0.051679388221590655,0.3874762938443227,-0.334008478595864,0.8355721777582398,0.16190299346712003,0.4050245581305094
2.493143082,1.1617288818815261,0.7605579495429993,0.40117093233852685,0.4725903868675232,-0.6287298079334096,-0.6600286364555359,0.03129882852212629,0.07203997671604156,1.5948416729524726,1.5253759622573853,0.06946571069508733,0.1662122905254364,0.8667745253264072,0.6787973046302795,0.18797722069612766,0.3635299503803253,0.5459836906750675,-1.2325269693747032e-09,0.5459836919075944,-1.3364478945732117e-07,2.5561215972753253,5.480354367901605,1.3931086220545623,4.9288274455689045,4.480057916253775,1.6589376370676459,-2.3727058482935792,1.0002964516478308,-0.26582901501308354,2.588627261489885,-2.5956089629147256,0.613968006111244,-1.9798637717082672,3.141592652357266,0.9027097660245851,-2.381034704046794,-5.737201615271992,-0.28874175991334106,0.40117093233852663,-0.4356109553123851,0.8121031572841291,-0.05517424908749343,0.38430113163847385,-0.334008478595864,0.8355721777582398,0.16190299346712003,0.4050245581305094
2.513586998,1.1717241818815258,0.7791687846183777,0.39255539726314814,0.4681624472141266,-0.627257468404677,-0.6571770310401917,0.02991956263551465,0.0721731036901474,1.59823835471165,1.5319530963897705,0.06628525832187959,0.166549414396286,0.8742346372902561,0.6932053565979004,0.1810292806923557,0.3639276921749115,0.5506814717020637,-1.4100602907518578e-09,0.550681473112124,2.0780134946107864e-08,2.491057571915051,5.481258027139923,1.383514148862972,4.809689516751807,4.535125682227773,1.6280859255969977,-2.3186319448367563,0.9461323449121499,-0.24457177673402564,2.5161549760857898,-2.5909111818877295,0.601638872859485,-1.9698684717082677,3.1415926521797326,0.8788729745092348,-2.362423868971416,-5.732503834067462,-0.2772341016497498,0.39255539726314814,-0.4410736327559728,0.8103836392095863,-0.05870291291842047,0.38116449966355564,-0.343719392445145,0.8371778007812558,0.16157984133747594,0.3935508404381275
2.532408237,1.1817252743815254,0.7791687846183777,0.40255648976314773,0.4681624472141266,-0.6257842756222431,-0.6571770310401917,0.031392755417948504,0.0721731036901474,1.6016370049239095,1.5319530963897705,0.06968390853413897,0.166549414396286,0.881699072555912,0.6932053565979004,0.18849371595801157,0.3639276921749115,0.5553819751982805,-1.4100602907518578e-09,0.5553819766083408,2.0780134946107864e-08,2.4261895345197373,5.481428781364291,1.3741922703645262,4.809689516751807,4.535125682227773,1.6280859255969977,-2.38349998223207,0.946303099136518,-0.25389365523247154,2.5770183757402587,-2.586210678391513,0.5893025945991355,-1.959867379208268,3.1415926521797326,0.8788729745092348,-2.362423868971416,-5.727803330571246,-0.2895703799100994,0.40255648976314795,-0.4465345632247993,0.8085767846560409,-0.062266440202218575,0.37806528217422947,-0.343719392445145,0.8371778007812558,0.16157984133747594,0.3935508404381275
2.542321444,1.1867406348815255,0.7791687846183777,0.4075718502631478,0.4681624472141266,-0.6250454970448123,-0.6571770310401917,0.03213153399537938,0.0721731036901474,1.6033413643254333,1.5319530963897705,0.07138826793566277,0.166549414396286,0.8854423469817987,0.6932053565979004,0.1922369903838983,0.3639276921749115,0.5577391896291076,-1.4100602907518578e-09,0.5577391910391679,2.0780134946107864e-08,2.3937503103531914,5.481240619693129,1.3696220838251905,4.809689516751807,4.535125682227773,1.6280859255969977,-2.415939206398616,0.9461149374653566,-0.25846384177180726,2.6074315487491693,-2.5838534639606854,0.5831161821942944,-1.9548520187082674,3.1415926521797326,0.8788729745092348,-2.362423868971416,-5.725446116140418,-0.29575679231494045,0.40757185026314846,-0.44927095161914266,0.8076381617597878,-0.06406562239829636,0.37652597218149475,-0.343719392445145,0.8371778007812558,0.16157984133747594,0.3935508404381275
2.563447237,1.196727890381525,0.7791687846183777,0.41755910576314736,0.4681624472141266,-0.6235743424965544,-0.6571770310401917,0.03360268854363724,0.0721731036901474,1.606735312339109,1.5319530963897705,0.07478221594933854,0.166549414396286,0.892896454836647,0.6932053565979004,0.19969109823874664,0.3639276921749115,0.5624331897491304,-1.4100602907518578e-09,0.5624331911591907,2.0780134946107864e-08,2.32933941497595,5.48032608108935,1.3607289445073054,4.809689516751807,4.535125682227773,1.6280859255969977,-2.480350101775857,0.9452003988615774,-0.2673569810896923,2.6677743863987047,-2.579159463840663,0.5707969717775124,-1.944864763208268,3.1415926521797326,0.8788729745092348,-2.362423868971416,-5.720752116020396,-0.3080760027317224,0.4175591057631478,-0.4547150758060917,0.8057043522284516,-0.0676721087600926,0.3734905384755464,-0.343719392445145,0.8371778007812558,0.16157984133747594,0.3935508404381275
2.582463264,1.206722191381525,0.7979461550712585,0.4087760363102664,0.4520597457885742,-0.622102150123704,-0.6543007493019104,0.032198599178206444,0.07185227423906326,1.6101316546102196,1.5385897159576416,0.07154193865257796,0.16581234335899353,0.9003558211848715,0.7077239751815796,0.19263184600329186,0.3629659414291382,0.5671305012471235,-6.545248787404034e-10,0.5671305019016484,-3.632158041000366e-08,2.2651388786069835,5.4786979492971515,1.3521057026314243,4.688987356519974,4.587660159161182,1.5980324759814672,-2.42384847791299,0.8910377901359698,-0.24592677335004298,2.5941221569505695,-2.5744621523426696,0.5584690707853271,-1.9348704622082682,3.1415926529352682,0.8548414546194034,-2.343646498518535,-5.716054805277938,-0.29637238383407627,0.4087760363102668,-0.4601556211683229,0.8036829555535623,-0.07131215980504876,0.37049303249025467,-0.3535245158567164,0.8385639416885184,0.16103145143180714,0.38196832857955004
2.592304707,1.2117256833815246,0.7979461550712585,0.4137795283102661,0.4520597457885742,-0.6213651198141288,-0.6543007493019104,0.032935629487781615,0.07185227423906326,1.611831980764371,1.5385897159576416,0.07324226480672946,0.16581234335899353,0.9040902374135211,0.7077239751815796,0.19636626223194154,0.3629659414291382,0.5694821374947926,-6.545248787404034e-10,0.5694821381493175,-3.632158041000366e-08,2.2330967045104,5.477617440299409,1.3478921691039631,4.688987356519974,4.587660159161182,1.5980324759814672,-2.4558906520095736,0.8899572811382273,-0.2501403068775041,2.6241175716807597,-2.572110516095001,0.5522972980929506,-1.929866970208269,3.1415926529352682,0.8548414546194034,-2.343646498518535,-5.7137031690302695,-0.30254415652645283,0.4137795283102661,-0.46287624296977714,0.8026385808149037,-0.07314593028947233,0.3690075407951833,-0.3535245158567164,0.8385639416885184,0.16103145143180714,0.38196832857955004
2.611870527,1.2217234518815245,0.8165488839149475,0.405174567966577,0.44617363810539246,-0.6198924166674831,-0.6514872908592224,0.03159487419173934,0.07028011232614517,1.6152295013887072,1.5450754165649414,0.07015408482376584,0.1620369553565979,0.9115521917719338,0.7219821214675903,0.18957007030434347,0.35645225644111633,0.5741810787143259,-2.2726978077258764e-09,0.5741810809870237,8.509960025548935e-08,2.1692742068033155,5.474933002634436,1.3396793840657737,4.569361177534409,4.6371058264532605,1.5696904605769186,-2.4000869707310937,0.8378271761811753,-0.23001107651114494,2.552504052795743,-2.5674115748754676,0.5399651199635562,-1.9198692017082688,3.1415926513170955,0.8312841492834049,-2.3250437696748456,-5.7090042261925635,-0.29131902931984865,0.4051745679665768,-0.46830564388142715,0.8004870310358864,-0.0768325043921015,0.36606980662298777,-0.36322229041918597,0.8396626481293844,0.1603102117596843,0.370589855614742
2.632108212,1.2317231078815243,0.835750937461853,0.39597217041967125,0.4950428009033203,-0.6184194354860749,-0.6484971046447754,0.03007766915870047,0.07917367666959763,1.6186276634381955,1.5519858598709106,0.06664180356728489,0.18337862193584442,0.9190155548885961,0.736986517906189,0.18202903698240713,0.39376604557037354,0.5788809070569759,-2.3763073730975748e-09,0.5788809094332833,-6.525078788399696e-08,2.1057170387197157,5.4715543332262255,1.3317397730672251,4.4446415551244085,4.684076931120826,1.5406557480975778,-2.338924516404693,0.7874774021053996,-0.20891597503035264,2.4767588572342842,-2.562711746532817,0.5276306136159974,-1.909869545708269,3.141592651213486,0.8063791233243902,-2.30584171612794,-5.704304397746303,-0.2787485097083928,0.39597217041967103,-0.47372612029177114,0.7982488136634938,-0.08054905955371643,0.3631724706570462,-0.37327869063591324,0.8406671458063564,0.15922501900824193,0.3585933105912011
2.652308702,1.241723976881524,0.835750937461853,0.405973039419671,0.4950428009033203,-0.616946275625903,-0.6484971046447754,0.031550829018872406,0.07917367666959763,1.6220262376989205,1.5519858598709106,0.07004037782800987,0.18337862193584442,0.926479823342348,0.736986517906189,0.18949330543615905,0.39376604557037354,0.5835813055084156,-2.3763073730975748e-09,0.583581307884723,-6.525078788399696e-08,2.042437770984866,5.467489594185791,1.3240732112993585,4.4446415551244085,4.684076931120826,1.5406557480975778,-2.4022037841395427,0.7834126630649649,-0.21658253679821926,2.535986280804932,-2.5580113480813775,0.5152946110413485,-1.8998686767082693,3.141592651213486,0.8063791233243902,-2.30584171612794,-5.6996039992948635,-0.29108451228304166,0.4059730394196708,-0.47913629274586816,0.7959240930404189,-0.08429464156754723,0.3603160619435819,-0.37327869063591324,0.8406671458063564,0.15922501900824193,0.3585933105912011
2.672293186,1.251723540381524,0.8555852770805359,0.396138263300988,0.4831387400627136,-0.6154733080700396,-0.6453255414962769,0.029852233426237218,0.07936858385801315,1.6254243683143283,1.559332013130188,0.06609235518414036,0.18385985493659973,0.9339431174205266,0.7527573704719543,0.18118574694857226,0.3947755992412567,0.588281090376158,-2.3809638705074576e-09,0.5882810927571218,1.1932570487260818e-08,1.9794602895877722,5.46274817354251,1.3166808022019687,4.314734162077175,4.728320519853462,1.5110776256833227,-2.3352738724894033,0.7344276536890479,-0.194396823481354,2.4557439123439755,-2.553311563213635,0.5029602187918987,-1.8898691132082697,3.1415926512088292,0.7800905543508484,-2.2860073765092577,-5.694904214422465,-0.2771303355589497,0.396138263300988,-0.48453378973488775,0.7935135224283264,-0.08806758642640646,0.3575016035622289,-0.3837037504523757,0.8415440314873245,0.15774362227084732,0.3459653517185128
2.692392588,1.2617248918815236,0.8555852770805359,0.4061396148009877,0.4831387400627136,-0.6140000771360807,-0.6453255414962769,0.03132546436019612,0.07936858385801315,1.6288231065420127,1.559332013130188,0.06949109341182469,0.18385985493659973,0.941407745993937,0.7527573704719543,0.1886503755219826,0.3947755992412567,0.5929817156021162,-2.3809638705074576e-09,0.5929817179830801,1.1932570487260818e-08,1.9167728885177457,5.457337006650027,1.3095594197759293,4.314734162077175,4.728320519853462,1.5110776256833227,-2.39796127355943,0.7290164867965654,-0.20151820590739344,2.5144170089354914,-2.548610937987677,0.49062362105684526,-1.8798677617082697,3.1415926512088292,0.7800905543508484,-2.2860073765092577,-5.690203589196506,-0.28946693329400314,0.4061396148009879,-0.48991927076218905,0.7910164296608919,-0.0918683396634156,0.3547285219852888,-0.3837037504523757,0.8415440314873245,0.15774362227084732,0.3459653517185128
2.702471495,1.2667255378815234,0.874835729598999,0.3918898082825244,0.48714545369148254,-0.613263466051371,-0.6424115300178528,0.02914806396648173,0.07461758702993393,1.630522465545975,1.5660583972930908,0.06446406825288409,0.17240796983242035,0.9451400380763731,0.7674535512924194,0.1776864867839537,0.3748696744441986,0.595332014232625,-1.3402109422244735e-09,0.595332015572836,-3.498280420899391e-08,1.8855447552623323,5.454383247785717,1.3061006107558775,4.190186831672301,4.770003598582857,1.4851163038436292,-2.3046420764099693,0.6843796492028602,-0.17901569308775178,2.4107669366767857,-2.5462606393571683,0.48445535888573693,-1.87486711570827,3.1415926522495825,0.7557539778890568,-2.266756923990794,-5.687853291606751,-0.2712986190033199,0.3918898082825242,-0.4926068115471913,0.7897356324460976,-0.09377865396381402,0.3533577848626058,-0.393716750240255,0.841940878234184,0.1562870878748909,0.3342110475464417
2.722498178,1.2767254583815233,0.874835729598999,0.40188972878252427,0.48714545369148254,-0.6117904459082704,-0.6424115300178528,0.03062108410958242,0.07461758702993393,1.6339207174799413,1.5660583972930908,0.06786232018685046,0.17240796983242035,0.9526035986057808,0.7674535512924194,0.18515004731336138,0.3748696744441986,0.6000319668900111,-1.3402109422244735e-09,0.6000319682302221,-3.498280420899391e-08,1.82333238690048,5.447985650030725,1.2993870410369728,4.190186831672301,4.770003598582857,1.4851163038436292,-2.366854444771821,0.6779820514478683,-0.18572926280665647,2.4690392835846677,-2.541560686699782,0.4721205262792622,-1.8648671952082703,3.1415926522495825,0.7557539778890568,-2.266756923990794,-5.6831533389493645,-0.28363345160979464,0.4018897287825238,-0.49797016053876836,0.7871099520510746,-0.09761819651621866,0.3506484426089314,-0.393716750240255,0.841940878234184,0.1562870878748909,0.3342110475464417
2.742152452,1.286721547381523,0.8938542604446411,0.3928672869368819,0.47007817029953003,-0.6103179901573246,-0.63959139585495,0.029273405697625376,0.07224063575267792,1.6373176673633278,1.5725561380386353,0.06476152932469259,0.1666398048400879,0.9600642994492372,0.7817755937576294,0.17828870569160782,0.3655148446559906,0.6047301187462202,-5.533490554654463e-09,0.6047301242797107,1.618172973394394e-08,1.7614634523858113,5.440943612952468,1.2929458839416865,4.067618151049395,4.808859732754794,1.461082638619974,-2.3061546986635832,0.6320838801976745,-0.16813675467828748,2.397112741205056,-2.536862534843573,0.4597904198014734,-1.8548711062082701,3.1415926480563026,0.7321140605153993,-2.247738393145152,-5.678455182899876,-0.2723236407139259,0.3928672869368819,-0.5033159634532872,0.7843995098880477,-0.10148156025456004,0.34798267593197757,-0.40356175142591494,0.8420328856456234,0.1546989114687745,0.32277976867785396
2.752759218,1.291723802381523,0.8938542604446411,0.39786954193688184,0.47007817029953003,-0.6095811420617896,-0.63959139585495,0.030010253793160357,0.07224063575267792,1.6390175731503733,1.5725561380386353,0.06646143511173808,0.1666398048400879,0.9637977924281096,0.7817755937576294,0.1820221986704802,0.3655148446559906,0.6070811736051236,-5.533490554654463e-09,0.6070811791386141,1.618172973394394e-08,1.7306250950994373,5.437179548072522,1.2898235715188378,4.067618151049395,4.808859732754794,1.461082638619974,-2.336993055949957,0.6283198153177283,-0.17125906710113625,2.4260362738309533,-2.5345114799846695,0.45362017294002077,-1.8498688512082702,3.1415926480563026,0.7321140605153993,-2.247738393145152,-5.676104128040972,-0.2784938875753785,0.39786954193688184,-0.5059849870822213,0.7830109930662716,-0.10342413374928214,0.34666471718792785,-0.40356175142591494,0.8420328856456234,0.1546989114687745,0.32277976867785396
2.762323618,1.296727907381523,0.8938542604446411,0.4028736469368819,0.47007817029953003,-0.6088440214553618,-0.63959139585495,0.03074737439958819,0.07224063575267792,1.6407181076190245,1.5725561380386353,0.06816196958038923,0.1666398048400879,0.9675326661766571,0.7817755937576294,0.18575707241902772,0.3655148446559906,0.6094330979621811,-5.533490554654463e-09,0.6094331034956717,1.618172973394394e-08,1.6998580247602084,5.433255326173411,1.286767331739747,4.067618151049395,4.808859732754794,1.461082638619974,-2.3677601262891863,0.6243955934186172,-0.174315306880227,2.4549019733867823,-2.532159555627612,0.44744764411639415,-1.8448647462082701,3.1415926480563026,0.7321140605153993,-2.247738393145152,-5.6737522036839145,-0.28466641639900514,0.4028736469368819,-0.508650738754581,0.7816005251324747,-0.10537348610019202,0.34535702324428186,-0.40356175142591494,0.8420328856456234,0.1546989114687745,0.32277976867785396
2.782335043,1.3067011888815228,0.9131492972373962,0.3935518916441265,0.4882047474384308,-0.6073749253218161,-0.6366595029830933,0.029284577661277122,0.07506485283374786,1.6441073068776952,1.5793224573135376,0.06478484956415764,0.17340458929538727,0.974976344369106,0.7965739369392395,0.17840240742986646,0.37742576003074646,0.6141205303161468,-6.180759903884336e-09,0.6141205364969067,-4.016328603029251e-08,1.6387886810002772,5.4249650558746305,1.2808762211174034,3.9425526344763804,4.844367820867884,1.4371578715018138,-2.3037639534761034,0.5805972350067465,-0.15628165038441044,2.380933736348032,-2.527472123273647,0.435145670531729,-1.8348914647082706,3.1415926474090337,0.7076175051870305,-2.228443356352397,-5.669064770682681,-0.2724718346553015,0.3935518916441263,-0.5139504293608764,0.7787255548562242,-0.10927629694852174,0.3427829594639373,-0.41356829345949236,0.8419724597791047,0.15275177315219818,0.31098318188832424
2.792354345,1.3117265748815226,0.9131492972373962,0.3985772776441263,0.4882047474384308,-0.6066346699563004,-0.6366595029830933,0.03002483302679282,0.07506485283374786,1.6458150732237804,1.5793224573135376,0.0664926159102428,0.17340458929538727,0.9787271014470885,0.7965739369392395,0.18215316450784902,0.37742576003074646,0.6164824567219708,-6.180759903884336e-09,0.6164824629027307,-4.016328603029251e-08,1.6081445994609953,5.420553178942536,1.2780084543232977,3.9425526344763804,4.844367820867884,1.4371578715018138,-2.334408035015385,0.5761853580746523,-0.15914941717851616,2.409725913416766,-2.5251101968678222,0.4289468917421455,-1.8298660787082706,3.1415926474090337,0.7076175051870305,-2.228443356352397,-5.6667028442768554,-0.278670613444885,0.3985772776441263,-0.5166139470358675,0.7772447053558654,-0.11125161670984725,0.34150223352672393,-0.41356829345949236,0.8419724597791047,0.15275177315219818,0.31098318188832424
2.812216759,1.3213444078639243,0.9131492972373962,0.408195110626528,0.4882047474384308,-0.6052179325216323,-0.6366595029830933,0.03144157046146101,0.07506485283374786,1.649083481160925,1.5793224573135376,0.06976102384738736,0.17340458929538727,0.9859054863778378,0.7965739369392395,0.1893315494385983,0.37742576003074646,0.621002828627321,-6.180759903884336e-09,0.6210028348080809,-4.016328603029251e-08,1.5497390468118974,5.411676444710125,1.2727074696061595,3.9425526344763804,4.844367820867884,1.4371578715018138,-2.3928135876644827,0.5673086238422407,-0.1644504018956543,2.464637879016143,-2.5205898249624723,0.41708336143958363,-1.820248245725869,3.1415926474090337,0.7076175051870305,-2.228443356352397,-5.662182472371506,-0.29053414374744685,0.4081951106265278,-0.5216980153368413,0.7743505188282851,-0.11504800777607778,0.3390817168334532,-0.41356829345949236,0.8419724597791047,0.15275177315219818,0.31098318188832424
2.832559586,1.330585150508804,0.9323716759681702,0.3982134745406338,0.48946380615234375,-0.6038567416948536,-0.6337318420410156,0.02987510034616203,0.07584324479103088,1.6522237432824338,1.5860798358917236,0.06614390739071019,0.1753069907426834,0.9928024254151772,0.8113463521003723,0.18145607331480484,0.38050970435142517,0.625345968450285,-6.276220432255286e-09,0.6253459747265054,5.0407834351062775e-08,1.4939279993241699,5.402618112009218,1.2678455527565642,3.817980407758429,4.87662656697701,1.4143777953254526,-2.3240524084342593,0.5259915450322081,-0.14653224256888842,2.387332905295514,-2.5162466851395084,0.4056849694539566,-1.8110075030809891,3.1415926473135727,0.6831600505056337,-2.209220977621623,-5.657839332453081,-0.27747508105167706,0.3982134745406338,-0.5265653446915004,0.7714956049638811,-0.11871474438415143,0.3367941192437036,-0.4235142740811704,0.8416808009149104,0.15056593658895043,0.29923065979245245
2.842409372,1.3352065481282471,0.9323716759681702,0.40283487216007696,0.48946380615234375,-0.6031759951046465,-0.6337318420410156,0.030555846936369147,0.07584324479103088,1.6537942231075384,1.5860798358917236,0.0677143872158148,0.1753069907426834,0.996251660922917,0.8113463521003723,0.18490530882254463,0.38050970435142517,0.6275180207203346,-6.276220432255286e-09,0.627518026996555,5.0407834351062775e-08,1.4661297856829631,5.39789550403908,1.2654987742924526,3.817980407758429,4.87662656697701,1.4143777953254526,-2.351850622075466,0.5212689370620698,-0.148879021033,2.413521828408917,-2.514074632869459,0.39998450753090514,-1.8063861054615462,3.1415926473135727,0.6831600505056337,-2.209220977621623,-5.655667280183032,-0.2831755429747285,0.40283487216007674,-0.5289929000008764,0.7700405996606432,-0.12055538892246917,0.33566409522719604,-0.4235142740811704,0.8416808009149104,0.15056593658895043,0.29923065979245245
2.852535725,1.3398270227040654,0.9323716759681702,0.40745534673589523,0.48946380615234375,-0.6024953844817055,-0.6337318420410156,0.03123645755931015,0.07584324479103088,1.6553643892566712,1.5860798358917236,0.06928455336494754,0.1753069907426834,0.9997002075059833,0.8113463521003723,0.188353855405611,0.38050970435142517,0.6296896391608015,-6.276220432255286e-09,0.6296896454370219,5.0407834351062775e-08,1.4384135760775212,5.3930467606974535,1.2632087845497937,3.817980407758429,4.87662656697701,1.4143777953254526,-2.3795668316809078,0.5164201937204433,-0.15116901077565892,2.4396475550245094,-2.511903014428992,0.39428518417576514,-1.8017656308857277,3.1415926473135727,0.6831600505056337,-2.209220977621623,-5.653495661742564,-0.28887486632986853,0.40745534673589523,-0.5314154060602335,0.7685677587288985,-0.12240014656036119,0.33454367512520256,-0.4235142740811704,0.8416808009149104,0.15056593658895043,0.29923065979245245
2.872562170,1.349066220013147,0.9515081644058228,0.39755805560732416,0.4842783212661743,-0.6011344212878124,-0.6308609843254089,0.029726563037596576,0.07354387640953064,1.6585041262299685,1.592700719833374,0.06580340639659443,0.16977953910827637,1.0065959931634263,0.8258838057518005,0.18071218741162576,0.37091806530952454,0.6340320526774821,-6.527677065548687e-09,0.6340320592051591,4.9942173063755035e-08,1.3832232404089186,5.382973624167867,1.2587980998862092,3.6945457729637177,4.9063431165494515,1.393141260597636,-2.311322532554799,0.47663050761841586,-0.13434316071142693,2.3637759147427775,-2.5075606009123113,0.3828886983511317,-1.7925264335766462,3.141592647062116,0.6591308551969486,-2.1900844891839704,-5.649153247974427,-0.2762421568458169,0.39755805560732416,-0.5362454175809428,0.765568358346838,-0.12610210497958171,0.33233146095620597,-0.4333602860104133,0.8411071707543326,0.148226286791826,0.2876917755489756
2.892419100,1.358303477452268,0.9515081644058228,0.40679531304644523,0.4842783212661743,-0.5997737438429435,-0.6308609843254089,0.031087240482465472,0.07354387640953064,1.6616432039813405,1.592700719833374,0.06894248414796644,0.16977953910827637,1.0134903309756722,0.8258838057518005,0.18760652522387167,0.37091806530952454,0.638373554457217,-6.527677065548687e-09,0.6383735609848941,4.9942173063755035e-08,1.3283569040666456,5.372405475511778,1.2546120384714916,3.6945457729637177,4.9063431165494515,1.393141260597636,-2.366188868897072,0.4660623589623265,-0.1385292221261445,2.4156270885873106,-2.503219099132576,0.3714946053426446,-1.7832891761375251,3.141592647062116,0.6591308551969486,-2.1900844891839704,-5.6448117461946925,-0.28763624985430397,0.40679531304644523,-0.5410549893983334,0.7624973836674515,-0.12982031240576294,0.33015742432108147,-0.4333602860104133,0.8411071707543326,0.148226286791826,0.2876917755489756
2.912301064,1.3675459178875986,0.9515081644058228,0.41603775348177585,0.4842783212661743,-0.5984123029262232,-0.6308609843254089,0.032448681399185775,0.07354387640953064,1.6647840430594045,1.592700719833374,0.0720833232260305,0.16977953910827637,1.0203885371792654,0.8258838057518005,0.19450473142746483,0.37091806530952454,0.642717492239999,-6.527677065548687e-09,0.642717498767676,4.9942173063755035e-08,1.2737768094674886,5.361341138357561,1.2506465242468876,3.6945457729637177,4.9063431165494515,1.393141260597636,-2.4207689634962293,0.4549980218081098,-0.1424947363507485,2.467275891416193,-2.4988751613497944,0.3600941191442673,-1.7740467357021947,3.141592647062116,0.6591308551969486,-2.1900844891839704,-5.640467808411911,-0.2990367360526813,0.41603775348177563,-0.545847032669173,0.7593526025242228,-0.13355705480502303,0.3280200528592067,-0.4333602860104133,0.8411071707543326,0.148226286791826,0.2876917755489756
2.932327032,1.3767822333417592,0.9515081644058228,0.42527406893593644,0.4842783212661743,-0.5970517642387396,-0.6308609843254089,0.03380922008666931,0.07354387640953064,1.6679228006980105,1.592700719833374,0.07522208086463644,0.16977953910827637,1.027282171929745,0.8258838057518005,0.20139836617794438,0.37091806530952454,0.6470585512877424,-6.527677065548687e-09,0.6470585578154194,4.9942173063755035e-08,1.2195539168174685,5.3498014829193,1.246905385588094,3.6945457729637177,4.9063431165494515,1.393141260597636,-2.474991856146249,0.4434583663698488,-0.14623587500954205,2.5186553836985075,-2.4945341023020506,0.34870118806769823,-1.7648104202480337,3.141592647062116,0.6591308551969486,-2.1900844891839704,-5.636126749364166,-0.31042966712925035,0.42527406893593667,-0.5506149023597323,0.7561380568077475,-0.13730716715142877,0.32592209221719787,-0.4333602860104133,0.8411071707543326,0.148226286791826,0.2876917755489756
2.952148914,1.3860229796825094,0.9905274510383606,0.39549552864414883,0.4754922389984131,-0.5956905728675473,-0.6250059008598328,0.029315327992285423,0.07186425477266312,1.671063064075479,1.6062226295471191,0.06484043452835997,0.16585710644721985,1.0341791137255414,0.8553711771965027,0.1788079365290387,0.36309534311294556,0.6514016928477617,-5.9618980863263005e-09,0.6514016988096598,-4.190951585769653e-09,1.165630250231764,5.3377807421797705,1.2433832721109668,3.4437585044664933,4.958100963662976,1.3530438363498298,-2.2781282542347294,0.37967977851679446,-0.10966056423886306,2.3121527882703434,-2.4901909607420314,0.3373027915232407,-1.7555696739072837,3.141592647627895,0.6102664905729248,-2.151065202551433,-5.631783608369926,-0.2729636990496841,0.3954955286441493,-0.5553632693557563,0.7528502853866915,-0.14107433905725877,0.32386126304826957,-0.4533098168394261,0.8392007342939717,0.14277885218744363,0.2643227891906048
2.972205877,1.3952625595141739,0.9905274510383606,0.4047351084758133,0.4754922389984131,-0.5943295533268592,-0.6250059008598328,0.030676347532973547,0.07186425477266312,1.6742029310406206,1.6062226295471191,0.06798030149350143,0.16585710644721985,1.0410751848832995,0.8553711771965027,0.18570400768679685,0.36309534311294556,0.6557442861496748,-5.9618980863263005e-09,0.6557442921115729,-4.190951585769653e-09,1.1120425760044903,5.325293256973108,1.240081396775472,3.4437585044664933,4.958100963662976,1.3530438363498298,-2.3317159284620033,0.3671922933101319,-0.11296243957435781,2.363152526618704,-2.4858483674401186,0.3259058338596531,-1.7463300940756197,3.141592647627895,0.6102664905729248,-2.151065202551433,-5.627441015068014,-0.2843606567132717,0.4047351084758133,-0.5600884637277497,0.749491444162517,-0.1448557040183839,0.32183895497532977,-0.4533098168394261,0.8392007342939717,0.14277885218744363,0.2643227891906048
2.983386993,1.3999167917079656,0.9905274510383606,0.409389340669605,0.4754922389984131,-0.5936439700992603,-0.6250059008598328,0.031361930760572476,0.07186425477266312,1.6757845689700104,1.6062226295471191,0.06956193942289124,0.16585710644721985,1.0445489268691766,0.8553711771965027,0.18917774967267387,0.36309534311294556,0.6579317706369068,-5.9618980863263005e-09,0.6579317765988049,-4.190951585769653e-09,1.0851748475014813,5.318827946015189,1.2385010544004609,3.4437585044664933,4.958100963662976,1.3530438363498298,-2.358583656965012,0.36072698235221257,-0.11454278194936895,2.3887571813803268,-2.4836608829528863,0.3201648707167874,-1.7416758618818278,3.141592647627895,0.6102664905729248,-2.151065202551433,-5.625253530580782,-0.2901016198561374,0.4093893406696052,-0.5624598795159763,0.7477724973625292,-0.14676584984902574,0.3208347883898705,-0.4533098168394261,0.8392007342939717,0.14277885218744363,0.2643227891906048
2.995887280,1.4050116340176397,1.0105037689208984,0.3945078650967413,0.504834771156311,-0.5928934835980855,-0.6219348311424255,0.029041347544340068,0.0784107968211174,1.6775159385076086,1.6133285760879517,0.06418736241965695,0.18157415091991425,1.048351523496424,0.8707224726676941,0.17762905082872993,0.3906795382499695,0.6603263414389765,-5.419402704376353e-09,0.6603263468583792,1.0512303560972214e-07,1.0558609999762794,5.311617601808655,1.2368345678972623,3.3153442749448843,4.979066933002466,1.3337012526251273,-2.2594832749686047,0.33255066880618944,-0.09686668472786497,2.2858778995817914,-2.4812663121508165,0.31388041805076705,-1.7365810195721536,3.141592648170391,0.5847381788434941,-2.131088884668895,-5.622858960321207,-0.27085776079272705,0.3945078650967415,-0.5650488829994242,0.7458701202994407,-0.14886083127254884,0.3197467378699063,-0.46348753637284223,0.8379186243438983,0.13950728197637166,0.2522090420271001
3.012583256,1.4113768734223915,1.0105037689208984,0.40087310450149305,0.504834771156311,-0.5918987725610396,-0.6219348311424255,0.030036058581385916,0.0784107968211174,1.6796354227743386,1.6133285760879517,0.06630684668638698,0.18157415091991425,1.0528563797424642,0.8707224726676941,0.18213390707477006,0.3906795382499695,0.6631945146814454,-5.419402704376353e-09,0.6631945201008481,1.0512303560972214e-07,1.0194533138540565,5.3028612586622845,1.2343638951465437,3.3153442749448843,4.979066933002466,1.3337012526251273,-2.295890961090828,0.3237943256598186,-0.09933735747858363,2.320738240547367,-2.478398138908348,0.30626136650095076,-1.7302157801674014,3.141592648170391,0.5847381788434941,-2.131088884668895,-5.619990787078739,-0.27847681234254335,0.4008731045014937,-0.5682534409811801,0.7434838908949939,-0.15136320340808287,0.31844765888091,-0.46348753637284223,0.8379186243438983,0.13950728197637166,0.2522090420271001
3.033695936,1.4158922772033657,1.0294960737228394,0.3863962034805264,0.4745754301548004,-0.591119318713172,-0.6191510558128357,0.028031737099663667,0.06959408521652222,1.6810825738828157,1.6197417974472046,0.06134077643561109,0.16032835841178894,1.0557340759632026,0.8848808407783508,0.17085323518485174,0.3539583384990692,0.6650694845500953,-4.453155622030636e-09,0.6650694890032509,2.8870999813079834e-08,0.9938097460145745,5.2970935789758204,1.2320458906535714,3.1948339084952675,4.997954891457971,1.31734797340768,-2.201024162480693,0.2991386875178499,-0.08530208275410867,2.222896255679947,-2.476523169039698,0.30115706532386777,-1.7257003763864274,3.1415926491366375,0.5613828140439945,-2.112096579866954,-5.618115818176335,-0.2602257487201267,0.38639620348052683,-0.5704943833565642,0.7417992009811405,-0.1529859664021423,0.3175931329017642,-0.4730483569788575,0.836352280257099,0.13638128698293114,0.24112291435953148
3.052381039,1.4204063792256234,1.0294960737228394,0.39091030550278405,0.4745754301548004,-0.5903400895762916,-0.6191510558128357,0.02881096623654411,0.06959408521652222,1.6825293077879457,1.6197417974472046,0.06278751034074115,0.16032835841178894,1.0586109425646375,0.8848808407783508,0.17373010178628667,0.3539583384990692,0.6669439138782999,-4.453155622030636e-09,0.6669439183314555,2.8870999813079834e-08,0.9682461395742803,5.291217558864958,1.2297734787072663,3.1948339084952675,4.997954891457971,1.31734797340768,-2.226587768920987,0.2932626674069878,-0.08757449470041379,2.247524277271601,-2.474648739711493,0.2960542356804222,-1.72118627436417,3.1415926491366375,0.5613828140439945,-2.112096579866954,-5.616241388848131,-0.26532857836357226,0.39091030550278427,-0.5727289770123751,0.74010010878945,-0.15461126029903804,0.31674706951911263,-0.4730483569788575,0.836352280257099,0.13638128698293114,0.24112291435953148
3.062448740,1.4226631560278684,1.0487961769104004,0.373866979117468,0.47058549523353577,-0.5899505223420832,-0.6163083910942078,0.026357868752124536,0.06762398034334183,1.6832525868587378,1.6262954473495483,0.05695713950918946,0.15555140376091003,1.0600492011102485,0.8992964625358582,0.16075273857439032,0.3460836410522461,0.6678810146802938,-4.12719280973306e-09,0.6678810188074866,-2.0372681319713593e-08,0.9554932325924799,5.288238899745002,1.2286542221431125,3.0727831319616983,5.014245778042174,1.3016441124959255,-2.1172898993692186,0.2739931217028282,-0.072989890352813,2.136192002794948,-2.4737116389094997,0.29350313082981117,-1.7189294975619251,3.1415926494626003,0.5375708776655154,-2.092796476679393,-5.6153042883721,-0.2440677468357042,0.373866979117468,-0.5738439762275105,0.7392450923726136,-0.15542491507564918,0.31632717259845644,-0.48271429025204826,0.8345444496301543,0.1329641278603526,0.229876088970341
3.082124233,1.427176690449021,1.0487961769104004,0.3783805135386207,0.47058549523353577,-0.5891713911851149,-0.6163083910942078,0.027136999909092907,0.06762398034334183,1.6846991388522141,1.6262954473495483,0.05840369150266578,0.15555140376091003,1.0629257059758046,0.8992964625358582,0.16362924343994645,0.3460836410522461,0.6697552083186198,-4.12719280973306e-09,0.6697552124458126,-2.0372681319713593e-08,0.9300424820059515,5.282200067733611,1.2264492776525053,3.0727831319616983,5.014245778042174,1.3016441124959255,-2.142740649955747,0.26795428969143753,-0.07519483484342016,2.1607385907425147,-2.4718374452711736,0.2884009428138102,-1.7144159631407723,3.1415926494626003,0.5375708776655154,-2.092796476679393,-5.613430094733774,-0.2491699348517052,0.3783805135386209,-0.5760695938372437,0.7375239364417858,-0.15705439537712268,0.3154935548063262,-0.48271429025204826,0.8345444496301543,0.1329641278603526,0.229876088970341
3.102249384,1.4316894584394173,1.0673474073410034,0.3643420510984139,0.4642395079135895,-0.5883923923302464,-0.6138624548912048,0.025470062560958406,0.06208290532231331,1.6861454452107105,1.631725549697876,0.05441989551283455,0.13756363093852997,1.0658017223900509,0.9112837314605713,0.1545179909294796,0.3025584816932678,0.6716290837053244,-3.954897742630692e-09,0.6716290876602221,6.961636245250702e-08,0.9046696663738321,5.276054191750854,1.2242893600799656,2.9590773771536405,5.0328927143187325,1.2889266294583355,-2.0544077107798087,0.24316147743212113,-0.06463726937836989,2.069757600012909,-2.469963569884469,0.28329962118619895,-1.709903195150376,3.1415926496348954,0.5177075701894716,-2.0742452462487897,-5.611556219519365,-0.2344079490032726,0.36434205109841367,-0.5782889426905444,0.7357882573485983,-0.15868645478600854,0.3146683145428102,-0.4917517906193058,0.832260870782119,0.13021321318787454,0.22037817155740433
3.112577915,1.4339482305344529,1.0673474073410034,0.36660082319344944,0.4642395079135895,-0.5880024806664547,-0.6138624548912048,0.02585997422475017,0.06208290532231331,1.686869363757021,1.631725549697876,0.055143814059144924,0.13756363093852997,1.067241252548745,0.9112837314605713,0.15595752108817362,0.3025584816932678,0.6725670130298698,-3.954897742630692e-09,0.6725670169847675,6.961636245250702e-08,0.8919976062049103,5.272937655338855,1.22322499434988,2.9590773771536405,5.0328927143187325,1.2889266294583355,-2.0670797709487303,0.24004494102012242,-0.06570163510845539,2.0820079389932054,-2.4690256405599236,0.2807462608174028,-1.7076444230553403,3.1415926496348954,0.5177075701894716,-2.0742452462487897,-5.610618290194819,-0.23696130937206877,0.36660082319344944,-0.5793975556174864,0.7349139442313186,-0.159504402844963,0.3142583532571885,-0.4917517906193058,0.832260870782119,0.13021321318787454,0.22037817155740433
3.123038292,1.4362098855465915,1.0673474073410034,0.36886247820558804,0.4642395079135895,-0.5876120713504178,-0.6138624548912048,0.026250383540787015,0.06208290532231331,1.6875942062554037,1.631725549697876,0.05586865655752771,0.13756363093852997,1.0686826200092736,0.9112837314605713,0.15739888854870232,0.3025584816932678,0.6735061394528284,-3.954897742630692e-09,0.6735061434077262,6.961636245250702e-08,0.8793280076745775,5.269790298465997,1.2221704401535833,2.9590773771536405,5.0328927143187325,1.2889266294583355,-2.079749369479063,0.2368975841472647,-0.06675618930475213,2.094262231439478,-2.4680865141369646,0.27818964154245446,-1.7053827680432019,3.1415926496348954,0.5177075701894716,-2.0742452462487897,-5.60967916377186,-0.2395179286470171,0.3688624782055878,-0.5805060761426594,0.7340348064976665,-0.16032409038725534,0.3138499393864613,-0.4917517906193058,0.832260870782119,0.13021321318787454,0.22037817155740433
3.142107248,1.4407221297190298,1.0854558944702148,0.35526623524881495,0.4566454589366913,-0.5868331629175675,-0.611505389213562,0.024672226295994526,0.06032983586192131,1.6890403447343978,1.6368639469146729,0.05217639781972494,0.13117188215255737,1.0715583025909257,0.9226984977722168,0.14885980481870886,0.28968334197998047,0.6753797973301062,-4.800072783694986e-09,0.675379802130179,5.820766091346741e-09,0.8541067215440643,5.263431107286682,1.2200998362595104,2.8489510274377756,5.04974233063009,1.2773515666947226,-1.9948443058937113,0.2136887766565927,-0.057251730435212256,2.0070736056914753,-2.4662128562596872,0.273088912048958,-1.7008705238707633,3.1415926487897203,0.4987973409833865,-2.0561367591195783,-5.607805505049408,-0.2257084289344285,0.35526623524881495,-0.5827131486811852,0.7322697578500122,-0.1619615060207798,0.3130413050378883,-0.5004946847225854,0.8298098136514103,0.1274767405901186,0.21135378951126269
3.162197113,1.4452310093597496,1.0854558944702148,0.35977511488953473,0.4566454589366913,-0.5860548352737942,-0.611505389213562,0.025450553939767806,0.06032983586192131,1.690485404907654,1.6368639469146729,0.053621457992981236,0.13117188215255737,1.0744318409346139,0.9226984977722168,0.15173334316239706,0.28968334197998047,0.6772520581240001,-4.800072783694986e-09,0.6772520629240729,5.820766091346741e-09,0.8289789989984648,5.256970984512614,1.218075066234991,2.8489510274377756,5.04974233063009,1.2773515666947226,-2.0199720284393106,0.20722865388252387,-0.05927650045973154,2.0314390008498746,-2.464340595465793,0.26799198588824036,-1.6963616442300435,3.1415926487897203,0.4987973409833865,-2.0561367591195783,-5.605933244255514,-0.23080535509514616,0.35977511488953473,-0.5849124641235821,0.7304913099663293,-0.16360038328462642,0.3122415250502066,-0.5004946847225854,0.8298098136514103,0.1274767405901186,0.21135378951126269
3.172102451,1.4474921962984522,1.0854558944702148,0.3620363018282373,0.4566454589366913,-0.5856645067570964,-0.611505389213562,0.025840882456465653,0.06032983586192131,1.6912100973922122,1.6368639469146729,0.05434615047753932,0.13117188215255737,1.075872910088895,0.9226984977722168,0.15317441231667828,0.28968334197998047,0.6781909901848084,-4.800072783694986e-09,0.6781909949848812,5.820766091346741e-09,0.8164057983564631,5.2536917200074535,1.2170762884321784,2.8489510274377756,5.04974233063009,1.2773515666947226,-2.0325452290813124,0.20394938937736384,-0.060275278262544196,2.0436410083129157,-2.463401663404985,0.2654358957327031,-1.694100457291341,3.1415926487897203,0.4987973409833865,-2.0561367591195783,-5.604994312194705,-0.23336144525068342,0.3620363018282373,-0.5860130889817806,0.7295938950084717,-0.1644232662588994,0.31184354638368583,-0.5004946847225854,0.8298098136514103,0.1274767405901186,0.21135378951126269
3.192099810,1.4520064382462305,1.1031032800674438,0.3489031581787867,0.4454057216644287,-0.5848852534661224,-0.6091892123222351,0.024303958856112695,0.059311505407094955,1.6926568761423622,1.641892433166504,0.05076444297585825,0.1284361630678177,1.078749865865775,0.9339627623558044,0.1447871035099706,0.2859223484992981,0.6800654776154881,-4.315785062658506e-09,0.6800654819312731,-2.6775524020195007e-09,0.7913613298508972,5.247066461197644,1.2151155014532748,2.7418540444181296,5.063751787863082,1.2666476803738531,-1.9504927145672324,0.18331467333456164,-0.051532178920578264,1.9597657167385878,-2.461527175974305,0.2603329079146994,-1.6895862153435628,3.141592649274008,0.48018841325664086,-2.0384893735223497,-5.603119825248314,-0.21985550534194148,0.3489031581787869,-0.5882056897048841,0.7277912613396244,-0.16606801934710447,0.3110552353949539,-0.5089785034232076,0.8272815928762308,0.12460636460435365,0.20253222716724625
3.212103605,1.4554542425130925,1.1031032800674438,0.3523509624456487,0.4454057216644287,-0.5838496356443685,-0.6091892123222351,0.02533957667786657,0.059311505407094955,1.6934254856177864,1.641892433166504,0.05153305245128248,0.1284361630678177,1.0790499407856027,0.9339627623558044,0.14508717842979824,0.2859223484992981,0.6805444744551656,-4.315785062658506e-09,0.6805444787709507,-2.6775524020195007e-09,0.7726739090832713,5.245297978117071,1.2098139906527052,2.7418540444181296,5.063751787863082,1.2666476803738531,-1.9691801353348584,0.18154619025398855,-0.056833689721147884,1.9783476673427418,-2.4610481791346275,0.2582286056976936,-1.6861384110767004,3.141592649274008,0.48018841325664086,-2.0384893735223497,-5.602640828408635,-0.22195980755894723,0.35235096244564934,-0.5897301608802696,0.7266006317477962,-0.1663936975171624,0.31077805057372004,-0.5089785034232076,0.8272815928762308,0.12460636460435365,0.20253222716724625
3.232872486,1.4578449922113492,1.120258092880249,0.3375868993311002,0.4315387010574341,-0.5825558096600311,-0.6069543361663818,0.02439852650635077,0.056806571781635284,1.693518762027475,1.6467115879058838,0.04680717412159119,0.12228471040725708,1.0767781502911344,0.9448196887969971,0.13195846149413737,0.2742963135242462,0.6796313926384046,-5.903689981323623e-09,0.6796313985420945,1.8277205526828766e-08,0.760225717136209,5.248422908771149,1.20113329300434,2.6383193685782786,5.0757378913829605,1.2569230093353534,-1.8780936514420696,0.1726850173881882,-0.055789716331013484,1.8868408441799378,-2.4619612609513886,0.2591132937981358,-1.683747661378444,3.141592647686103,0.46227745592021513,-2.021334560709544,-5.603553908637492,-0.20316416212207933,0.3375868993311002,-0.5905953292137718,0.7260281476469952,-0.16540101817429229,0.311002876388719,-0.5171663407254382,0.824656611679193,0.12171243190143909,0.19407867671408485
3.242672205,1.4590404793504654,1.120258092880249,0.3387823864702164,0.4315387010574341,-0.5819088358987636,-0.6069543361663818,0.025045500267618204,0.056806571781635284,1.6935654046133748,1.6467115879058838,0.046853816707491,0.12228471040725708,1.0756421483412508,0.9448196887969971,0.13082245954425376,0.2742963135242462,0.6791748088439176,-5.903689981323623e-09,0.6791748147476075,1.8277205526828766e-08,0.7539964491734171,5.249970915774441,1.1967928272383115,2.6383193685782786,5.0757378913829605,1.2569230093353534,-1.8843229194048616,0.17423302439148092,-0.060130182097041907,1.8933160460372396,-2.4624178447458758,0.25955567940085195,-1.682552174239328,3.141592647686103,0.46227745592021513,-2.021334560709544,-5.6040104924319785,-0.20272177651936318,0.3387823864702162,-0.5910277684799409,0.7257412830277106,-0.16490447490962826,0.31111457881252336,-0.5171663407254382,0.824656611679193,0.12171243190143909,0.19407867671408485
3.253513336,1.4602379801795404,1.120258092880249,0.3399798872992914,0.4315387010574341,-0.5812607723687118,-0.6069543361663818,0.02569356379767007,0.056806571781635284,1.6936121257644918,1.6467115879058838,0.04690053785860804,0.12228471040725708,1.0745042328988295,0.9448196887969971,0.1296845441018324,0.2742963135242462,0.678717455975325,-5.903689981323623e-09,0.6787174618790149,1.8277205526828766e-08,0.7477536454992665,5.2515117609648705,1.1924452470890168,2.6383193685782786,5.0757378913829605,1.2569230093353534,-1.8905657230790123,0.17577386958191,-0.06447776224633661,1.8998138299142266,-2.4628751976144683,0.25999881016210447,-1.6813546734102527,3.141592647686103,0.46227745592021513,-2.021334560709544,-5.604467845300571,-0.20227864575811066,0.3399798872992914,-0.5914608116009163,0.7254535370989218,-0.1644069909598148,0.3112259873059895,-0.5171663407254382,0.824656611679193,0.12171243190143909,0.19407867671408485
3.263025522,1.4615047878951124,1.1369965076446533,0.3245082802504591,0.421211838722229,-0.5805752013360096,-0.6046812534332275,0.024106052097217945,0.06033669412136078,1.693661550961768,1.6510682106018066,0.04259334035996143,0.10396098345518112,1.0733004591500954,0.9542360901832581,0.11906436896683736,0.21254616975784302,0.6782336332266429,-5.39379074737667e-09,0.6782336386204336,4.284083843231201e-08,0.7411462357011569,5.2531311357512145,1.18784626151389,2.5389395559484016,5.088242453454224,1.246984827143855,-1.7977933202472447,0.16488868229699083,-0.059138565629965,1.8063074128785555,-2.4633590203631504,0.26046758768086,-1.6800878656946807,3.1415926481960024,0.4462313491048769,-2.00459614594514,-5.604951668559153,-0.1857637614240169,0.3245082802504591,-0.5919187815098724,0.7251487038339348,-0.1638806013760871,0.3113433184066174,-0.5250224960766856,0.821821968115032,0.11912403048073356,0.18646580570969873
3.282007933,1.4638206472829394,1.1369965076446533,0.32682413963828605,0.421211838722229,-0.5793219044918325,-0.6046812534332275,0.02535934894139502,0.06033669412136078,1.6937519054849528,1.6510682106018066,0.04268369488314616,0.10396098345518112,1.0710998325652101,0.9542360901832581,0.11686374238195207,0.21254616975784302,0.6773491537268684,-5.39379074737667e-09,0.6773491591206592,4.284083843231201e-08,0.7290584942073884,5.256063202656851,1.179439408013478,2.5389395559484016,5.088242453454224,1.246984827143855,-1.809881061741013,0.1678207492026269,-0.06754541913037704,1.8188995698380948,-2.464243499862925,0.2613245628983836,-1.6777720063068542,3.1415926481960024,0.4462313491048769,-2.00459614594514,-5.605836148058927,-0.18490678620649326,0.3268241396382856,-0.5927556358966269,0.7245902836859159,-0.1629180063125608,0.31155641562948067,-0.5250224960766856,0.821821968115032,0.11912403048073356,0.18646580570969873
3.302793741,1.466211410965154,1.1531909704208374,0.31302044054431666,0.40912842750549316,-0.5780280709396562,-0.602276086807251,0.02424801586759473,0.061691902577877045,1.6938451824402332,1.6548078060150146,0.03903737642521854,0.09362241625785828,1.068828028782599,0.961689829826355,0.1071381989562441,0.1840708702802658,0.676436066569315,-6.227324433893955e-09,0.6764360727966394,-8.96397978067398e-09,0.7165681100491462,5.259051657917843,1.1707614434878362,2.4447431681371703,5.1023179529203855,1.2359401620256218,-1.728175058088024,0.15673370499745776,-0.06517871853778567,1.7364915061784791,-2.4651565870204784,0.2622092561735381,-1.6753812426246393,3.1415926473624687,0.43263284742259545,-1.9884016831689562,-5.6067492343829475,-0.17042359124905737,0.3130204405443169,-0.593619062103703,0.7240122391455983,-0.16192387471645356,0.31177451061834305,-0.5324675924025175,0.8187861654259484,0.11701231782107756,0.17993219785874118
3.322675705,1.4686010659704898,1.1531909704208374,0.3154100955496524,0.40912842750549316,-0.5767348373812624,-0.602276086807251,0.025541249425988566,0.061691902577877045,1.6939384161398776,1.6548078060150146,0.03913061012486296,0.09362241625785828,1.066557278511193,0.961689829826355,0.104867448684838,0.1840708702802658,0.6755234028407384,-6.227324433893955e-09,0.6755234090680629,-8.96397978067398e-09,0.7040718012935296,5.26199965412747,1.1620883302454281,2.4447431681371703,5.1023179529203855,1.2359401620256218,-1.7406713668436407,0.15968170120708436,-0.07385183178019372,1.7495396954933566,-2.466069250749055,0.2630935391869058,-1.6729915876193036,3.1415926473624687,0.43263284742259545,-1.9884016831689562,-5.607661898111523,-0.16953930823568963,0.3154100955496526,-0.594481581741319,0.7234328763162705,-0.1609297993489728,0.31199058017287384,-0.5324675924025175,0.8187861654259484,0.11701231782107756,0.17993219785874118
3.332720518,1.469797073982163,1.1531909704208374,0.3166061035613257,0.40912842750549316,-0.5760875817341711,-0.602276086807251,0.026188505073079904,0.061691902577877045,1.6939850790479054,1.6548078060150146,0.03917727303289076,0.09362241625785828,1.06542078160639,0.961689829826355,0.10373095178003511,0.1840708702802658,0.6750666201131466,-6.227324433893955e-09,0.675066626340471,-8.96397978067398e-09,0.6978131183559559,5.2634604270966365,1.157747803962022,2.4447431681371703,5.1023179529203855,1.2359401620256218,-1.7469300497812144,0.16114247417625105,-0.07819235806359992,1.756088135792673,-2.4665260334766463,0.26353611753658956,-1.6717955796076303,3.1415926473624687,0.43263284742259545,-1.9884016831689562,-5.608118680839115,-0.16909672988600588,0.3166061035613259,-0.5949130766242995,0.7231423132425432,-0.16043211977518065,0.31209799903888513,-0.5324675924025175,0.8187861654259484,0.11701231782107756,0.17993219785874118
3.342518568,1.4709929355806002,1.1531909704208374,0.3178019651597628,0.40912842750549316,-0.5754404053229986,-0.602276086807251,0.026835681484252416,0.061691902577877045,1.6940317362435409,1.6548078060150146,0.039223930228526216,0.09362241625785828,1.0642844238295763,0.961689829826355,0.10259459400322135,0.1840708702802658,0.6746098933041075,-6.227324433893955e-09,0.6746098995314319,-8.96397978067398e-09,0.691552319814693,5.264911222013847,1.1534080214667883,2.4447431681371703,5.1023179529203855,1.2359401620256218,-1.7531908483224772,0.1625932690934615,-0.08253214055883351,1.7626475189388855,-2.4669827602856857,0.2639786417065954,-1.670599718009193,3.1415926473624687,0.43263284742259545,-1.9884016831689562,-5.608575407648154,-0.16865420571600004,0.3178019651597632,-0.5953443907344288,0.7228513886264102,-0.15993440115335203,0.31220492262237126,-0.5324675924025175,0.8187861654259484,0.11701231782107756,0.17993219785874118
3.362566948,1.4733830886299804,1.1531909704208374,0.32019211820914295,0.40912842750549316,-0.5741469022331157,-0.602276086807251,0.02812918457413527,0.061691902577877045,1.6941249893746466,1.6548078060150146,0.03931718335963197,0.09362241625785828,1.06201320029586,0.961689829826355,0.10032337046950501,0.1840708702802658,0.6736970393611554,-6.227324433893955e-09,0.6736970455884799,-8.96397978067398e-09,0.6790303770414335,5.267781522664202,1.1447347982174074,2.4447431681371703,5.1023179529203855,1.2359401620256218,-1.7657127910957366,0.16546356974381649,-0.09120536380821442,1.775792294143336,-2.4678956142286377,0.2648631090193232,-1.6682095649598128,3.1415926473624687,0.43263284742259545,-1.9884016831689562,-5.609488261591107,-0.16776973840327225,0.3201921182091434,-0.596206067627418,0.7222687315397345,-0.1589393196735305,0.3124171842680056,-0.5324675924025175,0.8187861654259484,0.11701231782107756,0.17993219785874118
3.382236004,1.4757724645537602,1.184263825416565,0.29150863913719527,0.37692299485206604,-0.5728538197080856,-0.5973629951477051,0.0245091754396195,0.06034505367279053,1.6942182121857712,1.6616158485412598,0.03260236364451141,0.07991792261600494,1.059742715219437,0.974794864654541,0.08494785056489595,0.15247663855552673,0.6727844822201879,-5.88972026704937e-09,0.6727844881099082,2.898741513490677e-08,0.6665012078396768,5.270611704712879,1.1360652644370899,2.2656826880304153,5.127358067414602,1.2135022434782998,-1.5991814801907385,0.1432536372982769,-0.07743697904120994,1.6074512424665501,-2.4688081713696053,0.2657472887595915,-1.6658201890360331,3.141592647700073,0.4078066784086184,-1.957328828173228,-5.610400819069678,-0.14205938964902687,0.2915086391371948,-0.5970669486783955,0.7216846787890138,-0.1579441680986081,0.3126274507472223,-0.5465688027284121,0.8125632228793405,0.11301786335818556,0.16801938956537102
3.392112970,1.476969202958319,1.184263825416565,0.2927053775417541,0.37692299485206604,-0.5722061687869532,-0.5973629951477051,0.025156826360751894,0.06034505367279053,1.6942649035904778,1.6616158485412598,0.032649055049218,0.07991792261600494,1.0586055242647232,0.974794864654541,0.08381065961018219,0.15247663855552673,0.6723274205389007,-5.88972026704937e-09,0.672327426428621,2.898741513490677e-08,0.6602216691153207,5.272014486057081,1.131723388997293,2.2656826880304153,5.127358067414602,1.2135022434782998,-1.6054610189150946,0.14465641864247925,-0.08177885448100675,1.6140379003451522,-2.4692652330508924,0.26619013738846636,-1.664623450631474,3.141592647700073,0.4078066784086184,-1.957328828173228,-5.610857880750965,-0.14161654102015203,0.29270537754175385,-0.597497933168913,0.7213915556129964,-0.1574455915481549,0.3127320403335577,-0.5465688027284121,0.8125632228793405,0.11301786335818556,0.16801938956537102
3.412351608,1.4784058276889216,1.184263825416565,0.29414200227235665,0.37692299485206604,-0.5706682352754463,-0.5973629951477051,0.026694759872258778,0.06034505367279053,1.693740173689542,1.6616158485412598,0.03212432514828234,0.07991792261600494,1.0539647377560364,0.974794864654541,0.07916987310149537,0.15247663855552673,0.6701339291373766,-5.88972026704937e-09,0.6701339350270968,2.898741513490677e-08,0.6532169947333659,5.27948411259256,1.1199115164936884,2.2656826880304153,5.127358067414602,1.2135022434782998,-1.6124656932970494,0.15212604517795825,-0.09359072698461146,1.6223277011315957,-2.4714587244524164,0.2698177202865818,-1.6631868259008717,3.141592647700073,0.4078066784086184,-1.957328828173228,-5.613051372152489,-0.1379889581220366,0.2941420022723562,-0.5977677237267037,0.7213632709242801,-0.15522756857489736,0.31338982399935117,-0.5465688027284121,0.8125632228793405,0.11301786335818556,0.16801938956537102
3.432260036,1.4788911699193255,1.1995720863342285,0.27931908358509694,0.38279473781585693,-0.5688832969552958,-0.594700813293457,0.025817516338161206,0.06655539572238922,1.6925965104843463,1.6648311614990234,0.027765348985322902,0.08038484305143356,1.046946400402291,0.9805305004119873,0.06641589999030373,0.14338992536067963,0.6666560031587149,-7.298345483519597e-09,0.6666560104570604,2.828892320394516e-08,0.6517366503293636,5.291669465294682,1.104971763778913,2.178228231924492,5.138748456486564,1.2011446126525551,-1.5264915815951283,0.15292100880811788,-0.09617284887364219,1.5371436499157003,-2.4749366504310784,0.2761947825253726,-1.6627014836704679,3.1415926462914476,0.39619354783916044,-1.9420205672555648,-5.6165292967225255,-0.11999876531378784,0.27931908358509694,-0.5974469664155205,0.7218804534879621,-0.15178068951039844,0.3144969880374916,-0.5534265679194436,0.8093128838408103,0.11108896640919354,0.16245285935407144
3.452421665,1.4793774628097625,1.1995720863342285,0.27980537647553394,0.38279473781585693,-0.5670948624021444,-0.594700813293457,0.02760595089131268,0.06655539572238922,1.6914506071384157,1.6648311614990234,0.026619445639392225,0.08038484305143356,1.0399143159389723,0.9805305004119873,0.05938381552698502,0.14338992536067963,0.6631712648216403,-7.298345483519597e-09,0.6631712721199858,2.828892320394516e-08,0.6502435202929603,5.303898659007448,1.090046688226881,2.178228231924492,5.138748456486564,1.2011446126525551,-1.5279847116315315,0.1651502025208842,-0.11109792442567401,1.5408940966802607,-2.478421388768153,0.2825843357814704,-1.6622151907800307,3.1415926462914476,0.39619354783916044,-1.9420205672555648,-5.620014035059601,-0.11360921205769003,0.27980537647553416,-0.5971253135216948,0.7223819127267985,-0.14832316156622838,0.31560413790029473,-0.5534265679194436,0.8093128838408103,0.11108896640919354,0.16245285935407144
3.472621918,1.479861319732404,1.1995720863342285,0.28028923339817546,0.38279473781585693,-0.5653153865836604,-0.594700813293457,0.029385426709796603,0.06655539572238922,1.6903104439209191,1.6648311614990234,0.025479282421895677,0.08038484305143356,1.0329174570189958,0.9805305004119873,0.05238695660700854,0.14338992536067963,0.6597039824468725,-7.298345483519597e-09,0.6597039897452179,2.828892320394516e-08,0.6487479871441938,5.316086081496741,1.075240283613493,2.178228231924492,5.138748456486564,1.2011446126525551,-1.5294802447802982,0.17733762501017747,-0.125904329039062,1.5448658040387286,-2.481888671142921,0.28894188210045935,-1.6617313338573894,3.1415926462914476,0.39619354783916044,-1.9420205672555648,-5.6234813174343685,-0.1072516657387011,0.28028923339817546,-0.5968049958560426,0.7228642171795435,-0.14487916490239033,0.3167035648991983,-0.5534265679194436,0.8093128838408103,0.11108896640919354,0.16245285935407144
3.482345343,1.4801039926546677,1.1995720863342285,0.28053190632043923,0.38279473781585693,-0.564422910777772,-0.594700813293457,0.030277902515685073,0.06655539572238922,1.6897386080601504,1.6648311614990234,0.024907446561126978,0.08038484305143356,1.0294082622109348,0.9805305004119873,0.04887776179894754,0.14338992536067963,0.6579650065082726,-7.298345483519597e-09,0.6579650138066181,2.828892320394516e-08,0.6479941887222921,5.322205752462884,1.0678308704856556,2.178228231924492,5.138748456486564,1.2011446126525551,-1.5302340432021997,0.18345729597632054,-0.1333137421668995,1.5469471097204446,-2.4836276470815206,0.2921304369634009,-1.6614886609351258,3.1415926462914476,0.39619354783916044,-1.9420205672555648,-5.625220293372968,-0.10406311087575953,0.280531906320439,-0.5966442372318834,0.7230998556915089,-0.1431504709116487,0.3172541497832237,-0.5534265679194436,0.8093128838408103,0.11108896640919354,0.16245285935407144
3.502282143,1.4805889571000075,1.2274022102355957,0.2531867468644118,0.3415120840072632,-0.562639361834015,-0.5894386172294617,0.026799255395446697,0.0707971528172493,1.6885958350698385,1.66933274269104,0.01926309237879842,0.03905586898326874,1.0223953878539387,0.986659586429596,0.03573580142434274,0.01993877813220024,0.6544897877090123,-6.15107254020586e-09,0.6544897938600849,1.359148882329464e-08,0.6464802718019821,5.334449679851699,1.053057010920463,2.023324647437255,5.165958583713238,1.174697660312591,-1.3768443756352728,0.16849109613846114,-0.12164064939212782,1.3924389149190577,-2.4871028658807806,0.2985025353669518,-1.6610036964897856,3.1415926474387206,0.3803006845655399,-1.9141904433541976,-5.628695513319501,-0.08179814919858808,0.253186746864412,-0.5963227520027211,0.7235582321452004,-0.13969305666232554,0.3183528075251571,-0.5655170659913165,0.8027870077680307,0.1088483209900023,0.154517025757948
3.522094965,1.481074098273564,1.2274022102355957,0.25367188803796825,0.3415120840072632,-0.5608551629386431,-0.5894386172294617,0.028583454290818544,0.0707971528172493,1.6874526456361465,1.66933274269104,0.01811990294510646,0.03905586898326874,1.015379957901802,0.986659586429596,0.028720371472205963,0.01993877813220024,0.6510133024886209,-6.15107254020586e-09,0.6510133086396934,1.359148882329464e-08,0.6449557441096987,5.346716713018672,1.038322416582457,2.023324647437255,5.165958583713238,1.174697660312591,-1.3783689033275563,0.18075812930543478,-0.136375243730134,1.39684377869283,-2.4905793511011725,0.30487695585740876,-1.6605185553162294,3.1415926474387206,0.3803006845655399,-1.9141904433541976,-5.632171998539893,-0.07542372870813113,0.25367188803796825,-0.5960008465463941,0.7240000516305372,-0.13623079380333009,0.31944966266170294,-0.5655170659913165,0.8027870077680307,0.1088483209900023,0.154517025757948
3.542292118,1.4815591296893411,1.2408452033996582,0.2407139262896829,0.33606410026550293,-0.5590713676983711,-0.5865646600723267,0.02749329237395559,0.07291420549154282,1.6863097148363133,1.6708658933639526,0.015443821472360675,0.03761894628405571,1.0083661151124448,0.9873175621032715,0.0210485530091733,0.01296016201376915,0.6475376037842352,-5.126617796946675e-09,0.647537608910853,2.7095666155219078e-08,0.6434214445294781,5.358999251364704,1.0236360449613993,1.9502692369210581,5.182543515074768,1.15899497073811,-1.30684779239158,0.17645573628993638,-0.13535892577671071,1.3256356279671253,-2.494055049805558,0.3112499342063269,-1.6600335239004522,3.1415926484631753,0.37523560106181664,-1.9007474501901351,-5.635647698268733,-0.06398566685548973,0.2407139262896829,-0.5956787003033867,0.7244250354038664,-0.13276581010969574,0.3205440589854867,-0.5711766366623182,0.799354677647334,0.10843826024434494,0.15175800726692676
3.562046528,1.4820441758769387,1.2408452033996582,0.2411989724772805,0.33606410026550293,-0.557287518131921,-0.5865646600723267,0.02927714194040565,0.07291420549154282,1.685166749228078,1.6708658933639526,0.014300855864125328,0.03761894628405571,1.0013520587137765,0.9873175621032715,0.014034496610505043,0.01296016201376915,0.6440617992260932,-5.126617796946675e-09,0.644061804352711,2.7095666155219078e-08,0.6418769233824382,5.371300081061981,1.008994357230659,1.9502692369210581,5.182543515074768,1.15899497073811,-1.30839231353862,0.18875656598721324,-0.15000061350745097,1.3304208625028546,-2.4975308543637,0.3176231066467804,-1.6595484777128544,3.1415926484631753,0.37523560106181664,-1.9007474501901351,-5.639123502826875,-0.05761249441503624,0.24119897247728073,-0.5953562200382156,0.7248332835306194,-0.12929730104882273,0.32163627017100954,-0.5711766366623182,0.799354677647334,0.10843826024434494,0.15175800726692676
3.582139492,1.4825299553192708,1.2530171871185303,0.2295127682007405,0.3043724298477173,-0.555500971881787,-0.5837590098381042,0.028258037956317206,0.0722818374633789,1.6840220557741963,1.6719653606414795,0.012056695132716788,0.026057137176394463,0.9943273990154782,0.986930251121521,0.007397147893957179,-0.016697850078344345,0.6405807402195849,-4.5956913830025314e-09,0.6405807448152763,1.593070919625461e-08,0.6403198109631729,5.3836371000451955,0.9943760131264567,1.884745249758025,5.198837024920887,1.143176368699847,-1.2444254387948521,0.18480007512430863,-0.14880035557339033,1.2668414606036849,-2.5010119133702085,0.32400591354882646,-1.659062698270522,3.1415926489941017,0.37171779453181786,-1.8885754664712633,-5.64260456236431,-0.047711880982991395,0.22951276820074118,-0.5950329166450853,0.7252253483857745,-0.1258202052797771,0.32272790104193,-0.5762223569298347,0.7961282497451312,0.10834649283285194,0.149695166330784
3.592245340,1.482773580793525,1.2530171871185303,0.22975639367499467,0.3043724298477173,-0.5546049928848649,-0.5837590098381042,0.02915401695323938,0.0722818374633789,1.6834479753144738,1.6719653606414795,0.011482614672994274,0.026057137176394463,0.990804429739016,0.986930251121521,0.00387417861749495,-0.016697850078344345,0.6388349383649482,-4.5956913830025314e-09,0.6388349429606396,1.593070919625461e-08,0.6395350136034406,5.389830809430331,0.9870619123693254,1.884745249758025,5.198837024920887,1.143176368699847,-1.2452102361545845,0.19099378450944382,-0.15611445633052168,1.2694088708610676,-2.502757715224845,0.32720698428808914,-1.6588190727962682,3.1415926489941017,0.37171779453181786,-1.8885754664712633,-5.644350364218947,-0.044510810243728716,0.22975639367499512,-0.5948706454507163,0.7254156400685701,-0.12407515783225019,0.3232745265774234,-0.5762223569298347,0.7961282497451312,0.10834649283285194,0.149695166330784
3.612323284,1.483464392268687,1.2530171871185303,0.2304472051501567,0.3043724298477173,-0.5520644023556004,-0.5837590098381042,0.031694607482503856,0.0722818374633789,1.681820143206783,1.6719653606414795,0.009854782565303477,0.026057137176394463,0.9808148848842638,0.986930251121521,-0.006115366237257169,-0.016697850078344345,0.6338846352070633,-4.5956913830025314e-09,0.6338846398027547,1.593070919625461e-08,0.637295502835193,5.407416537801665,0.9663852802789608,1.884745249758025,5.198837024920887,1.143176368699847,-1.247449746922832,0.20857951288077814,-0.1767910884208863,1.2770635744693613,-2.50770801838273,0.3362837707212677,-1.6581282613211066,3.1415926489941017,0.37171779453181786,-1.8885754664712633,-5.649300667376831,-0.035434023810550164,0.2304472051501567,-0.5944100319173484,0.7259321930123801,-0.11912262687816788,0.3248214353608735,-0.5762223569298347,0.7961282497451312,0.10834649283285194,0.149695166330784
3.632291794,1.4843644613111067,1.2530171871185303,0.2313472741925764,0.3043724298477173,-0.5487542273410354,-0.5837590098381042,0.03500478249706884,0.0722818374633789,1.6796992153718102,1.6719653606414795,0.007733854730330725,0.026057137176394463,0.9677993511317036,0.986930251121521,-0.01913089998981743,-0.016697850078344345,0.6274348080353871,-4.5956913830025314e-09,0.6274348126310785,1.593070919625461e-08,0.6343459366074397,5.430379253378848,0.9395856821825062,1.884745249758025,5.198837024920887,1.143176368699847,-1.2503993131505853,0.23154222845796113,-0.2035906865173409,1.2878506953538273,-2.514157845554406,0.3481100572942355,-1.6572281922786867,3.1415926489941017,0.37171779453181786,-1.8885754664712633,-5.655750494548508,-0.02360773723758236,0.2313472741925766,-0.5938087722690387,0.7265540895654109,-0.11266053383383269,0.3268300797484676,-0.5762223569298347,0.7961282497451312,0.10834649283285194,0.149695166330784
3.652260303,1.485264642318135,1.2649128437042236,0.2203517986139114,0.2897314429283142,-0.5454436405553371,-0.5807572603225708,0.035313619767233684,0.07566508650779724,1.6775780237027942,1.6727652549743652,0.004812768728428951,0.015367463231086731,0.9547821983043026,0.9854221940040588,-0.030639995699756284,-0.05169151723384857,0.6209841785337337,-3.749279109399595e-09,0.6209841822830128,3.306922735646367e-09,0.6313598306203964,5.453399229758789,0.9129429184903657,1.8212998959522586,5.216216700140713,1.1256721090789583,-1.1899400653318621,0.2371825296180763,-0.21272919058859263,1.2318549508633327,-2.5206084750560596,0.35993781500495436,-1.6563280112716579,3.141592649840514,0.3694242078008608,-1.8766798098855697,-5.662201124896574,-0.009486392795906462,0.22035179861391185,-0.5932061077970808,0.7271181301946075,-0.10618753798120247,0.3288311803829234,-0.5810722585466286,0.7928573223109067,0.10856863365731435,0.14813895028412674
3.671932220,1.4861644321240612,1.2759581804275513,0.21020625169650997,0.2759445011615753,-0.5421344924860626,-0.5777380466461182,0.03560355416005556,0.07547976076602936,1.6754577538622908,1.6731910705566406,0.0022666833056501634,0.010644836351275444,0.9417707024775408,0.9827811121940613,-0.04101040971652048,-0.06602781265974045,0.6145363523498024,-4.1590610955211105e-09,0.6145363565088635,-8.09086486697197e-09,0.628338522953951,5.476461199870336,0.8864732715967918,1.7630266261931584,5.234241266103171,1.1074407085066216,-1.1346881032392075,0.24221993376716444,-0.22096743690982978,1.1811071907838253,-2.5270563012399907,0.371760432602945,-1.6554282214657317,3.1415926494307325,0.3686202603521304,-1.8656344731622418,-5.668648950670724,0.003140172250814588,0.2102062516965102,-0.5926023069084331,0.7276239565224749,-0.09970780219830046,0.330823575221246,-0.5854859857107965,0.7896954204761456,0.10914975513674215,0.1472196806437576
3.683260679,1.4866147240333654,1.2759581804275513,0.2106565436058141,0.2759445011615753,-0.5404784583851316,-0.5777380466461182,0.03725958826098652,0.07547976076602936,1.6743966834340283,1.6731910705566406,0.0012056128773876296,0.010644836351275444,0.9352592136163124,0.9827811121940613,-0.04752189857774891,-0.06602781265974045,0.6113095943402082,-4.1590610955211105e-09,0.6113095984992692,-8.09086486697197e-09,0.6268127288104857,5.488021131174055,0.8732878551988579,1.7630266261931584,5.234241266103171,1.1074407085066216,-1.1362138973826728,0.253779865070884,-0.2341528533077637,1.1875242310088188,-2.530283059249585,0.37767695779150523,-1.654977929556428,3.1415926494307325,0.3686202603521304,-1.8656344731622418,-5.671875708680318,0.009056697439374817,0.21065654360581387,-0.5922995934882181,0.7278553130085533,-0.0964616586459941,0.33181769586653503,-0.5854859857107965,0.7896954204761456,0.10914975513674215,0.1472196806437576
3.692256689,1.4870649525350594,1.2759581804275513,0.21110677210750817,0.2759445011615753,-0.5388226574777406,-0.5777380466461182,0.03891538916837756,0.07547976076602936,1.67333576241982,1.6731910705566406,0.0001446918631793359,0.010644836351275444,0.9287486416668405,0.9827811121940613,-0.05403247052722082,-0.06602781265974045,0.6080832907047852,-4.1590610955211105e-09,0.6080832948638463,-8.09086486697197e-09,0.625277885125896,5.499591552766074,0.860145272204432,1.7630266261931584,5.234241266103171,1.1074407085066216,-1.1377487410672624,0.26535028666290295,-0.24729543630218953,1.194168332040385,-2.5335093628850083,0.38359264984779406,-1.6545277010547341,3.1415926494307325,0.3686202603521304,-1.8656344731622418,-5.67510201231574,0.014972389495663652,0.21110677210750772,-0.5919965465690085,0.7280721011858677,-0.09321378389336894,0.33280969760126244,-0.5854859857107965,0.7896954204761456,0.10914975513674215,0.1472196806437576
3.712351799,1.4879654238040352,1.2867646217346191,0.20120080206941604,0.26401928067207336,-0.5355110031985495,-0.5738688707351685,0.03835786753661896,0.09874746948480606,1.6712138867758926,1.6729633808135986,-0.0017494940377060786,-0.009598211385309696,0.9157272914790204,0.9766387939453125,-0.06091150246629207,-0.16807423532009125,0.6016305812078127,-3.472210741151116e-09,0.6016305846800234,2.08965502679348e-08,0.6221801915854351,5.522767907733072,0.8339833168352861,1.707664643223305,5.257532577504063,1.0824195052234296,-1.0854844516378699,0.26523533022900914,-0.2484361883881434,1.1447038109703696,-2.5399620723819805,0.39542422140035066,-1.6536272297857582,3.1415926501175826,0.3711210924329715,-1.854828031855174,-5.681554722499563,0.024303128967379184,0.20120080206941582,-0.5913892798514667,0.7284620499253258,-0.0867116381781022,0.33478777352201156,-0.5896063806852756,0.7863364379131946,0.11068095772698436,0.1476111373231575
3.732148647,1.4888642602907223,1.2867646217346191,0.20209963855610313,0.26401928067207336,-0.5322053611420116,-0.5738688707351685,0.0416635095931569,0.09874746948480606,1.6690958633422919,1.6729633808135986,-0.0038675174713067584,-0.009598211385309696,0.9027295812155326,0.9766387939453125,-0.0739092127297799,-0.16807423532009125,0.5951895864379648,-3.472210741151116e-09,0.5951895899101756,2.08965502679348e-08,0.6190506759998219,5.54594690489348,0.8080343960257326,1.707664643223305,5.257532577504063,1.0824195052234296,-1.0886139672234831,0.2884143273894173,-0.274385109197697,1.1591162073006196,-2.5464030671518283,0.40723431304090124,-1.652728393299071,3.1415926501175826,0.3711210924329715,-1.854828031855174,-5.687995717269411,0.036113220607929764,0.2020996385561029,-0.5907815105677828,0.7287932240140402,-0.08021337968200333,0.33675429785299016,-0.5896063806852756,0.7863364379131946,0.11068095772698436,0.1476111373231575
3.741821051,1.4893147093914965,1.2867646217346191,0.20255008765687732,0.26401928067207336,-0.5305487489395659,-0.5738688707351685,0.04332012179560252,0.09874746948480606,1.668034422507151,1.6729633808135986,-0.004928958306447573,-0.009598211385309696,0.8962158192721423,0.9766387939453125,-0.08042297467317017,-0.16807423532009125,0.5919617020060994,-3.472210741151116e-09,0.5919617054783102,2.08965502679348e-08,0.617468156815604,5.557579031796902,0.7950928114500615,1.707664643223305,5.257532577504063,1.0824195052234296,-1.090196486407701,0.30004645429283894,-0.28732669377336806,1.1666674259034302,-2.549630951583694,0.4131529036169865,-1.6522779441982967,3.1415926501175826,0.3711210924329715,-1.854828031855174,-5.691223601701276,0.042031811184015,0.20255008765687732,-0.5904763037587155,0.7289373531578606,-0.07695399200761292,0.3377368102306143,-0.5896063806852756,0.7863364379131946,0.11068095772698436,0.1476111373231575
3.752280474,1.4897650466626677,1.2867646217346191,0.2030004249280486,0.26401928067207336,-0.528892548011745,-0.5738688707351685,0.044976322723423445,0.09874746948480606,1.6669732451879256,1.6729633808135986,-0.0059901356256730764,-0.009598211385309696,0.8897036744513321,0.9766387939453125,-0.08693511949398036,-0.16807423532009125,0.5887346189367716,-3.472210741151116e-09,0.5887346224089823,2.08965502679348e-08,0.6158765190914322,5.569218571918988,0.7821964694594106,1.707664643223305,5.257532577504063,1.0824195052234296,-1.0917881241318728,0.3116859944149253,-0.300223035764019,1.17442894136392,-2.5528580346530214,0.41907002482920114,-1.6518276069271254,3.1415926501175826,0.3711210924329715,-1.854828031855174,-5.6944506847706045,0.04794893239622966,0.2030004249280486,-0.5901707437384975,0.7290668633506604,-0.0736936315282326,0.33871706581062494,-0.5896063806852756,0.7863364379131946,0.11068095772698436,0.1476111373231575
3.772193432,1.4906646097942637,1.2970994710922241,0.19356513870203962,0.26121848821640015,-0.525584233580412,-0.5697454214096069,0.04416118782919498,0.10347113013267517,1.6648535094841088,1.6723648309707642,-0.007511321486655342,-0.017649762332439423,0.8766954564702185,0.9690375924110413,-0.09234213594082274,-0.19896602630615234,0.5822884170840685,-2.9180737826095537e-09,0.5822884200021423,-2.043088898062706e-08,0.612668545705602,5.59249853551082,0.7565620880172992,1.6553497794220353,5.282545447808493,1.0551545177038317,-1.0426812337164333,0.30995308770232644,-0.29859242968653255,1.1280126376892843,-2.559304236505725,0.4308896640827985,-1.6509280437955294,3.1415926506717193,0.3751973944845155,-1.8444931824975694,-5.700896887177445,0.055692269598282995,0.19356513870204006,-0.5895590583854826,0.7292818882333314,-0.06717589430111744,0.3406691113020007,-0.5934334559584971,0.7829778956987232,0.1126519859858331,0.14863336856103865
3.782501936,1.4911148487813897,1.3069885969161987,0.18412625186519094,0.2409578412771225,-0.5239283941108528,-0.5654888153076172,0.0415604211967644,0.10143006592988968,1.6637925637619697,1.6714850664138794,-0.007692502651909683,-0.02100626565515995,0.8701847328951687,0.9604310393333435,-0.09024630643817477,-0.20531785488128662,0.5790620383108301,-2.439606738846578e-09,0.5790620407504369,9.255018085241318e-09,0.6110485254202663,5.604164557620431,0.7437954860162492,1.6056650334240627,5.30858065266731,1.0265915461561388,-0.9946165080037964,0.29558390495312103,-0.28279606013988956,1.0754559286607916,-2.562530615278963,0.43680549391042844,-1.6504778048084037,3.1415926511501864,0.38042710601710844,-1.8346040566735946,-5.70412326642915,0.05637838789332,0.18412625186519094,-0.5892522266471978,0.7293676413630946,-0.06391131373825422,0.3416430902272227,-0.5969991408146444,0.7796442073942554,0.11494699059062774,0.15011370722661463
3.802537680,1.4920146925895386,1.3069885969161987,0.18502609567333983,0.2409578412771225,-0.5206190474381377,-0.5654888153076172,0.04486976786947949,0.10143006592988968,1.6616721666703198,1.6714850664138794,-0.009812899743559589,-0.02100626565515995,0.857172456164143,0.9604310393333435,-0.10325858316920056,-0.20531785488128662,0.5726138251510257,-2.439606738846578e-09,0.5726138275906324,9.255018085241318e-09,0.6077817904237137,5.62750701623824,0.7184082506616825,1.6056650334240627,5.30858065266731,1.0265915461561388,-0.997883243000349,0.31892636357093007,-0.30818329549445633,1.0919990547904765,-2.5689788284387673,0.4486288210603889,-1.6495779610002548,3.1415926511501864,0.38042710601710844,-1.8346040566735946,-5.710571479588953,0.06820171504328049,0.18502609567333983,-0.5886375956642418,0.7294952883640404,-0.05738229770114139,0.3435835810044242,-0.5969991408146444,0.7796442073942554,0.11494699059062774,0.15011370722661463
3.812594652,1.4926607982200712,1.3069885969161987,0.18567220130387252,0.2409578412771225,-0.5182428711514727,-0.5654888153076172,0.04724594415614447,0.10143006592988968,1.6601496796703832,1.6714850664138794,-0.011335386743496212,-0.02100626565515995,0.8478293844156584,0.9604310393333435,-0.11260165491768515,-0.20531785488128662,0.5679838807187858,-2.439606738846578e-09,0.5679838831583925,9.255018085241318e-09,0.6054122535390347,5.644288303181034,0.7002855189621475,1.6056650334240627,5.30858065266731,1.0265915461561388,-1.000252779885028,0.335707650513724,-0.32630602719399127,1.104391630566031,-2.5736087728710073,0.45711820352214527,-1.6489318553697219,3.1415926511501864,0.38042710601710844,-1.8346040566735946,-5.715201424021194,0.07669109750503683,0.18567220130387274,-0.5881950952665732,0.7295509652964374,-0.05269092209160292,0.34497186214026204,-0.5969991408146444,0.7796442073942554,0.11494699059062774,0.15011370722661463
3.832397223,1.4939523447944365,1.3069885969161987,0.18696374787823777,0.2409578412771225,-0.5134929630898458,-0.5654888153076172,0.051995852217771366,0.10143006592988968,1.657106271942049,1.6714850664138794,-0.014378794471830325,-0.02100626565515995,0.8291528526837589,0.9604310393333435,-0.13127818664958457,-0.20531785488128662,0.558728754949289,-2.439606738846578e-09,0.5587287573888957,9.255018085241318e-09,0.6006151342579936,5.677882028098064,0.6643257981288047,1.6056650334240627,5.30858065266731,1.0265915461561388,-1.0050498991660692,0.36930137543075414,-0.36226574802733413,1.1303739548939442,-2.5828638986405044,0.47408823492075186,-1.6476403087953566,3.1415926511501864,0.38042710601710844,-1.8346040566735946,-5.724456549790691,0.09366112890364342,0.186963747878238,-0.5873074694742147,0.7295720795918627,-0.043305330148692256,0.3477343315816143,-0.5969991408146444,0.7796442073942554,0.11494699059062774,0.15011370722661463
3.842308521,1.4945983600539827,1.3166382312774658,0.1779601287765169,0.24151596426963806,-0.5111171191596635,-0.561352014541626,0.05023489538196246,0.10541011393070221,1.6555839978928213,1.6705915927886963,-0.015007594895874998,-0.02366231195628643,0.8198110877534937,0.9519575238227844,-0.13214643606929077,-0.21835878491401672,0.5540994581087515,-2.918073560564949e-09,0.5540994610268251,3.6670826375484467e-09,0.5981852201582286,5.694707546008078,0.6464736890341887,1.5568781963999447,5.333713314534968,0.9987850334797133,-0.9586929762417161,0.36099423147310983,-0.3523113444455246,1.0832969774152763,-2.5874931954810423,0.48257642997006267,-1.6469942935358108,3.1415926506717198,0.3856572943868592,-1.824954422312327,-5.729085846152762,0.09691913558320348,0.17796012877651624,-0.5868618968040232,0.7295375175503257,-0.038607344021323244,0.349109721368099,-0.6004492767267314,0.7763609700809401,0.11724055175347478,0.15158813686389713
3.862115860,1.4958893333081862,1.3257179260253906,0.17017140728279556,0.22157146036624908,-0.5063693195919242,-0.5566534996032715,0.05028418001134727,0.11653201282024384,1.6525419411393922,1.6690845489501953,-0.01654260781080308,-0.03888951987028122,0.8011428465721665,0.9408047795295715,-0.13966193295740503,-0.28259560465812683,0.5448484407084823,-1.9809303086759655e-09,0.5448484426894126,2.8812792152166367e-08,0.593268031398115,5.7283710667491174,0.6110695444988816,1.5121563374903173,5.362950029787038,0.9663808370369562,-0.9188883060922023,0.36542103696207917,-0.3553112925380746,1.0507779822267478,-2.596744212881311,0.49953892833707947,-1.6457033202816072,3.141592651608863,0.39361856758021874,-1.8158747275644023,-5.738336864490174,0.10592036075686073,0.17017140728279512,-0.585968164932285,0.7293782712067056,-0.029213211220507313,0.35184547100622715,-0.6034934267209091,0.7730196109440266,0.12033076287990137,0.1541326458130831
3.882258892,1.4971809518220265,1.3257179260253906,0.17146302579663586,0.22157146036624908,-0.5016191469592013,-0.5566534996032715,0.055034352644070195,0.11653201282024384,1.6494983638924676,1.6690845489501953,-0.01958618505772769,-0.03888951987028122,0.7824652745526643,0.9408047795295715,-0.15833950497690719,-0.28259560465812683,0.5355927994261087,-1.9809303086759655e-09,0.535592801407039,2.8812792152166367e-08,0.5882659292727188,5.762098558493351,0.5760118404777383,1.5121563374903173,5.362950029787038,0.9663808370369562,-0.9238904082175985,0.3991485287063128,-0.39036899655921786,1.079481814501544,-2.6059998541636844,0.5165099049707833,-1.6444117017677666,3.141592651608863,0.39361856758021874,-1.8158747275644023,-5.747592505772547,0.12289133739056457,0.17146302579663564,-0.5850693861162545,0.7290986208063887,-0.01980792382944262,0.35456545336698836,-0.6034934267209091,0.7730196109440266,0.12033076287990137,0.1541326458130831
3.892200708,1.4978265909814803,1.3257179260253906,0.17210866495608967,0.22157146036624908,-0.4992446862086091,-0.5566534996032715,0.05740881339466236,0.11653201282024384,1.647976976087647,1.6690845489501953,-0.021107572862548274,-0.03888951987028122,0.773128948253457,0.9408047795295715,-0.16767583127611452,-0.28259560465812683,0.5309661976905927,-1.9809303086759655e-09,0.530966199671523,2.8812792152166367e-08,0.5857343898793418,5.778973188672663,0.5586251725659133,1.5121563374903173,5.362950029787038,0.9663808370369562,-0.9264219476109755,0.4160231588856247,-0.40775566447104294,1.0943480139574926,-2.6106264558992005,0.5249931583242192,-1.6437660626083128,3.141592651608863,0.39361856758021874,-1.8158747275644023,-5.752219107508063,0.13137459074400049,0.17210866495608945,-0.5846183235807653,0.7289137095252702,-0.015104600688388894,0.3559186295177171,-0.6034934267209091,0.7730196109440266,0.12033076287990137,0.1541326458130831
3.912528276,1.49911818230814,1.3344312906265259,0.1646868916816142,0.22406800091266632,-0.4944946135619108,-0.5512693524360657,0.05677473887415485,0.15269528329372406,1.64493346290475,1.666966199874878,-0.022032736970127864,-0.06699615716934204,0.7544517693767563,0.9266319274902344,-0.1721801581134781,-0.4260486960411072,0.5217107512295128,-2.575812452221271e-09,0.5217107538053253,-8.149072527885437e-10,0.580607335809898,5.812756558112462,0.5241206002179939,1.4703825202309744,5.397014377043259,0.9285361839189312,-0.8897751844210764,0.415742181069203,-0.40441558370093733,1.0621174154828215,-2.6198819023602806,0.5419637777371188,-1.6424744712816535,3.1415926510139807,0.4045256215276676,-1.8071613629632675,-5.761474553374262,0.1374381562094512,0.164686891681614,-0.583712262455589,0.728453530823746,-0.005692845701865867,0.35861265956071614,-0.6061865857891889,0.7695339024954652,0.12430881301152479,0.15780594135523593
3.932347059,1.5004100092785562,1.3344312906265259,0.1659787186520303,0.22406800091266632,-0.48974367429050014,-0.5512693524360657,0.06152567814556553,0.15269528329372406,1.6418893944495587,1.666966199874878,-0.025076805425319204,-0.06699615716934204,0.7357711829511663,0.9266319274902344,-0.1908607445390681,-0.4260486960411072,0.5124536161629687,-2.575812452221271e-09,0.5124536187387811,-8.149072527885437e-10,0.5753950923033978,5.846574331421536,0.4899820274581499,1.4703825202309744,5.397014377043259,0.9285361839189312,-0.8949874279275766,0.44955995437827667,-0.43855415646078133,1.0933601405200597,-2.6291390374268246,0.5589374933464892,-1.641182644311237,3.1415926510139807,0.4045256215276676,-1.8071613629632675,-5.770731688440805,0.15441187181882166,0.1659787186520305,-0.5828008991378967,0.7278728855117185,0.0037230537238506427,0.36128979140279255,-0.6061865857891889,0.7695339024954652,0.12430881301152479,0.15780594135523593
3.952101231,1.5017011437185137,1.3426390886306763,0.15906205508783744,0.20567859709262848,-0.484995281931508,-0.5452463626861572,0.060251080754649244,0.15627528727054596,1.6388469578770979,1.6642534732818604,-0.025406515404762464,-0.0716218575835228,0.7171006109279572,0.9095020294189453,-0.19240141849098813,-0.4469260573387146,0.5032014437176902,-2.4570689927116973e-09,0.5032014461747591,1.6298145055770874e-09,0.5701008085947121,5.88039455282398,0.45623676526024237,1.432188340272943,5.4357076507395,0.8856421880476939,-0.8620875316782308,0.4446869020844799,-0.42940542278745153,1.0608158983913403,-2.638391209872103,0.5759021095831672,-1.6398915098712796,3.1415926511327243,0.41834525644206566,-1.798953564959117,-5.779983861004828,0.15755685314110157,0.15906205508783744,-0.58188467650118,0.7271722915202322,0.013134717827713681,0.3639480194834393,-0.6084616030568629,0.7659345220380369,0.12916279260247895,0.16259077022686635
3.962044477,1.5023474128972845,1.3426390886306763,0.1597083242666082,0.20567859709262848,-0.4826185041651051,-0.5452463626861572,0.06262785852105213,0.15627528727054596,1.6373240854911584,1.6642534732818604,-0.026929387790701975,-0.0716218575835228,0.7077551741746629,0.9095020294189453,-0.20174685524428237,-0.4469260573387146,0.4985703273110564,-2.4570689927116973e-09,0.4985703297681254,1.6298145055770874e-09,0.5674187474144543,5.897328373648958,0.4394874815214509,1.432188340272943,5.4357076507395,0.8856421880476939,-0.8647695928584886,0.46162072290945755,-0.446154706526243,1.0770209666982367,-2.6430223262787367,0.5843936409559978,-1.6392452406925089,3.1415926511327243,0.41834525644206566,-1.798953564959117,-5.7846149774114615,0.1660483845139321,0.1597083242666082,-0.5814239919197651,0.726776480182496,0.017845467069443136,0.36527199287476225,-0.6084616030568629,0.7659345220380369,0.12916279260247895,0.16259077022686635
3.974242926,1.5030024689598618,1.3426390886306763,0.1603633803291855,0.20567859709262848,-0.4802094109630401,-0.5452463626861572,0.06503695172311713,0.15627528727054596,1.635780507642005,1.6642534732818604,-0.02847296563985524,-0.0716218575835228,0.6982826738547181,0.9095020294189453,-0.21121935556422722,-0.4469260573387146,0.49387624475487435,-2.4570689927116973e-09,0.49387624721194334,1.6298145055770874e-09,0.564678306640862,5.914494737769861,0.42260741253641987,1.432188340272943,5.4357076507395,0.8856421880476939,-0.8675100336320809,0.4787870870303603,-0.46303477551127403,1.0937147418281095,-2.6477164088349188,0.593000625923031,-1.6385901846299316,3.1415926511327243,0.41834525644206566,-1.798953564959117,-5.789309059967643,0.17465536948096538,0.1603633803291855,-0.5809555940894168,0.7263445718107516,0.02261985340515776,0.36660946923013055,-0.6084616030568629,0.7659345220380369,0.12916279260247895,0.16259077022686635
3.992100954,1.5042845661485578,1.3509094715118408,0.15337509463671695,0.2066536843776703,-0.4754942548136233,-0.538767397403717,0.06327314259009376,0.161974236369133,1.63275936650006,1.6612365245819092,-0.028477158081849252,-0.07542482018470764,0.67974278586049,0.8908780813217163,-0.21113529546122634,-0.4655987322330475,0.4846888325735274,-2.107823027230893e-09,0.48468883468135043,5.122274160385132e-09,0.5592505057964661,5.948096184143585,0.3898529722478479,1.393708410165368,5.476915544581218,0.839638568971532,-0.834457904368902,0.471180639562367,-0.4497855967236841,1.058602036783522,-2.656903821016266,0.6098464989097875,-1.6373080874412356,3.1415926514819703,0.4335071879568056,-1.7906831820779523,-5.798496472498236,0.1763393109529819,0.15337509463671672,-0.580034499829226,0.7254097792188612,0.031962438550923324,0.3692140757655122,-0.6106218444627257,0.7621614147421878,0.1344669530970106,0.16783795598115442
4.012357473,1.5056217599221016,1.3509094715118408,0.15471228841026075,0.2066536843776703,-0.470576470499081,-0.538767397403717,0.06819092690463602,0.161974236369133,1.6296083954507314,1.6612365245819092,-0.03162812913117774,-0.07542482018470764,0.6604061684755784,0.8908780813217163,-0.23047191284613788,-0.4655987322330475,0.47510660240236946,-2.107823027230893e-09,0.4751066045101925,5.122274160385132e-09,0.5534985605405478,5.983138778006804,0.35609345686391203,1.393708410165368,5.476915544581218,0.839638568971532,-0.8402098496248203,0.5062232334255858,-0.48354511210761997,1.0936317611104704,-2.666486051187424,0.6274163030294853,-1.6359708936676918,3.1415926514819703,0.4335071879568056,-1.7906831820779523,-5.808078702669395,0.19390911507267966,0.15471228841026052,-0.579067523660904,0.7243087642701747,0.04170225901690537,0.37191200388738205,-0.6106218444627257,0.7621614147421878,0.1344669530970106,0.16783795598115442
4.022289038,1.5063133408777287,1.3585563898086548,0.14775695106907394,0.1917216032743454,-0.46803305005912066,-0.5323334336280823,0.06430038356896162,0.16655126214027405,1.627978750134875,1.6580513715744019,-0.030072621439526825,-0.08343295753002167,0.6504054964755795,0.8715903162956238,-0.22118481982004423,-0.5008746981620789,0.470150785205251,-2.5711559548113883e-09,0.47015078777640695,1.3969838619232178e-08,0.5504871334126407,6.001258461376044,0.33879557018814754,1.3584373277282633,5.518653821972029,0.7937858770569326,-0.8079501943156226,0.4826046394040153,-0.45499030686878505,1.0453262331987478,-2.6714418683845422,0.63650319990538,-1.6352793127120644,3.1415926510186374,0.4495461422147707,-1.7830362637811386,-5.81303451940318,0.18695705769060927,0.14775695106907416,-0.5785648138846708,0.7236888806161156,0.04673729812172608,0.3732998595920855,-0.6124282571289501,0.7584549036823839,0.14002349473042158,0.17341052411437435
4.042069197,1.5076966237383644,1.3585563898086548,0.14914023392970965,0.1917216032743454,-0.4629457643648565,-0.5323334336280823,0.06938766926322576,0.16655126214027405,1.624719174497349,1.6580513715744019,-0.033332197077052816,-0.08343295753002167,0.6304024034755817,0.8715903162956238,-0.24118791282004204,-0.5008746981620789,0.46023828409682954,-2.5711559548113883e-09,0.4602382866679855,1.3969838619232178e-08,0.544388556576104,6.037487020571129,0.30453025609268236,1.3584373277282633,5.518653821972029,0.7937858770569326,-0.8140487711521593,0.5188331985991006,-0.48925562096425024,1.0822358118395587,-2.6813543694929636,0.65467858284864,-1.633896029851429,3.1415926510186374,0.4495461422147707,-1.7830362637811386,-5.8229470205116005,0.20513244063386932,0.14914023392970965,-0.5775538216995822,0.7223459053102037,0.05680236916865146,0.3760604565473718,-0.6124282571289501,0.7584549036823839,0.14002349473042158,0.17341052411437435
4.062119484,1.5090791616780534,1.3585563898086548,0.15052277186939866,0.1917216032743454,-0.45786121825899,-0.5323334336280823,0.07447221536909227,0.16655126214027405,1.6214613541957987,1.6580513715744019,-0.036590017378603124,-0.08343295753002167,0.610410082475584,0.8715903162956238,-0.26118023382003974,-0.5008746981620789,0.45033112103597606,-2.5711559548113883e-09,0.450331123607132,1.3969838619232178e-08,0.5381926442740239,6.073669421248435,0.27073001958514653,1.3584373277282633,5.518653821972029,0.7937858770569326,-0.8202446834542394,0.5550155992764063,-0.5230558574717861,1.120013877686629,-2.6912615325538174,0.6728441780443215,-1.6325134919117401,3.1415926510186374,0.4495461422147707,-1.7830362637811386,-5.832854183572454,0.22329803582955082,0.15052277186939844,-0.5765358451170396,0.7208664558317545,0.06685253066134599,0.37879903814017285,-0.6124282571289501,0.7584549036823839,0.14002349473042158,0.17341052411437435
4.072150469,1.5097709241614827,1.3661293983459473,0.14364152581553546,0.1977166086435318,-0.4553171302160271,-0.5252442359924316,0.06992710577640454,0.18215161561965942,1.619831281126792,1.6543740034103394,-0.03454272228354727,-0.09653550386428833,0.6004067854755851,0.8498374223709106,-0.24943063689532552,-0.5678241848945618,0.4453740030242581,-2.91574542288231e-09,0.44537400594000354,9.89530235528946e-09,0.5350545663297974,6.091760515791362,0.25398626874791796,1.3239676437773826,5.564667011987398,0.7433741112888936,-0.7889130774475852,0.5270935038039646,-0.48938784254097567,1.067572885543217,-2.6962186505655352,0.6819334600703638,-1.6318217294283106,3.1415926506740477,0.4678872066678956,-1.775463255243846,-5.837811301239583,0.2140462534024682,0.14364152581553546,-0.5760235850225369,0.7200747860294926,0.07187702118232613,0.38016157860615013,-0.6139797958567238,0.7545133442271581,0.14631570419548523,0.17980583519081128
4.092661619,1.5111539900877506,1.3661293983459473,0.14502459174180338,0.1977166086435318,-0.4502306423391417,-0.5252442359924316,0.07501359365328997,0.18215161561965942,1.61657221667465,1.6543740034103394,-0.03780178673568946,-0.09653550386428833,0.5804068294755874,0.8498374223709106,-0.26943059289532323,-0.5678241848945618,0.4354630564512266,-2.91574542288231e-09,0.43546305936697205,9.89530235528946e-09,0.5287044024040817,6.127898598096488,0.22084829515724635,1.3239676437773826,5.564667011987398,0.7433741112888936,-0.795263241373301,0.5632315861090902,-0.5225258161316473,1.105760675369935,-2.706129597138567,0.7001059926456186,-1.6304386635020427,3.1415926506740477,0.4678872066678956,-1.775463255243846,-5.847722247812614,0.23221878597772294,0.14502459174180338,-0.5749934219788884,0.7183892952671749,0.08191308123600506,0.38287025511126277,-0.6139797958567238,0.7545133442271581,0.14631570419548523,0.17980583519081128
4.102269888,1.5118457659869489,1.3732435703277588,0.13860219565919008,0.1773451268672943,-0.4476865049571378,-0.518369197845459,0.07068269288832119,0.1718757003545761,1.6149421119926486,1.6507307291030884,-0.03578861711043979,-0.09108550101518631,0.5704033384755886,0.828149676322937,-0.25774633784734846,-0.5421947836875916,0.43050584230311545,-3.2789611026373677e-09,0.43050584558207655,-6.402842700481415e-09,0.5254900453085456,6.145955498445632,0.20444335721119877,1.291459603817016,5.609918844257922,0.6945360436936814,-0.7659695585084705,0.5360366541877104,-0.4900926864824826,1.0555735410373042,-2.7110868112866777,0.7091954509456146,-1.6297468876028443,3.141592650310832,0.4863431888761477,-1.7683490832620348,-5.85267946159751,0.22285226206946696,0.13860219565919052,-0.5744751004560462,0.7174949622196555,0.08692758644834947,0.38421729901150403,-0.6152774446045034,0.7506381544028066,0.15263855532768458,0.18621895376995878
4.122471809,1.5132287462320941,1.3732435703277588,0.13998517590433535,0.1773451268672943,-0.44260033218886957,-0.518369197845459,0.07576886565658941,0.1718757003545761,1.6116832494399935,1.6507307291030884,-0.03904747966309485,-0.09108550101518631,0.5504046214755908,0.828149676322937,-0.27774505484734624,-0.5421947836875916,0.42059550971457493,-3.2789611026373677e-09,0.42059551299353604,-6.402842700481415e-09,0.5189874740865141,6.182011330482313,0.1719880422411979,1.291459603817016,5.609918844257922,0.6945360436936814,-0.7724721297305019,0.572092486224391,-0.5225480014524835,1.0941021057592235,-2.720997143875218,0.7273668577299993,-1.628363907357699,3.141592650310832,0.4863431888761477,-1.7683490832620348,-5.86258979418605,0.24102366885385162,0.1399851759043358,-0.5734326039863201,0.7156046737805821,0.09694065431297125,0.38689470026123113,-0.6152774446045034,0.7506381544028066,0.15263855532768458,0.18621895376995878
4.142212152,1.5146120393965936,1.3732435703277588,0.14136846906883482,0.1773451268672943,-0.4375130086001874,-0.518369197845459,0.0808561892452716,0.1718757003545761,1.6084236495223838,1.6507307291030884,-0.042307079580704565,-0.09108550101518631,0.5304013794755931,0.828149676322937,-0.29774829684734394,-0.5421947836875916,0.41068293476943907,-3.2789611026373677e-09,0.41068293804840017,-6.402842700481415e-09,0.5123811276370246,6.218009768045833,0.13998192682635957,1.291459603817016,5.609918844257922,0.6945360436936814,-0.7790784761799915,0.6080909237879109,-0.5545541168673218,1.1332555370147845,-2.730909718820354,0.7455423760589247,-1.6269806141931993,3.141592650310832,0.4863431888761477,-1.7683490832620348,-5.872502369131186,0.259199187182777,0.1413684690688355,-0.5723812726617588,0.7135777024099548,0.1069386154636662,0.3895518885234026,-0.6152774446045034,0.7506381544028066,0.15263855532768458,0.18621895376995878
4.162065268,1.515994792541814,1.3732435703277588,0.14275122221405523,0.1773451268672943,-0.432427671035066,-0.518369197845459,0.08594152681039297,0.1718757003545761,1.6051653221092892,1.6507307291030884,-0.045565406993799185,-0.09108550101518631,0.5104059464755952,0.828149676322937,-0.3177437298473418,-0.5421947836875916,0.4007742295619061,-3.2789611026373677e-09,0.4007742328408672,-6.402842700481415e-09,0.5056748307720837,6.2539188463948925,0.10844661664957966,1.291459603817016,5.609918844257922,0.6945360436936814,-0.7857847730449323,0.6440000021369707,-0.5860894270441017,1.172900050641391,-2.740818424027887,0.763710798906896,-1.625597861047979,3.141592650310832,0.4863431888761477,-1.7683490832620348,-5.8824110743387195,0.2773676100307483,0.14275122221405567,-0.5713214911596244,0.711415660107889,0.11691335043567323,0.3921871756984224,-0.6152774446045034,0.7506381544028066,0.15263855532768458,0.18621895376995878
4.182947874,1.5173779493357131,1.3732435703277588,0.14413437900795434,0.1773451268672943,-0.42734084897519187,-0.518369197845459,0.09102834887026712,0.1718757003545761,1.6019060435361414,1.6507307291030884,-0.04882468556694697,-0.09108550101518631,0.4904046764755975,0.828149676322937,-0.3377449998473395,-0.5421947836875916,0.3908626318382522,-3.2789611026373677e-09,0.3908626351172133,-6.402842700481415e-09,0.49886380032925276,6.289753275105019,0.07736233882577537,1.291459603817016,5.609918844257922,0.6945360436936814,-0.7925958034877634,0.6798344308470972,-0.617173704867906,1.212965928232111,-2.750730021751541,0.7818845254201671,-1.6242147042540798,3.141592650310832,0.4863431888761477,-1.7683490832620348,-5.892322672062373,0.2955413365440194,0.144134379007955,-0.5702522721052921,0.7091174476282527,0.12686971421893123,0.3948023141294273,-0.6152774446045034,0.7506381544028066,0.15263855532768458,0.18621895376995878
4.202532291,1.5187624165874605,1.3732435703277588,0.14551884625970168,0.1773451268672943,-0.42224920745745154,-0.518369197845459,0.09611999038800745,0.1718757003545761,1.598643676992632,1.6507307291030884,-0.05208705211045639,-0.09108550101518631,0.47038445647559973,0.828149676322937,-0.3577652198473373,-0.5421947836875916,0.380941643472061,-3.2789611026373677e-09,0.3809416467510221,-6.402842700481415e-09,0.4919432105914263,6.325526545461856,0.04671122176059894,1.291459603817016,5.609918844257922,0.6945360436936814,-0.7995163932255898,0.7156077012039344,-0.6478248219330824,1.2533945288581188,-2.760651010117732,0.8000754704459341,-1.6228302370023329,3.141592650310832,0.4863431888761477,-1.7683490832620348,-5.902243660428564,0.3137322815697864,0.1455188462597019,-0.5691726320441718,0.7066816904420483,0.1368122406803497,0.397398935738259,-0.6152774446045034,0.7506381544028066,0.15263855532768458,0.18621895376995878
4.222411633,1.5201440728206816,1.3872662782669067,0.1328777945537749,0.17339828610420227,-0.41716790399474035,-0.5032638311386108,0.08609592714387049,0.1883600503206253,1.5953879343492408,1.6424418687820435,-0.0470539344328027,-0.10371092706918716,0.45040488547560203,0.779788613319397,-0.32938372784379494,-0.6052839756011963,0.37104079865354794,-2.575812452221271e-09,0.3710408012293604,-9.080395102500916e-09,0.48493371540191066,6.361122486913593,0.016585239391069706,1.2275963222353399,5.708914044140256,0.5884124436665013,-0.7426626068334292,0.652208442773337,-0.5718272042754315,1.1418887651443559,-2.770551854936245,0.8182294806266117,-1.6214485807691117,3.1415926510139807,0.5278877454938844,-1.7543263753228868,-5.912144505950225,0.2903417351327273,0.13287779455377513,-0.568085536074845,0.7041162700460353,0.1467094259807526,0.3999693066816663,-0.6171939347390448,0.7422992165844636,0.16679602571756225,0.20060559758953267
4.233602524,1.52086025802004,1.394099235534668,0.12676102248537213,0.17070557177066803,-0.41453399677097447,-0.49459803104400635,0.08006403427303188,0.21664473414421082,1.5937003114528558,1.637473464012146,-0.04377315255929015,-0.12421153485774994,0.4400484214756032,0.7515068054199219,-0.3114583839443187,-0.707044243812561,0.36590866929338717,-2.641004970271865e-09,0.36590867193439214,1.5366822481155396e-08,0.4812598274433948,6.379529333865396,0.0011517712509283573,1.197109638856087,5.765615142571491,0.5283274151444202,-0.7158498114126921,0.6139141912939046,-0.5271756438934918,1.0803914782550599,-2.775683984296406,0.8276396602992295,-1.6207323955697532,3.1415926509487884,0.5524721580686524,-1.7474934180551251,-5.917276635245194,0.2751675022305772,0.1267610224853719,-0.5675181571453451,0.70273370328209,0.15182913032503229,0.40129340733001734,-0.6176209060111505,0.7376715345303889,0.17508537547727368,0.20911775365934107
4.247950077,1.5215873042525518,1.394099235534668,0.12748806871788387,0.17070557177066803,-0.4118601460330088,-0.49459803104400635,0.08273788501099755,0.21664473414421082,1.5919870955558835,1.637473464012146,-0.04548636845626253,-0.12421153485774994,0.4295349004756044,0.7515068054199219,-0.3219719049443175,-0.707044243812561,0.36069871058520575,-2.641004970271865e-09,0.3606987132262107,1.5366822481155396e-08,0.47750193607436137,6.398182470521191,-0.014388124760347898,1.197109638856087,5.765615142571491,0.5283274151444202,-0.7196077027817256,0.6325673279497002,-0.5427155399047681,1.1011434182459339,-2.7808939430045876,0.837192546458235,-1.6200053493372413,3.1415926509487884,0.5524721580686524,-1.7474934180551251,-5.922486593953376,0.2847203883895827,0.12748806871788387,-0.5669394150123495,0.7012933976027002,0.15701876132148426,0.40263181540631254,-0.6176209060111505,0.7376715345303889,0.17508537547727368,0.20911775365934107
4.264711857,1.5229106907528065,1.400970458984375,0.1219402317684315,0.17153948545455933,-0.4069931405908723,-0.4856880307197571,0.07869489012888475,0.22274990379810333,1.588868660044235,1.632341980934143,-0.043473320889908074,-0.12828606367111206,0.4103979444756065,0.7224248647689819,-0.3120269202933754,-0.7270486950874329,0.3512154222976488,-2.755091932371556e-09,0.3512154250527407,4.0745362639427185e-09,0.47058858508204826,6.432045723696719,-0.0423436598459388,1.1659148786010716,5.8235998666691335,0.4673254955767274,-0.6953262935190233,0.6084458570275855,-0.5096691554226662,1.0552002953857575,-2.7903772312921444,0.8545809325277451,-1.6186819628369868,3.1415926508347014,0.5777755814733463,-1.7406221946054188,-5.931969882126846,0.27680535105439885,0.12194023176843194,-0.5658787163426393,0.6985768506760004,0.16644418582887235,0.4050530768847112,-0.617877830288524,0.732848411255793,0.18363448844030078,0.21780396601778199
4.282401562,1.5242904412552951,1.400970458984375,0.12331998227092011,0.17153948545455933,-0.4019188458152258,-0.4856880307197571,0.08376918490453128,0.22274990379810333,1.5856174080756318,1.632341980934143,-0.04672457285851128,-0.12828606367111206,0.3904459314756088,0.7224248647689819,-0.33197893329337314,-0.7270486950874329,0.34132823380246263,-2.755091932371556e-09,0.34132823655755457,4.0745362639427185e-09,0.46328028892842477,6.467220106111256,-0.07103474834261259,1.1659148786010716,5.8235998666691335,0.4673254955767274,-0.7026345896726468,0.6436202394421224,-0.53836024391934,1.0944286781041856,-2.8002644197873305,0.8727099027206994,-1.6173022123344978,3.1415926508347014,0.5777755814733463,-1.7406221946054188,-5.9418570706220315,0.2949343212473531,0.123319982270921,-0.5647626534506599,0.695614608930267,0.17624081796053873,0.4075569103754245,-0.617877830288524,0.732848411255793,0.18363448844030078,0.21780396601778199
4.293300629,1.5249852048600803,1.400970458984375,0.12401474587570527,0.17153948545455933,-0.399363720577937,-0.4856880307197571,0.08632431014182007,0.22274990379810333,1.5839802631471123,1.632341980934143,-0.0483617177870308,-0.12828606367111206,0.3803992364756099,0.7224248647689819,-0.342025628293372,-0.7270486950874329,0.3363496099804631,-2.755091932371556e-09,0.336349612735555,4.0745362639427185e-09,0.4595614387505714,6.48487819919084,-0.0853058209125459,1.1659148786010716,5.8235998666691335,0.4673254955767274,-0.7063534398505001,0.6612783325217064,-0.5526313164892733,1.1142825436198802,-2.8052430436093303,0.8818386174119293,-1.616607448729713,3.1415926508347014,0.5777755814733463,-1.7406221946054188,-5.946835694444031,0.30406303593858297,0.12401474587570571,-0.5641966500001458,0.6940729166713371,0.18116156847766315,0.40880975108070644,-0.617877830288524,0.732848411255793,0.18363448844030078,0.21780396601778199
4.312544584,1.526368150321041,1.4074840545654297,0.11888409575561121,0.16652972996234894,-0.39427767573512035,-0.4771108627319336,0.08283318699681325,0.206133171916008,1.5807214825601086,1.6273469924926758,-0.0466255099325672,-0.12140025198459625,0.36040102247561223,0.6938331723213196,-0.33343214984570735,-0.7025349736213684,0.3264395266527773,-2.4337856174838635e-09,0.32643952908656293,1.1641532182693481e-09,0.4520816849341026,6.519913838116632,-0.11336123009303178,1.1359424290046718,5.880165330156361,0.40913319217309385,-0.6838607440705692,0.6397485079602712,-0.5224944222661256,1.0723544619282182,-2.815153126937016,0.9000095671561134,-1.6152245032687522,3.1415926511560075,0.6027850943746522,-1.7341085990243639,-5.9567457780930235,0.29722447278146114,0.11888409575561165,-0.5630618318967162,0.6909046428351908,0.1909307846781488,0.41128771368967215,-0.6179076916970812,0.7280590643932338,0.19208445830629148,0.22632641068512677
4.322551012,1.5270598381878993,1.4074840545654297,0.11957578362246957,0.16652972996234894,-0.3917338621087821,-0.4771108627319336,0.08537700062315151,0.206133171916008,1.5790915853180159,1.6273469924926758,-0.048255407174659926,-0.12140025198459625,0.35039880447561333,0.6938331723213196,-0.34343436784570625,-0.7025349736213684,0.3214829433378033,-2.4337856174838635e-09,0.3214829457715889,1.1641532182693481e-09,0.44830209265451837,6.537378072557735,-0.12721759582768444,1.1359424290046718,5.880165330156361,0.40913319217309385,-0.6876403363501534,0.6572127424013745,-0.5363507880007783,1.091993584568858,-2.82010971025199,0.9090978687718669,-1.6145328154018945,3.1415926511560075,0.6027850943746522,-1.7341085990243639,-5.961702361407998,0.3063127743972147,0.11957578362246934,-0.5624900994417237,0.6892704641361029,0.19580361494295986,0.412519162797209,-0.6179076916970812,0.7280590643932338,0.19208445830629148,0.22632641068512677
4.342195511,1.5284425844869285,1.4074840545654297,0.1209585299214988,0.16652972996234894,-0.3866485497218311,-0.4771108627319336,0.09046231301010249,0.206133171916008,1.5758332740373258,1.6273469924926758,-0.05151371845535002,-0.12140025198459625,0.3304034704756156,0.6938331723213196,-0.363429701845704,-0.7025349736213684,0.3115742871895638,-2.4337856174838635e-09,0.31157428962334943,1.1641532182693481e-09,0.4406694234337248,6.572166485996251,-0.15456623889210186,1.1359424290046718,5.880165330156361,0.40913319217309385,-0.6952730055709471,0.6920011558398906,-0.5636994310651957,1.1313828708897038,-2.8300183664002296,0.9272662016656038,-1.613150069102865,3.1415926511560075,0.6027850943746522,-1.7341085990243639,-5.971611017556237,0.3244811072909516,0.1209585299214988,-0.5613387038007547,0.6859049126644791,0.20551707095257135,0.4149651117203683,-0.6179076916970812,0.7280590643932338,0.19208445830629148,0.22632641068512677
4.352180958,1.5291345045710667,1.4135268926620483,0.11560761190901836,0.14733128249645233,-0.3841038820722995,-0.4688519835472107,0.08474810147491119,0.2012866586446762,1.5742028295971078,1.6224499940872192,-0.04824716449011146,-0.1196899563074112,0.32039789447561673,0.6654459834098816,-0.34504808893426486,-0.698643684387207,0.3066160398229993,-2.1474038103264093e-09,0.3066160419704031,-2.3283064365386963e-09,0.4368116380211854,6.589509851484972,-0.16807540476501748,1.1080371954417336,5.935793876377055,0.35358024649605313,-0.6712255574205482,0.6537159751079171,-0.5216556512610706,1.0723865644152917,-2.834976613766794,0.9363575544562891,-1.6124581490187264,3.1415926514423895,0.627810402506824,-1.7280657609277448,-5.976569265209184,0.30854715194946514,0.11560761190901836,-0.5607582566534308,0.684171570536662,0.2103632684402575,0.41618113238773163,-0.6176441273137965,0.7233073427591669,0.20051126942325312,0.23481365109321806
4.362074852,1.529825729178974,1.4135268926620483,0.11629883651692574,0.14733128249645233,-0.3815617721688238,-0.4688519835472107,0.08729021137838688,0.2012866586446762,1.5725740239810548,1.6224499940872192,-0.0498759701061644,-0.1196899563074112,0.3104023754756179,0.6654459834098816,-0.3550436079342637,-0.698643684387207,0.3016627761868832,-2.1474038103264093e-09,0.301662778334287,-2.3283064365386963e-09,0.4329321831110947,6.606791119456898,-0.1814537593085479,1.1080371954417336,5.935793876377055,0.35358024649605313,-0.6751050123306389,0.6709972430798432,-0.535034005804601,1.091909092031942,-2.8399298774029105,0.9454397691688652,-1.6117669244108197,3.1415926514423895,0.627810402506824,-1.7280657609277448,-5.9815225288453,0.3176293666620412,0.11629883651692507,-0.560175490269317,0.6824072820331951,0.21519470707692304,0.4173906558317698,-0.6176441273137965,0.7233073427591669,0.20051126942325312,0.23481365109321806
4.382469654,1.5312085482965843,1.419264316558838,0.11194423173774637,0.14358699321746826,-0.3764761919776969,-0.4603923261165619,0.083916134138865,0.2145431786775589,1.5693155411102437,1.6173735857009888,-0.04805804459074503,-0.1289488822221756,0.29040598847562016,0.635991632938385,-0.34558564446276485,-0.7463617324829102,0.29175359822615865,-2.0100336950434894e-09,0.29175360023619235,0.0,0.4250947273882125,6.64122400239032,-0.20786591579952662,1.0816276166665264,5.992904345699008,0.29742983081173735,-0.6565328892783139,0.6483196566913119,-0.505295746611264,1.0519874540601262,-2.849839055363635,0.9636090588485474,-1.610384105293209,3.1415926515797596,0.6538815039339023,-1.7223283370309552,-5.991431706943395,0.3097275549146451,0.11194423173774615,-0.5590008100140726,0.6787800184055928,0.224829565247798,0.4197945302256809,-0.6170414206394355,0.7184178952889225,0.20924508084464277,0.2436228829281457
4.392286777,1.5319006233536006,1.419264316558838,0.11263630679476266,0.14358699321746826,-0.3739309543859448,-0.4603923261165619,0.08646137173061708,0.2145431786775589,1.5676847314910505,1.6173735857009888,-0.049688854209938293,-0.1289488822221756,0.2803981714756213,0.635991632938385,-0.3555934614627637,-0.7463617324829102,0.2867942403355875,-2.0100336950434894e-09,0.2867942423456212,0.0,0.4211340323875811,6.658385011497394,-0.22090861728286404,1.0816276166665264,5.992904345699008,0.29742983081173735,-0.6604935842789452,0.6654806657983858,-0.5183384480946014,1.0713501006665518,-2.854798413254206,0.9727024478759873,-1.6096920302361932,3.1415926515797596,0.6538815039339023,-1.7223283370309552,-5.996391064833966,0.31882094394208493,0.112636306794762,-0.5584084167448274,0.6769158658457114,0.22963583707282548,0.4209897065330087,-0.6170414206394355,0.7184178952889225,0.20924508084464277,0.2436228829281457
4.412187099,1.5332799672338124,1.419264316558838,0.11401565067497454,0.14358699321746826,-0.36885815504102404,-0.4603923261165619,0.09153417107553785,0.2145431786775589,1.564434437689504,1.6173735857009888,-0.052939148011484694,-0.1289488822221756,0.26045203847562354,0.635991632938385,-0.3755395944627615,-0.7463617324829102,0.27690996566510423,-2.0100336950434894e-09,0.2769099676751379,0.0,0.413164404551388,6.692438486932907,-0.2465531797428171,1.0816276166665264,5.992904345699008,0.29742983081173735,-0.6684632121151384,0.6995341412338991,-0.5439830105545544,1.110003872279342,-2.864682687924689,0.9908260753326107,-1.608312686355981,3.1415926515797596,0.6538815039339023,-1.7223283370309552,-6.006275339504448,0.33694457139870837,0.11401565067497432,-0.5572186565252609,0.673103875926208,0.23918241111462527,0.42335601477561857,-0.6170414206394355,0.7184178952889225,0.20924508084464277,0.2436228829281457
4.422596455,1.5339754834355772,1.4249720573425293,0.10900342609304792,0.13983124494552612,-0.3663002619852678,-0.4514552652835846,0.08515500329831677,0.22010457515716553,1.5627955193371614,1.6119648218154907,-0.04916930247832929,-0.13334141671657562,0.25039446047562464,0.6048574447631836,-0.35446298428755896,-0.7703585028648376,0.27192594878966225,-2.9320430527945973e-09,0.2719259517217053,1.3969838619232178e-08,0.4091076803555778,6.709531604753635,-0.25930728053855834,1.0552123246241893,6.052849586285006,0.23910725859032866,-0.6461046442686116,0.6566820184686293,-0.498414539128887,1.0474251942456623,-2.869666704800131,0.9999646786291961,-1.607617170154216,3.14159265065775,0.6814873951616244,-1.7166205962472638,-6.011259355457881,0.31847728346757176,0.10900342609304792,-0.5566140817624518,0.6711330978992147,0.24397921574035653,0.4245412479072751,-0.6161325114505487,0.7132313972100216,0.21846448048930792,0.25289320499376133
4.442349434,1.5353580896297196,1.4249720573425293,0.11038603228719035,0.13983124494552612,-0.36121546486067235,-0.4514552652835846,0.09023980042291224,0.22010457515716553,1.5595375382004266,1.6119648218154907,-0.0524272836150641,-0.13334141671657562,0.23040115247562692,0.6048574447631836,-0.37445629228755667,-0.7703585028648376,0.26201829662251935,-2.9320430527945973e-09,0.2620182995545624,1.3969838619232178e-08,0.4009677428699544,6.743349530822321,-0.28430914347566705,1.0552123246241893,6.052849586285006,0.23910725859032866,-0.6542445817542349,0.690499944537315,-0.5234164020659957,1.085721362096427,-2.879574356967274,1.018131170641333,-1.606234563960074,3.14159265065775,0.6814873951616244,-1.7166205962472638,-6.021167007625024,0.3366437754797086,0.1103860322871899,-0.5554028334564189,0.6671190368259245,0.2534798368932473,0.4268815474831453,-0.6161325114505487,0.7132313972100216,0.21846448048930792,0.25289320499376133
4.463421345,1.5367394458752814,1.4249720573425293,0.11176738853275214,0.13983124494552612,-0.3561352646596088,-0.4514552652835846,0.09532000062397578,0.22010457515716553,1.5562825024496703,1.6119648218154907,-0.055682319365820465,-0.13334141671657562,0.2104259194756292,0.6048574447631836,-0.39443152528755443,-0.7703585028648376,0.2521196014930473,-2.9320430527945973e-09,0.25211960442509035,1.3969838619232178e-08,0.3927351038478873,6.776914526957825,-0.3088213610908328,1.0552123246241893,6.052849586285006,0.23910725859032866,-0.6624772207763021,0.724064940672819,-0.5479286196811615,1.123998166646516,-2.8894730520967458,1.0362812391910237,-1.604853207714512,3.14159265065775,0.6814873951616244,-1.7166205962472638,-6.031065702754496,0.3547938440293993,0.11176738853275192,-0.5541799498082226,0.6629811417784166,0.26292398537991263,0.4291987497520078,-0.6161325114505487,0.7132313972100216,0.21846448048930792,0.25289320499376133
4.472765207,1.5374314503957804,1.4303780794143677,0.10705337098141277,0.14921934902668,-0.3535902864793091,-0.44295889139175415,0.08936860491244503,0.21549172699451447,1.5546518590431297,1.606805443763733,-0.05215358472060316,-0.1309451460838318,0.20041912247563032,0.5747811794281006,-0.37436205695247027,-0.7619144320487976,0.24716074906186336,-3.932050685051536e-09,0.24716075299391405,1.0652001947164536e-08,0.3885734580452581,6.793642654889335,-0.320925711728433,1.029707205524446,6.110346870260491,0.18448199799380482,-0.6411337474791879,0.6832957846288439,-0.5054077097222378,1.0646044169056093,-2.8944319045279294,1.045373701417263,-1.6041612031940125,3.1415926496577424,0.7082266646566346,-1.7112145741754254,-6.036024554185672,0.3371470367606284,0.10705337098141299,-0.5535624719187663,0.6608605569957681,0.2676365575542323,0.43035170146166307,-0.615073062083092,0.7081267045633068,0.2273906346559795,0.2617922799755388
4.482153893,1.5381242156733657,1.4303780794143677,0.10774613625899798,0.14921934902668,-0.3510425104701976,-0.44295889139175415,0.09191638092155657,0.21549172699451447,1.5530194229842433,1.606805443763733,-0.053786020779489574,-0.1309451460838318,0.19040132447563146,0.5747811794281006,-0.3843798549524691,-0.7619144320487976,0.24219644510252358,-3.932050685051536e-09,0.24219644903457427,1.0652001947164536e-08,0.3843823199538857,6.810329647437294,-0.33292629932928985,1.029707205524446,6.110346870260491,0.18448199799380482,-0.6453248855705603,0.6999827771768032,-0.5174082973230947,1.0835734596323365,-2.8993962084872695,1.0544761594670369,-1.6034684379164277,3.1415926496577424,0.7082266646566346,-1.7112145741754254,-6.0409888581450115,0.34624949481040224,0.10774613625899776,-0.5529410230270408,0.6587059009955456,0.27234158680846376,0.43150066180957825,-0.615073062083092,0.7081267045633068,0.2273906346559795,0.2617922799755388
4.492210865,1.5388157859793619,1.4303780794143677,0.10843770656499419,0.14921934902668,-0.34849912919628,-0.44295889139175415,0.09445976219547414,0.21549172699451447,1.5513898027632385,1.606805443763733,-0.05541564100049445,-0.1309451460838318,0.1804008064756326,0.5747811794281006,-0.394380372952468,-0.7619144320487976,0.23724070421986165,-3.932050685051536e-09,0.23724070815191234,1.0652001947164536e-08,0.3801736265833234,6.82692723858721,-0.3447894702715404,1.029707205524446,6.110346870260491,0.18448199799380482,-0.6495335789411227,0.7165803683267189,-0.5292714682653452,1.1025015109119234,-2.9043519493699317,1.063562916414123,-1.602776867610431,3.1415926496577424,0.7082266646566346,-1.7112145741754254,-6.045944599027674,0.3553362517574883,0.10843770656499441,-0.5523173297183982,0.6565233851495458,0.2770255732325064,0.4326423971592712,-0.615073062083092,0.7081267045633068,0.2273906346559795,0.2617922799755388
4.513183594,1.5401987349671482,1.4303780794143677,0.10982065555278053,0.14921934902668,-0.34341307138289073,-0.44295889139175415,0.09954582000886342,0.21549172699451447,1.5481310138656021,1.606805443763733,-0.058674429898130764,-0.1309451460838318,0.16040254147563487,0.5747811794281006,-0.4143786379524657,-0.7619144320487976,0.2273305956192065,-3.932050685051536e-09,0.22733059955125717,1.0652001947164536e-08,0.3716834763702682,6.8599313334012395,-0.36816326961236956,1.029707205524446,6.110346870260491,0.18448199799380482,-0.6580237291541778,0.7495844631407484,-0.5526452676061744,1.1403021035319871,-2.9142620579705865,1.0817339124983678,-1.6013939186226451,3.1415926496577424,0.7082266646566346,-1.7112145741754254,-6.055854707628329,0.37350724784173317,0.10982065555278031,-0.5510600548498329,0.6520647349327636,0.2863525976092203,0.43490986106136503,-0.615073062083092,0.7081267045633068,0.2273906346559795,0.2617922799755388
4.532133341,1.5415817750991798,1.4303780794143677,0.11120369568481214,0.14921934902668,-0.33832667836921293,-0.44295889139175415,0.10463221302254122,0.21549172699451447,1.5448720101951459,1.606805443763733,-0.06193343356858705,-0.1309451460838318,0.14040295847563714,0.5747811794281006,-0.4343782209524635,-0.7619144320487976,0.21741983388573527,-3.932050685051536e-09,0.21741983781778595,1.0652001947164536e-08,0.36309479380580206,6.892680907171448,-0.3910738660401223,1.029707205524446,6.110346870260491,0.18448199799380482,-0.666612411718644,0.7823340369109566,-0.5755558640339271,1.1779996627294005,-2.924172819704058,1.0999061061551438,-1.6000108784906133,3.1415926496577424,0.7082266646566346,-1.7112145741754254,-6.0657654693618,0.3916794414985092,0.11120369568481214,-0.549789078259568,0.6474808397576314,0.2956258538492304,0.43715659220599723,-0.615073062083092,0.7081267045633068,0.2273906346559795,0.2617922799755388
4.552140236,1.5429645727792212,1.4410736560821533,0.10189091669706785,0.13026492297649384,-0.33324117701882155,-0.4245360791683197,0.09129490214949815,0.23447032272815704,1.541613577839945,1.5954813957214355,-0.05386781788149064,-0.14494000375270844,0.12040688147563941,0.5094248056411743,-0.38901792416553493,-0.8363778591156006,0.20751080954502055,-2.0437944669993158e-09,0.20751081158881501,1.775333657860756e-08,0.35441043957259916,6.925158502368123,-0.4135171000901736,0.9788086855575111,6.233867120034123,0.06943735211675639,-0.624398245984912,0.6912913823339997,-0.48295445220693,1.049286399313735,-2.9340818440447727,1.118075114159951,-1.5986280808105724,3.1415926515459986,0.7664842742624237,-1.7005189975076402,-6.075674495590771,0.35159083989752726,0.10189091669706785,-0.5485044665483767,0.6427736715211345,0.30484130953421157,0.43938210407023676,-0.6119252745856234,0.6969392243912338,0.24671417629264145,0.28098984153256923
4.572191000,1.54434619969138,1.4410736560821533,0.10327254360922677,0.13026492297649384,-0.3281599813898906,-0.4245360791683197,0.09637609777842909,0.23447032272815704,1.538357904288872,1.5954813957214355,-0.05712349143256357,-0.14494000375270844,0.10042773447564168,0.5094248056411743,-0.40899707116553263,-0.8363778591156006,0.1976101748390371,-2.0437944669993158e-09,0.19761017688283156,1.775333657860756e-08,0.345637217679815,6.957333182267419,-0.43548006773400894,0.9788086855575111,6.233867120034123,0.06943735211675639,-0.6331714678776961,0.723466062233296,-0.5049174198507653,1.0859331709670268,-2.9439824787507565,1.1362287390820909,-1.5972464538984135,3.1415926515459986,0.7664842742624237,-1.7005189975076402,-6.085575130296755,0.36974446481966716,0.10327254360922677,-0.5472068636961706,0.6379474498666894,0.3139910742581756,0.4415849916138288,-0.6119252745856234,0.6969392243912338,0.24671417629264145,0.28098984153256923
4.582109213,1.5450392303799005,1.4463403224945068,0.0986989078853937,0.1319171041250229,-0.325611229281608,-0.414791077375412,0.08917984809380397,0.24667686223983765,1.5367248428141413,1.5894393920898438,-0.052714549275702405,-0.15308688580989838,0.09040609847564282,0.47476980090141296,-0.3843637024257701,-0.8763741850852966,0.19264396896486574,-2.2568344970608223e-09,0.19264397122170024,3.14321368932724e-09,0.34120057913220464,6.973365494293796,-0.44632365714721267,0.9533187826729823,6.29859267346038,0.010485456953266414,-0.6121182035407777,0.6747728208334163,-0.4568091141004791,1.0191573095291713,-2.9489486846249275,1.145334684448538,-1.5965534232098926,3.1415926513329584,0.7974362808408691,-1.6952523310952865,-6.0905413359578855,0.34789840360766877,0.09869890788539393,-0.5465506053706729,0.6354805560775494,0.31855828980870654,0.44268218239553275,-0.609855491289296,0.6909037837390211,0.2569217754403811,0.29106604519242335
4.602192640,1.5464222687139424,1.4463403224945068,0.10008194621943556,0.1319171041250229,-0.32052484288037897,-0.414791077375412,0.09426623449503302,0.24667686223983765,1.5334658433804782,1.5894393920898438,-0.05597354870936555,-0.15308688580989838,0.0704065414756451,0.47476980090141296,-0.4043632594257679,-0.8763741850852966,0.18273322011565338,-2.2568344970608223e-09,0.18273322237248787,3.14321368932724e-09,0.3322754414697302,7.005141252854374,-0.46761886454478185,0.9533187826729823,6.29859267346038,0.010485456953266414,-0.6210433412032521,0.7065485793939938,-0.47810432149804827,1.0552201044955878,-2.9588594334741396,1.1635068544809701,-1.5951703848758512,3.1415926513329584,0.7974362808408691,-1.6952523310952865,-6.100452084807098,0.366070573640101,0.10008194621943534,-0.5452300707597884,0.6304661640459198,0.3276270564879542,0.44485626643842896,-0.609855491289296,0.6909037837390211,0.2569217754403811,0.29106604519242335
4.612124443,1.5471141872075516,1.4463403224945068,0.10077386471304473,0.1319171041250229,-0.3179801810803213,-0.414791077375412,0.09681089629509071,0.24667686223983765,1.5318354026881926,1.5894393920898438,-0.05760398940165112,-0.15308688580989838,0.06040098847564619,0.47476980090141296,-0.4143688124257668,-0.8763741850852966,0.17777498414670248,-2.2568344970608223e-09,0.17777498640353698,3.14321368932724e-09,0.32777492764568944,7.020926473046957,-0.4781007410482696,0.9533187826729823,6.29859267346038,0.010485456953266414,-0.6255438550272929,0.7223337995865773,-0.488586198001536,1.0732137277659024,-2.963817669443091,1.1725981863731965,-1.5944784663822413,3.1415926513329584,0.7974362808408691,-1.6952523310952865,-6.105410320776049,0.3751619055323273,0.10077386471304517,-0.5445639229607181,0.6279120694018697,0.3321407450422495,0.44593619766943565,-0.609855491289296,0.6909037837390211,0.2569217754403811,0.29106604519242335
4.622193813,1.5478057636682045,1.4463403224945068,0.10146544117369771,0.1319171041250229,-0.3154367771714829,-0.414791077375412,0.0993543002039291,0.24667686223983765,1.530205767964319,1.5894393920898438,-0.059233624125524686,-0.15308688580989838,0.050400381475647314,0.47476980090141296,-0.42436941942576567,-0.8763741850852966,0.17281919916023128,-2.2568344970608223e-09,0.17281920141706578,3.14321368932724e-09,0.32325323373834336,7.036627792295607,-0.4884632210068296,0.9533187826729823,6.29859267346038,0.010485456953266414,-0.630065548934639,0.738035118835227,-0.498948677960096,1.0911591157235332,-2.968773454429562,1.181685024188231,-1.5937868899215886,3.1415926513329584,0.7974362808408691,-1.6952523310952865,-6.1103661057625205,0.3842487433473619,0.10146544117369793,-0.5438944007828255,0.6253291057876452,0.3366363731626237,0.4470104501192675,-0.609855491289296,0.6909037837390211,0.2569217754403811,0.29106604519242335
4.642432451,1.5491886338902132,1.451228380203247,0.09796025368696615,0.12141738831996918,-0.3103510090342155,-0.40611201524734497,0.0957610062131295,0.21697495877742767,1.5269471646708115,1.5840716361999512,-0.057124471529139687,-0.13419854640960693,0.030403255475649545,0.44313934445381165,-0.4127360889781621,-0.7907609343528748,0.16290965498922516,-1.949498118491988e-09,0.16290965693872328,4.71482053399086e-09,0.3141420368974959,7.067791170800735,-0.5088425448409337,0.9288982094796625,6.357126860081147,-0.0409879703294056,-0.6147561725821666,0.7106643107195882,-0.4678545745115281,1.0496936777697508,-2.9786829986005676,1.1998549853444684,-1.5924040196995792,3.141592651640295,0.8257554310502961,-1.690364273386546,-6.120275650240863,0.3740995542941723,0.09796025368696681,-0.5425444101183505,0.6200743764585757,0.3455774597053813,0.44914312869331,-0.6078331096766808,0.6852297765776938,0.26626544388106654,0.3001695811818355
4.652392387,1.549880910529532,1.451228380203247,0.09865253032628485,0.12141738831996918,-0.3078050300852243,-0.40611201524734497,0.09830698516212066,0.21697495877742767,1.5253158800419293,1.5840716361999512,-0.058755756158021866,-0.13419854640960693,0.020392523475650667,0.44313934445381165,-0.42274682097816096,-0.7907609343528748,0.157948852575013,-1.949498118491988e-09,0.15794885452451113,4.71482053399086e-09,0.30954627761046755,7.083272886282858,-0.5188741907758443,0.9288982094796625,6.357126860081147,-0.0409879703294056,-0.6193519318691949,0.726146026201711,-0.4778862204464387,1.0673612821211111,-2.98364380101478,1.2089510230243583,-1.5917117430602612,3.141592651640295,0.8257554310502961,-1.690364273386546,-6.125236452655075,0.38319559197406217,0.09865253032628485,-0.5418629170952036,0.6173990612128817,0.35002880559565586,0.4502030803357607,-0.6078331096766808,0.6852297765776938,0.26626544388106654,0.3001695811818355
4.672983646,1.5512632146614116,1.451228380203247,0.10003483445816452,0.12141738831996918,-0.3027213438520251,-0.40611201524734497,0.10339067139531988,0.21697495877742767,1.5220586106864367,1.5840716361999512,-0.06201302551351451,-0.13419854640960693,0.000403583475652905,0.44313934445381165,-0.44273576097815875,-0.7907609343528748,0.14804336496336368,-1.949498118491988e-09,0.1480433669128618,4.71482053399086e-09,0.3003012779894236,7.113942794813695,-0.5385661441543173,0.9288982094796625,6.357126860081147,-0.0409879703294056,-0.6285969314902389,0.7568159347325478,-0.49757817382491165,1.1024919502703765,-2.9935492886264297,1.2271135461466498,-1.5903294389283822,3.141592651640295,0.8257554310502961,-1.690364273386546,-6.135141940266725,0.40135811509635366,0.10003483445816386,-0.5404906722575721,0.6119684114927662,0.35886677384036275,0.4523042506665047,-0.6078331096766808,0.6852297765776938,0.26626544388106654,0.3001695811818355
4.692056417,1.5526458541183628,1.4560632705688477,0.0965825835495151,0.12177489697933197,-0.297636424397127,-0.39687907695770264,0.09924265256057563,0.23997999727725983,1.5188005511690292,1.578313946723938,-0.059513395554908755,-0.1500571370124817,-0.01959020552434486,0.40940096974372864,-0.4289911752680735,-0.8734641075134277,0.13813547443743127,-2.035645429998567e-09,0.1381354764730767,-4.94765117764473e-09,0.2909637918822797,7.144288218107431,-0.5578133316179308,0.9046653548331587,6.418974889889075,-0.09447752103979656,-0.613701562950879,0.7253133282183564,-0.4633358105781342,1.0570662731464084,-3.0034571791523623,1.2452804752091564,-1.588946799471431,3.1415926515541477,0.8560185569467497,-1.6855293830209457,-6.14504983070651,0.38926191826240675,0.09658258354951466,-0.5391026125954619,0.6064190345056742,0.3676384554882197,0.45438562227274476,-0.6053782368086841,0.6791479871207899,0.2761818952867917,0.30983667101229895
4.712070465,1.55402988079349,1.4608573913574219,0.09317248943606815,0.13096293807029724,-0.29254640318366454,-0.38745561242103577,0.09490920923737123,0.23122292757034302,1.5155392228027849,1.5724231004714966,-0.056883877668711724,-0.14439989626407623,-0.039604054524342625,0.37498530745506287,-0.4145893619794055,-0.8473185300827026,0.1282176432102166,-1.901767854306513e-09,0.12821764511198444,-4.94765117764473e-09,0.281527741264674,7.1743224416166465,-0.5766321453182806,0.8802060764721871,6.481493142185962,-0.14773912462046224,-0.5986783352075131,0.6928292994306844,-0.4288930206978183,1.0111268023347773,-3.0133750103795762,1.2634656313619366,-1.5875627727963026,3.1415926516880255,0.8869016009511909,-1.6807352622323717,-6.154967662067602,0.3765640304107457,0.09317248943606904,-0.5376974302184453,0.6007475320729432,0.3763486929114538,0.45644883348365406,-0.6026561339621604,0.6728401921262225,0.28626348415621716,0.3196011228016477
4.722586393,1.5547215202529345,1.4608573913574219,0.09386412889551266,0.13096293807029724,-0.29000276758479365,-0.38745561242103577,0.09745284483624211,0.23122292757034302,1.513909439628199,1.5724231004714966,-0.05851366084329768,-0.14439989626407623,-0.0496055725243415,0.37498530745506287,-0.42459087997940437,-0.8473185300827026,0.1232614067791358,-1.901767854306513e-09,0.12326140868090366,-4.94765117764473e-09,0.27677921105670006,7.18920050052294,-0.5858694760030951,0.8802060764721871,6.481493142185962,-0.14773912462046224,-0.6034268654154871,0.707707358336978,-0.4381303513826329,1.0280719292696077,-3.0183312468106576,1.272553296937651,-1.5868711333368588,3.1415926516880255,0.8869016009511909,-1.6807352622323717,-6.159923898498683,0.3856516959864601,0.09386412889551288,-0.5369892522475798,0.5978699458810536,0.3806745943138542,0.4574723205033873,-0.6026561339621604,0.6728401921262225,0.28626348415621716,0.3196011228016477
4.742295980,1.5561040960195598,1.4608573913574219,0.09524670466213792,0.13096293807029724,-0.2849180823631776,-0.38745561242103577,0.10253753005785815,0.23122292757034302,1.5106515301910397,1.5724231004714966,-0.06177157028045688,-0.14439989626407623,-0.06959844052433928,0.37498530745506287,-0.44458374797940214,-0.8473185300827026,0.11335397265329716,-1.901767854306513e-09,0.11335397455506502,-4.94765117764473e-09,0.26722175144881744,7.2186742744400645,-0.6040029530247799,0.8802060764721871,6.481493142185962,-0.14773912462046224,-0.6129843250233696,0.7371811322541024,-0.4562638284043177,1.0617732740966694,-3.0282386809364956,1.2907193891531914,-1.5854885575702333,3.1415926516880255,0.8869016009511909,-1.6807352622323717,-6.169831332624521,0.40381778820200054,0.09524670466213836,-0.5355615618792234,0.5920317465470153,0.3892672882242715,0.4595032130861539,-0.6026561339621604,0.6728401921262225,0.28626348415621716,0.3196011228016477
4.762787342,1.5574872548880623,1.4608573913574219,0.0966298635306404,0.13096293807029724,-0.2798312526735549,-0.38745561242103577,0.10762435974748086,0.23122292757034302,1.5073922467292846,1.5724231004714966,-0.06503085374221196,-0.14439989626407623,-0.08959974052433706,0.37498530745506287,-0.4645850479793999,-0.8473185300827026,0.10344236006319073,-1.901767854306513e-09,0.10344236196495858,-4.94765117764473e-09,0.2575743570153316,7.247796534341782,-0.6217039809218712,0.8802060764721871,6.481493142185962,-0.14773912462046224,-0.6226317194568555,0.7663033921558196,-0.47396485630140894,1.095232318694135,-3.038150293526603,1.3088931429253212,-1.584105398701732,3.1415926516880255,0.8869016009511909,-1.6807352622323717,-6.179742945214628,0.42199154197413036,0.09662986353063974,-0.5341170101448505,0.5860773484828742,0.39778923884489004,0.46151498624466397,-0.6026561339621604,0.6728401921262225,0.28626348415621716,0.3196011228016477
4.782210112,1.5588701646658436,1.4701817035675049,0.08868846109833872,0.11257234960794449,-0.27474533906241416,-0.36793527007102966,0.0931899310086155,0.23850709199905396,1.5041335502263287,1.5601553916931152,-0.05602184146678657,-0.14999517798423767,-0.10959743852433479,0.3035043776035309,-0.4131018161278657,-0.8797180652618408,0.09353253243848902,-1.7201599034066817e-09,0.09353253415864893,-1.8044374883174896e-09,0.2478441710045417,7.276540707621405,-0.6389648840469739,0.831615191832159,6.609227944834302,-0.25372329670640625,-0.5837710208276173,0.6673127627871027,-0.3852415873405677,0.9666985097502503,-3.048060121151304,1.3270636238171347,-1.58272248892395,3.1415926518696335,0.9511298972310973,-1.6714109500222882,-6.189652773020938,0.3759337265860374,0.08868846109833828,-0.5326562478399995,0.5800114169321754,0.40623364294479386,0.4635065319983582,-0.5962348358919112,0.6594587490369503,0.30705300186458717,0.33961247449631776
4.802279711,1.5602532657225234,1.4701817035675049,0.09007156215501855,0.11257234960794449,-0.2696587219867601,-0.36793527007102966,0.09827654808426955,0.23850709199905396,1.500874402992683,1.5601553916931152,-0.05928098870043219,-0.14999517798423767,-0.1295979025309866,0.3035043776035309,-0.43310228013451746,-0.8797180652618408,0.08362133412356336,-1.7201599034066817e-09,0.08362133584372326,-1.8044374883174896e-09,0.23802951997308944,7.304907128233565,-0.6557944744643409,0.831615191832159,6.609227944834302,-0.25372329670640625,-0.5935856718590696,0.695679183399263,-0.40207117775793466,0.9989868407717397,-3.0579713194662306,1.3452366179817765,-1.5813393878672697,3.1415926518696335,0.9511298972310973,-1.6714109500222882,-6.199563971335865,0.3941067207506792,0.09007156215501855,-0.5311786014473145,0.573833174428559,0.4146015605993111,0.46547860019375065,-0.5962348358919112,0.6594587490369503,0.30705300186458717,0.33961247449631776
4.822184086,1.5616273260417721,1.4747886657714844,0.08683866027028775,0.13161617517471313,-0.2646053539417329,-0.3577847480773926,0.09317939413565968,0.2629544734954834,1.4976365594043832,1.5537484884262085,-0.05611192902182527,-0.16619133949279785,-0.14946763209657135,0.2663162052631378,-0.41578383735970914,-0.9597065448760986,0.07377492105419876,-1.792337389616705e-09,0.07377492284653615,6.51925802230835e-09,0.22819816256755487,7.33270145273117,-0.6720879696414563,0.806974180411512,6.674514707744853,-0.30650950615836225,-0.5787760178439572,0.6581867449863168,-0.3655784634830941,0.9496520852763138,-3.0678177325355933,1.3632908230906362,-1.5799653275480212,3.1415926517974557,0.98457445084476,-1.6668039878183087,-6.209410384333049,0.3787163722458762,0.08683866027028753,-0.5296938900631213,0.5675860832830174,0.4228362822377875,0.4674183343821334,-0.59252127594586,0.6523245885735539,0.317786751541551,0.3498610427562665
4.832551718,1.5623149215869971,1.4747886657714844,0.08752625581551277,0.13161617517471313,-0.2620765906061876,-0.3577847480773926,0.09570815747120498,0.2629544734954834,1.4960163053323727,1.5537484884262085,-0.057732183093835765,-0.16619133949279785,-0.15941067269146647,0.2663162052631378,-0.4257268779546043,-0.9597065448760986,0.06884766300875607,-1.792337389616705e-09,0.06884766480109346,6.51925802230835e-09,0.22324864692459734,7.3464626918447875,-0.6800830867861845,0.806974180411512,6.674514707744853,-0.30650950615836225,-0.5837255334869147,0.6719479840999343,-0.3735735806278222,0.9653014098837941,-3.0727449905810373,1.3723253544219944,-1.5792777320027958,3.1415926517974557,0.98457445084476,-1.6668039878183087,-6.214337642378493,0.3877509035772344,0.08752625581551299,-0.5289446031974455,0.5644194601727689,0.4269271654740713,0.4683817621415803,-0.59252127594586,0.6523245885735539,0.317786751541551,0.3498610427562665
4.852724314,1.5636983457638114,1.4747886657714844,0.08890967999232702,0.13161617517471313,-0.2569887851948111,-0.3577847480773926,0.10079596288258147,0.2629544734954834,1.4927563966965958,1.5537484884262085,-0.06099209172961273,-0.16619133949279785,-0.17941580920746802,0.2663162052631378,-0.44573201447060584,-0.9597065448760986,0.05893414923921004,-1.792337389616705e-09,0.05893415103154743,6.51925802230835e-09,0.2132311048352518,7.373846757956823,-0.6958513427874657,0.806974180411512,6.674514707744853,-0.30650950615836225,-0.5937430755762603,0.6993320502119698,-0.3893418366291035,0.9965857825587104,-3.082658504350584,1.3905025941623987,-1.5778943078259835,3.1415926517974557,0.98457445084476,-1.6668039878183087,-6.224251156148039,0.4059281433176387,0.08890967999232524,-0.5274241591015235,0.5579671800242153,0.4350965645863451,0.4703056047901581,-0.59252127594586,0.6523245885735539,0.317786751541551,0.3498610427562665
4.872371912,1.5650633953724533,1.4793245792388916,0.08573881613356171,0.10855057090520859,-0.25196855575105626,-0.3476300537586212,0.09566149800756496,0.23870867490768433,1.4895397859982613,1.5473297834396362,-0.05778999744137492,-0.15058669447898865,-0.19915523853772515,0.22894203662872314,-0.4280972751664483,-0.8890045285224915,0.0491523062454389,-2.039137747544828e-09,0.049152308284576646,8.672941476106644e-09,0.20327032734150985,7.400463162557574,-0.7109972417848534,0.7821896743047281,6.739246860680496,-0.35769638492684575,-0.5789193469632182,0.6612163018770776,-0.3533008568580076,0.9471938046740593,-3.092440347344356,1.4084384047472334,-1.5765292582173402,3.1415926515506554,1.018212630146976,-1.6622680743509017,-6.234032998895011,0.3902257746002573,0.08573881613356149,-0.5259068585346638,0.5514953736926238,0.4430758419631908,0.47218495021595486,-0.5885572181130346,0.6450150961988157,0.328524398951753,0.36003839514150116
4.892315388,1.5664379716339798,1.4793245792388916,0.0871133923950882,0.10855057090520859,-0.24691329023021721,-0.3476300537586212,0.100716763528404,0.23870867490768433,1.4863007266406296,1.5473297834396362,-0.06102905679900661,-0.15058669447898865,-0.21903242893555147,0.22894203662872314,-0.4479744655642746,-0.8890045285224915,0.03930219597245364,-2.039137747544828e-09,0.039302198011591384,8.672941476106644e-09,0.19316506007200385,7.426851595588851,-0.725838250180119,0.7821896743047281,6.739246860680496,-0.35769638492684575,-0.5890246142327242,0.6876047349083549,-0.3681418652532733,0.9773835995107335,-3.1022904576173382,1.4264993889818538,-1.5751546819558122,3.1415926515506554,1.018212630146976,-1.6622680743509017,-6.243883109167994,0.40828675883487775,0.08711339239508953,-0.5243616638515025,0.5448740021467613,0.45102735987832404,0.4740585279357855,-0.5885572181130346,0.6450150961988157,0.328524398951753,0.36003839514150116
4.913576126,1.5678121454083032,1.4835301637649536,0.08428198164334955,0.10426236689090729,-0.24185950493258404,-0.33876657485961914,0.0969070699270351,0.22158503532409668,1.4830626157061435,1.5417529344558716,-0.058690318749728076,-0.13942722976207733,-0.23890379912900395,0.19540724158287048,-0.43431104071187443,-0.8383699059486389,0.02945496989254326,-1.2486777167808327e-09,0.029454971141220976,3.346940502524376e-09,0.18298919602202804,7.45280913463926,-0.7402670911276443,0.7584604202840524,6.7964684253910805,-0.400865533930556,-0.5754712242620244,0.6563407092481794,-0.3394015571970883,0.9365594874848285,-3.1121376836972496,1.4445550848121602,-1.5737805081814895,3.1415926523411155,1.048460795277591,-1.65806248982484,-6.253730336038365,0.39609428953456916,0.08428198164335043,-0.5227993771891439,0.5381510954130444,0.45889133973942214,0.4759127525382588,-0.5848649026504716,0.6382678478407809,0.3381646404161227,0.3690418350710209
4.922556877,1.568499914194136,1.4835301637649536,0.08496975042918242,0.10426236689090729,-0.23933010447176947,-0.33876657485961914,0.09943647038784967,0.22158503532409668,1.481441953408975,1.5417529344558716,-0.06031098104689647,-0.13942722976207733,-0.2488493448861368,0.19540724158287048,-0.4442565864690073,-0.8383699059486389,0.024526470417914684,-1.2486777167808327e-09,0.0245264716665924,3.346940502524376e-09,0.1778691270025746,7.465639369577166,-0.7473368571464449,0.7584604202840524,6.7964684253910805,-0.400865533930556,-0.5805912932814777,0.6691709441860851,-0.3464713232158889,0.9512719801340331,-3.1170661831718802,1.4535918924056426,-1.5730927393956575,3.1415926523411155,1.048460795277591,-1.65806248982484,-6.258658835512996,0.4051310971280515,0.08496975042918242,-0.5220108140293095,0.5347478526813707,0.4627947719127158,0.4768337689167765,-0.5848649026504716,0.6382678478407809,0.3381646404161227,0.3690418350710209
4.942147017,1.5698736932465036,1.4876679182052612,0.08220577504124238,0.10318487882614136,-0.23427777083916873,-0.3294708728790283,0.09519310203985959,0.23239192366600037,1.478204772599561,1.5358833074569702,-0.05767853485740915,-0.14674188196659088,-0.2687150071653118,0.16032174229621887,-0.4290367494615307,-0.8771374225616455,0.014682072885899497,-1.2108427593915394e-09,0.014682074096742256,-1.1175870895385742e-08,0.16758906392396203,7.490939658219548,-0.7611577997038441,0.7348865139532466,6.855458205608465,-0.4447531838051155,-0.5672974500292846,0.6354814526110832,-0.3164046158987286,0.9087216044446412,-3.1269105807038966,1.4716424018616332,-1.5717189603432924,3.1415926523789506,1.0801202195825537,-1.6539247353845319,-6.268503233082847,0.39152218227907953,0.08220577504123949,-0.5204223210924899,0.5278740753907609,0.4705259046837423,0.47865952540464546,-0.5807458070129731,0.6311461587629004,0.348163693896358,0.3783792755531541
4.962343931,1.5712482925288962,1.4876679182052612,0.08358037432363496,0.10318487882614136,-0.2292224206547179,-0.3294708728790283,0.10024845222431042,0.23239192366600037,1.4749656589954288,1.5358833074569702,-0.06091764846154146,-0.14674188196659088,-0.2885925304585565,0.16032174229621887,-0.44891427275477536,-0.8771374225616455,0.00483179764711604,-1.2108427593915394e-09,0.0048317988579587995,-1.1175870895385742e-08,0.15723361292003638,7.515811721533431,-0.7745897840588158,0.7348865139532466,6.855458205608465,-0.4447531838051155,-0.5776529010332102,0.6603535159249656,-0.3298366002537003,0.937305618746344,-3.136760855942676,1.4897036885745618,-1.5703443610608978,3.1415926523789506,1.0801202195825537,-1.6539247353845319,-6.278353508321627,0.40958346899200815,0.08358037432363408,-0.5188148791651844,0.5208959043987653,0.47817272121335325,0.4804679246576449,-0.5807458070129731,0.6311461587629004,0.348163693896358,0.3783792755531541
4.982063055,1.5726225787275092,1.4917504787445068,0.08087209998300238,0.11811064928770065,-0.2241682218953868,-0.31979721784591675,0.09562899595052995,0.2449151873588562,1.471727283143704,1.52975332736969,-0.058026044225985896,-0.15518435835838318,-0.3084655263741116,0.1239362508058548,-0.4324017771799664,-0.919582724571228,-0.005016234056811855,-1.6226620047632423e-09,-0.00501623243414985,1.367880031466484e-09,0.14681307632501367,7.540226949092437,-0.7876260289717478,0.7113262566440669,6.915689403635128,-0.48894783874891723,-0.5645131803190533,0.6245375454573088,-0.2986781902228306,0.8932698012104503,3.13657641953298,1.507760861582512,-1.568970074862289,3.1415926519671307,1.1129620361270862,-1.6498421748452867,-0.005016232434150503,0.3947988254554258,0.08087209998299771,0.5171896287688551,-0.5138203537381884,-0.48572741626044946,-0.4822576169136628,-0.5762248949378346,0.6236730790287646,0.3584453828089607,0.3879609110356345
4.997498751,1.5733101102266231,1.4917504787445068,0.08155963148211631,0.11811064928770065,-0.22163969410159118,-0.31979721784591675,0.09815752374432557,0.2449151873588562,1.470107179990316,1.52975332736969,-0.059646147379373904,-0.15518435835838318,-0.3184076408241414,0.1239362508058548,-0.4423438916299962,-0.919582724571228,-0.00994303315263087,-1.6226620047632423e-09,-0.009943031529968865,1.367880031466484e-09,0.14157513075817377,7.552269736170876,-0.7940019349694807,0.7113262566440669,6.915689403635128,-0.48894783874891723,-0.5697511258858932,0.6365803325357478,-0.30505409622056345,0.9071432449401312,3.13164962043716,1.5167945513921364,-1.5682825433631775,3.1415926519671307,1.1129620361270862,-1.6498421748452867,-0.009943031529970447,0.40383251526505015,0.08155963148210921,0.5163696707649376,-0.5102438587455168,-0.48947253578122146,-0.4831461522588131,-0.5762248949378346,0.6236730790287646,0.3584453828089607,0.3879609110356345
5.004715443,1.5740078655875116,1.4917504787445068,0.08225738684300476,0.11811064928770065,-0.21907356611247303,-0.31979721784591675,0.10072365173344372,0.2449151873588562,1.4684629852706181,1.52975332736969,-0.061290342099071804,-0.15518435835838318,-0.32849759839701814,0.1239362508058548,-0.45243384920287294,-0.919582724571228,-0.014943095674215768,-1.6226620047632423e-09,-0.014943094051553764,1.367880031466484e-09,0.13624275132576474,7.5643731924624085,-0.8003739785659598,0.7113262566440669,6.915689403635128,-0.48894783874891723,-0.5750835053183021,0.6486837888272801,-0.3114261398170426,0.9211394772442689,3.1266495579155733,1.5259625756955946,-1.5675847880022957,3.1415926519671307,1.1129620361270862,-1.6498421748452867,-0.01494309405155736,0.41300053956850835,0.082257386842991,0.5155328039768522,-0.5065893726831503,-0.4932496721323503,-0.48404327952114573,-0.5762248949378346,0.6236730790287646,0.3584453828089607,0.3879609110356345
5.015417099,1.5745718312693413,1.4917504787445068,0.08282135252483447,0.11811064928770065,-0.21699947510269238,-0.31979721784591675,0.10279774274322437,0.2449151873588562,1.4671340533151915,1.52975332736969,-0.06261927405449841,-0.15518435835838318,-0.3366528776269382,0.1239362508058548,-0.460589128432793,-0.919582724571228,-0.018984431401949366,-1.6226620047632423e-09,-0.01898442977928736,1.367880031466484e-09,0.1319208082784313,7.574068047158755,-0.8054520157305916,0.7113262566440669,6.915689403635128,-0.48894783874891723,-0.5794054483656356,0.6583786435236263,-0.3165041769816743,0.9323883342742123,3.122608222187842,1.5333726958711555,-1.5670208223204567,3.1415926519671307,1.1129620361270862,-1.6498421748452867,-0.018984429779288714,0.4204106597440693,0.08282135252483003,0.5148529141825505,-0.5036174676541759,-0.4962850152761512,-0.4847650014632665,-0.5762248949378346,0.6236730790287646,0.3584453828089607,0.3879609110356345
5.032158136,1.57563301163831,1.4958385229110718,0.07979448872723816,0.10050756484270096,-0.21309678255605963,-0.30988529324531555,0.09678851068925592,0.24466381967067719,1.4646334818296738,1.5234603881835938,-0.05882690635391996,-0.15533052384853363,-0.35199817699723146,0.08672496676445007,-0.43872314376168153,-0.9211444854736328,-0.026588770241803165,-1.4660833658197703e-09,-0.0265887687757198,5.384208634495735e-09,0.12375985372782974,7.592095414705531,-0.8148332949424106,0.6872780809728026,6.9762706113867345,-0.5326819439903074,-0.5635182272449729,0.6158248033187963,-0.2821513509521032,0.8811369732703582,3.1150038833479945,1.5473158741803341,-1.5659596419514805,3.14159265212371,1.1465543347539868,-1.6457541306787222,-0.026588768775715366,0.4007615394263473,0.07979448872724171,0.5135651145919892,-0.49798179815410154,-0.5019535340761951,-0.4861148541340233,-0.5713835092785637,0.6159025326271782,0.36888625772083283,0.3976278215777421
5.052322626,1.576721206110709,1.4958385229110718,0.0808826831996372,0.10050756484270096,-0.20909474050844118,-0.30988529324531555,0.10079055273687437,0.24466381967067719,1.462069254156461,1.5234603881835938,-0.0613911340271327,-0.15533052384853363,-0.3677341163722645,0.08672496676445007,-0.45445908313671457,-0.9211444854736328,-0.034386690118348516,-1.4660833658197703e-09,-0.03438668865226515,5.384208634495735e-09,0.11535313357122812,7.610287244858802,-0.824219754682779,0.6872780809728026,6.9762706113867345,-0.5326819439903074,-0.5719249474015745,0.6340166334720676,-0.29153781069247153,0.9022580185528457,3.1072059634714475,1.561613999180991,-1.5648714474791006,3.14159265212371,1.1465543347539868,-1.6457541306787222,-0.034386688652262354,0.41505966442700415,0.08088268319962166,0.5122329491084094,-0.4921440754951807,-0.5077076003025006,-0.4874880587232594,-0.5713835092785637,0.6159025326271782,0.36888625772083283,0.3976278215777421
5.061916828,1.5772690201338502,1.4997835159301758,0.0774855042036744,0.0987360030412674,-0.20708005029406007,-0.30060645937919617,0.0935264090851361,0.232866108417511,1.4607783820618658,1.5175745487213135,-0.056796166659447644,-0.14788997173309326,-0.37565583300985944,0.05155891925096512,-0.42721475226082456,-0.8786721229553223,-0.03831228427275099,-1.167478003161193e-09,-0.03831228310527299,2.3283064365386963e-10,0.11110679882093037,7.619331314182436,-0.8288563031229759,0.663460254272641,7.032531555111181,-0.5720580021735937,-0.5523534554517107,0.5867997590712557,-0.25679830094938216,0.8457976497756529,3.1032803693170963,1.5688118976987384,-1.564323633455829,3.1415926524223154,1.1783273878636316,-1.6418091376596173,-0.03831228310521917,0.39048450983510685,0.0774855042037883,0.5115578532631346,-0.48918304196845264,-0.5105815597914347,-0.48817515813102347,-0.5666524844585329,0.6083916180199861,0.3787194099905323,0.40661555488743734
5.072243929,1.57781547613326,1.4997835159301758,0.07803196020308412,0.0987360030412674,-0.2050703544701245,-0.30060645937919617,0.09553610490907166,0.232866108417511,1.4594907100221526,1.5175745487213135,-0.058083838699160895,-0.14788997173309326,-0.38355791181648424,0.05155891925096512,-0.43511683106744936,-0.8786721229553223,-0.042228146931066426,-1.167478003161193e-09,-0.04222814576358842,2.3283064365386963e-10,0.10686164243860963,7.6282762976709755,-0.8334225774697013,0.663460254272641,7.032531555111181,-0.5720580021735937,-0.5565986118340314,0.5957447425597948,-0.26136457529610757,0.8561689402232024,-0.042228146931104424,1.5656007008686654,1.5778154761332404,3.1415926524223154,1.1783273878636316,-1.6418091376596173,-3.1838207993534198,0.38727331300503387,3.219624613792858,-0.5108814400496514,0.48621463245584107,0.5134331167651782,0.48885777073441394,-0.5666524844585329,0.6083916180199861,0.3787194099905323,0.40661555488743734
5.092966795,1.578905229753458,1.4997835159301758,0.07912171382328226,0.0987360030412674,-0.2010625783600678,-0.30060645937919617,0.09954388101912837,0.232866108417511,1.4569228083641566,1.5175745487213135,-0.060651740357156925,-0.14788997173309326,-0.39931639739613684,0.05155891925096512,-0.45087531664710195,-0.8786721229553223,-0.05003723954366224,-1.167478003161193e-09,-0.050037238376184234,2.3283064365386963e-10,0.09836849415937673,7.645884135068371,-0.8423547583264364,0.663460254272641,7.032531555111181,-0.5720580021735937,-0.5650917601132642,0.6133525799571906,-0.27029675615284265,0.8766928886872518,-0.050037239543659524,1.5512820897410275,1.578905229753463,3.1415926524223154,1.1783273878636316,-1.6418091376596173,-3.191629891965975,0.372954701877396,3.2207143674130805,-0.5095235659345192,0.48025144219296007,0.5190738540038653,0.4902107935557188,-0.5666524844585329,0.6083916180199861,0.3787194099905323,0.40661555488743734
5.112736702,1.579996422163316,1.4997835159301758,0.08021290623314026,0.0987360030412674,-0.19704951082750988,-0.30060645937919617,0.10355694855168629,0.232866108417511,1.454351516333984,1.5175745487213135,-0.06322303238732951,-0.14788997173309326,-0.41509568873012576,0.05155891925096512,-0.4666546079810909,-0.8786721229553223,-0.05785664241492259,-1.167478003161193e-09,-0.057856641247444586,2.3283064365386963e-10,0.08982844933217018,7.663204658630498,-0.8510687244289683,0.663460254272641,7.032531555111181,-0.5720580021735937,-0.5736318049404708,0.6306731035193174,-0.2790107222553746,0.8970222930760505,-0.05785664241491668,1.5369445739094187,1.5799964221633158,3.1415926524223154,1.1783273878636316,-1.6418091376596173,-3.199449294837232,0.3586171860457872,3.221805559822933,-0.5081518805637212,0.474222877750316,0.524660223344734,0.49155465468004284,-0.5666524844585329,0.6083916180199861,0.3787194099905323,0.40661555488743734
5.132294655,1.5810863987760062,1.5036975145339966,0.07738888424200963,0.09608464688062668,-0.1930409146201705,-0.2914796471595764,0.09843873253940591,0.22347277402877808,1.4517830892152055,1.5117828845977783,-0.05999979538257283,-0.1417006105184555,-0.4308573989138598,0.01696671172976494,-0.44782411064362476,-0.8509383201599121,-0.0656673329749724,-1.143758421306984e-09,-0.06566733183121398,-8.803908713161945e-09,0.08126330327899442,7.680192071833596,-0.8595458798576354,0.6393078031408888,7.086903825442709,-0.6094258035154523,-0.5580444998618943,0.5932882463908866,-0.25012007634218314,0.8520355976842192,-0.06566733297497349,1.5226230328142585,1.5810863987760062,3.1415926524460347,1.2095844472887471,-1.6378951390557968,-3.207259985421008,0.31303858552551134,3.218981537831803,-0.5067696426285251,0.4681443066869818,0.5301779524108461,0.49288616962151094,-0.5618416629125186,0.6008644023926107,0.38834225779783005,0.41531458746539385
5.142125130,1.581632604133818,1.507462501525879,0.0741701026079391,0.11054503917694092,-0.1910321405783604,-0.28256696462631226,0.09153482404795185,0.22767123579978943,1.4504960077887854,1.5061299800872803,-0.05563397229849487,-0.14445433020591736,-0.43875585329388683,-0.017120791599154472,-0.42163506169473236,-0.8679590821266174,-0.06958139955441803,-1.6626614529613448e-09,-0.06958139789175657,3.257810021750629e-09,0.07695848105085142,7.688585677633409,-0.8637094051655809,0.6156985443006964,7.139402243257718,-0.6444602631147949,-0.5387400632498449,0.5491834343756903,-0.21924914205078605,0.7999459273182973,-0.06958139955441581,1.515446271049615,1.5816326041338182,3.141592651927132,1.240412172594901,-1.6341301520639147,-3.2111740514815477,0.27503409845471394,3.2157627561977327,-0.5060724160549258,0.46507713851170385,0.532919309596691,0.49354936369230745,-0.5569072569779077,0.5933443540078646,0.3977543981863045,0.42377850749629037
5.162254095,1.5827223813675522,1.507462501525879,0.07525987984167326,0.11054503917694092,-0.18702427762503554,-0.28256696462631226,0.09554268700127672,0.22767123579978943,1.447928050487718,1.5061299800872803,-0.05820192959956216,-0.14445433020591736,-0.45451468033931763,-0.017120791599154472,-0.43739388874016316,-0.8679590821266174,-0.07739066137984035,-1.6626614529613448e-09,-0.0773906597171789,3.257810021750629e-09,0.0683449454257053,7.705092710117066,-0.871849497951789,0.6156985443006964,7.139402243257718,-0.6444602631147949,-0.5473535988749911,0.5656904668593477,-0.22738923483699414,0.8193335893375208,-0.07739066137984144,1.5011273496564468,1.5827223813675524,3.141592651927132,1.240412172594901,-1.6341301520639147,-3.2189833133069734,0.2607151770615457,3.2168525334314673,-0.5046721744025265,0.4589159636503095,0.5383411840896013,0.4948645311635698,-0.5569072569779077,0.5933443540078646,0.3977543981863045,0.42377850749629037
5.172662735,1.5832680129109833,1.507462501525879,0.07580551138510438,0.11054503917694092,-0.18501761389469712,-0.28256696462631226,0.09754935073161514,0.22767123579978943,1.4466423212007837,1.5061299800872803,-0.05948765888649654,-0.14445433020591736,-0.4624048370220727,-0.017120791599154472,-0.4452840454229182,-0.8679590821266174,-0.08130061604852266,-1.6626614529613448e-09,-0.08130061438586121,3.257810021750629e-09,0.06402023702024442,7.7132366408787085,-0.8758422668190311,0.6156985443006964,7.139402243257718,-0.6444602631147949,-0.551678307280452,0.5738343976209901,-0.23138200370423623,0.8289586854934669,-0.08130061604852086,1.49395812741709,1.5832680129109813,3.141592651927132,1.240412172594901,-1.6341301520639147,-3.222893267975653,0.253545954822189,3.217398164974896,-0.5039665016771846,0.4558105261687169,0.5410318210815382,0.4955190188057891,-0.5569072569779077,0.5933443540078646,0.3977543981863045,0.42377850749629037
5.192648411,1.5843585973677226,1.5112169981002808,0.07314159926744179,0.09233786165714264,-0.1810067822253103,-0.273477166891098,0.09247038466578772,0.22685874998569489,1.4440724617548142,1.5003563165664673,-0.0562838548116531,-0.14414802193641663,-0.4781753369923296,-0.051828235387802124,-0.4263471016045275,-0.8674131631851196,-0.08911566237338601,-1.2547712868737904e-09,-0.08911566111861473,-1.3460521586239338e-09,0.05535273937704352,7.729270595382174,-0.8836589763240394,0.5917748323975093,7.191777213268058,-0.6788829046489022,-0.5364220930204657,0.5374933821141159,-0.20477607167513723,0.7864992290063794,-0.0891156623733873,1.479628599670254,1.5843585973677232,3.141592652335022,1.2718034821691473,-1.6303756554895135,-3.2307083147084095,0.20782511750110677,3.2147342528572365,-0.5025467971904459,0.4495626836215406,0.5463613632210064,0.49681925376127184,-0.551696161561643,0.5855854230165101,0.40725827491369576,0.43227509202248193
5.212047577,1.5852417688432379,1.5112169981002808,0.0740247707429571,0.09233786165714264,-0.17775875122541335,-0.273477166891098,0.09571841566568468,0.22685874998569489,1.4419913514430558,1.5003563165664673,-0.058364965123411494,-0.14414802193641663,-0.490946521876062,-0.051828235387802124,-0.4391182864882599,-0.8674131631851196,-0.09544440284946476,-1.2547712868737904e-09,-0.09544440159469347,-1.3460521586239338e-09,0.04831136934025464,7.742015088049154,-0.889830610925975,0.5917748323975093,7.191777213268058,-0.6788829046489022,-0.5434634630572547,0.5502378747810956,-0.21094770627707282,0.8016315795334905,-0.09544440284946608,1.4680243354746596,1.5852417688432368,3.141592652335022,1.2718034821691473,-1.6303756554895135,-3.237037055184488,0.1962208533055123,3.21561742433275,-0.5013880380660848,0.44446362477394746,0.5506296830910447,0.49786451333279585,-0.551696161561643,0.5855854230165101,0.40725827491369576,0.43227509202248193
5.222244978,1.5855798378052588,1.5112169981002808,0.07436283970497803,0.09233786165714264,-0.17651543834768876,-0.273477166891098,0.09696172854340926,0.22685874998569489,1.4411947238090657,1.5003563165664673,-0.059161592757401626,-0.14414802193641663,-0.4958352001646159,-0.051828235387802124,-0.4440069647768138,-0.8674131631851196,-0.0978669796456638,-1.2547712868737904e-09,-0.09786697839089252,-1.3460521586239338e-09,0.04561085799536785,7.746836286532271,-0.8921558759478649,0.5917748323975093,7.191777213268058,-0.6788829046489022,-0.5461639744021414,0.5550590732642124,-0.21327297129896272,0.8073852996149716,-0.09786697964566372,1.4635823424298406,1.5855798378052595,3.141592652335022,1.2718034821691473,-1.6303756554895135,-3.239459631980686,0.19177886026069335,3.215955493294773,-0.500942322651455,0.4425025030853657,0.5522521961092537,0.49826281823176205,-0.551696161561643,0.5855854230165101,0.40725827491369576,0.43227509202248193
5.242345810,1.5862547047001168,1.5112169981002808,0.075037706599836,0.09233786165714264,-0.17403348704369728,-0.273477166891098,0.09944367984740074,0.22685874998569489,1.4396044636015177,1.5003563165664673,-0.06075185296494956,-0.14414802193641663,-0.5055941769036624,-0.051828235387802124,-0.45376594151586025,-0.8674131631851196,-0.10270302513837175,-1.2547712868737904e-09,-0.10270302388360046,-1.3460521586239338e-09,0.04021165044476858,7.756365195738697,-0.8967366027156682,0.5917748323975093,7.191777213268058,-0.6788829046489022,-0.5515631819527407,0.5645879824706386,-0.21785369806676602,0.8188050851072335,-0.1027030251383707,1.454715056787239,1.5862547047001196,3.141592652335022,1.2718034821691473,-1.6303756554895135,-3.2442956774733926,0.1829115746180916,3.216630360189633,-0.5000489896333232,0.4385724362118523,0.5554722162241158,0.49905495004554623,-0.551696161561643,0.5855854230165101,0.40725827491369576,0.43227509202248193
5.254362583,1.586593404192898,1.5112169981002808,0.0753764060926172,0.09233786165714264,-0.17278785526923313,-0.273477166891098,0.1006893116218649,0.22685874998569489,1.4388063501812414,1.5003563165664673,-0.06154996638522592,-0.14414802193641663,-0.510491973042073,-0.051828235387802124,-0.45866373765427093,-0.8674131631851196,-0.1051301202706507,-1.2547712868737904e-09,-0.10513011901587942,-1.3460521586239338e-09,0.03749779712168346,7.761099441742322,-0.8990050716034697,0.5917748323975093,7.191777213268058,-0.6788829046489022,-0.5542770352758258,0.5693222284742632,-0.22012216695456743,0.8245026379908281,-0.1051301202706511,1.450264779003015,1.5865934041928969,3.141592652335022,1.2718034821691473,-1.6303756554895135,-3.2467227726056733,0.1784612968338677,3.2169690596824103,-0.49959884659059195,0.4365924437958494,0.5570787360394082,0.49945101096949807,-0.551696161561643,0.5855854230165101,0.40725827491369576,0.43227509202248193
5.267325401,1.5869314294323529,1.518373727798462,0.06855770163389097,0.08839788287878036,-0.17154470318955695,-0.2559511959552765,0.08440649276571954,0.22148077189922333,1.4380098255753557,1.4892246723175049,-0.051214846742149156,-0.14079251885414124,-0.515380019076315,-0.11934728920459747,-0.39603272987171756,-0.8526973128318787,-0.10755238375422517,-7.70410846229197e-10,-0.10755238298381432,6.864866008982062e-09,0.03478664507187991,7.765792093217036,-0.9012488275047346,0.5450468383699356,7.2903284398130666,-0.7411163346127527,-0.5102601932980557,0.47546365340396957,-0.16013249289198184,0.7155931566558053,-0.1075523837542273,1.4458233604425657,1.5869314294323542,3.141592652819382,1.3329282092990835,-1.6232189257913319,-3.249145036573609,0.11289515114348214,3.210150355223686,-0.49914839727502275,0.4346113683504521,0.5586756825595731,0.4998452937809048,-0.5410374224041322,0.5701702923286186,0.4255340316856341,0.44844746981286454
5.282584906,1.5876071203658035,1.518373727798462,0.06923339256734162,0.08839788287878036,-0.1690597213269842,-0.2559511959552765,0.08689147462829228,0.22148077189922333,1.436417623598559,1.4892246723175049,-0.052807048718945815,-0.14079251885414124,-0.5251509119035832,-0.11934728920459747,-0.40580362269898573,-0.8526973128318787,-0.1123943342456104,-7.70410846229197e-10,-0.11239433347519956,6.864866008982062e-09,0.029359270450366324,7.775075691771271,-0.9056738317771225,0.5450468383699356,7.2903284398130666,-0.7411163346127527,-0.5156875679195693,0.4847472519582041,-0.16455749716436974,0.7266310864949507,-0.1123943342456119,1.4369452475010727,1.5876071203658024,3.141592652819382,1.3329282092990835,-1.6232189257913319,-3.2539869870649936,0.10401703820198915,3.210826046157134,-0.49824436991412907,0.43063637044529834,0.561848715022781,0.5006304882104388,-0.5410374224041322,0.5701702923286186,0.4255340316856341,0.44844746981286454
5.302077532,1.5882826894572348,1.5219738483428955,0.06630884111433932,0.0901714637875557,-0.16657518756160045,-0.24740412831306458,0.08082894075146413,0.2181462049484253,1.434825708730993,1.4837851524353027,-0.04895944370430971,-0.1389733850955963,-0.5349200428227767,-0.15203218162059784,-0.3828878612021789,-0.8317700028419495,-0.117235411626235,-7.757768871741177e-10,-0.11723541085045812,-9.883478924166411e-09,0.023922498091261794,7.7842280879951495,-0.9100185102081464,0.5208559898458883,7.3365011581259925,-0.7698369321727736,-0.49693349175462653,0.4477269298691571,-0.1401815780353728,0.6834128867514819,-0.11723541162623513,1.4280687354796966,1.5882826894572362,3.1415926528140163,1.3625055539550734,-1.6196188052468978,-3.2588280644402516,0.06556318152462315,3.207901494704134,-0.4973356849095701,0.4266423118885818,0.5649955176929301,0.5014116265193629,-0.5356988301715214,0.5625128646793554,0.4343100519925486,0.4560491411693683
5.313793421,1.5886207693667918,1.5219738483428955,0.06664692102389624,0.0901714637875557,-0.1653318344222316,-0.24740412831306458,0.08207229389083298,0.2181462049484253,1.4340290553001669,1.4837851524353027,-0.049756097135135846,-0.1389733850955963,-0.5398088794192109,-0.15203218162059784,-0.387776697798613,-0.8317700028419495,-0.11965806687165381,-7.757768871741177e-10,-0.11965806609587692,-9.883478924166411e-09,0.02119792431831912,7.788759425520465,-0.9121631197100306,0.5208559898458883,7.3365011581259925,-0.7698369321727736,-0.4996580655275692,0.4522582673944724,-0.142326187537257,0.6888051005417231,-0.11965806687165383,1.423626598591803,1.5886207693667906,3.1415926528140163,1.3625055539550734,-1.6196188052468978,-3.26125071968567,0.06112104463672963,3.2082395746136885,-0.4968791308605763,0.4246361693749987,0.5665606181972865,0.5018010750104808,-0.5356988301715214,0.5625128646793554,0.4343100519925486,0.4560491411693683
5.332107067,1.5892962458096327,1.5219738483428955,0.06732239746673718,0.0901714637875557,-0.16284764138965205,-0.24740412831306458,0.08455648692341253,0.2181462049484253,1.4324373587502683,1.4837851524353027,-0.05134779368503439,-0.1389733850955963,-0.5495766705846769,-0.15203218162059784,-0.397544488964079,-0.8317700028419495,-0.12449848033943714,-7.757768871741177e-10,-0.12449847956366025,-9.883478924166411e-09,0.015746841599898642,7.797714856110721,-0.9163892651531467,0.5208559898458883,7.3365011581259925,-0.7698369321727736,-0.5051091482459897,0.46121369798472855,-0.14655233298037307,0.6995219175640802,-0.12449848033943818,1.4147513039090192,1.5892962458096327,3.1415926528140163,1.3625055539550734,-1.6196188052468978,-3.2660911331534543,0.05224574995394571,3.2089150510565307,-0.49596331210269906,0.42061333709582877,0.5696682350964963,0.5025762784167936,-0.5356988301715214,0.5625128646793554,0.4343100519925486,0.4560491411693683
5.352118015,1.5899722186759198,1.5253134965896606,0.06465872208625911,0.09922695904970169,-0.1603616226654752,-0.2399594783782959,0.07959785571282069,0.18914097547531128,1.430844492425325,1.4790735244750977,-0.04822903204977269,-0.11971355229616165,-0.5593516403284664,-0.18119288980960846,-0.37815875051885794,-0.7387886047363281,-0.12934245114035833,-6.0829258297090405e-12,-0.1293424511342754,1.3242242857813835e-09,0.010282050536543838,7.806545368421078,-0.9205407499197578,0.4980072144408346,7.376714348040372,-0.7934442530428893,-0.48772516390429077,0.4298310203807061,-0.12709649687686841,0.6624077755471761,-0.12934245114035905,1.4058694865644636,1.5899722186759204,3.141592653583711,1.388933240169521,-1.6162791570001325,-3.27093510472407,0.016936246394942733,3.206251375676053,-0.4950419600959606,0.416568218365043,0.5727521047693719,0.5033481932765607,-0.5308417387756036,0.5555521327581894,0.44212382120614335,0.4627044444173832
5.372496128,1.5906479622859395,1.5253134965896606,0.06533446569627888,0.09922695904970169,-0.15787644707480555,-0.2399594783782959,0.08208303130349034,0.18914097547531128,1.4292521663211601,1.4790735244750977,-0.04982135815393751,-0.11971355229616165,-0.5691232948902573,-0.18119288980960846,-0.3879304050806488,-0.7387886047363281,-0.13418477910808185,-6.0829258297090405e-12,-0.13418477910199894,1.3242242857813835e-09,0.004809687971404478,7.815240668128324,-0.9246138102528174,0.4980072144408346,7.376714348040372,-0.7934442530428893,-0.49319752646943016,0.4385263200879521,-0.13116955720992807,0.6728704082244172,-0.1341847791080817,1.3969906814891782,1.5906479622859413,3.141592653583711,1.388933240169521,-1.6162791570001325,-3.2757774326917923,0.008057441319657244,3.2069271192860738,-0.49411604713668,0.4125053307521959,0.5758087615632592,0.5041160126102221,-0.5308417387756036,0.5555521327581894,0.44212382120614335,0.4627044444173832
5.392908573,1.5913235566851003,1.5285497903823853,0.06277376630271503,0.08042717725038528,-0.1553918202354355,-0.2327718883752823,0.0773800681398468,0.1811792403459549,1.4276601918183156,1.4745330810546875,-0.046872889236371895,-0.11450961232185364,-0.5788927917742728,-0.20966511964797974,-0.36922767212629304,-0.7166914343833923,-0.13902603784199533,1.1702624980181042e-10,-0.13902603795902158,-1.4842953532934189e-09,-0.0006706087547735419,7.823801168071407,-0.928609738402439,0.4755904554888311,7.415066181663926,-0.8151452625528026,-0.47626106424360465,0.40873498640748096,-0.11346447584963637,0.6377798034649633,-0.13902603784199583,1.3881138369416857,1.5913235566850992,-3.1415926534727663,1.4147583234252905,-1.613042863207409,3.0025666156307707,-0.026644486483604846,3.204366419892508,-0.49318545398749575,0.40842439637856315,0.5788384512879269,0.5048798547462042,-0.5259772356725627,0.5486809046910346,0.4497009696359883,0.46911219371289997
5.402390242,1.5916615879389424,1.5285497903823853,0.06311179755655716,0.08042717725038528,-0.15414864603670783,-0.2327718883752823,0.07862324233857446,0.1811792403459549,1.426863653040094,1.4745330810546875,-0.04766942801459351,-0.11450961232185364,-0.5837809247801279,-0.20966511964797974,-0.37411580513214815,-0.7166914343833923,-0.14144834442421522,1.1702624980181042e-10,-0.14144834454124147,-1.4842953532934189e-09,-0.0034159996282255196,7.828034287757726,-0.9305807110026795,0.4755904554888311,7.415066181663926,-0.8151452625528026,-0.47900645511705664,0.41296810609379975,-0.11543544844987685,0.6428959351662855,-0.1414483444242152,1.3836723393563375,1.5916615879389422,-3.1415926534727663,1.4147583234252905,-1.613042863207409,3.000144309048551,-0.03108598406895302,3.204704451146351,-0.4927179975899408,0.4063754644840943,0.5803444353065617,0.505260619012608,-0.5259772356725627,0.5486809046910346,0.4497009696359883,0.46911219371289997
5.412486792,1.5917921116299147,1.5285497903823853,0.06324232124752949,0.08042717725038528,-0.15366862034945153,-0.2327718883752823,0.07910326802583076,0.1811792403459549,1.4265560862688134,1.4745330810546875,-0.04797699478587414,-0.11450961232185364,-0.5856683749926059,-0.20966511964797974,-0.3760032553446262,-0.7166914343833923,-0.14238366739268218,1.1702624980181042e-10,-0.14238366750970843,-1.4842953532934189e-09,-0.00447666108524555,7.829659849563002,-0.9313367245167743,0.4755904554888311,7.415066181663926,-0.8151452625528026,-0.48006711657407664,0.4145936678990756,-0.11619146196397168,0.6448664991384513,-0.14238366739268238,1.3819573480598353,1.591792111629914,-3.1415926534727663,1.4147583234252905,-1.613042863207409,2.9992089860800837,-0.03280097536545523,3.204834974837323,-0.492537170625834,0.40558306094976954,0.5809241654279604,0.5054073903736878,-0.5259772356725627,0.5486809046910346,0.4497009696359883,0.46911219371289997
5.431887627,1.5920528836309957,1.5316840410232544,0.060368842607741335,0.09473428875207901,-0.1527095817404179,-0.2255898416042328,0.07288025986381488,0.18407009541988373,1.425941601635293,1.4699912071228027,-0.04404960548750969,-0.116469606757164,-0.5894392932464634,-0.238111674785614,-0.35132761846084937,-0.7258238792419434,-0.14425233997102457,3.3279975997224653e-11,-0.14425234000430454,-1.2369127944111824e-09,-0.0065967130302205385,7.832892550949325,-0.9328387841200289,0.45366084564281284,7.452478069274983,-0.8359788757461799,-0.46025755867303336,0.38041448167434133,-0.09685990837384895,0.6049248218030145,-0.144252339971025,1.378530983781491,1.5920528836309946,-3.1415926535565117,1.4405647057237598,-1.609908612566538,2.997340313585487,-0.06203372194226886,3.2019614961975327,-0.49217534965340176,0.4039978454291012,0.5820794371194444,0.5057002026546029,-0.5209806896562109,0.5417665769401591,0.4571957609070535,0.4754367816276967
5.442248106,1.5921834319995647,1.5316840410232544,0.0604993909763103,0.09473428875207901,-0.15222946529660858,-0.2255898416042328,0.07336037630762421,0.18407009541988373,1.4256339767135826,1.4699912071228027,-0.04435723040922013,-0.116469606757164,-0.591327100311668,-0.238111674785614,-0.353215425526054,-0.7258238792419434,-0.145187839777296,3.3279975997224653e-11,-0.14518783981057598,-1.2369127944111824e-09,-0.007658539027143776,7.834503398147977,-0.9335865684489236,0.45366084564281284,7.452478069274983,-0.8359788757461799,-0.4613193846699566,0.38202532887299334,-0.09760769270274372,0.6068658733588002,-0.1451878397772965,1.3768156682383856,1.5921834319995651,-3.1415926535565117,1.4405647057237598,-1.609908612566538,2.996404813779215,-0.0637490374853742,3.202092044566103,-0.4919939390575576,0.4032032118746965,0.5826563056865908,0.5058465808011468,-0.5209806896562109,0.5417665769401591,0.4571957609070535,0.4754367816276967
5.462188482,1.5924441655769803,1.5347346067428589,0.05770955883412143,0.07603731751441956,-0.15127056799790956,-0.21889866888523102,0.06762810088732146,0.16320568323135376,1.4250195826218073,1.4657633304595947,-0.04074374783778745,-0.10318675637245178,-0.595097462936466,-0.26470091938972473,-0.3303965435467413,-0.6463892459869385,-0.1470562370145365,-5.2867363264930134e-11,-0.14705623696166914,-1.418811734765768e-09,-0.009780185627394317,7.837705575840479,-0.9350717353016402,0.4320165578144747,7.486654542044144,-0.8545699829357054,-0.441796743441869,0.3510510337963346,-0.08050175236593482,0.570001511383349,-0.1470562370145359,1.3733898088205114,1.5924441655769808,3.141592653536927,1.4646906542720768,-1.606858046846934,-3.288648890551463,-0.09130084545156536,3.1993022124239148,-0.49163107321969274,0.4016140876541935,0.5838054644659286,0.5061385107875751,-0.5162447175505283,0.5352053208087445,0.4641814724640822,0.48122990015195527
5.472639561,1.5925747041505145,1.5347346067428589,0.05784009740765561,0.07603731751441956,-0.15079048757720317,-0.21889866888523102,0.06810818130802784,0.16320568323135376,1.424711980781173,1.4657633304595947,-0.04105134967842172,-0.10318675637245178,-0.5969851283596396,-0.26470091938972473,-0.33228420896991484,-0.6463892459869385,-0.14799166663032334,-5.2867363264930134e-11,-0.147991666577456,-1.418811734765768e-09,-0.010842877515887299,7.839301236764485,-0.9358111420390943,0.4320165578144747,7.486654542044144,-0.8545699829357054,-0.442859435330362,0.3526466947203408,-0.08124115910338892,0.5719128401170676,-0.14799166663032332,1.3716746219774085,1.5925747041505136,3.141592653536927,1.4646906542720768,-1.606858046846934,-3.28958432016725,-0.09301603229466826,3.1994327509974476,-0.49144912603853025,0.4008174461341988,0.5843793103128739,0.5062844586481725,-0.5162447175505283,0.5352053208087445,0.4641814724640822,0.48122990015195527
5.492343426,1.59283547195186,1.5347346067428589,0.05810086520900115,0.07603731751441956,-0.14983146441349465,-0.21889866888523102,0.06906720447173637,0.16320568323135376,1.4240975060439331,1.4657633304595947,-0.04166582441566158,-0.10318675637245178,-0.6007559858828259,-0.26470091938972473,-0.33605506649310113,-0.6463892459869385,-0.14986030911367768,-5.2867363264930134e-11,-0.14986030906081033,-1.418811734765768e-09,-0.012966673217181899,7.842473693217019,-0.9372799295322028,0.4320165578144747,7.486654542044144,-0.8545699829357054,-0.4449832310316566,0.35581915117287455,-0.08270994659649744,0.5757241349003471,-0.14986030911367845,1.3682483128806924,1.592835471951861,3.141592653536927,1.4646906542720768,-1.606858046846934,-3.2914529626506055,-0.09644234139138441,3.199693518798795,-0.49108511261838717,0.39922399523030877,0.5855226592433744,0.5065755909136402,-0.5162447175505283,0.5352053208087445,0.4641814724640822,0.48122990015195527
5.502723455,1.5929661442517495,1.537660837173462,0.055305307078287624,0.07271486520767212,-0.14935089218869427,-0.2129908800125122,0.06363998782381794,0.14884455502033234,1.4237895890897512,1.4620442390441895,-0.03825464995443828,-0.09374545514583588,-0.6026455850686424,-0.2885094881057739,-0.3141360969628685,-0.5989869236946106,-0.15079669700248471,-1.6724541196388998e-10,-0.1507966968352393,-6.097252480685711e-09,-0.014031382124710952,7.844055858674485,-0.9380118113162373,0.4109690582063997,7.5165897145482665,-0.8701149766816547,-0.4250004403311106,0.32746614412621877,-0.06789683463458263,0.5408044285912674,-0.1507966970024857,1.3665313689654948,1.5929661442517502,3.141592653422549,1.486310525530814,-1.6039318164163336,-3.2923893504250348,-0.11977915656531923,3.1968979606680836,-0.49090242732258543,0.39842447974757333,0.5860941010287046,0.5067212700548734,-0.5119717437334913,0.5292235806005696,0.4704468306974982,0.48629940863780663
5.523153305,1.5932268133332295,1.537660837173462,0.05556597615976755,0.07271486520767212,-0.14839223208605934,-0.2129908800125122,0.06459864792645287,0.14884455502033234,1.423175346976567,1.4620442390441895,-0.03886889206762256,-0.09374545514583588,-0.6064150150438482,-0.2885094881057739,-0.3179055269380743,-0.5989869236946106,-0.15266463206669442,-1.6724541196388998e-10,-0.152664631899449,-6.097252480685711e-09,-0.01615620746030178,7.847196885613086,-0.9394635696971707,0.4109690582063997,7.5165897145482665,-0.8701149766816547,-0.42712526566670145,0.33060717106481974,-0.06934859301551599,0.5445606683222403,-0.15266463206669492,1.3631063569797388,1.593226813333229,3.141592653422549,1.486310525530814,-1.6039318164163336,-3.2942572854892442,-0.12320416855107519,3.1971586297495627,-0.4905374502442176,0.39682753914398977,0.5872310398381135,0.5070114593729367,-0.5119717437334913,0.5292235806005696,0.4704468306974982,0.48629940863780663
5.542296886,1.5934876547342847,1.537660837173462,0.05582681756082275,0.07271486520767212,-0.14743293824542672,-0.2129908800125122,0.06555794176708549,0.14884455502033234,1.4225606988085506,1.4620442390441895,-0.039483540235638825,-0.09374545514583588,-0.6101869368626157,-0.2885094881057739,-0.3216774487568418,-0.5989869236946106,-0.15453380196004124,-1.6724541196388998e-10,-0.15453380179279583,-6.097252480685711e-09,-0.01828363940622783,7.850319786611544,-0.9409053610853539,0.4109690582063997,7.5165897145482665,-0.8701149766816547,-0.4292526976126275,0.3337300720632772,-0.07079038440369922,0.5483109682753953,-0.1545338019600416,1.3596790808335875,1.5934876547342838,3.141592653422549,1.486310525530814,-1.6039318164163336,-3.296126455382591,-0.12663144469722654,3.197419471150617,-0.4901714966784069,0.3952268279613965,0.5883647358158168,0.5073012871578458,-0.5119717437334913,0.5292235806005696,0.4704468306974982,0.48629940863780663
5.562391520,1.5937485452670264,1.5404601097106934,0.053288435556333,0.06933188438415527,-0.1464734637136772,-0.20742042362689972,0.06094695991322252,0.13925988972187042,1.421945934866348,1.4585494995117188,-0.036603564645370845,-0.08736847341060638,-0.6139595691547937,-0.31127893924713135,-0.3026806299076623,-0.5692362189292908,-0.1564033239273632,-3.3590211168110784e-10,-0.15640332359146109,-6.912159733474255e-09,-0.020412658339945766,7.853423021285348,-0.9423365351068889,0.39065498978600327,7.544565554929907,-0.8839771225080995,-0.41106764812594904,0.3088574663554411,-0.058359412598789406,0.5174701603939856,-0.156403323927364,1.3562511591309558,1.5937485452670255,3.1415926532538903,1.5070042598190252,-1.6011325438791004,-3.2979959771812544,-0.15075310068806935,3.1948810891461257,-0.48980473780281414,0.393623109726682,0.5894946408421126,0.5075906172630081,-0.5078099163309877,0.5234534302726417,0.4764066612612817,0.4910827713508164
5.582045794,1.594009298304085,1.5431485176086426,0.05086078069544242,0.08303426206111908,-0.14551449484844076,-0.20204894244670868,0.05653444759826792,0.13490891456604004,1.4213314949197582,1.4551821947097778,-0.033850699790019645,-0.08451399952173233,-0.6177302131776081,-0.3333528935909271,-0.284377319586681,-0.5537347197532654,-0.15827186061094586,-9.914244425424101e-11,-0.15827186051180342,-7.959897629916668e-09,-0.022541724214569427,7.856504340442682,-0.94375611807258,0.37099200087956985,7.571083866764628,-0.8967487975224506,-0.39353372509413925,0.28542047367805434,-0.04700732055012935,0.48840897592732374,-0.15827186061094606,1.352825044026789,1.594009298304086,3.141592653490652,1.5270740377845724,-1.59844413598115,-3.299864514101598,-0.17424899375778335,3.192453434285236,-0.4894374356427928,0.3920175440582241,0.5906199410900125,0.5078792444359149,-0.5037002548151708,0.5178225887008808,0.48214511286205225,0.4956631013838828
5.592373610,1.5941397459050914,1.5431485176086426,0.050991228296448865,0.08303426206111908,-0.14503474899650015,-0.20204894244670868,0.05701419345020853,0.13490891456604004,1.4210241074473084,1.4551821947097778,-0.03415808726246938,-0.08451399952173233,-0.6196165630839149,-0.3333528935909271,-0.28626366949298776,-0.5537347197532654,-0.1592066383244294,-9.914244425424101e-11,-0.15920663822528697,-7.959897629916668e-09,-0.023607270962638618,7.858038219138751,-0.944462244830394,0.37099200087956985,7.571083866764628,-0.8967487975224506,-0.39459927184220844,0.28695435237412337,-0.04771344730794336,0.4902325557721168,-0.15920663832443058,1.3511110524999712,1.5941397459050894,3.141592653490652,1.5270740377845724,-1.59844413598115,-3.3007992918150824,-0.1759629852846012,3.1925838818862395,-0.4892534078709007,0.39121331678791815,0.5911813914313686,0.5080234306405333,-0.5037002548151708,0.5178225887008808,0.48214511286205225,0.4956631013838828
5.602590799,1.5942702425518602,1.5431485176086426,0.05112172494321765,0.08303426206111908,-0.14455482276944398,-0.20204894244670868,0.0574941196772647,0.13490891456604004,1.4207166044031436,1.4551821947097778,-0.03446559030663421,-0.08451399952173233,-0.6215036222211218,-0.3333528935909271,-0.28815072863019464,-0.5537347197532654,-0.1601417674961641,-9.914244425424101e-11,-0.16014176739702166,-7.959897629916668e-09,-0.02467350479197232,7.859567582696008,-0.9451659409067765,0.37099200087956985,7.571083866764628,-0.8967487975224506,-0.3956655056715422,0.2884837159313802,-0.0484171433843259,0.4920551458011519,-0.16014176749616452,1.3493964165456571,1.5942702425518591,3.141592653490652,1.5270740377845724,-1.59844413598115,-3.3017344209868167,-0.17767762123891528,3.192714378533009,-0.48906912624471865,0.39040811719961277,0.5917420463139597,0.50816753379476,-0.5037002548151708,0.5178225887008808,0.48214511286205225,0.4956631013838828
5.622407675,1.5942969080691933,1.545853614807129,0.048443293262064424,0.06713756918907166,-0.1444567552601014,-0.19656233489513397,0.05210557963503257,0.13716386258602142,1.4206537696257207,1.4517379999160767,-0.031084230290356007,-0.08610604703426361,-0.6218892214635369,-0.35580405592918396,-0.2660851655343529,-0.5612784028053284,-0.16033285059105581,-5.675686032269311e-10,-0.1603328500234872,-5.2023096941411495e-09,-0.02489141271118118,7.85987946378696,-0.9453094019510128,0.35105840478142597,7.5974472129211055,-0.9093843268717803,-0.37594981749260714,0.26243225086585475,-0.03592507507923248,0.459890815940797,-0.16033285059105543,1.3490460500351615,1.5942969080691942,3.141592653022226,1.547482787364956,-1.5957390387826613,-3.301925503613281,-0.1984367373297944,3.1900359468518555,-0.48903144763937634,0.3902435014246398,0.5918564858518289,0.5081969627720112,-0.4994471724956475,0.5120627263135639,0.4879369419178981,0.5002617584007725
5.632486820,1.594304568787004,1.545853614807129,0.0484509539798752,0.06713756918907166,-0.14442858151398222,-0.19656233489513397,0.052133753381151754,0.13716386258602142,1.4206357178664943,1.4517379999160767,-0.03110228204958232,-0.08610604703426361,-0.622,-0.35580405592918396,-0.26619594407081604,-0.5612784028053284,-0.1603877467196435,-5.675686032269311e-10,-0.1603877461520749,-5.2023096941411495e-09,-0.0249540175183959,7.859969024522555,-0.9453505960034114,0.35105840478142597,7.5974472129211055,-0.9093843268717803,-0.37601242229982185,0.2625218116014496,-0.035966269131631146,0.4599963215130481,-0.16038774671964404,1.348945393485592,1.594304568787005,3.141592653022226,1.547482787364956,-1.5957390387826613,-3.3019803997418697,-0.19853739387936398,3.1900436075696663,-0.48902062155241044,0.39019620391271115,0.5918893553252178,0.5082054163439252,-0.4994471724956475,0.5120627263135639,0.4879369419178981,0.5002617584007725
5.652572155,1.594304568787004,1.545853614807129,0.0484509539798752,0.06713756918907166,-0.14442858151398222,-0.19656233489513397,0.052133753381151754,0.13716386258602142,1.4206357178664943,1.4517379999160767,-0.03110228204958232,-0.08610604703426361,-0.622,-0.35580405592918396,-0.26619594407081604,-0.5612784028053284,-0.1603877467196435,-5.675686032269311e-10,-0.1603877461520749,-5.2023096941411495e-09,-0.0249540175183959,7.859969024522555,-0.9453505960034114,0.35105840478142597,7.5974472129211055,-0.9093843268717803,-0.37601242229982185,0.2625218116014496,-0.035966269131631146,0.4599963215130481,-0.16038774671964404,1.348945393485592,1.594304568787005,3.141592653022226,1.547482787364956,-1.5957390387826613,-3.3019803997418697,-0.19853739387936398,3.1900436075696663,-0.48902062155241044,0.39019620391271115,0.5918893553252178,0.5082054163439252,-0.4994471724956475,0.5120627263135639,0.4879369419178981,0.5002617584007725
5.662303686,1.594304568787004,1.545853614807129,0.0484509539798752,0.06713756918907166,-0.14442858151398222,-0.19656233489513397,0.052133753381151754,0.13716386258602142,1.4206357178664943,1.4517379999160767,-0.03110228204958232,-0.08610604703426361,-0.622,-0.35580405592918396,-0.26619594407081604,-0.5612784028053284,-0.1603877467196435,-5.675686032269311e-10,-0.1603877461520749,-5.2023096941411495e-09,-0.0249540175183959,7.859969024522555,-0.9453505960034114,0.35105840478142597,7.5974472129211055,-0.9093843268717803,-0.37601242229982185,0.2625218116014496,-0.035966269131631146,0.4599963215130481,-0.16038774671964404,1.348945393485592,1.594304568787005,3.141592653022226,1.547482787364956,-1.5957390387826613,-3.3019803997418697,-0.19853739387936398,3.1900436075696663,-0.48902062155241044,0.39019620391271115,0.5918893553252178,0.5082054163439252,-0.4994471724956475,0.5120627263135639,0.4879369419178981,0.5002617584007725
5.681970835,1.594304568787004,1.548392415046692,0.04591215374031221,0.06184907257556915,-0.14442858151398222,-0.1917392462491989,0.047310664735216695,0.11198735982179642,1.4206357178664943,1.4487212896347046,-0.02808557176821025,-0.06988867372274399,-0.622,-0.3758524954319,-0.24614750456809997,-0.4694150984287262,-0.1603877467196435,-6.500779359264186e-10,-0.16038774606956557,2.1827872842550278e-09,-0.0249540175183959,7.859969024522555,-0.9453505960034114,0.33218484432281337,7.620473719843217,-0.9197990454716043,-0.35713886184120924,0.23949530467933844,-0.025551550531807132,0.4307656547767742,-0.16038774671964404,1.348945393485592,1.594304568787005,3.1415926529397002,1.5657248485031579,-1.5932002385431563,-3.301980399659344,-0.2167794550175659,3.1875048073301615,-0.48902062155241044,0.39019620391271115,0.5918893553252178,0.5082054163439252,-0.49561976571396743,0.5068498555881391,0.4931125929951566,0.5042858736406443
5.702154398,1.594304568787004,1.5507445335388184,0.04356003524818575,0.07532256096601486,-0.14442858151398222,-0.18783165514469147,0.04340307363070925,0.09773919731378555,1.4206357178664943,1.4462999105453491,-0.02566419267885478,-0.06048183515667915,-0.622,-0.39265796542167664,-0.22934203457832336,-0.4201361835002899,-0.1603877467196435,-9.422803648462263e-10,-0.16038774577736314,-4.656612873077393e-10,-0.0249540175183959,7.859969024522555,-0.9453505960034114,0.3145486530161115,7.639397478238811,-0.9274282747064233,-0.3395026705345074,0.2205715462837441,-0.01792232129698812,0.40525927494720787,-0.16038774671964404,1.348945393485592,1.594304568787005,-9.422908747021405e-10,1.5605485471120497,1.5507445335388035,-0.16038774577735315,-0.21160315362645776,0.04356003524820151,-0.48902062155241044,0.39019620391271115,0.5918893553252178,0.5082054163439252,-0.4924193893553817,0.5023936154327242,0.4974916287494337,0.507568595840547
5.712496042,1.594304568787004,1.5507445335388184,0.04356003524818575,0.07532256096601486,-0.14442858151398222,-0.18783165514469147,0.04340307363070925,0.09773919731378555,1.4206357178664943,1.4462999105453491,-0.02566419267885478,-0.06048183515667915,-0.622,-0.39265796542167664,-0.22934203457832336,-0.4201361835002899,-0.1603877467196435,-9.422803648462263e-10,-0.16038774577736314,-4.656612873077393e-10,-0.0249540175183959,7.859969024522555,-0.9453505960034114,0.3145486530161115,7.639397478238811,-0.9274282747064233,-0.3395026705345074,0.2205715462837441,-0.01792232129698812,0.40525927494720787,-0.16038774671964404,1.348945393485592,1.594304568787005,-9.422908747021405e-10,1.5605485471120497,1.5507445335388035,-0.16038774577735315,-0.21160315362645776,0.04356003524820151,-0.48902062155241044,0.39019620391271115,0.5918893553252178,0.5082054163439252,-0.4924193893553817,0.5023936154327242,0.4974916287494337,0.507568595840547
5.732242107,1.594304568787004,1.5507445335388184,0.04356003524818575,0.07532256096601486,-0.14442858151398222,-0.18783165514469147,0.04340307363070925,0.09773919731378555,1.4206357178664943,1.4462999105453491,-0.02566419267885478,-0.06048183515667915,-0.622,-0.39265796542167664,-0.22934203457832336,-0.4201361835002899,-0.1603877467196435,-9.422803648462263e-10,-0.16038774577736314,-4.656612873077393e-10,-0.0249540175183959,7.859969024522555,-0.9453505960034114,0.3145486530161115,7.639397478238811,-0.9274282747064233,-0.3395026705345074,0.2205715462837441,-0.01792232129698812,0.40525927494720787,-0.16038774671964404,1.348945393485592,1.594304568787005,-9.422908747021405e-10,1.5605485471120497,1.5507445335388035,-0.16038774577735315,-0.21160315362645776,0.04356003524820151,-0.48902062155241044,0.39019620391271115,0.5918893553252178,0.5082054163439252,-0.4924193893553817,0.5023936154327242,0.4974916287494337,0.507568595840547
5.752474070,1.594304568787004,1.5530351400375366,0.041269428749467485,0.055447183549404144,-0.14442858151398222,-0.18405486643314362,0.0396262849191614,0.09114915877580643,1.4206357178664943,1.4439644813537598,-0.023328763487265425,-0.056235142052173615,-0.622,-0.40902894735336304,-0.21297105264663696,-0.39841195940971375,-0.1603877467196435,-4.026953492886065e-10,-0.16038774631694816,3.3614924177527428e-09,-0.0249540175183959,7.859969024522555,-0.9453505960034114,0.29728377129428957,7.657475477644059,-0.934423787416085,-0.32223778881268544,0.20249354687849586,-0.01092680858732642,0.38073642354288423,-0.16038774671964404,1.348945393485592,1.594304568787005,-4.026920478502921e-10,1.545618924700331,1.5530351400375346,-0.160387746316952,-0.19667353121473896,0.04126942874947037,-0.48902062155241044,0.39019620391271115,0.5918893553252178,0.5082054163439252,-0.48926274001373543,0.4980307220888975,0.5017388214610214,0.5107303849672237
5.762314081,1.594304568787004,1.5530351400375366,0.041269428749467485,0.055447183549404144,-0.14442858151398222,-0.18405486643314362,0.0396262849191614,0.09114915877580643,1.4206357178664943,1.4439644813537598,-0.023328763487265425,-0.056235142052173615,-0.622,-0.40902894735336304,-0.21297105264663696,-0.39841195940971375,-0.1603877467196435,-4.026953492886065e-10,-0.16038774631694816,3.3614924177527428e-09,-0.0249540175183959,7.859969024522555,-0.9453505960034114,0.29728377129428957,7.657475477644059,-0.934423787416085,-0.32223778881268544,0.20249354687849586,-0.01092680858732642,0.38073642354288423,-0.16038774671964404,1.348945393485592,1.594304568787005,-4.026920478502921e-10,1.545618924700331,1.5530351400375346,-0.160387746316952,-0.19667353121473896,0.04126942874947037,-0.48902062155241044,0.39019620391271115,0.5918893553252178,0.5082054163439252,-0.48926274001373543,0.4980307220888975,0.5017388214610214,0.5107303849672237
5.772258043,1.594304568787004,1.5530351400375366,0.041269428749467485,0.055447183549404144,-0.14442858151398222,-0.18405486643314362,0.0396262849191614,0.09114915877580643,1.4206357178664943,1.4439644813537598,-0.023328763487265425,-0.056235142052173615,-0.622,-0.40902894735336304,-0.21297105264663696,-0.39841195940971375,-0.1603877467196435,-4.026953492886065e-10,-0.16038774631694816,3.3614924177527428e-09,-0.0249540175183959,7.859969024522555,-0.9453505960034114,0.29728377129428957,7.657475477644059,-0.934423787416085,-0.32223778881268544,0.20249354687849586,-0.01092680858732642,0.38073642354288423,-0.16038774671964404,1.348945393485592,1.594304568787005,-4.026920478502921e-10,1.545618924700331,1.5530351400375346,-0.160387746316952,-0.19667353121473896,0.04126942874947037,-0.48902062155241044,0.39019620391271115,0.5918893553252178,0.5082054163439252,-0.48926274001373543,0.4980307220888975,0.5017388214610214,0.5107303849672237
5.792304516,1.594304568787004,1.5551483631134033,0.039156205673600786,0.06913787126541138,-0.14442858151398222,-0.18067002296447754,0.03624144145049532,0.0846700519323349,1.4206357178664943,1.4418818950653076,-0.021246177198813276,-0.05201548710465431,-0.622,-0.42401522397994995,-0.19798477602005005,-0.3746567964553833,-0.1603877467196435,-2.787130248815828e-10,-0.16038774644093048,4.0745362639427185e-09,-0.0249540175183959,7.859969024522555,-0.9453505960034114,0.2812770561795558,7.673714633959976,-0.9401700632525296,-0.30623107369795166,0.18625439056257864,-0.005180532750881817,0.3584620013636325,-0.16038774671964404,1.348945393485592,1.594304568787005,-2.7871136239859115e-10,1.5319349052539561,1.555148363113402,-0.16038774644093268,-0.1829895117683642,0.039156205673603006,-0.48902062155241044,0.39019620391271115,0.5918893553252178,0.5082054163439252,-0.4863406621492503,0.4940110726927373,0.505617541161201,0.513591980532505
5.802318335,1.594304568787004,1.5551483631134033,0.039156205673600786,0.06913787126541138,-0.14442858151398222,-0.18067002296447754,0.03624144145049532,0.0846700519323349,1.4206357178664943,1.4418818950653076,-0.021246177198813276,-0.05201548710465431,-0.622,-0.42401522397994995,-0.19798477602005005,-0.3746567964553833,-0.1603877467196435,-2.787130248815828e-10,-0.16038774644093048,4.0745362639427185e-09,-0.0249540175183959,7.859969024522555,-0.9453505960034114,0.2812770561795558,7.673714633959976,-0.9401700632525296,-0.30623107369795166,0.18625439056257864,-0.005180532750881817,0.3584620013636325,-0.16038774671964404,1.348945393485592,1.594304568787005,-2.7871136239859115e-10,1.5319349052539561,1.555148363113402,-0.16038774644093268,-0.1829895117683642,0.039156205673603006,-0.48902062155241044,0.39019620391271115,0.5918893553252178,0.5082054163439252,-0.4863406621492503,0.4940110726927373,0.505617541161201,0.513591980532505
5.812392473,1.594304568787004,1.5551483631134033,0.039156205673600786,0.06913787126541138,-0.14442858151398222,-0.18067002296447754,0.03624144145049532,0.0846700519323349,1.4206357178664943,1.4418818950653076,-0.021246177198813276,-0.05201548710465431,-0.622,-0.42401522397994995,-0.19798477602005005,-0.3746567964553833,-0.1603877467196435,-2.787130248815828e-10,-0.16038774644093048,4.0745362639427185e-09,-0.0249540175183959,7.859969024522555,-0.9453505960034114,0.2812770561795558,7.673714633959976,-0.9401700632525296,-0.30623107369795166,0.18625439056257864,-0.005180532750881817,0.3584620013636325,-0.16038774671964404,1.348945393485592,1.594304568787005,-2.7871136239859115e-10,1.5319349052539561,1.555148363113402,-0.16038774644093268,-0.1829895117683642,0.039156205673603006,-0.48902062155241044,0.39019620391271115,0.5918893553252178,0.5082054163439252,-0.4863406621492503,0.4940110726927373,0.505617541161201,0.513591980532505
5.822396517,1.594304568787004,1.5551483631134033,0.039156205673600786,0.06913787126541138,-0.14442858151398222,-0.18067002296447754,0.03624144145049532,0.0846700519323349,1.4206357178664943,1.4418818950653076,-0.021246177198813276,-0.05201548710465431,-0.622,-0.42401522397994995,-0.19798477602005005,-0.3746567964553833,-0.1603877467196435,-2.787130248815828e-10,-0.16038774644093048,4.0745362639427185e-09,-0.0249540175183959,7.859969024522555,-0.9453505960034114,0.2812770561795558,7.673714633959976,-0.9401700632525296,-0.30623107369795166,0.18625439056257864,-0.005180532750881817,0.3584620013636325,-0.16038774671964404,1.348945393485592,1.594304568787005,-2.7871136239859115e-10,1.5319349052539561,1.555148363113402,-0.16038774644093268,-0.1829895117683642,0.039156205673603006,-0.48902062155241044,0.39019620391271115,0.5918893553252178,0.5082054163439252,-0.4863406621492503,0.4940110726927373,0.505617541161201,0.513591980532505
5.842277288,1.594304568787004,1.5551483631134033,0.039156205673600786,0.06913787126541138,-0.14442858151398222,-0.18067002296447754,0.03624144145049532,0.0846700519323349,1.4206357178664943,1.4418818950653076,-0.021246177198813276,-0.05201548710465431,-0.622,-0.42401522397994995,-0.19798477602005005,-0.3746567964553833,-0.1603877467196435,-2.787130248815828e-10,-0.16038774644093048,4.0745362639427185e-09,-0.0249540175183959,7.859969024522555,-0.9453505960034114,0.2812770561795558,7.673714633959976,-0.9401700632525296,-0.30623107369795166,0.18625439056257864,-0.005180532750881817,0.3584620013636325,-0.16038774671964404,1.348945393485592,1.594304568787005,-2.7871136239859115e-10,1.5319349052539561,1.555148363113402,-0.16038774644093268,-0.1829895117683642,0.039156205673603006,-0.48902062155241044,0.39019620391271115,0.5918893553252178,0.5082054163439252,-0.4863406621492503,0.4940110726927373,0.505617541161201,0.513591980532505
5.862170219,1.594304568787004,1.5591100454330444,0.03519452335395967,0.06400594860315323,-0.14442858151398222,-0.17463822662830353,0.03020964511432131,0.07009682059288025,1.4206357178664943,1.4381905794143677,-0.017554861547873335,-0.04266585037112236,-0.622,-0.4512750804424286,-0.1707249195575714,-0.3210381865501404,-0.1603877467196435,-1.8965529147152438e-10,-0.16038774652998822,-1.6516423784196377e-09,-0.0249540175183959,7.859969024522555,-0.9453505960034114,0.251068162202043,7.702500745857683,-0.9493335606091216,-0.27602217972043885,0.15746827866487223,0.0039829646057101264,0.317805548237205,-0.16038774671964404,1.348945393485592,1.594304568787005,-1.8965786890107853e-10,1.5070155294767147,1.5591100454330415,-0.16038774652998616,-0.15807013599112274,0.03519452335396345,-0.48902062155241044,0.39019620391271115,0.5918893553252178,0.5082054163439252,-0.4809681018852375,0.4866219308150043,0.5126662436522617,0.5186926874732946
5.882125139,1.594304568787004,1.5591100454330444,0.03519452335395967,0.06400594860315323,-0.14442858151398222,-0.17463822662830353,0.03020964511432131,0.07009682059288025,1.4206357178664943,1.4381905794143677,-0.017554861547873335,-0.04266585037112236,-0.622,-0.4512750804424286,-0.1707249195575714,-0.3210381865501404,-0.1603877467196435,-1.8965529147152438e-10,-0.16038774652998822,-1.6516423784196377e-09,-0.0249540175183959,7.859969024522555,-0.9453505960034114,0.251068162202043,7.702500745857683,-0.9493335606091216,-0.27602217972043885,0.15746827866487223,0.0039829646057101264,0.317805548237205,-0.16038774671964404,1.348945393485592,1.594304568787005,-1.8965786890107853e-10,1.5070155294767147,1.5591100454330415,-0.16038774652998616,-0.15807013599112274,0.03519452335396345,-0.48902062155241044,0.39019620391271115,0.5918893553252178,0.5082054163439252,-0.4809681018852375,0.4866219308150043,0.5126662436522617,0.5186926874732946
5.902014494,1.594304568787004,1.5610123872756958,0.033292181511308305,0.04710744321346283,-0.14442858151398222,-0.17183636128902435,0.027407779775042135,0.0700458362698555,1.4206357178664943,1.4364820718765259,-0.015846354010031538,-0.0427120178937912,-0.622,-0.4641166031360626,-0.15788339686393738,-0.321038156747818,-0.1603877467196435,-6.886404779749e-10,-0.16038774603100303,6.599293556064367e-09,-0.0249540175183959,7.859969024522555,-0.9453505960034114,0.23647668596710833,7.71572036268242,-0.9531742720737288,-0.26143070348550423,0.14424866184013485,0.00782367607031742,0.29868863231607673,-0.16038774671964404,1.348945393485592,1.594304568787005,-6.886421543825981e-10,1.4952673645845205,1.5610123872756956,-0.1603877460310019,-0.14632197109892853,0.033292181511309415,-0.48902062155241044,0.39019620391271115,0.5918893553252178,0.5082054163439252,-0.4784081160274118,0.48311187993640337,0.5159784715956054,0.5210516316386312
5.912176847,1.594304568787004,1.5610123872756958,0.033292181511308305,0.04710744321346283,-0.14442858151398222,-0.17183636128902435,0.027407779775042135,0.0700458362698555,1.4206357178664943,1.4364820718765259,-0.015846354010031538,-0.0427120178937912,-0.622,-0.4641166031360626,-0.15788339686393738,-0.321038156747818,-0.1603877467196435,-6.886404779749e-10,-0.16038774603100303,6.599293556064367e-09,-0.0249540175183959,7.859969024522555,-0.9453505960034114,0.23647668596710833,7.71572036268242,-0.9531742720737288,-0.26143070348550423,0.14424866184013485,0.00782367607031742,0.29868863231607673,-0.16038774671964404,1.348945393485592,1.594304568787005,-6.886421543825981e-10,1.4952673645845205,1.5610123872756956,-0.1603877460310019,-0.14632197109892853,0.033292181511309415,-0.48902062155241044,0.39019620391271115,0.5918893553252178,0.5082054163439252,-0.4784081160274118,0.48311187993640337,0.5159784715956054,0.5210516316386312
5.932162046,1.594304568787004,1.5610123872756958,0.033292181511308305,0.04710744321346283,-0.14442858151398222,-0.17183636128902435,0.027407779775042135,0.0700458362698555,1.4206357178664943,1.4364820718765259,-0.015846354010031538,-0.0427120178937912,-0.622,-0.4641166031360626,-0.15788339686393738,-0.321038156747818,-0.1603877467196435,-6.886404779749e-10,-0.16038774603100303,6.599293556064367e-09,-0.0249540175183959,7.859969024522555,-0.9453505960034114,0.23647668596710833,7.71572036268242,-0.9531742720737288,-0.26143070348550423,0.14424866184013485,0.00782367607031742,0.29868863231607673,-0.16038774671964404,1.348945393485592,1.594304568787005,-6.886421543825981e-10,1.4952673645845205,1.5610123872756956,-0.1603877460310019,-0.14632197109892853,0.033292181511309415,-0.48902062155241044,0.39019620391271115,0.5918893553252178,0.5082054163439252,-0.4784081160274118,0.48311187993640337,0.5159784715956054,0.5210516316386312
5.952325344,1.594304568787004,1.5610123872756958,0.033292181511308305,0.04710744321346283,-0.14442858151398222,-0.17183636128902435,0.027407779775042135,0.0700458362698555,1.4206357178664943,1.4364820718765259,-0.015846354010031538,-0.0427120178937912,-0.622,-0.4641166031360626,-0.15788339686393738,-0.321038156747818,-0.1603877467196435,-6.886404779749e-10,-0.16038774603100303,6.599293556064367e-09,-0.0249540175183959,7.859969024522555,-0.9453505960034114,0.23647668596710833,7.71572036268242,-0.9531742720737288,-0.26143070348550423,0.14424866184013485,0.00782367607031742,0.29868863231607673,-0.16038774671964404,1.348945393485592,1.594304568787005,-6.886421543825981e-10,1.4952673645845205,1.5610123872756956,-0.1603877460310019,-0.14632197109892853,0.033292181511309415,-0.48902062155241044,0.39019620391271115,0.5918893553252178,0.5082054163439252,-0.4784081160274118,0.48311187993640337,0.5159784715956054,0.5210516316386312
5.972640038,1.594304568787004,1.5610123872756958,0.033292181511308305,0.04710744321346283,-0.14442858151398222,-0.17183636128902435,0.027407779775042135,0.0700458362698555,1.4206357178664943,1.4364820718765259,-0.015846354010031538,-0.0427120178937912,-0.622,-0.4641166031360626,-0.15788339686393738,-0.321038156747818,-0.1603877467196435,-6.886404779749e-10,-0.16038774603100303,6.599293556064367e-09,-0.0249540175183959,7.859969024522555,-0.9453505960034114,0.23647668596710833,7.71572036268242,-0.9531742720737288,-0.26143070348550423,0.14424866184013485,0.00782367607031742,0.29868863231607673,-0.16038774671964404,1.348945393485592,1.594304568787005,-6.886421543825981e-10,1.4952673645845205,1.5610123872756956,-0.1603877460310019,-0.14632197109892853,0.033292181511309415,-0.48902062155241044,0.39019620391271115,0.5918893553252178,0.5082054163439252,-0.4784081160274118,0.48311187993640337,0.5159784715956054,0.5210516316386312
5.982550859,1.594304568787004,1.5643905401229858,0.029914028664018266,0.058158427476882935,-0.14442858151398222,-0.1672918200492859,0.02286323853530367,0.05182494968175888,1.4206357178664943,1.4337395429611206,-0.013103825094626265,-0.031027385964989662,-0.622,-0.48578232526779175,-0.13621767473220825,-0.25155916810035706,-0.1603877467196435,-5.621115795051423e-10,-0.16038774615753193,1.4551915228366852e-11,-0.0249540175183959,7.859969024522555,-0.9453505960034114,0.2104324489135498,7.73752901388826,-0.958212473523993,-0.23538646643194572,0.12244001063429533,0.012861877520581544,0.2656384246994367,-0.16038774671964404,1.348945393485592,1.594304568787005,-5.621106478919663e-10,1.4754036547771239,1.5643905401229892,-0.1603877461575334,-0.12645826129153193,0.029914028664015824,-0.48902062155241044,0.39019620391271115,0.5918893553252178,0.5082054163439252,-0.4740665379368893,0.47711307490368254,0.5215918389477987,0.5249437921411575
6.002516985,1.594304568787004,1.5643905401229858,0.029914028664018266,0.058158427476882935,-0.14442858151398222,-0.1672918200492859,0.02286323853530367,0.05182494968175888,1.4206357178664943,1.4337395429611206,-0.013103825094626265,-0.031027385964989662,-0.622,-0.48578232526779175,-0.13621767473220825,-0.25155916810035706,-0.1603877467196435,-5.621115795051423e-10,-0.16038774615753193,1.4551915228366852e-11,-0.0249540175183959,7.859969024522555,-0.9453505960034114,0.2104324489135498,7.73752901388826,-0.958212473523993,-0.23538646643194572,0.12244001063429533,0.012861877520581544,0.2656384246994367,-0.16038774671964404,1.348945393485592,1.594304568787005,-5.621106478919663e-10,1.4754036547771239,1.5643905401229892,-0.1603877461575334,-0.12645826129153193,0.029914028664015824,-0.48902062155241044,0.39019620391271115,0.5918893553252178,0.5082054163439252,-0.4740665379368893,0.47711307490368254,0.5215918389477987,0.5249437921411575
6.012368679,1.594304568787004,1.5643905401229858,0.029914028664018266,0.058158427476882935,-0.14442858151398222,-0.1672918200492859,0.02286323853530367,0.05182494968175888,1.4206357178664943,1.4337395429611206,-0.013103825094626265,-0.031027385964989662,-0.622,-0.48578232526779175,-0.13621767473220825,-0.25155916810035706,-0.1603877467196435,-5.621115795051423e-10,-0.16038774615753193,1.4551915228366852e-11,-0.0249540175183959,7.859969024522555,-0.9453505960034114,0.2104324489135498,7.73752901388826,-0.958212473523993,-0.23538646643194572,0.12244001063429533,0.012861877520581544,0.2656384246994367,-0.16038774671964404,1.348945393485592,1.594304568787005,-5.621106478919663e-10,1.4754036547771239,1.5643905401229892,-0.1603877461575334,-0.12645826129153193,0.029914028664015824,-0.48902062155241044,0.39019620391271115,0.5918893553252178,0.5082054163439252,-0.4740665379368893,0.47711307490368254,0.5215918389477987,0.5249437921411575
6.022434711,1.594304568787004,1.5660128593444824,0.028291709442521684,0.04007944464683533,-0.14442858151398222,-0.1652209758758545,0.020792394361872274,0.05176991969347,1.4206357178664943,1.4324966669082642,-0.01186094904176982,-0.031073154881596565,-0.622,-0.49584469199180603,-0.12615530800819397,-0.25155919790267944,-0.1603877467196435,-4.2335907002311046e-10,-0.16038774629628444,2.6011548470705748e-09,-0.0249540175183959,7.859969024522555,-0.9453505960034114,0.19787060109236038,7.747441796208103,-0.9601684289270191,-0.22282461861075628,0.11252722831445183,0.014817832923607721,0.2500655033060612,-0.16038774671964404,1.348945393485592,1.594304568787005,-4.233588056686732e-10,1.4661692561736848,1.5660128593444849,-0.16038774629628524,-0.11722386268809282,0.02829170944252013,-0.48902062155241044,0.39019620391271115,0.5918893553252178,0.5082054163439252,-0.4720380892541673,0.47430148562428187,0.5242025542666471,0.5267160763904943
6.042461395,1.594304568787004,1.5660128593444824,0.028291709442521684,0.04007944464683533,-0.14442858151398222,-0.1652209758758545,0.020792394361872274,0.05176991969347,1.4206357178664943,1.4324966669082642,-0.01186094904176982,-0.031073154881596565,-0.622,-0.49584469199180603,-0.12615530800819397,-0.25155919790267944,-0.1603877467196435,-4.2335907002311046e-10,-0.16038774629628444,2.6011548470705748e-09,-0.0249540175183959,7.859969024522555,-0.9453505960034114,0.19787060109236038,7.747441796208103,-0.9601684289270191,-0.22282461861075628,0.11252722831445183,0.014817832923607721,0.2500655033060612,-0.16038774671964404,1.348945393485592,1.594304568787005,-4.233588056686732e-10,1.4661692561736848,1.5660128593444849,-0.16038774629628524,-0.11722386268809282,0.02829170944252013,-0.48902062155241044,0.39019620391271115,0.5918893553252178,0.5082054163439252,-0.4720380892541673,0.47430148562428187,0.5242025542666471,0.5267160763904943
6.062605858,1.594304568787004,1.5675530433654785,0.02675152542152559,0.036270130425691605,-0.14442858151398222,-0.16329538822174072,0.018866806707758504,0.04450789839029312,1.4206357178664943,1.4313441514968872,-0.010708433630392866,-0.026553183794021606,-0.622,-0.5053183436393738,-0.11668165636062622,-0.22212348878383636,-0.1603877467196435,-2.9246458033149736e-10,-0.16038774642717893,-6.621121428906918e-10,-0.0249540175183959,7.859969024522555,-0.9453505960034114,0.18591462857729196,7.756650039340083,-0.9617798307723866,-0.21086864609568787,0.10331898518247229,0.016429234768975176,0.23539396415468788,-0.16038774671964404,1.348945393485592,1.594304568787005,-2.924646689331876e-10,1.4574686767688536,1.5675530433654803,-0.16038774642717937,-0.10852328328326166,0.026751525421524702,-0.48902062155241044,0.39019620391271115,0.5918893553252178,0.5082054163439252,-0.4701165452239278,0.47164374417890365,0.5266581388151895,0.5283690162219433
6.082827568,1.594304568787004,1.5675530433654785,0.02675152542152559,0.036270130425691605,-0.14442858151398222,-0.16329538822174072,0.018866806707758504,0.04450789839029312,1.4206357178664943,1.4313441514968872,-0.010708433630392866,-0.026553183794021606,-0.622,-0.5053183436393738,-0.11668165636062622,-0.22212348878383636,-0.1603877467196435,-2.9246458033149736e-10,-0.16038774642717893,-6.621121428906918e-10,-0.0249540175183959,7.859969024522555,-0.9453505960034114,0.18591462857729196,7.756650039340083,-0.9617798307723866,-0.21086864609568787,0.10331898518247229,0.016429234768975176,0.23539396415468788,-0.16038774671964404,1.348945393485592,1.594304568787005,-2.924646689331876e-10,1.4574686767688536,1.5675530433654803,-0.16038774642717937,-0.10852328328326166,0.026751525421524702,-0.48902062155241044,0.39019620391271115,0.5918893553252178,0.5082054163439252,-0.4701165452239278,0.47164374417890365,0.5266581388151895,0.5283690162219433
6.102341413,1.594304568787004,1.56893789768219,0.025366671104814165,0.034071363508701324,-0.14442858151398222,-0.1617133915424347,0.017284810028452474,0.03954818844795227,1.4206357178664943,1.4304066896438599,-0.009770971777365522,-0.02343745529651642,-0.622,-0.5133983492851257,-0.10860165071487426,-0.2019987404346466,-0.1603877467196435,-4.635951067477606e-10,-0.1603877462560484,-3.310560714453459e-10,-0.0249540175183959,7.859969024522555,-0.9453505960034114,0.17513946233817873,7.764411587757983,-0.9627251606343465,-0.20009347985657464,0.0955574367645724,0.01737456463093512,0.22241964818388513,-0.16038774671964404,1.348945393485592,1.594304568787005,-4.635951223813519e-10,1.4500332059493797,1.5689378976821913,-0.1603877462560489,-0.10108781246378773,0.02536667110481372,-0.48902062155241044,0.39019620391271115,0.5918893553252178,0.5082054163439252,-0.4684804295694231,0.4693518770055621,0.5287692060994901,0.529752800221688
6.114023685,1.594304568787004,1.56893789768219,0.025366671104814165,0.034071363508701324,-0.14442858151398222,-0.1617133915424347,0.017284810028452474,0.03954818844795227,1.4206357178664943,1.4304066896438599,-0.009770971777365522,-0.02343745529651642,-0.622,-0.5133983492851257,-0.10860165071487426,-0.2019987404346466,-0.1603877467196435,-4.635951067477606e-10,-0.1603877462560484,-3.310560714453459e-10,-0.0249540175183959,7.859969024522555,-0.9453505960034114,0.17513946233817873,7.764411587757983,-0.9627251606343465,-0.20009347985657464,0.0955574367645724,0.01737456463093512,0.22241964818388513,-0.16038774671964404,1.348945393485592,1.594304568787005,-4.635951223813519e-10,1.4500332059493797,1.5689378976821913,-0.1603877462560489,-0.10108781246378773,0.02536667110481372,-0.48902062155241044,0.39019620391271115,0.5918893553252178,0.5082054163439252,-0.4684804295694231,0.4693518770055621,0.5287692060994901,0.529752800221688
6.132317781,1.594304568787004,1.56893789768219,0.025366671104814165,0.034071363508701324,-0.14442858151398222,-0.1617133915424347,0.017284810028452474,0.03954818844795227,1.4206357178664943,1.4304066896438599,-0.009770971777365522,-0.02343745529651642,-0.622,-0.5133983492851257,-0.10860165071487426,-0.2019987404346466,-0.1603877467196435,-4.635951067477606e-10,-0.1603877462560484,-3.310560714453459e-10,-0.0249540175183959,7.859969024522555,-0.9453505960034114,0.17513946233817873,7.764411587757983,-0.9627251606343465,-0.20009347985657464,0.0955574367645724,0.01737456463093512,0.22241964818388513,-0.16038774671964404,1.348945393485592,1.594304568787005,-4.635951223813519e-10,1.4500332059493797,1.5689378976821913,-0.1603877462560489,-0.10108781246378773,0.02536667110481372,-0.48902062155241044,0.39019620391271115,0.5918893553252178,0.5082054163439252,-0.4684804295694231,0.4693518770055621,0.5287692060994901,0.529752800221688
6.152231216,1.594304568787004,1.56893789768219,0.025366671104814165,0.034071363508701324,-0.14442858151398222,-0.1617133915424347,0.017284810028452474,0.03954818844795227,1.4206357178664943,1.4304066896438599,-0.009770971777365522,-0.02343745529651642,-0.622,-0.5133983492851257,-0.10860165071487426,-0.2019987404346466,-0.1603877467196435,-4.635951067477606e-10,-0.1603877462560484,-3.310560714453459e-10,-0.0249540175183959,7.859969024522555,-0.9453505960034114,0.17513946233817873,7.764411587757983,-0.9627251606343465,-0.20009347985657464,0.0955574367645724,0.01737456463093512,0.22241964818388513,-0.16038774671964404,1.348945393485592,1.594304568787005,-4.635951223813519e-10,1.4500332059493797,1.5689378976821913,-0.1603877462560489,-0.10108781246378773,0.02536667110481372,-0.48902062155241044,0.39019620391271115,0.5918893553252178,0.5082054163439252,-0.4684804295694231,0.4693518770055621,0.5287692060994901,0.529752800221688
6.172152758,1.594304568787004,1.56893789768219,0.025366671104814165,0.034071363508701324,-0.14442858151398222,-0.1617133915424347,0.017284810028452474,0.03954818844795227,1.4206357178664943,1.4304066896438599,-0.009770971777365522,-0.02343745529651642,-0.622,-0.5133983492851257,-0.10860165071487426,-0.2019987404346466,-0.1603877467196435,-4.635951067477606e-10,-0.1603877462560484,-3.310560714453459e-10,-0.0249540175183959,7.859969024522555,-0.9453505960034114,0.17513946233817873,7.764411587757983,-0.9627251606343465,-0.20009347985657464,0.0955574367645724,0.01737456463093512,0.22241964818388513,-0.16038774671964404,1.348945393485592,1.594304568787005,-4.635951223813519e-10,1.4500332059493797,1.5689378976821913,-0.1603877462560489,-0.10108781246378773,0.02536667110481372,-0.48902062155241044,0.39019620391271115,0.5918893553252178,0.5082054163439252,-0.4684804295694231,0.4693518770055621,0.5287692060994901,0.529752800221688
6.182310820,1.594304568787004,1.56893789768219,0.025366671104814165,0.034071363508701324,-0.14442858151398222,-0.1617133915424347,0.017284810028452474,0.03954818844795227,1.4206357178664943,1.4304066896438599,-0.009770971777365522,-0.02343745529651642,-0.622,-0.5133983492851257,-0.10860165071487426,-0.2019987404346466,-0.1603877467196435,-4.635951067477606e-10,-0.1603877462560484,-3.310560714453459e-10,-0.0249540175183959,7.859969024522555,-0.9453505960034114,0.17513946233817873,7.764411587757983,-0.9627251606343465,-0.20009347985657464,0.0955574367645724,0.01737456463093512,0.22241964818388513,-0.16038774671964404,1.348945393485592,1.594304568787005,-4.635951223813519e-10,1.4500332059493797,1.5689378976821913,-0.1603877462560489,-0.10108781246378773,0.02536667110481372,-0.48902062155241044,0.39019620391271115,0.5918893553252178,0.5082054163439252,-0.4684804295694231,0.4693518770055621,0.5287692060994901,0.529752800221688
6.202251673,1.594304568787004,1.56893789768219,0.025366671104814165,0.034071363508701324,-0.14442858151398222,-0.1617133915424347,0.017284810028452474,0.03954818844795227,1.4206357178664943,1.4304066896438599,-0.009770971777365522,-0.02343745529651642,-0.622,-0.5133983492851257,-0.10860165071487426,-0.2019987404346466,-0.1603877467196435,-4.635951067477606e-10,-0.1603877462560484,-3.310560714453459e-10,-0.0249540175183959,7.859969024522555,-0.9453505960034114,0.17513946233817873,7.764411587757983,-0.9627251606343465,-0.20009347985657464,0.0955574367645724,0.01737456463093512,0.22241964818388513,-0.16038774671964404,1.348945393485592,1.594304568787005,-4.635951223813519e-10,1.4500332059493797,1.5689378976821913,-0.1603877462560489,-0.10108781246378773,0.02536667110481372,-0.48902062155241044,0.39019620391271115,0.5918893553252178,0.5082054163439252,-0.4684804295694231,0.4693518770055621,0.5287692060994901,0.529752800221688
6.221880913,1.594304568787004,1.5727629661560059,0.021541602630998247,0.0305777657777071,-0.14442858151398222,-0.1575160175561905,0.013087436042208273,0.03357436880469322,1.4206357178664943,1.4279347658157349,-0.0072990479492405225,-0.01973962038755417,-0.622,-0.5353427529335022,-0.0866572470664978,-0.1768035739660263,-0.1603877467196435,-3.953830318703666e-10,-0.16038774632426048,1.6461854102090001e-09,-0.0249540175183959,7.859969024522555,-0.9453505960034114,0.14526826852267288,7.785034876322083,-0.9643973515364193,-0.1702222860410688,0.07493414820047217,0.01904675553300783,0.18695863747875338,-0.16038774671964404,1.348945393485592,1.594304568787005,-3.9538262266449105e-10,1.4298142524591226,1.572762966156008,-0.16038774632426142,-0.08086885897353069,0.021541602630996914,-0.48902062155241044,0.39019620391271115,0.5918893553252178,0.5082054163439252,-0.46399751680702495,0.46308589693583097,0.5344994140682847,0.5334492785792404
6.241945028,1.594304568787004,1.5727629661560059,0.021541602630998247,0.0305777657777071,-0.14442858151398222,-0.1575160175561905,0.013087436042208273,0.03357436880469322,1.4206357178664943,1.4279347658157349,-0.0072990479492405225,-0.01973962038755417,-0.622,-0.5353427529335022,-0.0866572470664978,-0.1768035739660263,-0.1603877467196435,-3.953830318703666e-10,-0.16038774632426048,1.6461854102090001e-09,-0.0249540175183959,7.859969024522555,-0.9453505960034114,0.14526826852267288,7.785034876322083,-0.9643973515364193,-0.1702222860410688,0.07493414820047217,0.01904675553300783,0.18695863747875338,-0.16038774671964404,1.348945393485592,1.594304568787005,-3.9538262266449105e-10,1.4298142524591226,1.572762966156008,-0.16038774632426142,-0.08086885897353069,0.021541602630996914,-0.48902062155241044,0.39019620391271115,0.5918893553252178,0.5082054163439252,-0.46399751680702495,0.46308589693583097,0.5344994140682847,0.5334492785792404
6.252239704,1.594304568787004,1.5727629661560059,0.021541602630998247,0.0305777657777071,-0.14442858151398222,-0.1575160175561905,0.013087436042208273,0.03357436880469322,1.4206357178664943,1.4279347658157349,-0.0072990479492405225,-0.01973962038755417,-0.622,-0.5353427529335022,-0.0866572470664978,-0.1768035739660263,-0.1603877467196435,-3.953830318703666e-10,-0.16038774632426048,1.6461854102090001e-09,-0.0249540175183959,7.859969024522555,-0.9453505960034114,0.14526826852267288,7.785034876322083,-0.9643973515364193,-0.1702222860410688,0.07493414820047217,0.01904675553300783,0.18695863747875338,-0.16038774671964404,1.348945393485592,1.594304568787005,-3.9538262266449105e-10,1.4298142524591226,1.572762966156008,-0.16038774632426142,-0.08086885897353069,0.021541602630996914,-0.48902062155241044,0.39019620391271115,0.5918893553252178,0.5082054163439252,-0.46399751680702495,0.46308589693583097,0.5344994140682847,0.5334492785792404
6.263401508,1.594304568787004,1.5740031003952026,0.02030146839180147,0.030749233439564705,-0.14442858151398222,-0.1561729907989502,0.011744409284967977,0.033574797213077545,1.4206357178664943,1.4271451234817505,-0.0065094056152561475,-0.01973925158381462,-0.622,-0.5424148440361023,-0.0795851559638977,-0.1768035590648651,-0.1603877467196435,-4.2055786630967873e-10,-0.16038774629908564,-7.239577826112509e-10,-0.0249540175183959,7.859969024522555,-0.9453505960034114,0.13555049551964365,7.7915367248922545,-0.9647867562219374,-0.16050451303803956,0.06843229963030062,0.01943616021852601,0.17556321557293733,-0.16038774671964404,1.348945393485592,1.594304568787005,-4.2055727804499887e-10,1.4232955457797771,1.5740031003952022,-0.16038774629908675,-0.07435015229418518,0.0203014683918028,-0.48902062155241044,0.39019620391271115,0.5918893553252178,0.5082054163439252,-0.4625389086606724,0.4610580240358795,0.5363405095973074,0.5346233386338696
6.274452448,1.594304568787004,1.5740031003952026,0.02030146839180147,0.030749233439564705,-0.14442858151398222,-0.1561729907989502,0.011744409284967977,0.033574797213077545,1.4206357178664943,1.4271451234817505,-0.0065094056152561475,-0.01973925158381462,-0.622,-0.5424148440361023,-0.0795851559638977,-0.1768035590648651,-0.1603877467196435,-4.2055786630967873e-10,-0.16038774629908564,-7.239577826112509e-10,-0.0249540175183959,7.859969024522555,-0.9453505960034114,0.13555049551964365,7.7915367248922545,-0.9647867562219374,-0.16050451303803956,0.06843229963030062,0.01943616021852601,0.17556321557293733,-0.16038774671964404,1.348945393485592,1.594304568787005,-4.2055727804499887e-10,1.4232955457797771,1.5740031003952022,-0.16038774629908675,-0.07435015229418518,0.0203014683918028,-0.48902062155241044,0.39019620391271115,0.5918893553252178,0.5082054163439252,-0.4625389086606724,0.4610580240358795,0.5363405095973074,0.5346233386338696
6.292353153,1.594304568787004,1.5740031003952026,0.02030146839180147,0.030749233439564705,-0.14442858151398222,-0.1561729907989502,0.011744409284967977,0.033574797213077545,1.4206357178664943,1.4271451234817505,-0.0065094056152561475,-0.01973925158381462,-0.622,-0.5424148440361023,-0.0795851559638977,-0.1768035590648651,-0.1603877467196435,-4.2055786630967873e-10,-0.16038774629908564,-7.239577826112509e-10,-0.0249540175183959,7.859969024522555,-0.9453505960034114,0.13555049551964365,7.7915367248922545,-0.9647867562219374,-0.16050451303803956,0.06843229963030062,0.01943616021852601,0.17556321557293733,-0.16038774671964404,1.348945393485592,1.594304568787005,-4.2055727804499887e-10,1.4232955457797771,1.5740031003952022,-0.16038774629908675,-0.07435015229418518,0.0203014683918028,-0.48902062155241044,0.39019620391271115,0.5918893553252178,0.5082054163439252,-0.4625389086606724,0.4610580240358795,0.5363405095973074,0.5346233386338696
6.312314034,1.594304568787004,1.575066089630127,0.019238479156877153,0.025951813906431198,-0.14442858151398222,-0.15518510341644287,0.010756521902460653,0.024695249274373055,1.4206357178664943,1.4265731573104858,-0.005937439443991499,-0.014299469068646431,-0.622,-0.547933042049408,-0.07406695795059204,-0.13795378804206848,-0.1603877467196435,-2.7049124051714557e-10,-0.16038774644915227,4.84214979223907e-09,-0.0249540175183959,7.859969024522555,-0.9453505960034114,0.12721031706266459,7.796569733851429,-0.9646932287139174,-0.1521643345810605,0.06339929067112582,0.019342632710505958,0.16597467341818256,-0.16038774671964404,1.348945393485592,1.594304568787005,-2.704909394477801e-10,1.418193268977714,1.5750660896301272,-0.1603877464491531,-0.06924787549212197,0.01923847915687782,-0.48902062155241044,0.39019620391271115,0.5918893553252178,0.5082054163439252,-0.46141338507171525,0.45944745324789327,0.5378034614440131,0.5355120564838142
6.322299957,1.594304568787004,1.575066089630127,0.019238479156877153,0.025951813906431198,-0.14442858151398222,-0.15518510341644287,0.010756521902460653,0.024695249274373055,1.4206357178664943,1.4265731573104858,-0.005937439443991499,-0.014299469068646431,-0.622,-0.547933042049408,-0.07406695795059204,-0.13795378804206848,-0.1603877467196435,-2.7049124051714557e-10,-0.16038774644915227,4.84214979223907e-09,-0.0249540175183959,7.859969024522555,-0.9453505960034114,0.12721031706266459,7.796569733851429,-0.9646932287139174,-0.1521643345810605,0.06339929067112582,0.019342632710505958,0.16597467341818256,-0.16038774671964404,1.348945393485592,1.594304568787005,-2.704909394477801e-10,1.418193268977714,1.5750660896301272,-0.1603877464491531,-0.06924787549212197,0.01923847915687782,-0.48902062155241044,0.39019620391271115,0.5918893553252178,0.5082054163439252,-0.46141338507171525,0.45944745324789327,0.5378034614440131,0.5355120564838142
6.342271566,1.594304568787004,1.576063632965088,0.018240935821916215,0.024604013189673424,-0.14442858151398222,-0.1543261706829071,0.009897589168924886,0.021472355350852013,1.4206357178664943,1.4260801076889038,-0.005444389822409468,-0.012325145304203033,-0.622,-0.5528854727745056,-0.06911452722549438,-0.12380962073802948,-0.1603877467196435,-1.5458523350275755e-10,-0.16038774656505828,2.9976945370435715e-09,-0.0249540175183959,7.859969024522555,-0.9453505960034114,0.1193751422222193,7.801052952767101,-0.964417282560516,-0.1443291597406152,0.05891607175545399,0.01906668655710453,0.1570526930644384,-0.16038774671964404,1.348945393485592,1.594304568787005,-1.5458526345613956e-10,1.4136067213645709,1.5760636329650888,-0.16038774656505878,-0.06466132787897894,0.018240935821916215,-0.48902062155241044,0.39019620391271115,0.5918893553252178,0.5082054163439252,-0.4604073312119862,0.4579885892872639,0.5391277495635612,0.5362954513134047
6.362474442,1.594304568787004,1.576063632965088,0.018240935821916215,0.024604013189673424,-0.14442858151398222,-0.1543261706829071,0.009897589168924886,0.021472355350852013,1.4206357178664943,1.4260801076889038,-0.005444389822409468,-0.012325145304203033,-0.622,-0.5528854727745056,-0.06911452722549438,-0.12380962073802948,-0.1603877467196435,-1.5458523350275755e-10,-0.16038774656505828,2.9976945370435715e-09,-0.0249540175183959,7.859969024522555,-0.9453505960034114,0.1193751422222193,7.801052952767101,-0.964417282560516,-0.1443291597406152,0.05891607175545399,0.01906668655710453,0.1570526930644384,-0.16038774671964404,1.348945393485592,1.594304568787005,-1.5458526345613956e-10,1.4136067213645709,1.5760636329650888,-0.16038774656505878,-0.06466132787897894,0.018240935821916215,-0.48902062155241044,0.39019620391271115,0.5918893553252178,0.5082054163439252,-0.4604073312119862,0.4579885892872639,0.5391277495635612,0.5362954513134047
6.382745981,1.594304568787004,1.576063632965088,0.018240935821916215,0.024604013189673424,-0.14442858151398222,-0.1543261706829071,0.009897589168924886,0.021472355350852013,1.4206357178664943,1.4260801076889038,-0.005444389822409468,-0.012325145304203033,-0.622,-0.5528854727745056,-0.06911452722549438,-0.12380962073802948,-0.1603877467196435,-1.5458523350275755e-10,-0.16038774656505828,2.9976945370435715e-09,-0.0249540175183959,7.859969024522555,-0.9453505960034114,0.1193751422222193,7.801052952767101,-0.964417282560516,-0.1443291597406152,0.05891607175545399,0.01906668655710453,0.1570526930644384,-0.16038774671964404,1.348945393485592,1.594304568787005,-1.5458526345613956e-10,1.4136067213645709,1.5760636329650888,-0.16038774656505878,-0.06466132787897894,0.018240935821916215,-0.48902062155241044,0.39019620391271115,0.5918893553252178,0.5082054163439252,-0.4604073312119862,0.4579885892872639,0.5391277495635612,0.5362954513134047
6.402921677,1.594304568787004,1.577038049697876,0.01726651908912813,0.023223910480737686,-0.14442858151398222,-0.15347912907600403,0.00905054756202181,0.020876960828900337,1.4206357178664943,1.4255939722061157,-0.004958254339621382,-0.011983416974544525,-0.622,-0.5577725768089294,-0.06422742319107055,-0.12054313719272614,-0.1603877467196435,-2.8201850577058707e-11,-0.16038774669144165,4.800313035957515e-09,-0.0249540175183959,7.859969024522555,-0.9453505960034114,0.11171289536870344,7.805441004433842,-0.9641205907052446,-0.13666691288709934,0.05452802008871327,0.01876999470183316,0.14833564222395088,-0.16038774671964404,1.348945393485592,1.594304568787005,-2.8201035455983093e-11,1.409080523454263,1.5770380496978778,-0.160387746691443,-0.060135129968670986,0.01726651908912724,-0.48902062155241044,0.39019620391271115,0.5918893553252178,0.5082054163439252,-0.4594085432324686,0.45654995437026413,0.5404300432120136,0.5370673123207109
6.422360897,1.594304568787004,1.577934980392456,0.01636958839454805,0.022065438330173492,-0.14442858151398222,-0.15270067751407623,0.008272096000094015,0.01946025714278221,1.4206357178664943,1.4251481294631958,-0.00451241159670146,-0.0111455786973238,-0.622,-0.5623112320899963,-0.05968876791000366,-0.11346711218357086,-0.1603877467196435,-5.523203422397316e-11,-0.16038774666441147,-1.2332748156040907e-09,-0.0249540175183959,7.859969024522555,-0.9453505960034114,0.10465230945363718,7.809486819765672,-0.9637755384896161,-0.1296063269720331,0.05048220475688314,0.018424942486204632,0.1403058498207305,-0.16038774671964404,1.348945393485592,1.594304568787005,-5.5231988005358906e-11,1.4048744769922028,1.5779349803924565,-0.16038774666441205,-0.055929083506610855,0.016369588394548495,-0.48902062155241044,0.39019620391271115,0.5918893553252178,0.5082054163439252,-0.45847518499233014,0.4552139161185371,0.5416362259456399,0.537783408131599
6.442489624,1.594304568787004,1.577934980392456,0.01636958839454805,0.022065438330173492,-0.14442858151398222,-0.15270067751407623,0.008272096000094015,0.01946025714278221,1.4206357178664943,1.4251481294631958,-0.00451241159670146,-0.0111455786973238,-0.622,-0.5623112320899963,-0.05968876791000366,-0.11346711218357086,-0.1603877467196435,-5.523203422397316e-11,-0.16038774666441147,-1.2332748156040907e-09,-0.0249540175183959,7.859969024522555,-0.9453505960034114,0.10465230945363718,7.809486819765672,-0.9637755384896161,-0.1296063269720331,0.05048220475688314,0.018424942486204632,0.1403058498207305,-0.16038774671964404,1.348945393485592,1.594304568787005,-5.5231988005358906e-11,1.4048744769922028,1.5779349803924565,-0.16038774666441205,-0.055929083506610855,0.016369588394548495,-0.48902062155241044,0.39019620391271115,0.5918893553252178,0.5082054163439252,-0.45847518499233014,0.4552139161185371,0.5416362259456399,0.537783408131599
6.462354183,1.594304568787004,1.5788121223449707,0.015492446442033403,0.020862659439444542,-0.14442858151398222,-0.15196049213409424,0.00753191062011202,0.01754630357027054,1.4206357178664943,1.4247252941131592,-0.004089576246664839,-0.00999865960329771,-0.622,-0.5666674971580505,-0.05533250284194946,-0.10434624552726746,-0.1603877467196435,-4.4040304736370217e-10,-0.16038774627924046,-1.3615135685540736e-09,-0.0249540175183959,7.859969024522555,-0.9453505960034114,0.09774124558083003,7.813342102234619,-0.9633847677197334,-0.12269526309922593,0.04662692228793652,0.018034171716321934,0.13248935360445885,-0.16038774671964404,1.348945393485592,1.594304568787005,-4.404031727293646e-10,1.4008355619540926,1.5788121223449705,-0.16038774627924085,-0.0518901684685007,0.015492446442034513,-0.48902062155241044,0.39019620391271115,0.5918893553252178,0.5082054163439252,-0.45757956252162063,0.4539263203227424,0.5427971988089328,0.5384635926838073
6.472242832,1.594304568787004,1.5788121223449707,0.015492446442033403,0.020862659439444542,-0.14442858151398222,-0.15196049213409424,0.00753191062011202,0.01754630357027054,1.4206357178664943,1.4247252941131592,-0.004089576246664839,-0.00999865960329771,-0.622,-0.5666674971580505,-0.05533250284194946,-0.10434624552726746,-0.1603877467196435,-4.4040304736370217e-10,-0.16038774627924046,-1.3615135685540736e-09,-0.0249540175183959,7.859969024522555,-0.9453505960034114,0.09774124558083003,7.813342102234619,-0.9633847677197334,-0.12269526309922593,0.04662692228793652,0.018034171716321934,0.13248935360445885,-0.16038774671964404,1.348945393485592,1.594304568787005,-4.404031727293646e-10,1.4008355619540926,1.5788121223449705,-0.16038774627924085,-0.0518901684685007,0.015492446442034513,-0.48902062155241044,0.39019620391271115,0.5918893553252178,0.5082054163439252,-0.45757956252162063,0.4539263203227424,0.5427971988089328,0.5384635926838073
6.492854357,1.594304568787004,1.5788121223449707,0.015492446442033403,0.020862659439444542,-0.14442858151398222,-0.15196049213409424,0.00753191062011202,0.01754630357027054,1.4206357178664943,1.4247252941131592,-0.004089576246664839,-0.00999865960329771,-0.622,-0.5666674971580505,-0.05533250284194946,-0.10434624552726746,-0.1603877467196435,-4.4040304736370217e-10,-0.16038774627924046,-1.3615135685540736e-09,-0.0249540175183959,7.859969024522555,-0.9453505960034114,0.09774124558083003,7.813342102234619,-0.9633847677197334,-0.12269526309922593,0.04662692228793652,0.018034171716321934,0.13248935360445885,-0.16038774671964404,1.348945393485592,1.594304568787005,-4.404031727293646e-10,1.4008355619540926,1.5788121223449705,-0.16038774627924085,-0.0518901684685007,0.015492446442034513,-0.48902062155241044,0.39019620391271115,0.5918893553252178,0.5082054163439252,-0.45757956252162063,0.4539263203227424,0.5427971988089328,0.5384635926838073
6.512075901,1.594304568787004,1.5796185731887817,0.014685995598222368,0.01983656734228134,-0.14442858151398222,-0.15132199227809906,0.006893410764116842,0.015961483120918274,1.4206357178664943,1.4243632555007935,-0.0037275376342991162,-0.00905151292681694,-0.622,-0.570534884929657,-0.051465115070343015,-0.09668410569429398,-0.1603877467196435,-3.0761682090485465e-10,-0.1603877464120267,2.154592948500067e-09,-0.0249540175183959,7.859969024522555,-0.9453505960034114,0.09138240047597297,7.8167443337741656,-0.9629094373918399,-0.11633641799436888,0.04322469074838953,0.017558841388428448,0.12534292542045766,-0.16038774671964404,1.348945393485592,1.594304568787005,-3.07616647104418e-10,1.3972446354261183,1.5796185731887828,-0.16038774641202738,-0.04829924194052637,0.014685995598222146,-0.48902062155241044,0.39019620391271115,0.5918893553252178,0.5082054163439252,-0.45678686041030264,0.4527746463589219,0.5438352970192748,0.5390584880020064
6.532656670,1.594304568787004,1.5796185731887817,0.014685995598222368,0.01983656734228134,-0.14442858151398222,-0.15132199227809906,0.006893410764116842,0.015961483120918274,1.4206357178664943,1.4243632555007935,-0.0037275376342991162,-0.00905151292681694,-0.622,-0.570534884929657,-0.051465115070343015,-0.09668410569429398,-0.1603877467196435,-3.0761682090485465e-10,-0.1603877464120267,2.154592948500067e-09,-0.0249540175183959,7.859969024522555,-0.9453505960034114,0.09138240047597297,7.8167443337741656,-0.9629094373918399,-0.11633641799436888,0.04322469074838953,0.017558841388428448,0.12534292542045766,-0.16038774671964404,1.348945393485592,1.594304568787005,-3.07616647104418e-10,1.3972446354261183,1.5796185731887828,-0.16038774641202738,-0.04829924194052637,0.014685995598222146,-0.48902062155241044,0.39019620391271115,0.5918893553252178,0.5082054163439252,-0.45678686041030264,0.4527746463589219,0.5438352970192748,0.5390584880020064
6.552741528,1.594304568787004,1.580385446548462,0.013919122238542192,0.018701374530792236,-0.14442858151398222,-0.15073923766613007,0.006310656152147848,0.014567655511200428,1.4206357178664943,1.4240342378616333,-0.00339851999513896,-0.008223984390497208,-0.622,-0.574126660823822,-0.047873339176177976,-0.08979575335979462,-0.1603877467196435,-1.6269795233281314e-10,-0.16038774655694554,2.6684574550017715e-09,-0.0249540175183959,7.859969024522555,-0.9453505960034114,0.08533137903813279,7.819885920894013,-0.9623930829577858,-0.11028539655652869,0.04008310362854228,0.01704248695437438,0.11857474542126276,-0.16038774671964404,1.348945393485592,1.594304568787005,-1.6269900765732393e-10,1.3939065965047601,1.5803854465484604,-0.16038774655694502,-0.04496120301916817,0.013919122238544634,-0.48902062155241044,0.39019620391271115,0.5918893553252178,0.5082054163439252,-0.4560517845513041,0.4516994833061183,0.5448038695596463,0.5396045684586005
6.572254658,1.594304568787004,1.580385446548462,0.013919122238542192,0.018701374530792236,-0.14442858151398222,-0.15073923766613007,0.006310656152147848,0.014567655511200428,1.4206357178664943,1.4240342378616333,-0.00339851999513896,-0.008223984390497208,-0.622,-0.574126660823822,-0.047873339176177976,-0.08979575335979462,-0.1603877467196435,-1.6269795233281314e-10,-0.16038774655694554,2.6684574550017715e-09,-0.0249540175183959,7.859969024522555,-0.9453505960034114,0.08533137903813279,7.819885920894013,-0.9623930829577858,-0.11028539655652869,0.04008310362854228,0.01704248695437438,0.11857474542126276,-0.16038774671964404,1.348945393485592,1.594304568787005,-1.6269900765732393e-10,1.3939065965047601,1.5803854465484604,-0.16038774655694502,-0.04496120301916817,0.013919122238544634,-0.48902062155241044,0.39019620391271115,0.5918893553252178,0.5082054163439252,-0.4560517845513041,0.4516994833061183,0.5448038695596463,0.5396045684586005
6.592199087,1.594304568787004,1.580385446548462,0.013919122238542192,0.018701374530792236,-0.14442858151398222,-0.15073923766613007,0.006310656152147848,0.014567655511200428,1.4206357178664943,1.4240342378616333,-0.00339851999513896,-0.008223984390497208,-0.622,-0.574126660823822,-0.047873339176177976,-0.08979575335979462,-0.1603877467196435,-1.6269795233281314e-10,-0.16038774655694554,2.6684574550017715e-09,-0.0249540175183959,7.859969024522555,-0.9453505960034114,0.08533137903813279,7.819885920894013,-0.9623930829577858,-0.11028539655652869,0.04008310362854228,0.01704248695437438,0.11857474542126276,-0.16038774671964404,1.348945393485592,1.594304568787005,-1.6269900765732393e-10,1.3939065965047601,1.5803854465484604,-0.16038774655694502,-0.04496120301916817,0.013919122238544634,-0.48902062155241044,0.39019620391271115,0.5918893553252178,0.5082054163439252,-0.4560517845513041,0.4516994833061183,0.5448038695596463,0.5396045684586005
6.613423824,1.594304568787004,1.580385446548462,0.013919122238542192,0.018701374530792236,-0.14442858151398222,-0.15073923766613007,0.006310656152147848,0.014567655511200428,1.4206357178664943,1.4240342378616333,-0.00339851999513896,-0.008223984390497208,-0.622,-0.574126660823822,-0.047873339176177976,-0.08979575335979462,-0.1603877467196435,-1.6269795233281314e-10,-0.16038774655694554,2.6684574550017715e-09,-0.0249540175183959,7.859969024522555,-0.9453505960034114,0.08533137903813279,7.819885920894013,-0.9623930829577858,-0.11028539655652869,0.04008310362854228,0.01704248695437438,0.11857474542126276,-0.16038774671964404,1.348945393485592,1.594304568787005,-1.6269900765732393e-10,1.3939065965047601,1.5803854465484604,-0.16038774655694502,-0.04496120301916817,0.013919122238544634,-0.48902062155241044,0.39019620391271115,0.5918893553252178,0.5082054163439252,-0.4560517845513041,0.4516994833061183,0.5448038695596463,0.5396045684586005
6.632145166,1.594304568787004,1.581822156906128,0.012482411880876176,0.016955871134996414,-0.14442858151398222,-0.14969144761562347,0.005262866101641256,0.012232833541929722,1.4206357178664943,1.4234455823898315,-0.002809864523337202,-0.006850991398096085,-0.622,-0.5807058811187744,-0.04129411888122558,-0.07778751850128174,-0.1603877467196435,1.585537673376436e-10,-0.1603877468781973,-9.977156878449023e-10,-0.0249540175183959,7.859969024522555,-0.9453505960034114,0.0739838472257009,7.8255923646356935,-0.9612971148627354,-0.0989378647440968,0.03437665988686156,0.015946518859323966,0.10594690787762012,-0.16038774671964404,1.348945393485592,1.594304568787005,1.585534863240015e-10,1.3877865107885141,1.5818221569061293,-0.1603877468781975,-0.03884111730292217,0.012482411880875732,-0.48902062155241044,0.39019620391271115,0.5918893553252178,0.5082054163439252,-0.4547057043969927,0.44971963390626335,0.5465853324663199,0.5405917568745697
6.642479181,1.594304568787004,1.581822156906128,0.012482411880876176,0.016955871134996414,-0.14442858151398222,-0.14969144761562347,0.005262866101641256,0.012232833541929722,1.4206357178664943,1.4234455823898315,-0.002809864523337202,-0.006850991398096085,-0.622,-0.5807058811187744,-0.04129411888122558,-0.07778751850128174,-0.1603877467196435,1.585537673376436e-10,-0.1603877468781973,-9.977156878449023e-10,-0.0249540175183959,7.859969024522555,-0.9453505960034114,0.0739838472257009,7.8255923646356935,-0.9612971148627354,-0.0989378647440968,0.03437665988686156,0.015946518859323966,0.10594690787762012,-0.16038774671964404,1.348945393485592,1.594304568787005,1.585534863240015e-10,1.3877865107885141,1.5818221569061293,-0.1603877468781975,-0.03884111730292217,0.012482411880875732,-0.48902062155241044,0.39019620391271115,0.5918893553252178,0.5082054163439252,-0.4547057043969927,0.44971963390626335,0.5465853324663199,0.5405917568745697
6.652213097,1.594304568787004,1.581822156906128,0.012482411880876176,0.016955871134996414,-0.14442858151398222,-0.14969144761562347,0.005262866101641256,0.012232833541929722,1.4206357178664943,1.4234455823898315,-0.002809864523337202,-0.006850991398096085,-0.622,-0.5807058811187744,-0.04129411888122558,-0.07778751850128174,-0.1603877467196435,1.585537673376436e-10,-0.1603877468781973,-9.977156878449023e-10,-0.0249540175183959,7.859969024522555,-0.9453505960034114,0.0739838472257009,7.8255923646356935,-0.9612971148627354,-0.0989378647440968,0.03437665988686156,0.015946518859323966,0.10594690787762012,-0.16038774671964404,1.348945393485592,1.594304568787005,1.585534863240015e-10,1.3877865107885141,1.5818221569061293,-0.1603877468781975,-0.03884111730292217,0.012482411880875732,-0.48902062155241044,0.39019620391271115,0.5918893553252178,0.5082054163439252,-0.4547057043969927,0.44971963390626335,0.5465853324663199,0.5405917568745697
6.672306538,1.594304568787004,1.5825109481811523,0.011793620605851762,0.03552933782339096,-0.14442858151398222,-0.1492021083831787,0.004773526869196493,0.012290775775909424,1.4206357178664943,1.4231716394424438,-0.002535921575949507,-0.006813745945692062,-0.622,-0.5838173627853394,-0.03818263721466064,-0.07778751105070114,-0.1603877467196435,2.40190006772778e-10,-0.16038774695983352,-5.1022652769461274e-09,-0.0249540175183959,7.859969024522555,-0.9453505960034114,0.06853838315519421,7.82826849468291,-0.9607277624672005,-0.09349240067359012,0.031700529839644886,0.01537716646378906,0.09991100952487872,-0.16038774671964404,1.348945393485592,1.594304568787005,2.4018976231181445e-10,1.3848904254070051,1.5825109481811526,-0.1603877469598338,-0.035945031921413184,0.011793620605852428,-0.48902062155241044,0.39019620391271115,0.5918893553252178,0.5082054163439252,-0.454068333839005,0.4487800102321654,0.54742956150718,0.5410539028680451
6.692047834,1.594304568787004,1.5825109481811523,0.011793620605851762,0.03552933782339096,-0.14442858151398222,-0.1492021083831787,0.004773526869196493,0.012290775775909424,1.4206357178664943,1.4231716394424438,-0.002535921575949507,-0.006813745945692062,-0.622,-0.5838173627853394,-0.03818263721466064,-0.07778751105070114,-0.1603877467196435,2.40190006772778e-10,-0.16038774695983352,-5.1022652769461274e-09,-0.0249540175183959,7.859969024522555,-0.9453505960034114,0.06853838315519421,7.82826849468291,-0.9607277624672005,-0.09349240067359012,0.031700529839644886,0.01537716646378906,0.09991100952487872,-0.16038774671964404,1.348945393485592,1.594304568787005,2.4018976231181445e-10,1.3848904254070051,1.5825109481811526,-0.1603877469598338,-0.035945031921413184,0.011793620605852428,-0.48902062155241044,0.39019620391271115,0.5918893553252178,0.5082054163439252,-0.454068333839005,0.4487800102321654,0.54742956150718,0.5410539028680451
6.712183237,1.594304568787004,1.5831354856491089,0.01116908313789522,0.015098253265023232,-0.14442858151398222,-0.14879465103149414,0.004366069517511922,0.01018470712006092,1.4206357178664943,1.4229456186294556,-0.0023099007629612256,-0.005654229782521725,-0.622,-0.5864986181259155,-0.03550138187408447,-0.06703074276447296,-0.1603877467196435,2.7243157729728296e-10,-0.1603877469920751,-3.956301952712238e-11,-0.0249540175183959,7.859969024522555,-0.9453505960034114,0.06359926433224705,7.8305647690239395,-0.9601425028032367,-0.08855328185064296,0.029404255498615584,0.014791906799825227,0.09447271815038452,-0.16038774671964404,1.348945393485592,1.594304568787005,2.7243024508043185e-10,1.3823906066051257,1.583135485649107,-0.16038774699207428,-0.033445213119533745,0.011169083137897884,-0.48902062155241044,0.39019620391271115,0.5918893553252178,0.5082054163439252,-0.45352364853495813,0.4479617920866126,0.5481657805408748,0.5414432658128677
6.722208977,1.594304568787004,1.5831354856491089,0.01116908313789522,0.015098253265023232,-0.14442858151398222,-0.14879465103149414,0.004366069517511922,0.01018470712006092,1.4206357178664943,1.4229456186294556,-0.0023099007629612256,-0.005654229782521725,-0.622,-0.5864986181259155,-0.03550138187408447,-0.06703074276447296,-0.1603877467196435,2.7243157729728296e-10,-0.1603877469920751,-3.956301952712238e-11,-0.0249540175183959,7.859969024522555,-0.9453505960034114,0.06359926433224705,7.8305647690239395,-0.9601425028032367,-0.08855328185064296,0.029404255498615584,0.014791906799825227,0.09447271815038452,-0.16038774671964404,1.348945393485592,1.594304568787005,2.7243024508043185e-10,1.3823906066051257,1.583135485649107,-0.16038774699207428,-0.033445213119533745,0.011169083137897884,-0.48902062155241044,0.39019620391271115,0.5918893553252178,0.5082054163439252,-0.45352364853495813,0.4479617920866126,0.5481657805408748,0.5414432658128677
6.732247591,1.594304568787004,1.5831354856491089,0.01116908313789522,0.015098253265023232,-0.14442858151398222,-0.14879465103149414,0.004366069517511922,0.01018470712006092,1.4206357178664943,1.4229456186294556,-0.0023099007629612256,-0.005654229782521725,-0.622,-0.5864986181259155,-0.03550138187408447,-0.06703074276447296,-0.1603877467196435,2.7243157729728296e-10,-0.1603877469920751,-3.956301952712238e-11,-0.0249540175183959,7.859969024522555,-0.9453505960034114,0.06359926433224705,7.8305647690239395,-0.9601425028032367,-0.08855328185064296,0.029404255498615584,0.014791906799825227,0.09447271815038452,-0.16038774671964404,1.348945393485592,1.594304568787005,2.7243024508043185e-10,1.3823906066051257,1.583135485649107,-0.16038774699207428,-0.033445213119533745,0.011169083137897884,-0.48902062155241044,0.39019620391271115,0.5918893553252178,0.5082054163439252,-0.45352364853495813,0.4479617920866126,0.5481657805408748,0.5414432658128677
6.752342939,1.594304568787004,1.5837393999099731,0.010565168877030962,0.014424582943320274,-0.14442858151398222,-0.14841093122959137,0.003982349715609151,0.0089991744607687,1.4206357178664943,1.422732949256897,-0.002097231390402632,-0.004976518917828798,-0.622,-0.5890554189682007,-0.032944581031799314,-0.06080775335431099,-0.1603877467196435,3.417987559650726e-10,-0.16038774706144227,1.3610588212031871e-09,-0.0249540175183959,7.859969024522555,-0.9453505960034114,0.05882096250358891,7.832746583927238,-0.959547697763822,-0.08377498002198482,0.027222440595316755,0.014197101760410558,0.08922368658627011,-0.16038774671964404,1.348945393485592,1.594304568787005,3.4179965098055343e-10,1.3800048561921845,1.5837393999099747,-0.16038774706144368,-0.031059462706592544,0.010565168877030295,-0.48902062155241044,0.39019620391271115,0.5918893553252178,0.5082054163439252,-0.4530044821182833,0.44717883175265233,0.5488700163821342,0.5418115324813185
6.772380829,1.594304568787004,1.5837393999099731,0.010565168877030962,0.014424582943320274,-0.14442858151398222,-0.14841093122959137,0.003982349715609151,0.0089991744607687,1.4206357178664943,1.422732949256897,-0.002097231390402632,-0.004976518917828798,-0.622,-0.5890554189682007,-0.032944581031799314,-0.06080775335431099,-0.1603877467196435,3.417987559650726e-10,-0.16038774706144227,1.3610588212031871e-09,-0.0249540175183959,7.859969024522555,-0.9453505960034114,0.05882096250358891,7.832746583927238,-0.959547697763822,-0.08377498002198482,0.027222440595316755,0.014197101760410558,0.08922368658627011,-0.16038774671964404,1.348945393485592,1.594304568787005,3.4179965098055343e-10,1.3800048561921845,1.5837393999099747,-0.16038774706144368,-0.031059462706592544,0.010565168877030295,-0.48902062155241044,0.39019620391271115,0.5918893553252178,0.5082054163439252,-0.4530044821182833,0.44717883175265233,0.5488700163821342,0.5418115324813185
6.792255640,1.594304568787004,1.5837393999099731,0.010565168877030962,0.014424582943320274,-0.14442858151398222,-0.14841093122959137,0.003982349715609151,0.0089991744607687,1.4206357178664943,1.422732949256897,-0.002097231390402632,-0.004976518917828798,-0.622,-0.5890554189682007,-0.032944581031799314,-0.06080775335431099,-0.1603877467196435,3.417987559650726e-10,-0.16038774706144227,1.3610588212031871e-09,-0.0249540175183959,7.859969024522555,-0.9453505960034114,0.05882096250358891,7.832746583927238,-0.959547697763822,-0.08377498002198482,0.027222440595316755,0.014197101760410558,0.08922368658627011,-0.16038774671964404,1.348945393485592,1.594304568787005,3.4179965098055343e-10,1.3800048561921845,1.5837393999099747,-0.16038774706144368,-0.031059462706592544,0.010565168877030295,-0.48902062155241044,0.39019620391271115,0.5918893553252178,0.5082054163439252,-0.4530044821182833,0.44717883175265233,0.5488700163821342,0.5418115324813185
6.812036753,1.594304568787004,1.5837393999099731,0.010565168877030962,0.014424582943320274,-0.14442858151398222,-0.14841093122959137,0.003982349715609151,0.0089991744607687,1.4206357178664943,1.422732949256897,-0.002097231390402632,-0.004976518917828798,-0.622,-0.5890554189682007,-0.032944581031799314,-0.06080775335431099,-0.1603877467196435,3.417987559650726e-10,-0.16038774706144227,1.3610588212031871e-09,-0.0249540175183959,7.859969024522555,-0.9453505960034114,0.05882096250358891,7.832746583927238,-0.959547697763822,-0.08377498002198482,0.027222440595316755,0.014197101760410558,0.08922368658627011,-0.16038774671964404,1.348945393485592,1.594304568787005,3.4179965098055343e-10,1.3800048561921845,1.5837393999099747,-0.16038774706144368,-0.031059462706592544,0.010565168877030295,-0.48902062155241044,0.39019620391271115,0.5918893553252178,0.5082054163439252,-0.4530044821182833,0.44717883175265233,0.5488700163821342,0.5418115324813185
6.822110415,1.594304568787004,1.5837393999099731,0.010565168877030962,0.014424582943320274,-0.14442858151398222,-0.14841093122959137,0.003982349715609151,0.0089991744607687,1.4206357178664943,1.422732949256897,-0.002097231390402632,-0.004976518917828798,-0.622,-0.5890554189682007,-0.032944581031799314,-0.06080775335431099,-0.1603877467196435,3.417987559650726e-10,-0.16038774706144227,1.3610588212031871e-09,-0.0249540175183959,7.859969024522555,-0.9453505960034114,0.05882096250358891,7.832746583927238,-0.959547697763822,-0.08377498002198482,0.027222440595316755,0.014197101760410558,0.08922368658627011,-0.16038774671964404,1.348945393485592,1.594304568787005,3.4179965098055343e-10,1.3800048561921845,1.5837393999099747,-0.16038774706144368,-0.031059462706592544,0.010565168877030295,-0.48902062155241044,0.39019620391271115,0.5918893553252178,0.5082054163439252,-0.4530044821182833,0.44717883175265233,0.5488700163821342,0.5418115324813185
6.832133293,1.594304568787004,1.5837393999099731,0.010565168877030962,0.014424582943320274,-0.14442858151398222,-0.14841093122959137,0.003982349715609151,0.0089991744607687,1.4206357178664943,1.422732949256897,-0.002097231390402632,-0.004976518917828798,-0.622,-0.5890554189682007,-0.032944581031799314,-0.06080775335431099,-0.1603877467196435,3.417987559650726e-10,-0.16038774706144227,1.3610588212031871e-09,-0.0249540175183959,7.859969024522555,-0.9453505960034114,0.05882096250358891,7.832746583927238,-0.959547697763822,-0.08377498002198482,0.027222440595316755,0.014197101760410558,0.08922368658627011,-0.16038774671964404,1.348945393485592,1.594304568787005,3.4179965098055343e-10,1.3800048561921845,1.5837393999099747,-0.16038774706144368,-0.031059462706592544,0.010565168877030295,-0.48902062155241044,0.39019620391271115,0.5918893553252178,0.5082054163439252,-0.4530044821182833,0.44717883175265233,0.5488700163821342,0.5418115324813185
6.852367401,1.594304568787004,1.5837393999099731,0.010565168877030962,0.014424582943320274,-0.14442858151398222,-0.14841093122959137,0.003982349715609151,0.0089991744607687,1.4206357178664943,1.422732949256897,-0.002097231390402632,-0.004976518917828798,-0.622,-0.5890554189682007,-0.032944581031799314,-0.06080775335431099,-0.1603877467196435,3.417987559650726e-10,-0.16038774706144227,1.3610588212031871e-09,-0.0249540175183959,7.859969024522555,-0.9453505960034114,0.05882096250358891,7.832746583927238,-0.959547697763822,-0.08377498002198482,0.027222440595316755,0.014197101760410558,0.08922368658627011,-0.16038774671964404,1.348945393485592,1.594304568787005,3.4179965098055343e-10,1.3800048561921845,1.5837393999099747,-0.16038774706144368,-0.031059462706592544,0.010565168877030295,-0.48902062155241044,0.39019620391271115,0.5918893553252178,0.5082054163439252,-0.4530044821182833,0.44717883175265233,0.5488700163821342,0.5418115324813185
6.872193098,1.594304568787004,1.5853749513626099,0.008929617424394243,0.01289101131260395,-0.14442858151398222,-0.1474412977695465,0.0030127162555642906,0.007758495397865772,1.4206357178664943,1.4222009181976318,-0.0015652003311374951,-0.004247363656759262,-0.622,-0.5957217216491699,-0.026278278350830075,-0.05372760817408562,-0.1603877467196435,3.1766531072285886e-10,-0.16038774703730882,2.332853910047561e-10,-0.0249540175183959,7.859969024522555,-0.9453505960034114,0.04587051205050191,7.8383871599360875,-0.9577811627856578,-0.07082452956889781,0.021581864586467603,0.01243056678224641,0.07507602718719333,-0.16038774671964404,1.348945393485592,1.594304568787005,3.176656662392594e-10,1.3737761559119956,1.5853749513626112,-0.1603877470373097,-0.024830762426403696,0.008929617424393799,-0.48902062155241044,0.39019620391271115,0.5918893553252178,0.5082054163439252,-0.45165707396386523,0.44512006970866486,0.5507221998993868,0.5427513884081118
6.892371416,1.594304568787004,1.5853749513626099,0.008929617424394243,0.01289101131260395,-0.14442858151398222,-0.1474412977695465,0.0030127162555642906,0.007758495397865772,1.4206357178664943,1.4222009181976318,-0.0015652003311374951,-0.004247363656759262,-0.622,-0.5957217216491699,-0.026278278350830075,-0.05372760817408562,-0.1603877467196435,3.1766531072285886e-10,-0.16038774703730882,2.332853910047561e-10,-0.0249540175183959,7.859969024522555,-0.9453505960034114,0.04587051205050191,7.8383871599360875,-0.9577811627856578,-0.07082452956889781,0.021581864586467603,0.01243056678224641,0.07507602718719333,-0.16038774671964404,1.348945393485592,1.594304568787005,3.176656662392594e-10,1.3737761559119956,1.5853749513626112,-0.1603877470373097,-0.024830762426403696,0.008929617424393799,-0.48902062155241044,0.39019620391271115,0.5918893553252178,0.5082054163439252,-0.45165707396386523,0.44512006970866486,0.5507221998993868,0.5427513884081118
6.902331829,1.594304568787004,1.5859049558639526,0.00839961292305147,0.03169689327478409,-0.14442858151398222,-0.14713092148303986,0.0027023399690576377,0.007817178033292294,1.4206357178664943,1.422031044960022,-0.0013953270935276318,-0.004211061634123325,-0.622,-0.5978708267211914,-0.02412917327880859,-0.05372759699821472,-0.1603877467196435,2.6092650262654615e-10,-0.16038774698057,2.5947883841581643e-09,-0.0249540175183959,7.859969024522555,-0.9453505960034114,0.04167020742994188,7.84018997564542,-0.9571900198168768,-0.06662422494833778,0.019779048877134997,0.011839423813465366,0.07049943319407369,-0.16038774671964404,1.348945393485592,1.594304568787005,2.609269382318434e-10,1.3717675538888703,1.5859049558639533,-0.16038774698057098,-0.022822160403278335,0.008399612923051691,-0.48902062155241044,0.39019620391271115,0.5918893553252178,0.5082054163439252,-0.45122155290522414,0.444455200418325,0.5513194511342676,0.5430520673157543
6.922056913,1.594304568787004,1.5859049558639526,0.00839961292305147,0.03169689327478409,-0.14442858151398222,-0.14713092148303986,0.0027023399690576377,0.007817178033292294,1.4206357178664943,1.422031044960022,-0.0013953270935276318,-0.004211061634123325,-0.622,-0.5978708267211914,-0.02412917327880859,-0.05372759699821472,-0.1603877467196435,2.6092650262654615e-10,-0.16038774698057,2.5947883841581643e-09,-0.0249540175183959,7.859969024522555,-0.9453505960034114,0.04167020742994188,7.84018997564542,-0.9571900198168768,-0.06662422494833778,0.019779048877134997,0.011839423813465366,0.07049943319407369,-0.16038774671964404,1.348945393485592,1.594304568787005,2.609269382318434e-10,1.3717675538888703,1.5859049558639533,-0.16038774698057098,-0.022822160403278335,0.008399612923051691,-0.48902062155241044,0.39019620391271115,0.5918893553252178,0.5082054163439252,-0.45122155290522414,0.444455200418325,0.5513194511342676,0.5430520673157543
6.942399502,1.594304568787004,1.5863597393035889,0.007944829483415239,0.010847675614058971,-0.14442858151398222,-0.14690369367599487,0.002475112162012655,0.005679222755134106,1.4206357178664943,1.4219084978103638,-0.0012727799438694287,-0.003063275944441557,-0.622,-0.5995432138442993,-0.02245678615570068,-0.0418110191822052,-0.1603877467196435,2.0131138422918582e-10,-0.1603877469209549,-1.418811734765768e-09,-0.0249540175183959,7.859969024522555,-0.9453505960034114,0.03806675100320711,7.841590200152501,-0.9566377970326831,-0.06302076852160302,0.018378824370054225,0.01128720102927172,0.06660930383477943,-0.16038774671964404,1.348945393485592,1.594304568787005,2.013111304199482e-10,1.3701998474231472,1.586359739303587,-0.16038774692095517,-0.021254453937555207,0.007944829483417903,-0.48902062155241044,0.39019620391271115,0.5918893553252178,0.5082054163439252,-0.4508902177618506,0.4439268735604822,0.5517965236742276,0.5432748281657488
6.952137232,1.594304568787004,1.5863597393035889,0.007944829483415239,0.010847675614058971,-0.14442858151398222,-0.14690369367599487,0.002475112162012655,0.005679222755134106,1.4206357178664943,1.4219084978103638,-0.0012727799438694287,-0.003063275944441557,-0.622,-0.5995432138442993,-0.02245678615570068,-0.0418110191822052,-0.1603877467196435,2.0131138422918582e-10,-0.1603877469209549,-1.418811734765768e-09,-0.0249540175183959,7.859969024522555,-0.9453505960034114,0.03806675100320711,7.841590200152501,-0.9566377970326831,-0.06302076852160302,0.018378824370054225,0.01128720102927172,0.06660930383477943,-0.16038774671964404,1.348945393485592,1.594304568787005,2.013111304199482e-10,1.3701998474231472,1.586359739303587,-0.16038774692095517,-0.021254453937555207,0.007944829483417903,-0.48902062155241044,0.39019620391271115,0.5918893553252178,0.5082054163439252,-0.4508902177618506,0.4439268735604822,0.5517965236742276,0.5432748281657488
6.962254524,1.594304568787004,1.5863597393035889,0.007944829483415239,0.010847675614058971,-0.14442858151398222,-0.14690369367599487,0.002475112162012655,0.005679222755134106,1.4206357178664943,1.4219084978103638,-0.0012727799438694287,-0.003063275944441557,-0.622,-0.5995432138442993,-0.02245678615570068,-0.0418110191822052,-0.1603877467196435,2.0131138422918582e-10,-0.1603877469209549,-1.418811734765768e-09,-0.0249540175183959,7.859969024522555,-0.9453505960034114,0.03806675100320711,7.841590200152501,-0.9566377970326831,-0.06302076852160302,0.018378824370054225,0.01128720102927172,0.06660930383477943,-0.16038774671964404,1.348945393485592,1.594304568787005,2.013111304199482e-10,1.3701998474231472,1.586359739303587,-0.16038774692095517,-0.021254453937555207,0.007944829483417903,-0.48902062155241044,0.39019620391271115,0.5918893553252178,0.5082054163439252,-0.4508902177618506,0.4439268735604822,0.5517965236742276,0.5432748281657488
6.982093573,1.594304568787004,1.5868009328842163,0.0075036359027877975,0.010215399786829948,-0.14442858151398222,-0.14669160544872284,0.002263023934740621,0.004922590218484402,1.4206357178664943,1.4217942953109741,-0.0011585774444797803,-0.0026458455249667168,-0.622,-0.6011296510696411,-0.020870348930358884,-0.03751282021403313,-0.1603877467196435,9.373862797090737e-11,-0.16038774681338214,1.8056312001135666e-09,-0.0249540175183959,7.859969024522555,-0.9453505960034114,0.034570245592346394,7.842915610203397,-0.956089488971178,-0.0595242631107423,0.0170534143191583,0.010738892967766533,0.06284330243542978,-0.16038774671964404,1.348945393485592,1.594304568787005,9.373892274087269e-11,1.368711295925691,1.5868009328842179,-0.16038774681338297,-0.019765902440099126,0.007503635902787131,-0.48902062155241044,0.39019620391271115,0.5918893553252178,0.5082054163439252,-0.4505772328308445,0.4434230192314358,0.5522518615898155,0.543483269881199
6.999410629,1.594304568787004,1.5868009328842163,0.0075036359027877975,0.010215399786829948,-0.14442858151398222,-0.14669160544872284,0.002263023934740621,0.004922590218484402,1.4206357178664943,1.4217942953109741,-0.0011585774444797803,-0.0026458455249667168,-0.622,-0.6011296510696411,-0.020870348930358884,-0.03751282021403313,-0.1603877467196435,9.373862797090737e-11,-0.16038774681338214,1.8056312001135666e-09,-0.0249540175183959,7.859969024522555,-0.9453505960034114,0.034570245592346394,7.842915610203397,-0.956089488971178,-0.0595242631107423,0.0170534143191583,0.010738892967766533,0.06284330243542978,-0.16038774671964404,1.348945393485592,1.594304568787005,9.373892274087269e-11,1.368711295925691,1.5868009328842179,-0.16038774681338297,-0.019765902440099126,0.007503635902787131,-0.48902062155241044,0.39019620391271115,0.5918893553252178,0.5082054163439252,-0.4505772328308445,0.4434230192314358,0.5522518615898155,0.543483269881199
7.002789736,1.594304568787004,1.5868009328842163,0.0075036359027877975,0.010215399786829948,-0.14442858151398222,-0.14669160544872284,0.002263023934740621,0.004922590218484402,1.4206357178664943,1.4217942953109741,-0.0011585774444797803,-0.0026458455249667168,-0.622,-0.6011296510696411,-0.020870348930358884,-0.03751282021403313,-0.1603877467196435,9.373862797090737e-11,-0.16038774681338214,1.8056312001135666e-09,-0.0249540175183959,7.859969024522555,-0.9453505960034114,0.034570245592346394,7.842915610203397,-0.956089488971178,-0.0595242631107423,0.0170534143191583,0.010738892967766533,0.06284330243542978,-0.16038774671964404,1.348945393485592,1.594304568787005,9.373892274087269e-11,1.368711295925691,1.5868009328842179,-0.16038774681338297,-0.019765902440099126,0.007503635902787131,-0.48902062155241044,0.39019620391271115,0.5918893553252178,0.5082054163439252,-0.4505772328308445,0.4434230192314358,0.5522518615898155,0.543483269881199
7.022079706,1.594304568787004,1.587204933166504,0.0070996356205002,0.027586085721850395,-0.14442858151398222,-0.146499365568161,0.0020707840541787925,0.004860839806497097,1.4206357178664943,1.4216915369033813,-0.0010558190368870068,-0.002534923842176795,-0.622,-0.6025917530059814,-0.019408246994018552,-0.03655136376619339,-0.1603877467196435,1.7253043438358873e-10,-0.16038774689217394,3.130480763502419e-09,-0.0249540175183959,7.859969024522555,-0.9453505960034114,0.0313673730345878,7.844133422075984,-0.9555627130136757,-0.0563213905529837,0.015835602446570896,0.010212117010264254,0.05938983644108554,-0.16038774671964404,1.348945393485592,1.594304568787005,1.7253175249787986e-10,1.3673386754623198,1.5872049331665072,-0.16038774689217578,-0.01839328197672785,0.007099635620497757,-0.48902062155241044,0.39019620391271115,0.5918893553252178,0.5082054163439252,-0.4502875975803884,0.44295896760232356,0.5526708011229695,0.5436758391468773
7.042131662,1.594304568787004,1.587204933166504,0.0070996356205002,0.027586085721850395,-0.14442858151398222,-0.146499365568161,0.0020707840541787925,0.004860839806497097,1.4206357178664943,1.4216915369033813,-0.0010558190368870068,-0.002534923842176795,-0.622,-0.6025917530059814,-0.019408246994018552,-0.03655136376619339,-0.1603877467196435,1.7253043438358873e-10,-0.16038774689217394,3.130480763502419e-09,-0.0249540175183959,7.859969024522555,-0.9453505960034114,0.0313673730345878,7.844133422075984,-0.9555627130136757,-0.0563213905529837,0.015835602446570896,0.010212117010264254,0.05938983644108554,-0.16038774671964404,1.348945393485592,1.594304568787005,1.7253175249787986e-10,1.3673386754623198,1.5872049331665072,-0.16038774689217578,-0.01839328197672785,0.007099635620497757,-0.48902062155241044,0.39019620391271115,0.5918893553252178,0.5082054163439252,-0.4502875975803884,0.44295896760232356,0.5526708011229695,0.5436758391468773
7.062272787,1.594304568787004,1.587204933166504,0.0070996356205002,0.027586085721850395,-0.14442858151398222,-0.146499365568161,0.0020707840541787925,0.004860839806497097,1.4206357178664943,1.4216915369033813,-0.0010558190368870068,-0.002534923842176795,-0.622,-0.6025917530059814,-0.019408246994018552,-0.03655136376619339,-0.1603877467196435,1.7253043438358873e-10,-0.16038774689217394,3.130480763502419e-09,-0.0249540175183959,7.859969024522555,-0.9453505960034114,0.0313673730345878,7.844133422075984,-0.9555627130136757,-0.0563213905529837,0.015835602446570896,0.010212117010264254,0.05938983644108554,-0.16038774671964404,1.348945393485592,1.594304568787005,1.7253175249787986e-10,1.3673386754623198,1.5872049331665072,-0.16038774689217578,-0.01839328197672785,0.007099635620497757,-0.48902062155241044,0.39019620391271115,0.5918893553252178,0.5082054163439252,-0.4502875975803884,0.44295896760232356,0.5526708011229695,0.5436758391468773
7.082555056,1.594304568787004,1.5875874757766724,0.006717093010331743,0.030735105276107788,-0.14442858151398222,-0.14632143080234528,0.0018928492883630577,0.004514570813626051,1.4206357178664943,1.421596884727478,-0.0009611668609836865,-0.0023260903544723988,-0.622,-0.6039612293243408,-0.018038770675659177,-0.034238141030073166,-0.1603877467196435,2.097606116580053e-10,-0.1603877469294041,1.6816557035781443e-09,-0.0249540175183959,7.859969024522555,-0.9453505960034114,0.028333945690692395,7.8452705226090185,-0.9550546767801378,-0.053287963209088296,0.01469850191353661,0.009704080776726354,0.05612327650090127,-0.16038774671964404,1.348945393485592,1.594304568787005,2.0975984059711947e-10,1.3660524817338704,1.5875874757766708,-0.16038774692940388,-0.017107088248278446,0.006717093010334185,-0.48902062155241044,0.39019620391271115,0.5918893553252178,0.5082054163439252,-0.450016733838146,0.44252317261872365,0.553064299288627,0.5438548168523346
7.092011929,1.594304568787004,1.5875874757766724,0.006717093010331743,0.030735105276107788,-0.14442858151398222,-0.14632143080234528,0.0018928492883630577,0.004514570813626051,1.4206357178664943,1.421596884727478,-0.0009611668609836865,-0.0023260903544723988,-0.622,-0.6039612293243408,-0.018038770675659177,-0.034238141030073166,-0.1603877467196435,2.097606116580053e-10,-0.1603877469294041,1.6816557035781443e-09,-0.0249540175183959,7.859969024522555,-0.9453505960034114,0.028333945690692395,7.8452705226090185,-0.9550546767801378,-0.053287963209088296,0.01469850191353661,0.009704080776726354,0.05612327650090127,-0.16038774671964404,1.348945393485592,1.594304568787005,2.0975984059711947e-10,1.3660524817338704,1.5875874757766708,-0.16038774692940388,-0.017107088248278446,0.006717093010334185,-0.48902062155241044,0.39019620391271115,0.5918893553252178,0.5082054163439252,-0.450016733838146,0.44252317261872365,0.553064299288627,0.5438548168523346
7.112309456,1.594304568787004,1.5879539251327515,0.006350643654252641,0.008642379194498062,-0.14442858151398222,-0.14616145193576813,0.0017328704217859092,0.003998120781034231,1.4206357178664943,1.4215115308761597,-0.0008758130096653272,-0.002132334280759096,-0.622,-0.6052215099334717,-0.016778490066528318,-0.031506218016147614,-0.1603877467196435,2.6821611598393247e-10,-0.16038774698785963,-1.0010126061388291e-09,-0.0249540175183959,7.859969024522555,-0.9453505960034114,0.025428017406422816,7.846317220064301,-0.9545605131975707,-0.050382034924818714,0.013651804458254091,0.009209917194159312,0.05300512977868586,-0.16038774671964404,1.348945393485592,1.594304568787005,2.6821538745404677e-10,1.3648668261399994,1.5879539251327517,-0.16038774698785943,-0.015921432654407486,0.006350643654253307,-0.48902062155241044,0.39019620391271115,0.5918893553252178,0.5082054163439252,-0.4497697974022014,0.4421182811350576,0.5534306708880701,0.5440156682958182
7.122538567,1.594304568787004,1.5879539251327515,0.006350643654252641,0.008642379194498062,-0.14442858151398222,-0.14616145193576813,0.0017328704217859092,0.003998120781034231,1.4206357178664943,1.4215115308761597,-0.0008758130096653272,-0.002132334280759096,-0.622,-0.6052215099334717,-0.016778490066528318,-0.031506218016147614,-0.1603877467196435,2.6821611598393247e-10,-0.16038774698785963,-1.0010126061388291e-09,-0.0249540175183959,7.859969024522555,-0.9453505960034114,0.025428017406422816,7.846317220064301,-0.9545605131975707,-0.050382034924818714,0.013651804458254091,0.009209917194159312,0.05300512977868586,-0.16038774671964404,1.348945393485592,1.594304568787005,2.6821538745404677e-10,1.3648668261399994,1.5879539251327517,-0.16038774698785943,-0.015921432654407486,0.006350643654253307,-0.48902062155241044,0.39019620391271115,0.5918893553252178,0.5082054163439252,-0.4497697974022014,0.4421182811350576,0.5534306708880701,0.5440156682958182
7.142236710,1.594304568787004,1.5879539251327515,0.006350643654252641,0.008642379194498062,-0.14442858151398222,-0.14616145193576813,0.0017328704217859092,0.003998120781034231,1.4206357178664943,1.4215115308761597,-0.0008758130096653272,-0.002132334280759096,-0.622,-0.6052215099334717,-0.016778490066528318,-0.031506218016147614,-0.1603877467196435,2.6821611598393247e-10,-0.16038774698785963,-1.0010126061388291e-09,-0.0249540175183959,7.859969024522555,-0.9453505960034114,0.025428017406422816,7.846317220064301,-0.9545605131975707,-0.050382034924818714,0.013651804458254091,0.009209917194159312,0.05300512977868586,-0.16038774671964404,1.348945393485592,1.594304568787005,2.6821538745404677e-10,1.3648668261399994,1.5879539251327517,-0.16038774698785943,-0.015921432654407486,0.006350643654253307,-0.48902062155241044,0.39019620391271115,0.5918893553252178,0.5082054163439252,-0.4497697974022014,0.4421182811350576,0.5534306708880701,0.5440156682958182
7.162305117,1.594304568787004,1.5882973670959473,0.00600720169105684,0.008339738473296165,-0.14442858151398222,-0.14601579308509827,0.0015872115711160484,0.003640697104856372,1.4206357178664943,1.4214340448379517,-0.0007983269714573193,-0.001937171327881515,-0.622,-0.6063907146453857,-0.015609285354614255,-0.029229922220110893,-0.1603877467196435,-1.5816792320322293e-11,-0.16038774670382672,-1.6154899640241638e-10,-0.0249540175183959,7.859969024522555,-0.9453505960034114,0.022704009050312623,7.847287038711338,-0.9540832412133924,-0.047658026568708524,0.012681985811217267,0.00873264520998096,0.050083723432898304,-0.16038774671964404,1.348945393485592,1.594304568787005,-1.581659893907853e-11,1.363765794240546,1.5882973670959457,-0.16038774670382744,-0.014820400754953944,0.006007201691059283,-0.48902062155241044,0.39019620391271115,0.5918893553252178,0.5082054163439252,-0.4495409198458547,0.4417415356788276,0.5537716450442466,0.5441638927614021
7.182308435,1.594304568787004,1.5882973670959473,0.00600720169105684,0.008339738473296165,-0.14442858151398222,-0.14601579308509827,0.0015872115711160484,0.003640697104856372,1.4206357178664943,1.4214340448379517,-0.0007983269714573193,-0.001937171327881515,-0.622,-0.6063907146453857,-0.015609285354614255,-0.029229922220110893,-0.1603877467196435,-1.5816792320322293e-11,-0.16038774670382672,-1.6154899640241638e-10,-0.0249540175183959,7.859969024522555,-0.9453505960034114,0.022704009050312623,7.847287038711338,-0.9540832412133924,-0.047658026568708524,0.012681985811217267,0.00873264520998096,0.050083723432898304,-0.16038774671964404,1.348945393485592,1.594304568787005,-1.581659893907853e-11,1.363765794240546,1.5882973670959457,-0.16038774670382744,-0.014820400754953944,0.006007201691059283,-0.48902062155241044,0.39019620391271115,0.5918893553252178,0.5082054163439252,-0.4495409198458547,0.4417415356788276,0.5537716450442466,0.5441638927614021
7.202401638,1.594304568787004,1.5886235237121582,0.005681045074845903,0.02671147510409355,-0.14442858151398222,-0.14588136970996857,0.0014527881959863487,0.0034189994912594557,1.4206357178664943,1.4213634729385376,-0.0007277550720432568,-0.0017271754331886768,-0.622,-0.6074810028076172,-0.01451899719238281,-0.027255738154053688,-0.1603877467196435,-1.45443657117994e-10,-0.16038774657419985,1.0697704055928625e-08,-0.0249540175183959,7.859969024522555,-0.9453505960034114,0.020116844264873156,7.848186386852058,-0.953629862008817,-0.04507086178326906,0.011782637670497031,0.008279266005405628,0.04731552998698233,-0.16038774671964404,1.348945393485592,1.594304568787005,-1.4544351393184305e-10,1.3627393575540314,1.588623523712158,-0.16038774657420052,-0.013793964068439468,0.005681045074847013,-0.48902062155241044,0.39019620391271115,0.5918893553252178,0.5082054163439252,-0.44932864185931165,0.4413889327027391,0.5540910556986528,0.5443001779231345
7.222213745,1.594304568787004,1.5889447927474976,0.0053597760395065475,0.007327549625188112,-0.14442858151398222,-0.14575248956680298,0.0013239080528207603,0.0030815762002021074,1.4206357178664943,1.4212960004806519,-0.0006602826141575147,-0.0016081632347777486,-0.622,-0.6085336208343506,-0.013466379165649411,-0.0253725815564394,-0.1603877467196435,-1.294874207857788e-10,-0.1603877465901561,4.482885174184048e-10,-0.0249540175183959,7.859969024522555,-0.9453505960034114,0.017568217451353084,7.849052104861772,-0.9531856694002041,-0.04252223496974898,0.010916919660783009,0.00783507339679268,0.044594932187813255,-0.16038774671964404,1.348945393485592,1.594304568787005,-1.2948801236977238e-10,1.3617481472125783,1.5889447927474967,-0.16038774659015603,-0.01280275372698636,0.005359776039508324,-0.48902062155241044,0.39019620391271115,0.5918893553252178,0.5082054163439252,-0.4491248294542119,0.44104698126782643,0.554401138608452,0.5444298167733971
7.232143879,1.594304568787004,1.5889447927474976,0.0053597760395065475,0.007327549625188112,-0.14442858151398222,-0.14575248956680298,0.0013239080528207603,0.0030815762002021074,1.4206357178664943,1.4212960004806519,-0.0006602826141575147,-0.0016081632347777486,-0.622,-0.6085336208343506,-0.013466379165649411,-0.0253725815564394,-0.1603877467196435,-1.294874207857788e-10,-0.1603877465901561,4.482885174184048e-10,-0.0249540175183959,7.859969024522555,-0.9453505960034114,0.017568217451353084,7.849052104861772,-0.9531856694002041,-0.04252223496974898,0.010916919660783009,0.00783507339679268,0.044594932187813255,-0.16038774671964404,1.348945393485592,1.594304568787005,-1.2948801236977238e-10,1.3617481472125783,1.5889447927474967,-0.16038774659015603,-0.01280275372698636,0.005359776039508324,-0.48902062155241044,0.39019620391271115,0.5918893553252178,0.5082054163439252,-0.4491248294542119,0.44104698126782643,0.554401138608452,0.5444298167733971
7.252036095,1.594304568787004,1.5889447927474976,0.0053597760395065475,0.007327549625188112,-0.14442858151398222,-0.14575248956680298,0.0013239080528207603,0.0030815762002021074,1.4206357178664943,1.4212960004806519,-0.0006602826141575147,-0.0016081632347777486,-0.622,-0.6085336208343506,-0.013466379165649411,-0.0253725815564394,-0.1603877467196435,-1.294874207857788e-10,-0.1603877465901561,4.482885174184048e-10,-0.0249540175183959,7.859969024522555,-0.9453505960034114,0.017568217451353084,7.849052104861772,-0.9531856694002041,-0.04252223496974898,0.010916919660783009,0.00783507339679268,0.044594932187813255,-0.16038774671964404,1.348945393485592,1.594304568787005,-1.2948801236977238e-10,1.3617481472125783,1.5889447927474967,-0.16038774659015603,-0.01280275372698636,0.005359776039508324,-0.48902062155241044,0.39019620391271115,0.5918893553252178,0.5082054163439252,-0.4491248294542119,0.44104698126782643,0.554401138608452,0.5444298167733971
7.267580986,1.594304568787004,1.5892460346221924,0.005058534164811723,0.00709284283220768,-0.14442858151398222,-0.1456347554922104,0.00120617397822817,0.002803672105073929,1.4206357178664943,1.421234369277954,-0.0005986514114597608,-0.0014734376454725862,-0.622,-0.6095128059387207,-0.012487194061279294,-0.02358684130012989,-0.1603877467196435,5.114447754195339e-11,-0.160387746770788,6.0254023992456496e-12,-0.0249540175183959,7.859969024522555,-0.9453505960034114,0.015178058940775674,7.849857339900575,-0.9527574601920599,-0.04013207645917158,0.010111684621979755,0.007406864188648443,0.042043921842856886,-0.16038774671964404,1.348945393485592,1.594304568787005,5.114423177492835e-11,1.3608250649801024,1.5892460346221922,-0.16038774677078826,-0.011879671494510413,0.0050585341648128335,-0.48902062155241044,0.39019620391271115,0.5918893553252178,0.5082054163439252,-0.4489352906206534,0.44072804355080564,0.5546903959768168,0.5445497783254629
7.282644749,1.594304568787004,1.5892460346221924,0.005058534164811723,0.00709284283220768,-0.14442858151398222,-0.1456347554922104,0.00120617397822817,0.002803672105073929,1.4206357178664943,1.421234369277954,-0.0005986514114597608,-0.0014734376454725862,-0.622,-0.6095128059387207,-0.012487194061279294,-0.02358684130012989,-0.1603877467196435,5.114447754195339e-11,-0.160387746770788,6.0254023992456496e-12,-0.0249540175183959,7.859969024522555,-0.9453505960034114,0.015178058940775674,7.849857339900575,-0.9527574601920599,-0.04013207645917158,0.010111684621979755,0.007406864188648443,0.042043921842856886,-0.16038774671964404,1.348945393485592,1.594304568787005,5.114423177492835e-11,1.3608250649801024,1.5892460346221922,-0.16038774677078826,-0.011879671494510413,0.0050585341648128335,-0.48902062155241044,0.39019620391271115,0.5918893553252178,0.5082054163439252,-0.4489352906206534,0.44072804355080564,0.5546903959768168,0.5445497783254629
7.302255154,1.594304568787004,1.589524507522583,0.004780061264421098,0.025488246232271194,-0.14442858151398222,-0.1455322504043579,0.001103668890375692,0.002620778512209654,1.4206357178664943,1.4211812019348145,-0.0005454840683201123,-0.0012934919213876128,-0.622,-0.6103870868682861,-0.011612913131713865,-0.021858246996998787,-0.1603877467196435,-1.999329035662356e-10,-0.1603877465197106,5.0685002861428075e-09,-0.0249540175183959,7.859969024522555,-0.9453505960034114,0.01296861602386399,7.850574512119286,-0.9523582558014363,-0.03792263354225989,0.009394512403269495,0.007007659798024868,0.03969244630808957,-0.16038774671964404,1.348945393485592,1.594304568787005,-1.9993253053649622e-10,1.3600001217952493,1.589524507522583,-0.1603877465197115,-0.011054728309657369,0.004780061264421986,-0.48902062155241044,0.39019620391271115,0.5918893553252178,0.5082054163439252,-0.44876778825456026,0.44044091411792446,0.5549513629998237,0.5446542555610073
7.322084665,1.594304568787004,1.589524507522583,0.004780061264421098,0.025488246232271194,-0.14442858151398222,-0.1455322504043579,0.001103668890375692,0.002620778512209654,1.4206357178664943,1.4211812019348145,-0.0005454840683201123,-0.0012934919213876128,-0.622,-0.6103870868682861,-0.011612913131713865,-0.021858246996998787,-0.1603877467196435,-1.999329035662356e-10,-0.1603877465197106,5.0685002861428075e-09,-0.0249540175183959,7.859969024522555,-0.9453505960034114,0.01296861602386399,7.850574512119286,-0.9523582558014363,-0.03792263354225989,0.009394512403269495,0.007007659798024868,0.03969244630808957,-0.16038774671964404,1.348945393485592,1.594304568787005,-1.9993253053649622e-10,1.3600001217952493,1.589524507522583,-0.1603877465197115,-0.011054728309657369,0.004780061264421986,-0.48902062155241044,0.39019620391271115,0.5918893553252178,0.5082054163439252,-0.44876778825456026,0.44044091411792446,0.5549513629998237,0.5446542555610073
7.332138538,1.594304568787004,1.589524507522583,0.004780061264421098,0.025488246232271194,-0.14442858151398222,-0.1455322504043579,0.001103668890375692,0.002620778512209654,1.4206357178664943,1.4211812019348145,-0.0005454840683201123,-0.0012934919213876128,-0.622,-0.6103870868682861,-0.011612913131713865,-0.021858246996998787,-0.1603877467196435,-1.999329035662356e-10,-0.1603877465197106,5.0685002861428075e-09,-0.0249540175183959,7.859969024522555,-0.9453505960034114,0.01296861602386399,7.850574512119286,-0.9523582558014363,-0.03792263354225989,0.009394512403269495,0.007007659798024868,0.03969244630808957,-0.16038774671964404,1.348945393485592,1.594304568787005,-1.9993253053649622e-10,1.3600001217952493,1.589524507522583,-0.1603877465197115,-0.011054728309657369,0.004780061264421986,-0.48902062155241044,0.39019620391271115,0.5918893553252178,0.5082054163439252,-0.44876778825456026,0.44044091411792446,0.5549513629998237,0.5446542555610073
7.352416277,1.594304568787004,1.5897910594940186,0.004513509292985551,0.008567674085497856,-0.14442858151398222,-0.14543882012367249,0.0010102386096902671,0.002341654384508729,1.4206357178664943,1.421133279800415,-0.0004975619339206983,-0.0011972837382927537,-0.622,-0.6108676195144653,-0.011132380485534665,-0.0202573724091053,-0.1603877467196435,-4.297517064433265e-10,-0.1603877462898918,2.3584334485349245e-10,-0.0249540175183959,7.859969024522555,-0.9453505960034114,0.01085986219591532,7.850918894560838,-0.952383894313243,-0.03581387971431122,0.009050129961717168,0.0070332983098315704,0.03760327269839958,-0.16038774671964404,1.348945393485592,1.594304568787005,-4.2975115994113807e-10,1.3595650972953575,1.5897910594940212,-0.16038774628989289,-0.010619703809765513,0.004513509292983775,-0.48902062155241044,0.39019620391271115,0.5918893553252178,0.5082054163439252,-0.4487057494043905,0.4402626368727192,0.5551215595824747,0.5446760643832679
7.372470617,1.594304568787004,1.5897910594940186,0.004513509292985551,0.008567674085497856,-0.14442858151398222,-0.14543882012367249,0.0010102386096902671,0.002341654384508729,1.4206357178664943,1.421133279800415,-0.0004975619339206983,-0.0011972837382927537,-0.622,-0.6108676195144653,-0.011132380485534665,-0.0202573724091053,-0.1603877467196435,-4.297517064433265e-10,-0.1603877462898918,2.3584334485349245e-10,-0.0249540175183959,7.859969024522555,-0.9453505960034114,0.01085986219591532,7.850918894560838,-0.952383894313243,-0.03581387971431122,0.009050129961717168,0.0070332983098315704,0.03760327269839958,-0.16038774671964404,1.348945393485592,1.594304568787005,-4.2975115994113807e-10,1.3595650972953575,1.5897910594940212,-0.16038774628989289,-0.010619703809765513,0.004513509292983775,-0.48902062155241044,0.39019620391271115,0.5918893553252178,0.5082054163439252,-0.4487057494043905,0.4402626368727192,0.5551215595824747,0.5446760643832679
7.382699490,1.594304568787004,1.5900448560714722,0.004259712715531938,0.008554383181035519,-0.14442858151398222,-0.145353764295578,0.0009251827815957847,0.002133118687197566,1.4206357178664943,1.4210891723632812,-0.0004534544967869092,-0.0010997997596859932,-0.622,-0.610867977142334,-0.011132022857666013,-0.01885427162051201,-0.1603877467196435,-3.8673034219449676e-10,-0.16038774633291317,3.079776433878578e-10,-0.0249540175183959,7.859969024522555,-0.9453505960034114,0.008860215671716954,7.850811314483835,-0.9529435191251296,-0.033814233190112855,0.009157710038720346,0.00759292312171822,0.0358457598736717,-0.16038774671964404,1.348945393485592,1.594304568787005,-3.86730293014243e-10,1.359605688058448,1.5900448560714713,-0.16038774633291375,-0.010660294572856,0.0042597127155337144,-0.48902062155241044,0.39019620391271115,0.5918893553252178,0.5082054163439252,-0.44877288206906485,0.4402167462363712,0.5551815656611667,0.5445966817769854
7.402518988,1.594304568787004,1.5900448560714722,0.004259712715531938,0.008554383181035519,-0.14442858151398222,-0.145353764295578,0.0009251827815957847,0.002133118687197566,1.4206357178664943,1.4210891723632812,-0.0004534544967869092,-0.0010997997596859932,-0.622,-0.610867977142334,-0.011132022857666013,-0.01885427162051201,-0.1603877467196435,-3.8673034219449676e-10,-0.16038774633291317,3.079776433878578e-10,-0.0249540175183959,7.859969024522555,-0.9453505960034114,0.008860215671716954,7.850811314483835,-0.9529435191251296,-0.033814233190112855,0.009157710038720346,0.00759292312171822,0.0358457598736717,-0.16038774671964404,1.348945393485592,1.594304568787005,-3.86730293014243e-10,1.359605688058448,1.5900448560714713,-0.16038774633291375,-0.010660294572856,0.0042597127155337144,-0.48902062155241044,0.39019620391271115,0.5918893553252178,0.5082054163439252,-0.44877288206906485,0.4402167462363712,0.5551815656611667,0.5445966817769854
7.422590971,1.594304568787004,1.590282678604126,0.0040218901828781295,0.008277596905827522,-0.14442858151398222,-0.14527545869350433,0.0008468771795221153,0.0019648363813757896,1.4206357178664943,1.4210491180419922,-0.0004134001754978467,-0.0009991381084546447,-0.622,-0.6108678579330444,-0.011132142066955564,-0.01821298338472843,-0.1603877467196435,-2.876840987653395e-10,-0.1603877464319594,8.162146514223423e-10,-0.0249540175183959,7.859969024522555,-0.9453505960034114,0.006986494337228283,7.850708872510835,-0.9534604255079262,-0.03194051185562419,0.009260152011719924,0.008109829504514776,0.034230338115065824,-0.16038774671964404,1.348945393485592,1.594304568787005,-2.8768358769646774e-10,1.3596440585485237,1.5902826786041273,-0.16038774643196044,-0.010698665062931711,0.004021890182877685,-0.48902062155241044,0.39019620391271115,0.5918893553252178,0.5082054163439252,-0.44883587805403785,0.4401738258731361,0.5552377094710663,0.544522215863587
